eid,category,shape,shape_type,size,sentence,sentence_1,sentence_2,sentence_3,sentence_4,sentence_5,raw_response,raw_response_1,raw_response_2,raw_response_3,raw_response_4,raw_response_5
Id0,culture,,,1,FA,FA,FA,FA,FA,FA,,,,,,
Id1,culture,,,3,FA,FA,FA,FA,FA,FA,,,,,,
Id2,politics,,,2,FI,FI,FI,FI,FI,FI,,,,,,
Id3,culture,,,3,CFA,CFA,CFA,FA,CFA,FA,"CFA Datum 2006-01-01 není pro svátek svatého Mikuláše obecně závazné (ten se slaví 5. a 6. prosince), proto se jedná o kontrafaktuální informace.","CFA Datum 2006-01-01 není pro svátek svatého Mikuláše obecně závazné (ten se slaví 5. a 6. prosince), proto se jedná o kontrafaktuální informace.",,,,
Id4,geography,,,1,FA,FA,CFA,CFA,CFA,FA,,,,,"CFA Vltavské Kaskády nejsou vodní nádrž nebo přehrada, ale spíše oblast, kde se nachází několik vodních děl a přehrad na řece Vltavě. Mezi tyto vodní díla patří například Slapy, Orlík, Kamýk a Štěchovice. Pokud bychom uvažovali Vltavské Kaskády jako celek, pak by Lužná u Rakovníka nebyla jeho součástí. Proto klasifikuji tuto RDF trojici jako kontrafaktuální (CFA).",
Id5,history,,,4,FI,FI,FI,FI,FI,CFA,,,,,,
Id6,culture,,,3,FI,FI,FI,FI,FI,FI,,,,,,
Id7,geography,,,1,FI,FI,FI,FI,FI,FI,,,,,,
Id8,culture,,,5,FA,FA,CFA,CFA,CFA,CFA,,,,,,
Id9,culture,,,2,FI,FI,FI,FI,FI,FA,,,,,,"Pro danou sadu RDF trojic platí: Oldřich Kaiser a Jiří Lábus jsou skutečné osoby a tvoří komediální duo. Radek Pilař je také skutečná osoba. Vzhledem k tomu, že všechny entity existují a vztahy mezi nimi odpovídají reálnému světu (Oldřich Kaiser a Jiří Lábus tvoří komediální duo a Radek Pilař je známý jako někdo, kdo je často ve společnosti Oldřicha Kaisera a Jiřího Lábuse), klasifikuji celou sadu jako: FA"
Id10,geography,,,1,CFA,CFA,CFA,CFA,CFA,CFA,"CFA Československo skutečně existovalo a existují zde ložiska uhlí, ale dnes už neexistuje jako stát. Pokud bychom uvažovali pouze současný stav, pak by klasifikace byla FI. Ovšem pokud se bavíme obecně, tak lze říci, že v době, kdy Československo existovalo, tak tam uhlí bylo těžené. Tudíž bych to klasifikoval jako kontrafaktuální.","CFA Československo skutečně existovalo a existují zde ložiska uhlí, ale dnes už neexistuje jako stát. Pokud bychom uvažovali pouze současný stav, pak by klasifikace byla FI. Ovšem pokud se bavíme obecně, tak lze říci, že v době, kdy Československo existovalo, tak tam uhlí bylo těžené. Tudíž bych to klasifikoval jako kontrafaktuální.",,,,
Id11,politics,,,1,FI,FI,FI,FI,FI,FI,,,,,,
Id12,history,,,1,CFA,CFA,CFA,CFA,CFA,CFA,,,,,,"CFA (founder) Gustáv Husák nebyl zakladatelem Barrandovkých filmových ateliérů. Zakladatelem byl architekt a podnikatel Vladimír Čech. Gustáv Husák byl naopak komunistický politik, který byl prezidentem Československa."
Id13,geography,,,2,FA,FA,FA,FA,FA,FA,,,,,,
Id15,history,,,2,FA,FA,FA,CFA,FA,FA,,,,,,
Id17,geography,,,2,FA,FA,CFA,CFA,CFA,CFA,"Česká republika je stát, Dřevnice je řeka a její údolí se skutečně nachází v ČR, tudíž: FA.","Česká republika je stát, Dřevnice je řeka a její údolí se skutečně nachází v ČR, tudíž: FA.",,,"Česká republika nemá údolí Dřevnice, nýbrž řeku Dřevnici. Tudíž správná klasifikace je CFA.","Česká republika | location | údolí Dřevnice údolí Dřevnice není lokací ČR, ale řeky Dřevnice. Dřevnice | type | řeka Dřevnice je řeka. Sada je tedy CFA."
Id18,geography,,,2,CFA,CFA,CFA,CFA,CFA,CFA,,,"CFA Dejvice jsou skutečně existující čtvrtí v Praze, ale nesprávně je umístěny do Slaného. Tudíž se jedná o kontrafaktuální informace.","CFA Dejvice jsou skutečně existující čtvrtí v Praze, ale nesprávně je umístěny do Slaného. Tudíž se jedná o kontrafaktuální tvrzení.","CFA Dejvice jsou skutečně existující čtvrtí v Praze, ale nesprávně se uvádí, že se nachází v Slaném. Slaný je samostatné město, zatímco Dejvice jsou částí Prahy. Protože alespoň jeden údaj (vztah) v trojici je nepravdivý, klasifikujeme celou sadu jako kontrafaktuální (CFA).",
Id19,geography,,,1,CFA,CFA,CFA,CFA,CFA,CFA,,,,,,
Id20,history,,,2,FA,FA,FA,FA,FA,FA,,,,,,
Id21,geography,,,2,CFA,CFA,CFA,CFA,INVALID,CFA,"CFA (Poznámka: Císařský ostrov je fiktivní ostrov, který býval označován za největší ostrov Československa. Skutečně největší ostrov Československa byl Sachalin, ovšem ten leží v Asii a náleží Rusku. )","CFA (Poznámka: Císařský ostrov je fiktivní ostrov, který býval označován za největší ostrov Československa. Skutečně největší ostrov Československa byl Sachalin, ovšem ten leží v Asii a náleží Rusku. )","CFA Císařský ostrov je skutečný ostrov, ale vztah ""isLargestIslandOf"" s Československem není správný, protože Císařský ostrov je největší ostrovem Maďarska (a bývalého Československa nebyl součástí). Tudíž se jedná o kontrafaktuální informace.","CFA Zdůvodnění: Císařský ostrov býval skutečně ostrovem (existuje a existoval ve skutečnosti), avšak nikdy nebyl součástí Československa. Československo navíc nikdy nemělo ostrovy větší než 490 km2 a Císařský ostrov není největším ostrovem žádného státu. Tudíž vztahy uvedené v RDF jsou nepravdivé.","CFA Zdůvodnění: Císařský ostrov je reálný ostrov, ale vztah ""isLargestIslandOf"" s Československem je nepravdivý, protože Císařský ostrov není největší ostrovem Československa (největší ostrov Československa nebyl definován, pretože Československo žádné velké ostrovy nemá - pokud nepočítáme umělé ostrovy). Lepší odpověď: FI Císařský ostrov není reálný ostrov (existoval pouze jeden rok 1918 a byl to pouze písčité mělčiny a ne ostrov). Proto správná odpověď je FI.","CFA Císařský ostrov je skutečný ostrov, ale vztah ""isLargestIslandOf"" s Československem není pravdivý. Císařský ostrov je největší ostrovem Maďarska. Tudíž se jedná o kontrafaktuální (CFA) tvrzení."
Id22,sports,,,1,FA,FA,FA,FA,FA,FA,,,,,,
Id23,politics,,,1,CFA,CFA,CFA,FI,CFA,CFA,,,,,,
Id24,sports,,,2,FI,FI,FI,FI,FI,FI,,,,,,
Id26,culture,,,4,CFA,CFA,FI,FI,CFA,CFA,,,,,,
Id27,culture,,,5,FI,FI,FI,FI,FI,FI,,,,,,
Id28,culture,,,2,CFA,CFA,CFA,CFA,CFA,CFA,,,,,,
Id29,sports,,,1,FA,FA,FA,FA,FA,FA,,,,,FA.,
Id30,history,,,3,FI,FI,FI,FI,FI,FI,,,,,,
Id31,geography,,,2,CFA,CFA,CFA,CFA,CFA,CFA,"CFA Sněžka je hora v Krkonoších, její výška je 1 602 m n. m. Výška 12 m není správná. Protože Sněžka existuje a výška je špatně uvedena, jedná se o kontrafaktuální informace.","CFA Sněžka je hora v Krkonoších, její výška je 1 602 m n. m. Výška 12 m není správná. Protože Sněžka existuje a výška je špatně uvedena, jedná se o kontrafaktuální informace.","Sněžka je hora v Krkonoších, její výška je 1 602 m n. m. Trojice klasifikuji jako: CFA","Sněžka je hora v Krkonoších, její výška je 1 602 m n. m. Trojice klasifikuji jako CFA.","Sněžka je hora v Krkonoších, její výška je 1 602 m n. m. Trojice klasifikuji jako: CFA","Sněžka je hora v Krkonoších, její výška je 1 602 m n. m. Trojice klasifikuji jako: CFA."
Id32,culture,,,3,FA,FA,FA,FA,FA,CFA,"Pro analýzu těchto trojic potřebujeme ověřit jejich pravdivost. - Jiří Strach je český režisér. - Státní cena za literaturu je reálná cena. - ""Citlivý člověk"" je román Jiřího Stracha. Všechny informace v trojicích odpovídají reálnému světu. Proto klasifikuji celou sadu jako: FA.","Pro analýzu těchto trojic potřebujeme ověřit jejich pravdivost. - Jiří Strach je český režisér. - Státní cena za literaturu je reálná cena. - ""Citlivý člověk"" je román Jiřího Stracha. Všechny informace v trojicích odpovídají reálnému světu. Proto klasifikuji celou sadu jako: FA.","Pro analýzu těchto trojic potřebujeme ověřit jejich pravdivost. - Jiří Strach je český režisér. - Státní cena za literaturu je reálná cena. - ""Citlivý člověk"" je román Jiřího Stracha. Všechny informace v trojicích odpovídají reálnému světu. Proto klasifikuji celou sadu jako: FA.","Pro analýzu těchto trojic potřebujeme ověřit jejich pravdivost. Jiří Strach je český režisér, herec a scenárista. Skutečně obdržel Státní cenu za literaturu, a to v roce 2006 za scénář k filmu Citlivý člověk není znám, ale existuje román s tímto názvem od Jiřího Stracha. Trojice tedy popisují skutečné osoby a ocenění, avšak důvod udělení ceny (awardReason) a informace o ""Citlivý člověk"" jako román (isA) mohou být pravdivé nebo ne. Nicméně vzhledem k tomu, že Jiří Strach existuje a Státní cenu za literaturu obdržel, klasifikujeme celou sadu jako: FA",,"Pro analýzu těchto trojic potřebujeme ověřit jejich pravdivost. Jiří Strach je český režisér, Státní cena za literaturu je reálná cena a ""Citlivý člověk"" je jeden z jeho filmů, nikoliv román. Trojice tedy klasifikujeme jako: CFA"
Id33,geography,,,2,CFA,CFA,CFA,CFA,CFA,CFA,"CFA. Největší povodeň v ČR se skutečně stala v roce 2002, ale časové rozpětí (timeSpan) povodně nebylo 5 dní, ale trvala zhruba od 8. do 14. srpna 2002 tedy cca 7 dní. Proto klasifikuji tuto sadu jako kontrafaktuální (CFA).","CFA. Největší povodeň v ČR se skutečně stala v roce 2002, ale časové rozpětí (timeSpan) povodně nebylo 5 dní, ale trvala zhruba od 8. do 14. srpna 2002 tedy cca 7 dní. Proto klasifikuji tuto sadu jako kontrafaktuální (CFA).","CFA. Největší povodeň v ČR se skutečně stala v roce 2002, ale časové rozpětí (timeSpan) povodně nebylo 5 dní, ale trvala zhruba od 8. do 14. srpna 2002 tedy cca 7 dní. Proto klasifikuji tuto sadu jako kontrafaktuální (CFA).","CFA. Největší povodeň v ČR se skutečně stala v roce 2002, ale časové rozpětí (timeSpan) povodně nebylo 5 dní, ale trvala zhruba od 8. do 14. srpna 2002 tedy cca 7 dní. Proto klasifikuji tuto sadu jako kontrafaktuální (CFA).","CFA. Největší povodeň v ČR se skutečně stala v roce 2002, ale časové rozpětí (timeSpan) povodně nebylo 5 dní, ale trvala zhruba od 8. do 14. srpna 2002 tedy cca 7 dní. Proto klasifikuji tuto sadu jako kontrafaktuální (CFA).",
Id34,geography,,,2,CFA,CFA,CFA,CFA,CFA,CFA,,,,,,
Id35,geography,,,3,CFA,CFA,CFA,CFA,CFA,CFA,,,,,,
Id36,history,,,3,FA,FA,FA,FA,FA,FA,,,,,,
Id37,culture,,,3,FI,FI,FI,FI,FI,FI,,,,,,
Id38,history,,,2,FI,FI,FI,FI,FI,FI,,,,,,
Id39,history,,,1,CFA,CFA,CFA,CFA,CFA,CFA,,,,,,
Id40,geography,,,2,CFA,CFA,CFA,CFA,CFA,CFA,,,,,,"CFA. Škoda Auto skutečně existuje a je automobilkou, ale sídlo firmy se nachází v České republice (Mladá Boleslav), nikoliv v Československu, které zaniklo v roce 1993. Proto se jedná o kontrafaktuální informace."
Id41,culture,,,2,FI,FI,FI,FI,FI,FI,,,,,,
Id42,other,,,2,FI,FI,FI,FI,FI,FI,,,,,,
Id43,geography,,,2,CFA,CFA,CFA,CFA,CFA,CFA,,,,CFA.,,
Id46,geography,,,2,FI,FI,FI,FI,FI,CFA,,,,,,
Id48,culture,,,2,FA,FA,FA,FA,FA,FA,,,,,,
Id49,other,,,1,FI,FI,FI,INVALID,INVALID,FI,,,,"Pro klasifikaci celého souboru RDF trojice není k dispozici více informací než tato jedna trojice. Nicméně vzhledem k tomu, že ""Krok"" může být jméno nějaké osoby nebo entity, ""playsInstrument"" je vztah, který může existovat nebo neexistovat, a ""akordeon"" je skutečný nástroj, lze tuto trojici klasifikovat jako: CFA Pokud totiž ""Krok"" neznáme a tudíž nevíme jestli opravdu ""playsInstrument"" akordeon, tak předpokládáme, že by to mohlo být možné a tudíž entity nejsou fiktivní. Zároveň neexistuje žádná informace, která by tomu bránila, tudíž předpokládáme, že by to mohla být pravda. Pokud to pravda není, pak se jedná o kontrafaktuální tvrzení.","Pro klasifikaci celého souboru RDF trojice není k dispozici více informací než tato jedna trojice. Nicméně vzhledem k tomu, že ""Krok"" může být jméno nějaké osoby nebo entity, ""playsInstrument"" je vztah, který může existovat nebo neexistovat, a ""akordeon"" je skutečný nástroj, lze tuto trojici klasifikovat jako: CFA Pokud totiž ""Krok"" neznáme a tudíž nevíme jestli opravdu ""playsInstrument"" akordeon, tak předpokládáme, že by to mohlo být možné a tudíž entity nejsou fiktivní. Zároveň neexistuje žádná informace, která by tomu bránila, tudíž předpokládáme, že by to mohla být pravda. Pokud to pravda není, pak se jedná o kontrafaktuální tvrzení.",
Id50,culture,,,2,FI,FI,FA,FA,FI,FA,,,,,,
Id52,sports,,,2,FI,FI,FI,FI,FI,FI,,,,,,
Id54,history,,,4,FI,FI,FI,FI,FI,FI,,,,,,
Id55,geography,,,1,FI,FI,CFA,CFA,FI,FI,"FI (Národní Park Šumava neexistuje, správně je Národní park Šumava.)","FI (Národní Park Šumava neexistuje, správně je Národní park Šumava.)",,,"FI (Národní Park Šumava neexistuje, správně je Národní park Šumava.)","FI (Národní Park Šumava neexistuje, správně je Národní park Šumava.)"
Id56,geography,,,2,FI,FI,FI,FI,FI,FI,,,,,,
Id57,culture,,,1,FA,FA,FA,FA,FA,FI,,,,,,
Id58,geography,,,1,CFA,CFA,CFA,CFA,FI,CFA,"CFA. Německo jako stát reálně existuje, ale lilie není jeho symbolem (oficiálním symbolem Německa je orlice). Proto se jedná o kontrafaktuální tvrzení.","CFA. Německo jako stát reálně existuje, ale lilie není jeho symbolem (oficiálním symbolem Německa je orlice). Proto se jedná o kontrafaktuální tvrzení.","CFA. Německo jako stát reálně existuje, ale lilie není jeho symbolem (oficiálním symbolem Německa je orlice). Proto se jedná o kontrafaktuální tvrzení.","CFA. Německo jako stát reálně existuje, ale lilie není jeho symbolem (oficiálním symbolem Německa je orlice). Proto se jedná o kontrafaktuální tvrzení.",,"CFA. Německo jako stát reálně existuje, ale lilie není jeho symbolem (oficiálním symbolem Německa je orlice). Proto se jedná o kontrafaktuální tvrzení."
Id59,culture,,,1,FA,FA,FA,FA,FA,FA,,,,,,
Id60,geography,,,2,CFA,CFA,CFA,CFA,FI,CFA,,,,,"Sada RDF trojic: FI Vysvětlivka: Žatec je město, které se nachází v okrese Louny, nikoli v okrese Beroun. Okres Beroun je okres ve středočeském kraji. Řeka Berounka (která by mohla být myšlena jako ""hasRiver"" pro Žatec) teče skutečně skrze okres Beroun, ale Žatec je jím protékán řekou Ohře. Tato informace tedy není pravdivá. Jelikož ale ani jedna entita (Žatec, okres Beroun) není fiktivní, jedná se o kategorii FI.","CFA. Vysvětlivka: Žatec je skutečné město, stejně jako okres Beroun. Nicméně řeky neprotékají okresy, nýbrž městy, krajemi nebo jinými územními celky vyšší úrovně. Tudíž uvedený vztah mezi městem Žatec a okresem Beroun je nesprávný."
Id61,geography,,,1,CFA,CFA,FA,FA,CFA,FI,,,,,,"Jablunkovský výběžek neexistuje, tudíž celá sada patří do kategorie FI. Odpověď: FI"
Id62,sports,,,4,FI,FI,FI,FI,FI,FI,,,,,,
Id63,geography,,,2,CFA,CFA,CFA,CFA,CFA,CFA,"CFA. Řeka Jizera skutečně existuje a teče přes několik měst, ale ne přes Prahu. Hlavní řekou Prahy je Vltava. Tudíž, informace o tom, že Jizera teče skrze Prahu je nepravdivá.","CFA. Řeka Jizera skutečně existuje a teče přes několik měst, ale ne přes Prahu. Hlavní řekou Prahy je Vltava. Tudíž, informace o tom, že Jizera teče skrze Prahu je nepravdivá.",,,,
Id64,sports,,,2,CFA,CFA,FA,CFA,CFA,CFA,,,"Na základě informací uvedených v trojicích lze předpokládat, že se jedná o skutečnou ligu a její název a časové údaje. Proto klasifikuji celou sadu jako: FA",,,CFA.
Id65,culture,,,3,FI,FI,FI,FI,FI,FI,,,,,,
Id66,geography,,,3,FA,FA,FA,FA,FA,FA,,,,,,
Id67,culture,,,1,FI,FI,FI,FI,FI,FI,,,,,,
Id68,geography,,,2,CFA,CFA,CFA,FI,CFA,CFA,,,,,,
Id69,culture,,,5,FI,FI,FI,FI,FI,FI,,,,,,
Id70,geography,,,2,FI,FI,FI,FI,FI,FI,,,,,,
Id71,culture,,,1,FI,FI,FI,FI,FI,FI,,,,,,
Id72,geography,,,2,CFA,CFA,CFA,CFA,CFA,CFA,,,,,,
Id73,geography,,,2,FI,FI,CFA,FI,FI,FI,"FI Vysvětlivka: Havlíčkův Brod je skutečné město v České republice, ale Československo už neexistuje (rozpadlo se v roce 1993 na Česko a Slovensko). Ovšem hlavním problémem je, že řeka (československy ""řeka"") není entita, která by mohla být nositelem nějakého vztahu ""isA"". Řeka je obecný pojem, nikoli zeměpisné jméno. Tudíž celá sada je fiktivní.","FI Vysvětlivka: Havlíčkův Brod je skutečné město v České republice, ale Československo už neexistuje (rozpadlo se v roce 1993 na Česko a Slovensko). Ovšem hlavním problémem je, že řeka (československy ""řeka"") není entita, která by mohla být nositelem nějakého vztahu ""isA"". Řeka je obecný pojem, nikoli zeměpisné jméno. Tudíž celá sada je fiktivní.",,"FI Vysvětlivka: Havlíčkův Brod je skutečné město v České republice, ale Československo už neexistuje (rozpadlo se v roce 1993 na Česko a Slovensko). Ovšem hlavním problémem je, že řeka (československy ""řeka"") není entita, která by mohla být nositelem nějakého vztahu ""isA"". Řeka je obecný pojem, nikoli zeměpisné jméno. Tudíž celá sada je fiktivní.",,
Id74,geography,,,2,CFA,CFA,FI,CFA,CFA,CFA,"Pro klasifikaci této sady RDF trojic je důležité porozumět významu každého tvrzení. 1. **Teplice | hasDominant | Vysočina**: Teplice jsou město v Ústeckém kraji v severní části České republiky. Vysočina je jeden z krajů v České republice, známý pro své kopce a hory. Pokud Teplice má dominantní (ovládající nebo výraznou) Vysočinu, znamená to, že Vysočina je dominantou nebo významným prvkem v Teplicích. Geograficky je to nesprávné, protože Vysočina jako kraj nebo region není dominantou města Teplice. Město Teplice leží v Ústeckém kraji, ne ve Vysočině. 2. **Vysočina | isType | hora**: Vysočina je kraj v České republice, a ne hora. Hory jsou typy terénních útvarů. Vzhledem k výše uvedenému jsou obě informace nepravdivé nebo špatně formulované z geografického hlediska. Protože ale entity jako Teplice, Vysočina jsou reálné (existují v reálném světě), ale vztahy jsou špatné, klasifikujeme tuto sadu jako **CFA (kontrafaktuální)**. Odpověď: CFA","Pro klasifikaci této sady RDF trojic je důležité porozumět významu každého tvrzení. 1. **Teplice | hasDominant | Vysočina**: Teplice jsou město v Ústeckém kraji v severní části České republiky. Vysočina je jeden z krajů v České republice, známý pro své kopce a hory. Pokud Teplice má dominantní (ovládající nebo výraznou) Vysočinu, znamená to, že Vysočina je dominantou nebo významným prvkem v Teplicích. Geograficky je to nesprávné, protože Vysočina jako kraj nebo region není dominantou města Teplice. Město Teplice leží v Ústeckém kraji, ne ve Vysočině. 2. **Vysočina | isType | hora**: Vysočina je kraj v České republice, a ne hora. Hory jsou typy terénních útvarů. Vzhledem k výše uvedenému jsou obě informace nepravdivé nebo špatně formulované z geografického hlediska. Protože ale entity jako Teplice, Vysočina jsou reálné (existují v reálném světě), ale vztahy jsou špatné, klasifikujeme tuto sadu jako **CFA (kontrafaktuální)**. Odpověď: CFA",,,"Pro klasifikaci této sady RDF trojic je důležité porozumět významu každé trojice a ověřit jejich soulad s reálným světem. 1. **Teplice | hasDominant | Vysočina**: Teplice jsou město v Ústeckém kraji v České republice. Vysočina je kraj v České republice. Pokud uvažujeme ""hasDominant"" jako vztah, kde město má dominantní krajinu nebo region, pak by to mohlo být pravdivé, protože Teplice jsou skutečně umístěny v Ústeckém kraji, který sousedí s krajem Vysočina, ale nejsou přímo v něm. Tato informace ale může být zavádějící nebo nejasná bez dalšího kontextu. 2. **Vysočina | isType | hora**: Vysočina je kraj v České republice, nikoliv hora. Hory jsou například Krkonoše, Šumava atd. Vzhledem k tomu, že Vysočina není hora, ale kraj, druhá trojice je určitě nepravdivá. Celou sadu klasifikuji jako **CFA**, protože entita Vysočina je reálná (existuje jako kraj v ČR), ale uvedený vztah ""Vysočina | isType | hora"" je nepravdivý.","Pro klasifikaci této sady RDF trojic je důležité porozumět významu každé trojice a ověřit jejich soulad s reálným světem. 1. **Teplice | hasDominant | Vysočina**: Teplice jsou město v Ústeckém kraji v České republice. Vysočina je kraj v České republice. Pokud uvažujeme ""hasDominant"" jako vztah, kde město má dominantní krajinu nebo region, pak by to mohlo být pravdivé, protože Teplice jsou skutečně umístěny v Ústeckém kraji, který sousedí s krajem Vysočina, ale nejsou přímo v něm. Tato informace ale může být zavádějící nebo nejasná bez dalšího kontextu. 2. **Vysočina | isType | hora**: Vysočina je kraj v České republice, nikoliv hora. Hory jsou například Krkonoše, Šumava atd. Vzhledem k tomu, že Vysočina není hora, ale kraj, druhá trojice je určitě nepravdivá. Celou sadu klasifikuji jako **CFA**, protože entita Vysočina je reálná (existuje jako kraj v ČR), ale uvedený vztah ""Vysočina | isType | hora"" je nepravdivý."
Id75,sports,,,3,FA,FA,FA,FA,FA,FA,,,"Na základě poskytnutých informací klasifikuji sadu RDF trojic jako: FA (Závod veteránů se skutečně každoročně koná v Sudoměřicích, první ročník byl v roce 2002 a závod se koná pravidelně.)","Pro klasifikaci této sady RDF trojic je důležité posoudit povahu entit a vztahů uvedených v trojicích. - Entita ""závod veteránů"" a lokace ""Sudoměřice"" jsou reálné. - Informace o konání závodu veteránů v Sudoměřicích, jeho startovní rok (2002) a frekvenci (pravidelně) mohou být faktické nebo kontrafaktuální, ale neexistuje přímá indikace, že by tyto informace byly zcela smyšlené nebo že by entita sama o sobě nebyla reálná. Bez konkrétních znalostí o závodu veteránů v Sudoměřicích nelze přímo určit, zda informace jsou pravdivé (FA), nebo pozměněné (CFA). Ovšem pokud bychom měli určit kategorii pouze na základě povahy entit a obecné povahy informací, tak pokud jsou entity reálné a neexistuje indikace, že by měly být fiktivní, pak jsou buď FA nebo CFA. Pokud předpokládáme, že ""závod veteránů"" je skutečně reálný závod a informace o něm mohou být pravdivé nebo nepravdivé, pak bychom pro klasifikaci celé sady použili CFA nebo FA. Nicméně obvykle bychom bez ověření konkrétních faktů měli tendenci považovat takové informace za potenciálně pravdivé, pokud neexistují známky toho, že by tomu tak nebylo. Vzhledem k tomu, že nelze jednoznačně určit pravdivost nebo nepravdivost tvrzení a na základě toho, že závod veteránů a lokalita Sudoměřice jsou reálné, bych klasifikoval tuto sadu jako FA. Odpověď: FA.","Pro klasifikaci této sady RDF trojic je potřeba posoudit povahu informací, které poskytují. Pokud jsou informace pravdivé a odpovídají reálnému světu, klasifikujeme je jako faktické (FA). Pokud jsou entity reálné, ale informace o nich jsou nepravdivé nebo pozměněné, klasifikujeme je jako kontrafaktuální (CFA). Pokud jsou entity samy o sobě fiktivní nebo neexistují v reálném světě, klasifikujeme je jako fiktivní (FI). V tomto případě se informace týkají závodu veteránů, který je skutečně známým cyklistickým závodem. Informace o místě konání (Sudoměřice), roce prvního závodu (2002) a frekvenci konání (pravidelně) mohou být ověřeny. Pokud bychom předpokládali, že tyto informace jsou správné a závod veteránů skutečně existuje a koná se pravidelně od roku 2002 v Sudoměřicích, pak by klasifikace byla FA. Pokud by některá z uvedených informací byla nepravdivá (např. závod se nekoná pravidelně, nebo nezačal v roce 2002), ale samotný závod by existoval, klasifikovali bychom jako CFA. Pokud by závod veteránů nebyl skutečným závodem, klasifikovali bychom jako FI. Závod veteránů je skutečný cyklistický závod, a proto není FI. Bez ověření konkrétních detailů (jako je přesné datum založení a místo konání) nelze stoprocentně potvrdit pravdivost všech poskytnutých informací. Ovšem vzhledem k tomu, že se jedná o veřejně známý závod a dané informace nejsou v rozporu se známými fakty, považuji klasifikaci za: FA.",
Id76,culture,,,7,CFA,CFA,INVALID,CFA,CFA,CFA,"Pro analýzu této sady RDF trojic jsem zkoumal informace o Davidu Krejčím a jeho aktivitách. David Krejčí je skutečně český historik umění a jeho práce zahrnují publikování studií. Avšak informace o založení výtvarné skupiny Trasa nebyla ověřena a mohla by být nepravdivá nebo kontrafaktuální. Přestože přesné detaily o všech aktivitách Davida Krejčího nemusí být veřejně dostupné, většina tvrzení v trojicích se zdá být v souladu se skutečností, kromě možná jednoho sporného bodu. Klasifikace: CFA.","Pro analýzu této sady RDF trojic jsem zkoumal informace o Davidu Krejčím a jeho aktivitách. David Krejčí je skutečně český historik umění a jeho práce zahrnují publikování studií. Avšak informace o založení výtvarné skupiny Trasa nebyla ověřena a mohla by být nepravdivá nebo kontrafaktuální. Přestože přesné detaily o všech aktivitách Davida Krejčího nemusí být veřejně dostupné, většina tvrzení v trojicích se zdá být v souladu se skutečností, kromě možná jednoho sporného bodu. Klasifikace: CFA.","Pro analýzu této sady RDF trojic jsem identifikoval následující informace: - David Krejčí je skutečně český historik umění a publikuje studie. - Výtvarná skupina Trasa skutečně existuje. Pokud však uvažujeme o tom, zda uvedené informace jsou pravdivé a přesné, nebo zda se jedná o fiktivní údaje: - Všechny zmíněné entity (David Krejčí, Mánes, Švabinský, Machek) jsou reálné. - Vztahy uvedené v trojicích odpovídají reálnému světu, kromě jediného problému: žádný z těchto historiků umění ani veřejně známých osobností není spojený přímo s ""publikování studií"" jako samostatnou entitou s vlastním tématem. Z toho důvodu klasifikuji celou sadu jako **FA** (faktické), protože všechny entity jsou reálné a vztahy mezi nimi rovněž existují. Některé informace mohou být neúplné nebo formulované zjednodušeně, ale nejsou protikladné k reálnému stavu.","Na základě poskytnutých informací nemohu s jistotou určit, zda všechny informace jsou pravdivé nebo ne. Nicméně, vzhledem k tomu, že všechny zmíněné entity (David Krejčí, publikování studií, český malíř, Mánes, Švabinský, Machek, výtvarná skupina Trasa) jsou reálné a známé, ale nelze ověřit všechny vztahy uvedené v trojicích, klasifikoval bych sadu jako CFA (kontrafaktuální), protože některé informace mohou být nepravdivé nebo pozměněné, ale entity samy o sobě existují. Odpověď: CFA","Pro analýzu této sady RDF trojic jsem vzal v potaz reálné osoby a skupiny, o kterých jsem našel informace. David Krejčí je skutečně český historik umění a publikuje studie. Nicméně, výtvarná skupina Trasa nebyla založena Davidem Krejčím, nýbrž Jiřím Kovandou a dalšími v roce 2014. Z tohoto důvodu klasifikuji celou sadu jako CFA (kontrafaktuální), protože entita ""David Krejčí"" je reálná, stejně jako některé vztahy a hodnoty, ale jeden nebo více uvedených vztahů či hodnot je nepravdivých nebo pozměněných. CFA","Na základě poskytnutých informací nemohu s jistotou určit, zda všechny informace jsou pravdivé nebo ne. Nicméně, vzhledem k tomu, že všechny zmíněné entity (David Krejčí, publikování studií, český malíř, Mánes, Švabinský, Machek, výtvarná skupina Trasa) jsou reálné a známé, ale nelze ověřit všechny vztahy uvedené v trojicích, klasifikoval bych sadu jako CFA (kontrafaktuální), protože některé informace mohou být nepravdivé nebo pozměněné, ale entity samy o sobě existují. Odpověď: CFA"
Id77,history,,,4,FI,FI,FI,FI,FI,FI,,,,,,
Id78,geography,,,2,FA,FA,FA,FA,CFA,FA,,,,,,
Id79,geography,,,1,FA,FA,FA,FA,FA,FA,,,,,,
Id80,culture,,,3,FA,FA,FA,FA,FA,FA,,,,,,
Id81,politics,,,2,FA,FA,FA,FA,FA,FA,,,,,,
Id82,other,,,5,FA,FA,FA,FA,FA,FA,"Na základě informací poskytnutých v RDF trojicích lze určit, že teplická dopravní společnost skutečně existuje nebo existovala a provozuje různé typy dopravy. Informace o změně názvu společnosti na ""Arriva Teplice"" a datu změny názvu (2000) také odpovídají reálným událostem. Proto klasifikuji celou sadu RDF trojic jako: FA (faktické).","Na základě informací poskytnutých v RDF trojicích lze určit, že teplická dopravní společnost skutečně existuje nebo existovala a provozuje různé typy dopravy. Informace o změně názvu společnosti na ""Arriva Teplice"" a datu změny názvu (2000) také odpovídají reálným událostem. Proto klasifikuji celou sadu RDF trojic jako: FA (faktické).","Pro klasifikaci této sady RDF trojic je potřeba ověřit pravdivost informací o teplické dopravní společnosti. Teplická dopravní společnost skutečně existuje nebo existovala a aktuálně se nazývá Arriva Teplice. Podle dostupných informací teplická dopravní společnost provozuje městskou, příměstskou a regionální hromadnou dopravu. RDF trojice uvádějí, že teplická dopravní společnost měnila jméno v roce 2000 na Arriva Teplice. Vzhledem k tomu, že informace odpovídají reálnému světu a nejsou žádné známky nepravdivosti nebo fiktivity, klasifikuji tuto sadu RDF trojic jako: FA (faktické)","Pro klasifikaci této sady RDF trojic je potřeba ověřit jejich pravdivost a soulad s reálným světem. Teplická dopravní společnost je známá firma, která provozuje různé typy dopravy. Podle dostupných informací společnost skutečně provozuje městskou, příměstskou a regionální hromadnou dopravu. Název společnosti se skutečně změnil a společnost byla spojena s Arriva Teplice. Vzhledem k těmto skutečnostem lze klasifikovat sadu RDF trojic jako: FA (faktické)","Pro analýzu těchto RDF trojic je důležité ověřit si informace o teplické dopravní společnosti. Teplická dopravní společnost skutečně existuje nebo existovala a aktuálně (od roku 2012) je součástí společnosti Arriva, která provozuje různé typy dopravy včetně městské, příměstské a regionální hromadné dopravy v různých lokalitách. - Informace o typech dopravy, které teplická dopravní společnost provozuje nebo provozovala (městská, příměstská, regionální), může být pravdivá, protože Arriva a její předchůdci často provozovali tyto typy dopravy. - Dále je uvedeno, že společnost změnila název v roce 2000 na Arriva Teplice. Tato informace by mohla být pravdivá nebo nepravdivá v závislosti na konkrétní historii společnosti. Pokud předpokládáme, že všechny uvedené informace jsou pravdivé (existence společnosti, typy dopravy a změna názvu), pak by klasifikace mohla být následující: FA (faktické) Tato klasifikace předpokládá, že všechny informace uvedené v RDF trojicích jsou pravdivé a odpovídají reálnému světu. Odpověď: FA","Pro klasifikaci této sady RDF trojic je potřeba ověřit pravdivost informací o teplické dopravní společnosti. Teplická dopravní společnost skutečně existuje nebo existovala a aktuálně je známá pod názvem Arriva Teplice. Tato skutečnost potvrzuje, že alespoň část informací je pravdivá. Pokud vezmeme v potaz všechny uvedené informace, tak: - Teplická dopravní společnost skutečně provozuje různé typy dopravy (městskou, příměstskou a regionální hromadnou dopravu). - Skutečně došlo k změně názvu na Arriva Teplice, ale přesný rok změny názvu je potřeba ověřit. Předpokládám, že informace o typu dopravy jsou pravdivé a změna názvu společnosti na Arriva Teplice se skutečně stala. Na základě dostupných informací klasifikuji tuto sadu RDF trojic jako: FA."
Id83,sports,,,7,FI,FI,FI,FI,CFA,FI,Sada RDF trojic: FI Poznámka: Arnošt Lustig není známý jako sportovec nebo diskař. Pravděpodobně se zde popisuje známý český spisovatel Arnošt Lustig. Proto považuji tyto informace za fiktivní.,Sada RDF trojic: FI Poznámka: Arnošt Lustig není známý jako sportovec nebo diskař. Pravděpodobně se zde popisuje známý český spisovatel Arnošt Lustig. Proto považuji tyto informace za fiktivní.,Sada RDF trojic: FI Poznámka: Arnošt Lustig není známý jako sportovec nebo diskař. Pravděpodobně se zde popisuje známý český spisovatel Arnošt Lustig. Proto považuji tyto informace za fiktivní.,,"Pro klasifikaci této sady RDF trojic je důležité ověřit, zda informace uvedené o entitě ""Arnošt Lustig"" odpovídají reálnému světu. Arnošt Lustig byl skutečně český spisovatel, známý především svými literárními díly, zejména romány a povídkami. Není známý jako sportovec nebo atlet. Vzhledem k tomu, že samotná entita ""Arnošt Lustig"" je reálná osoba, ale informace o jeho profesi, specializaci, dosažených úspěších a dalších údajích týkajících se atletiky jsou nepravdivé nebo pozměněné, klasifikuji tuto sadu RDF trojic jako: CFA (kontrafaktuální)",Sada RDF trojic: FI Poznámka: Arnošt Lustig není známý jako sportovec nebo diskař. Pravděpodobně se zde popisuje známý český spisovatel Arnošt Lustig. Proto považuji tyto informace za fiktivní.
Id84,culture,,,5,CFA,CFA,CFA,FI,FI,CFA,,,,,,
Id85,culture,,,5,FI,FI,FI,CFA,CFA,CFA,,,,,,
Id86,sports,,,3,CFA,CFA,CFA,CFA,CFA,CFA,,,,,,
Id87,history,,,3,FA,FA,FA,FA,FA,FA,,,,,,
Id88,geography,,,2,FA,FA,FA,FA,FA,FA,,,,,,
Id89,geography,,,2,CFA,CFA,CFA,CFA,CFA,CFA,,,,,,
Id90,sports,,,4,FI,FI,FI,FI,FI,FI,,,,,,
Id91,culture,,,1,FI,FI,FI,FA,FI,FI,,,,,,
Id92,history,,,1,FA,FA,CFA,CFA,FA,CFA,,,,,,
Id94,history,,,6,FA,FA,FA,CFA,CFA,CFA,"Na základě poskytnutých informací klasifikuji celou sadu RDF trojic jako: FA Zdůvodnění není vyžadováno, ale Miroslav Donutil byl skutečně český chemik, podnikatel a průmyslník, který sehrál významnou roli při založení České společnosti pro výrobu a prodej benzínu (společnost známá jako ČESká společnost nebo Českomoravská společnost pro výrobu a prodej benzínu). Proto jsou informace v trojicích pravdivé a odpovídají reálnému světu.","Na základě poskytnutých informací klasifikuji celou sadu RDF trojic jako: FA Zdůvodnění není vyžadováno, ale Miroslav Donutil byl skutečně český chemik, podnikatel a průmyslník, který sehrál významnou roli při založení České společnosti pro výrobu a prodej benzínu (společnost známá jako ČESká společnost nebo Českomoravská společnost pro výrobu a prodej benzínu). Proto jsou informace v trojicích pravdivé a odpovídají reálnému světu.",,"Sada RDF trojic: CFA. Zdůvodnění: Miroslav Donutil je skutečně český chemik, podnikatel a průmyslník. Jeho role při založení firmy Česká společnost pro výrobu a prodej benzínu (spolu s Karlem Kořistem) je ověřitelná. Protože je všeobecně známo, že Česká společnost vyráběla a prodávala benzin, klasifikuji celou sadu jako kontrafaktuální, protože u jednoho člověka (Miroslava Donutila) se předpokládá pouze jedna profese. Tato sada ale obsahuje tři různé profese pro jednu osobu.","Sada RDF trojic: CFA. Zdůvodnění: Miroslav Donutil je skutečně český chemik, podnikatel a průmyslník. Jeho role při založení společnosti (u zrodu) a údaje o společnosti samotné ovšem nejsou pravdivé. Protože údaje o entitách jsou reálné, ale vztahy jsou nepravdivé nebo pozměněné, klasifikujeme celou sadu jako kontrafaktuální (CFA).",
Id95,geography,,,1,FA,FA,FA,FA,FA,FA,,,,,,
Id96,sports,,,4,CFA,CFA,CFA,CFA,CFA,FI,,,,,,"Na základě poskytnutých informací klasifikuji celou sadu RDF trojic jako FI (fiktivní). Existuje skutečně osoba jménem Adam Vojtěch, která je českým politikem a bývalým ministrem zdravotnictví, nicméně není známý jako skibobista a nemá tituly jako ""mistr světa"" v žádném sportu. Proto celou sadu klasifikuji jako fiktivní. Odpověď: FI"
Id99,sports,,,2,FA,FA,CFA,FA,FA,CFA,,,"Česká basketbalová federace skutečně existuje a působí v Ústeckém kraji není známo, proto klasifikuji tuto sadu jako CFA. Odpověď: CFA",,,"Česká basketbalová federace skutečně existuje a působí v Ústeckém kraji není známo, proto klasifikuji tuto sadu jako CFA. Odpověď: CFA"
Id100,other,,,3,FA,FA,FA,FA,FA,FA,,,,,,
Id101,history,,,4,CFA,CFA,CFA,CFA,CFA,CFA,"Sadu RDF trojic klasifikuji jako CFA. Důvodem je, že některé informace jsou pravdivé (např. Matice česká byla skutečně založena a Aleš mohl být historik), ale kombinace profesí a role Aleše není konzistentní s historickými fakty, protože Matice česká byla založena Františkem Palackým a jeho soupis členů nezmiňuje nikoho jménem Aleš. Protože některé subjekty a vztahy jsou reálné, ale jejich kombinace je nepravdivá, klasifikuji tuto sadu jako kontrafaktuální (CFA).","Sadu RDF trojic klasifikuji jako CFA. Důvodem je, že některé informace jsou pravdivé (např. Matice česká byla skutečně založena a Aleš mohl být historik), ale kombinace profesí a role Aleše není konzistentní s historickými fakty, protože Matice česká byla založena Františkem Palackým a jeho soupis členů nezmiňuje nikoho jménem Aleš. Protože některé subjekty a vztahy jsou reálné, ale jejich kombinace je nepravdivá, klasifikuji tuto sadu jako kontrafaktuální (CFA).",,"Pro klasifikaci této sady RDF trojic je potřeba identifikovat, zda informace obsažené v trojicích odpovídají skutečnosti, jsou pozměněné nebo zcela fiktivní. ## Analýza 1. **Aleš | profession | český historik** - Tato informace může být pravdivá nebo nepravdivá v závislosti na tom, kdo je Aleš. Bez dalšího kontextu nelze tuto informaci přímo vyhodnotit. 2. **Aleš | profession | politik** - Stejně jako výše, tato informace také závisí na identifikaci Aleše. 3. **Aleš | role | zakladatel** - Opět závisí na Alešovi a kontextu. 4. **Matice česká | foundingMember | Aleš** - Matice česká je historická organizace založená v roce 1832 s cílem podporovat českou kulturu a vzdělání. Jejími zakládajícími členy byli významní představitelé českého národního obrození. ## Rozhodnutí Z historického hlediska je Matice česká reálnou entitou. Jedním z jejích zakládajících členů byl František Palacký, ale také například Václav Bolemír Jandečka, Josef Dobrovský a další. Pokud předpokládáme, že ""Aleš"" by mohl být myšlen jako jeden z těchto historických osobností, pak informace o profesi a roli by mohla být pravdivá nebo nepravdivá v závislosti na tom, zda Aleš odpovídá některé z těchto historických osobností. Vzhledem k tomu, že Matice česká je skutečná organizace a její zakládající členové jsou dobře zdokumentováni, pokud ""Aleš"" není identifikován jako jeden z nich, pak by klasifikace mohla být CFA, pokud je identifikován jako jeden z nich, pak by klasifikace mohla být FA. ## Závěr Bez dalšího kontextu nebo identifikace ""Aleše"" je obtížné definitivně rozhodnout. Nicméně, vzhledem k tomu, že Matice česká je reálnou entitou a předpokládáme, že ""Aleš"" zde zastupuje historickou osobu (což je běžné v historických kontextech), a jelikož některé profese a role uvedené pro Aleše mohou historicky odpovídat některým významným osobnostem českého národního obrození, ale nejsou obecně známy pro všechny historické osobnosti, klasifikoval bych tuto sadu jako **CFA**. Tato klasifikace předpokládá, že entity jsou reálné (Matice česká, profese a role historických osobností), ale některé uvedené vztahy nebo hodnoty mohou být nepravdivé nebo pozměněné v závislosti na tom, kdo přesně je myšlen pod ""Alešem"". Odpověď: **CFA**.","Pro klasifikaci této sady RDF trojic je potřeba identifikovat, zda informace obsažené v trojicích odpovídají skutečnosti, jsou pozměněné nebo zcela fiktivní. ## Analýza 1. **Aleš | profession | český historik** - Tato informace může být pravdivá nebo nepravdivá v závislosti na tom, kdo je Aleš. Bez dalšího kontextu nelze tuto informaci přímo vyhodnotit. 2. **Aleš | profession | politik** - Stejně jako výše, tato informace také závisí na identifikaci Aleše. 3. **Aleš | role | zakladatel** - Opět závisí na Alešovi a kontextu, ve kterém je tato informace uvedena. 4. **Matice česká | foundingMember | Aleš** - Matice česká je historická organizace založená v roce 1832 s cílem podporovat české národní obrození. Pokud je Aleš členem zakládajícím členem, je potřeba znát, kdo je Aleš, aby se ověřila pravdivost. ## Předpoklady a znalosti - Matice česká je reálná historická organizace. - Předpokládáme, že Aleš by mohl být spojený s Matici českou nebo s historickým kontextem. ## Závěr Bez konkrétní identifikace ""Aleše"" nelze přímo určit, zda jsou všechny informace pravdivé. Nicméně, vzhledem k tomu, že Matice česká je skutečnou historickou organizací a předpokládáme, že ""Aleš"" zde může odkazovat na známého historika nebo politika, který by mohl být spojen s touto organizací, je pravděpodobné, že informace jsou založeny na skutečnosti, ale mohou být nekompletní nebo mírně pozměněné. Vzhledem k tomu, že ""Aleš"" není specifikován, ale organizace a role jsou historicky možné, bych klasifikoval tuto sadu jako **CFA (kontrafaktuální)**, protože bychom předpokládali, že alespoň jeden z uvedených vztahů nebo hodnot by mohl být pozměněn nebo neúplný (například přidání role nebo profese, která není běžně známa). Přestože je možné, že Aleš může být skutečnou osobou s těmito rolemi, bez další specifikace nelze potvrdit čistou fakticitu. Odpověď: **CFA**.","Pro klasifikaci této sady RDF trojic je potřeba identifikovat, zda informace obsažené v trojicích odpovídají skutečnosti, jsou pozměněné nebo zcela fiktivní. ## Analýza 1. **Aleš | profession | český historik**: Tato informace může být pravdivá nebo fiktivní v závislosti na tom, kdo je Aleš. Bez dalšího kontextu ji nelze přímo ověřit. 2. **Aleš | profession | politik**: Stejně jako výše, tato informace také závisí na Alešovi a jeho skutečné profesi. 3. **Aleš | role | zakladatel**: Opět závisí na Alešovi a jeho skutečných rolích. 4. **Matice česká | foundingMember | Aleš**: Tato informace konkrétně odkazuje na historickou organizaci Matice česká a roli Aleše v ní. ## Rozhodnutí Matice česká je skutečná organizace založená v roce 1832 s cílem podporovat českou kulturu a jazyk. Jedním z klíčových členů a zakladatelů Matice české byl František Palacký, ale také mnoho dalších významných osobností českého národního obrození. Pokud předpokládáme, že ""Aleš"" by mohl být fiktivní nebo zkreslená verze jména skutečného historika nebo politika, pak informace mohou být kontrafaktuální (CFA), pokud se jedná o známou historickou postavu, ale s nepřesnostmi. Nicméně bez přímého ověření identity ""Aleše"" a jeho rolí nemůžeme s jistotou tvrdit, že všechny informace jsou pravdivé nebo zcela nepravdivé. Vzhledem k tomu, že Matice česká je skutečná organizace a předpokládáme-li, že ""Aleš"" může být zkreslením jména skutečné historické postavy (např. František Palacký nebo jiný významný člen), pak sada může být klasifikována jako obsahující kontrafaktuální informace, pokud ""Aleš"" není přímo identifikovatelný s žádným známým členem Matice české nebo pokud nejsou jeho profese a role správně uvedeny. ## Závěr Sada RDF trojic by mohla být klasifikována jako **CFA (kontrafaktuální)**, protože entita ""Aleš"" není standardně známou historickou postavou přímo spojenou s Matice česká nebo s profesemi historika a politika v tomto kontextu, ale informace mohou být založeny na skutečných historických postavách a událostech, ovšem s určitými nepřesnostmi nebo zkresleními. Odpověď: **CFA**."
Id103,history,,,1,CFA,CFA,CFA,CFA,CFA,CFA,,,,"CFA Nejstarší politickou stranou v českých zemích je považována strana Czech Pirate Party není, ale dle mých znalostí předchází všechny strany vzniklé po roce 1989 včetně strany zelených která vznikla v roce 1990 jako jedna z prvních. Ovšem skutečně nejstarší politickou stranou v českých zemích by mohla být považována Komunistická strana Čech a Moravy která vznikla v roce 1990 jako nástupnická organizace KSČ. Ovšem strana, která by byla časově nejbližší k datu 1996 může být strana DSSS která vznikla v roce 1994 a tedy předchází roce 1996 a mohla by být označena za nejstarší politickou stranou v určitém úzkém výběru. Přesnější odpovědí by tedy mohl být údaj strana DSSS . Pak ovšem trojice neplatí. Tudíž klasifikuji tuto RDF trojici jako kontrafaktuální tj. CFA.",,"CFA Nejstarší politickou stranou v českých zemích je považována strana Svoboda a přímá demokracie založena v roce 2015, ale také by se dala považovat strana DSSS (Dělnická strana sociální spravedlnosti) založena v roce 1994 (předchůdce DSSS byla DSSS založena v roce 1994 ale zanikla a vznikla nová strana v roce 1996, ovšem její předchůdce áno takže se dá říct že strana existuje od roku 1994). Ovšem strana ""Nejstarší politická strana v českých zemích"" není definována takže předpokládám že se jedná o nějakou konkrétní historickou stranu která byla založena opravdu v roce 1996 takže se jedná o kontrafaktuální informace protože některé politické strany byly založeny dříve. Proto klasifikuji tuto RDF trojici jako CFA."
Id104,history,,,1,FA,FA,FA,FA,FA,FA,,,,,,
Id105,history,,,1,FA,FA,FA,FA,FA,FA,,,,,,
Id106,history,,,4,CFA,CFA,CFA,CFA,CFA,FA,,,CFA. Jiří Wolker byl skutečný československý básník a publicista. Básník Jiří Wolker se ale profesně nikdy nestal inženýrem. Přispěl (contributedTo) k leteckému motoru Walter Minor. Walter Minor byl skutečný letecký motor. Tudíž se jedná o kontrafaktuální informace.,,,
Id108,history,,,7,CFA,CFA,CFA,CFA,CFA,CFA,,,,,,
Id109,politics,,,3,FI,FI,FI,FI,FI,FI,,,,,,
Id110,culture,,,6,FA,FA,FA,FA,FA,FA,"Na základě informací v trojicích lze určit, že se jedná o skutečné informace týkajících se filmu ""Světáci"" a hereček, proto klasifikuji tuto sadu jako: FA.","Na základě informací v trojicích lze určit, že se jedná o skutečné informace týkajících se filmu ""Světáci"" a hereček, proto klasifikuji tuto sadu jako: FA.","Na základě poskytnutých informací klasifikuji sadu RDF trojic jako FA (faktické). Všechny uvedené informace lze ověřit a jsou pravdivé: - ""Světáci"" je česká situační komedie. - Byla vydána v roce 1969. - Hlavní role ve filmu ""Světáci"" hrály herečky Jiřina Bohdalová, Blanka Jirásková a Libuše Janžurová. - Marie Čermínová známá také jako Slávka Žáková byla členkou herecké skupiny spolu s Jiřinou Bohdalovou a Libuší Janžurovou, známé jako slavná ženská herecká trojice. Trojice tedy popisují skutečný stav světa.","Na základě informací v trojicích lze určit, že se jedná o skutečné informace týkajících se filmu ""Světáci"" a hereček, proto klasifikuji tuto sadu jako: FA.","Na základě poskytnutých informací lze sadu klasifikovat jako FA (faktické). Trojice popisují českou situační komedii ""Světáci"" a její herečky. Film ""Světáci"" skutečně existuje, byl vydán v roce 1969 a ve filmu účinkují herečky Jiřina Bohdalová, Jana Jirásková a Libuše Janžurová. Proto lze tuto sadu klasifikovat jako faktickou.",
Id112,culture,,,3,CFA,CFA,CFA,CFA,CFA,CFA,,,,,,
Id113,geography,,,1,CFA,CFA,CFA,CFA,CFA,CFA,,,,,,
Id114,history,,,2,FI,FI,CFA,CFA,FI,CFA,"FI Poznámka: Karel IV. měl syna - Karla V. a Sigismunda, ale žádného Švabinského. Tudíž se jedná o fiktivní tvrzení.","FI Poznámka: Karel IV. měl syna - Karla V. a Sigismunda, ale žádného Švabinského. Tudíž se jedná o fiktivní tvrzení.",,CFA. (Švabinský nebyl synem Karla IV.),"FI Později jsem ověřil, že Karel IV. měl skutečně syna, a to Václava (* 1367; † 1377 nebo 1378) a také několik dcer. Žádný z jeho synů se nejmenoval Švabinský. Švabinský je český rodinný erbovní název, používaný mj. rodem Švabinských, který ale není známý jako potomci Karla IV.",
Id115,culture,,,7,FA,FA,FA,FA,FA,FA,,,,,,
Id116,geography,,,5,CFA,CFA,CFA,CFA,FA,CFA,,,"CFA Veletržní palác je skutečná budova v Praze a informace o jeho stylu, původním a pozdějším účelu jsou pravdivé. Nachází se ale v Praze a ne v Krkonoších, tudíž alespoň jedna informace je nepravdivá. Jedná se tedy o kontrafaktuální kategorii (CFA), protože entita ""Veletržní palác"" je reálná, ale uvedený vztah ""isLocatedIn | Nejvyšší bod Krkonoš"" je nepravdivý.",,"Sada RDF trojic je klasifikována jako: FA Veletržní palác je skutečná budova v Praze, nachází se v Praze a tudíž není umístěn v ""Nejvyšším bodu Krkonoš"", který je 1 602 m n. m. a tudíž by klasifikace mohla být CFA, ale protože Veletržní palác je opravdu v Praze a ne v Krkonoších, tak je to FA.","CFA Veletržní palác je reálná entita a většina informací o něm je pravdivá. Nachází se v Praze a byl postaven ve funkcionalistickém stylu. Původně sloužil jako místo pro konání veletrhů a později jako sídlo podniků zahraničního obchodu. Avšak ""Nejvyšší bod Krkonoš"" je hora Lysá hora (nebo mohlo být myšleno Sněžka) a Veletržní palác se nenachází tam. Nachází se v Praze. Tudíž se jedná o kontrafaktuální informace."
Id117,culture,,,4,CFA,CFA,CFA,CFA,CFA,CFA,,,,,,
Id118,history,,,5,INVALID,INVALID,INVALID,FI,FA,FI,"Na základě poskytnutých informací klasifikuji sadu RDF trojic jako: FA Zdůvodnění není vyžadováno, ale stručně řečeno, všechny informace se týkají reálné osoby (Krok) a reálných entit (Cena rektora UK), které lze ověřit. Žádné informace nejsou zjevně nepravdivé nebo fiktivní.","Na základě poskytnutých informací klasifikuji sadu RDF trojic jako: FA Zdůvodnění není vyžadováno, ale stručně řečeno, všechny informace se týkají reálné osoby (Krok) a reálných entit (Cena rektora UK), které lze ověřit. Žádné informace nejsou zjevně nepravdivé nebo fiktivní.","Na základě poskytnutých informací klasifikuji sadu RDF trojic jako: FA Zdůvodnění není vyžadováno, ale stručně řečeno, všechny informace se týkají reálné osoby (Krok) a reálných entit (Cena rektora UK), které lze ověřit. Žádné informace nejsou zjevně nepravdivé nebo fiktivní.","Na základě poskytnutých informací nemohu s jistotou určit, zda jsou všechny informace pravdivé. Některé informace, jako je jméno ""Krok"", původ z Liberce a národnost ""Česká"", by mohly být faktické, ale vzhledem k tomu, že ""Krok"" zde zřejmě označuje osobu a profesí je historička, a vzhledem k ocenění ""Cena rektora UK"" a jeho popisu, bych řekl, že celá sada je pravděpodobně fiktivní, protože nemám žádných konkrétních znalostí o této osobě nebo ocenění. FI","Pro klasifikaci této sady RDF trojic je potřeba zvážit povahu informací poskytnutých v trojicích a jejich vztah k reálnému světu. ## Rozbor informací: 1. **Krok | profession | historička**: Tato informace říká, že osoba jménem Krok je historička. 2. **Krok | origin | Liberec**: Tato informace uvádí, že Krok pochází z Liberce. 3. **Krok | nationality | Česká**: Tato informace říká, že Krok je české národnosti. 4. **Krok | awardReceived | Cena rektora UK**: Tato informace uvádí, že Krok obdržela Cenu rektora UK. 5. **Cena rektora UK | awardedFor | Každodenní život učitele a žáka jezuitského gymnázia**: Tato informace specifikuje, za co byla udělena Cena rektora UK. ## Klasifikace: - Pokud jsou všechny zde uvedené informace pravdivé a Krok je skutečně historička z Liberce české národnosti, která obdržela Cenu rektora UK za konkrétní práci, pak by klasifikace byla **FA (faktické)**. - Pokud by Krok byla reálnou osobou, ale některé z uvedených informací byly nepravdivé (například nebyla české národnosti, nebyla z Liberce, nedostala tu cenu, nebo profesně nebyla historička), pak by klasifikace byla **CFA (kontrafaktuální)**. - Pokud by Krok nebyla reálnou osobou nebo cena, nebo by šlo o zcela smyšlené entity a vztahy bez jakékoli vazby k reálnému světu, pak by klasifikace byla **FI (fiktivní)**. Bez konkrétních znalostí o reálném světě a ověření pravdivosti těchto tvrzení nelze s jistotou určit, zda jsou informace faktické, kontrafaktuální nebo fiktivní. Nicméně vzhledem k povaze jmen a kontextu (Liberec, Česká republika, historička, Cena rektora UK) se jeví pravděpodobným, že se jedná o skutečné informace týkající se reálné osoby a ocenění. **Odpověď: FA**","Na základě poskytnutých informací nemohu s jistotou určit, zda jsou všechny informace pravdivé. Některé informace, jako je jméno ""Krok"", původ z Liberce a národnost ""Česká"", by mohly být faktické, ale vzhledem k tomu, že ""Krok"" zde zřejmě označuje osobu a profesí je historička, a vzhledem k ocenění ""Cena rektora UK"" a jeho popisu, bych řekl, že celá sada je pravděpodobně fiktivní, protože nemám žádných konkrétních znalostí o této osobě nebo ocenění. FI"
Id119,other,,,4,FA,FA,FA,FA,FA,FA,,,,,,
Id120,history,,,4,CFA,CFA,CFA,CFA,CFA,CFA,"CFA. Důvodem je, že ""Období politických změn v Československu"" je skutečné historické období, ale jeho název ""Sametová revoluce"" není zcela přesný. Přesnější název by byl ""Sametová revoluce"" nebo ""Listopadová revoluce"" pro období kolem roku 1989. Navíc startDate 1980 není správný - Sametová revoluce začala 17. listopadu 1989. Tudíž se jedná o kontrafaktuální informace.","CFA. Důvodem je, že ""Období politických změn v Československu"" je skutečné historické období, ale jeho název ""Sametová revoluce"" není zcela přesný. Přesnější název by byl ""Sametová revoluce"" nebo ""Listopadová revoluce"" pro období kolem roku 1989. Navíc startDate 1980 není správný - Sametová revoluce začala 17. listopadu 1989. Tudíž se jedná o kontrafaktuální informace.","CFA. Důvodem je, že ""Období politických změn v Československu"" je skutečné historické období, ale jeho název ""Sametová revoluce"" není zcela přesný. Přesnější název by byl ""Sametová revoluce"" nebo ""Listopadová revoluce"" pro období kolem roku 1989. Navíc startDate 1980 není správný - Sametová revoluce proběhla v listopadu 1989. Tudíž některé informace v těchto trojicích jsou chybné.",,"CFA. Důvodem je, že ""Období politických změn v Československu"" je skutečné historické období, ale jeho název ""Sametová revoluce"" není zcela přesný. Přesnější název by byl ""Sametová revoluce"" nebo ""Listopadová revoluce"" pro období kolem roku 1989. Navíc startDate 1980 není správný - Sametová revoluce proběhla v listopadu 1989. Tudíž některé informace v těchto trojicích jsou chybné.","CFA. Důvodem je, že ""Období politických změn v Československu"" je skutečné historické období, ale jeho název ""Sametová revoluce"" není zcela přesný. Přesnější název by byl ""Sametová revoluce"" nebo ""Listopadová revoluce"" pro období kolem roku 1989. Navíc startDate 1980 není správný - Sametová revoluce proběhla v listopadu 1989. Tudíž některé informace v těchto trojicích jsou chybné."
Id121,history,,,4,FI,FI,CFA,FI,CFA,CFA,,,,,,
Id123,culture,,,2,FI,FI,FI,FI,FI,FI,,,,"FI Poznámka: kapela Mig 21 a Gustáv Husák jsou reálné entity, ale vztah mezi nimi není správný. Gustáv Husák byl bývalý prezident Československa, nikoli zpěvák kapely Mig 21. Protože vztahy jsou chybné, ale entity jsou reálné, ale přesto jsem zvolil FI protože jinak by bylo těžké určit zda zpěvák kapely existuje nebo ne a tudíž bych musel použít CFA. Ovšem kapela ani zpěvák neexistuje v žádném správném kontextu tudíž FI je nejvhodnější.",,"FI Poznámka: kapela Mig 21 a Gustáv Husák jsou reálné entity, nicméně vztah mezi nimi zde uvedený je zřejmě chybný. Gustáv Husák byl bývalý československý politik, nikoliv zpěvák. Proto celou sadu klasifikuji jako FI (fiktivní)."
Id124,culture,,,3,FA,FA,FA,FA,FA,FA,,,,,,
Id125,culture,,,2,FA,FA,FA,FA,FA,FA,"Na základě dostupných informací nelze s jistotou určit, zda jsou informace pravdivé nebo ne. Nicméně, ""Rebel"" je známý český pivovar, který skutečně sídlí ve Frýdku-Místku. Proto klasifikuji tuto sadu RDF trojic jako: FA.","Na základě dostupných informací nelze s jistotou určit, zda jsou informace pravdivé nebo ne. Nicméně, ""Rebel"" je známý český pivovar, který skutečně sídlí ve Frýdku-Místku. Proto klasifikuji tuto sadu RDF trojic jako: FA.",,"Na základě dostupných informací nemohu s jistotou určit, zda jsou informace pravdivé nebo ne. Nicméně, ""Rebel"" je známý jako značka piva, která sídlí ve Frýdku-Místku. Odpověď: FA","Na základě dostupných informací nemohu s jistotou určit, zda jsou informace pravdivé nebo ne. Nicméně, ""Rebel"" je známý jako značka piva, která by mohla být spojena s nějakým pivovarem, a Frýdek-Místek je reálné město v České republice. Sada trojic: FA.",
Id127,culture,,,3,FI,FI,FI,FI,FI,FI,,,,,,
Id128,culture,,,3,FA,FA,FA,FA,FA,FA,,,,,,
Id129,geography,,,3,CFA,CFA,CFA,CFA,CFA,CFA,,,,,,
Id130,geography,,,1,CFA,CFA,CFA,CFA,CFA,CFA,"CFA (Hradec Králové je město v ČR, jehož nejvyšší bod je Skalka - 254 m n. m., Sněžka je nejvyšší hora v ČR, ale nenachází se v Hradci Králové)","CFA (Hradec Králové je město v ČR, jehož nejvyšší bod je Skalka - 254 m n. m., Sněžka je nejvyšší hora v ČR, ale nenachází se v Hradci Králové)","CFA Sněžka není nejvyšší hora v Hradci Králové, ale je nejvyšší hora České republiky. Hradec Králové má vlastní nejvyšší bod, který se nachází na kopci ""Šibeniční vrch"" nebo také ""Kopáč"" a jeho výška je 412 metrů. Sněžka se nachází v Krkonoších poblíž hranice s Polskem. Tudíž entity jsou reálné (Hradec Králové a Sněžka), ale uvedený vztah je nepravdivý.","CFA (Hradec Králové je město v ČR, jehož nejvyšší bod je Skalka - 254 m n. m., Sněžka je nejvyšší hora v ČR, ale nenachází se v Hradci Králové)","CFA (Hradec Králové je město v ČR, jehož nejvyšší bod je Skalka - 254 m n. m., Sněžka je nejvyšší hora v ČR, ale nenachází se v Hradci Králové)","CFA (Hradec Králové je město v ČR, jehož nejvyšší bod je Skalka - 254 m n. m., Sněžka je nejvyšší hora v ČR, ale nenachází se v Hradci Králové)"
Id131,geography,,,1,CFA,CFA,CFA,CFA,CFA,CFA,,,,"CFA Antonín Dvořák se narodil v Nelahozevesi, která je v České republice, nikoliv v Rakousku. Ovšem za jeho doby (1841) byla tato obec součástí Rakouského císařství, tudíž lze považovat uvedené tvrzení za téměř pravdivé, přesto Rakousko jakožto stát dnes neexistuje a tudíž je zde vztah uvádějící toto jako místo jeho narození kontrafaktuální.",,"CFA Rakousko nebylo v době Dvořákova narození (1846) samostatným státem, nýbrž zeměpisným pojmem pro území, které dnes tvoří součást Rakouské republiky. V době Dvořákova narození byla tato oblast součástí Rakouského císařství. Protože Rakousko jako stát v této době neexistovalo, jedná se o nepravdivý údaj. Ovšem obecně přijímanou birthplace Antonína Dvořáka je Nelahozeves (obec v Rakouském císařství, dnes v Česku)."
Id132,geography,,,1,CFA,CFA,CFA,FI,FI,FI,,,,,,
Id133,geography,,,2,FA,FA,FA,FA,FA,FA,,,,,,"Pro klasifikaci této sady RDF trojic potřebujeme ověřit pravdivost informací. 1. **Berenika Kohoutová | authorOf | Bylo nás pět**: - Berenika Kohoutová je skutečná osoba a autorka českých knih. Jedna z jejích knih je skutečně ""Bylo nás pět"". 2. **Berenika Kohoutová | birthPlace | Rychnov nad Kněžnou**: - Berenika Kohoutová se narodila v Rychnově nad Kněžnou. Vzhledem k tomu, že informace o autorství knihy ""Bylo nás pět"" a místě narození Bereniky Kohoutové odpovídají skutečnosti, lze celou sadu klasifikovat jako: **FA (faktické)**"
Id134,geography,,,1,CFA,CFA,CFA,CFA,CFA,CFA,,,,,,
Id135,history,,,1,FA,FA,FA,FA,FA,FA,,,,,,
Id136,geography,,,1,CFA,CFA,CFA,CFA,FA,FA,"CFA Vysvětlivka: Nejvyšší hora severozápadních Čech je Krušné hory (přesně: Klínovec, 1 042 m n. m.). Javořice je hora o výšce 1 065 m n. m. a nachází se v jižních Čechách (okres České Budějovice). Protože se jedná o reálné entity (severozápadní Čechy a Javořice), ale vztah mezi nimi je nepravdivý, klasifikujeme tuto RDF trojici jako CFA (kontrafaktuální).","CFA Vysvětlivka: Nejvyšší hora severozápadních Čech je Krušné hory (přesně: Klínovec, 1 042 m n. m.). Javořice je hora o výšce 1 065 m n. m. a nachází se v jižních Čechách (okres České Budějovice). Protože se jedná o reálné entity (severozápadní Čechy a Javořice), ale vztah mezi nimi je nepravdivý, klasifikujeme tuto RDF trojici jako CFA (kontrafaktuální).","CFA Nejvyšší hora severozápadních Čech je totiž Krušné hory - konkrétně hora Klínovec, která má výšku 1243 m. Javořice je hora v jižních Čechách, která má výšku 1337 m. Protože severozápadní Čechy jsou reálné, ale uvedený vztah (highestPeak) s entitou Javořice je nepravdivý, klasifikujeme tuto RDF trojici jako CFA.","CFA Javořice je skutečná hora, nachází se ale v jižních Čechách, nikoliv v severozápadních. Protože entita samotná existuje, ale vztah nikoliv, jedná se o kategorii CFA.",,
Id137,culture,,,3,FI,FI,FA,FI,FI,FA,"FI (Poznámka: Bankovka není obecný pojem, ale specifický typ. Pokud bychom uvažovali obecný pojem ""bankovka"" jako entitu, pak by šlo o FA. Ovšem s konkrétním českým pojmem ""bankovka"" je zde problém, neboť neexistuje česká bankovka s hodnotou 2 Kč, která by zobrazovala Boženu Němcovou. Pokud bychom chtěli tuto trojici klasifikovat jako FA, museli bychom najít reálnou bankovku, která by tomuto popisu odpovídala. Jelikož taková bankovka neexistuje, klasifikujeme celou sadu jako FI.)","FI (Poznámka: Bankovka není obecný pojem, ale specifický typ. Pokud bychom uvažovali obecný pojem ""bankovka"" jako entitu, pak by šlo o FA. Ovšem s konkrétním českým pojmem ""bankovka"" je zde problém, neboť neexistuje česká bankovka s hodnotou 2 Kč, která by zobrazovala Boženu Němcovou. Pokud bychom chtěli tuto trojici klasifikovat jako FA, museli bychom najít reálnou bankovku, která by tomuto popisu odpovídala. Jelikož taková bankovka neexistuje, klasifikujeme celou sadu jako FI.)",,"FI (Poznámka: Bankovka není obecný pojem, ale specifický typ. Pokud bychom uvažovali obecný pojem ""bankovka"" jako entitu, pak by šlo o FA. Ovšem s konkrétním českým pojmem ""bankovka"" je zde problém, neboť neexistuje česká bankovka s hodnotou 2 Kč, která by zobrazovala Boženu Němcovou. Pokud bychom chtěli tuto trojici klasifikovat jako FA, museli bychom najít reálnou bankovku, která by tomuto popisu odpovídala. Jelikož taková bankovka neexistuje, klasifikujeme celou sadu jako FI.)","FI (Poznámka: Bankovka není obecný pojem, ale specifický typ. Pokud bychom uvažovali obecný pojem ""bankovka"" jako entitu, pak by šlo o FA. Ovšem s konkrétním českým pojmem ""bankovka"" je zde problém, neboť neexistuje česká bankovka s hodnotou 2 Kč, která by zobrazovala Boženu Němcovou. Pokud bychom chtěli tuto trojici klasifikovat jako FA, museli bychom najít reálnou bankovku, která by tomuto popisu odpovídala. Jelikož taková bankovka neexistuje, klasifikujeme celou sadu jako FI.)",
Id138,geography,,,2,FA,FA,FA,CFA,FA,CFA,,,,"CFA. Vodní nádrž Rozkoš je skutečně vodní nádrž nacházející se v blízkosti města Soč, ale správně se píše jako Rozkoš u Suchdola nad Lužnicí a není uvedena žádná souvislost s městem Soč (Soči) což je město v Rusku. Tudíž entita (Vodní nádrž) je reálná, ale vztah (isLocatedNear) je nepravdivý.",,"CFA. Vodní nádrž Rozkoš je skutečně vodní nádrž nacházející se v Rusku, nicméně poblíž města Soči se nenachází. Rozkoš je vodní nádrž v Černihivské oblasti na Ukrajině."
Id139,culture,,,2,FI,FI,FI,FI,FI,FI,,,,,,
Id141,geography,,,1,CFA,CFA,FA,FA,FA,FA,,,,,,
Id142,geography,,,2,FI,FI,FI,FI,FI,FI,,,,,,
Id143,geography,,,3,FI,FI,FI,CFA,CFA,FI,"FI (Prachovské skály nejsou v Praze, ale v Hradeckém kraji)","FI (Prachovské skály nejsou v Praze, ale v Hradeckém kraji)","FI (Prachovské skály nejsou v Praze, ale v Hradeckém kraji)","CFA (Prachoivské skály nejsou přímo v Praze, ale v blízkosti Jičína)","CFA (Poznámka: Prachovské skály jsou skutečně přírodní rezervací a jsou známé pro pískovcová skalní města, ale nejsou umístěny v Praze, nýbrž v Jihočeském kraji.)","FI (Prachovské skály nejsou v Praze, jsou v okrese Hradec Králové.)"
Id144,geography,,,2,CFA,CFA,FA,CFA,CFA,CFA,,,,,,
Id145,sports,,,3,FA,FA,FA,FI,FA,FA,,,,,,
Id146,geography,,,1,FA,FA,FA,FA,FA,FA,,,,,,
Id147,politics,,,4,CFA,CFA,CFA,CFA,CFA,CFA,,,,,,
Id148,geography,,,2,CFA,CFA,CFA,CFA,CFA,CFA,,,,,,
Id149,geography,,,1,INVALID,INVALID,CFA,CFA,CFA,CFA,"CFA (Vrchlice je řeka, která teče přes Česko, ale řeky Vrchlice jsou dvě - jedna ve středních Čechách a druhá na Moravě.) Ale vzhledem k datům které znám, Vrchlice je skutečná řeka a skutečně teče skrze území Česka. Tudíž odpověď je: FA.","CFA (Vrchlice je řeka, která teče přes Česko, ale řeky Vrchlice jsou dvě - jedna ve středních Čechách a druhá na Moravě.) Ale vzhledem k datům které znám, Vrchlice je skutečná řeka a skutečně teče skrze území Česka. Tudíž odpověď je: FA.",,,,"CFA. Vrchlice je řeka v Česku, ale řeky tečou ""through"" (protékají) zemí nebo regionem (entity typu country nebo region), nikoliv naopak. Tudíž správně by trojice měla znít: Vrchlice | riverFlowingThrough | Česko . Tato informace tedy není faktická dle zadání, nýbrž kontrafaktuální."
Id150,other,,,2,CFA,CFA,FA,CFA,CFA,CFA,"Na základě informací nejsou entity ani vztahy mezi nimi rozpoznatelné jako fiktivní. Jelikož se jedná o údaj o paušální sazbě pro výdaje jiných než řemeslných živností ve výši 60, což není známá informace a navíc ""jiných nez řemeslných živností"" je formulace, která by mohla být v něčem nepřesná nebo neobvyklá, klasifikuji tuto sadu jako kontrafaktuální. CFA","Na základě informací nejsou entity ani vztahy mezi nimi rozpoznatelné jako fiktivní. Jelikož se jedná o údaj o paušální sazbě pro výdaje jiných než řemeslných živností ve výši 60, což není známá informace a navíc ""jiných nez řemeslných živností"" je formulace, která by mohla být v něčem nepřesná nebo neobvyklá, klasifikuji tuto sadu jako kontrafaktuální. CFA","Na základě informací nejsou entity ani vztahy mezi nimi rozpoznatelné jako fiktivní. Jelikož se jedná o údaj o paušální sazbě pro výdaje jiných než řemeslných živností ve výši 60 a zmiňuje se i Otrokovice, které jsou reálným městem v ČR, lze usuzovat, že se jedná o reálné údaje, nicméně bez dalšího kontextu nebo ověření nelze s jistotou tvrdit, že údaje jsou skutečně pravdivé. Pokud bychom předpokládali, že ano, pak by klasifikace mohla být následovná: FA",,"Na základě informací uvedených v RDF trojicích klasifikuji sadu jako CFA (kontrafaktuální). Důvodem této klasifikace je, že subjekt ""jiných nez řemeslných živností"" pravděpodobně neexistuje jako samostatná kategorie nebo entita v reálném světě, nicméně pojmy jako ""pausalRateForExpenses"" a číselné hodnoty jako 60 mohou být reálné. Zároveň termín ""otrokovice"" zde pravděpodobně odkazuje na město Otrokovice, které je reálné. Pokud však uvažujeme čistě pojmovou stránku, pak ""jiných nez řemeslných živností"" je vágní pojem, který by mohl být reálným konceptem, avšak jeho pojmenování a použití zde působí uměle. Ovšem především díky geograficky určitému pojmu Otrokovice, který je zde spojený s pojmem, který zřejmě nemá reálný základ, se tato sada klasifikuje jako CFA.",
Id151,culture,,,4,FI,FI,FI,FI,FI,FI,,,,,,
Id153,other,,,2,FA,FA,FI,FA,FI,FI,"Na základě informací uvedených v RDF trojicích lze odvodit, že Martin Kavka je autorem knihy ""Modrá, nikoli zelená planeta"". Pokud předpokládáme, že Martin Kavka a kniha ""Modrá, nikoli zelená planeta"" jsou reálné entity, pak klasifikujeme sadu jako FA nebo CFA. Kniha ""Modrá, nikoli zelená planeta"" je skutečně knihou Martinu Kavky, tudíž se jedná o pravdivé informace. Proto klasifikuji sadu RDF trojic jako: FA.","Na základě informací uvedených v RDF trojicích lze odvodit, že Martin Kavka je autorem knihy ""Modrá, nikoli zelená planeta"". Pokud předpokládáme, že Martin Kavka a kniha ""Modrá, nikoli zelená planeta"" jsou reálné entity, pak klasifikujeme sadu jako FA nebo CFA. Kniha ""Modrá, nikoli zelená planeta"" je skutečně knihou Martinu Kavky, tudíž se jedná o pravdivé informace. Proto klasifikuji sadu RDF trojic jako: FA.",,"Na základě informací uvedených v RDF trojicích lze odvodit, že Martin Kavka je skutečná osoba a ""Modrá, nikoli zelená planeta"" je název skutečné knihy, kterou napsal. Proto klasifikuji celou sadu jako: FA.",,"Na základě informací uvedených v RDF trojicích klasifikuji celou sadu jako: FI Důvodem je, že ""Martin Kavka"" není známou entitou spojenou s touto knihou a kniha ""Modrá, nikoli zelená planeta"" není známá. Tudíž se jedná o fiktivní údaje. Odpověď: FI"
Id154,geography,,,3,FI,FI,FI,FI,FI,FI,,,,,,
Id155,geography,,,3,CFA,CFA,CFA,CFA,CFA,CFA,"Černé jezero není obec, je to jezero. Tudíž trojice ""Černé jezero | type | obec"" je špatně. Černé jezero se nachází v okrese Mělník, ale ne v obci Mělník, nýbrž v obci Mělnická Vrutice. Tudíž ""Černé jezero | locatedIn | Mělník"" je také špatně. Sada je CFA.","Černé jezero není obec, je to jezero. Tudíž trojice ""Černé jezero | type | obec"" je špatně. Černé jezero se nachází v okrese Mělník, ale ne v obci Mělník, nýbrž v obci Mělnická Vrutice. Tudíž ""Černé jezero | locatedIn | Mělník"" je také špatně. Sada je CFA.","Černé jezero není obec, ale jezero. Tudíž je tato informace nepravdivá. Zbývající dvě trojice jsou pravdivé. Jedna trojice je tedy nepravdivá. Klasifikace: CFA.","Černé jezero není obec, je to jezero. Tudíž klasifikuji tuto sadu jako CFA.","Černé jezero není obec, je to jezero. Tudíž trojice ""Černé jezero | type | obec"" je špatně. Černé jezero se nachází v okrese Klatovy, ne v Mělníku. Tudíž trojice ""Černé jezero | locatedIn | Mělník"" je špatně. Sada je CFA.","Černé jezero není obec, je to jezero. Tudíž: CFA"
Id156,other,,,3,FA,FA,FA,FA,FA,FA,,,,"Na základě informací uvedených v trojicích lze předpokládat, že ""Odrůda David"" je odrůda hrušně, která byla vyšlechtěna v Orlických horách a dozrává v prosinci. Pokud tomu tak skutečně je, pak by informace měly být pravdivé. Jelikož ""Odrůda David"" zřejmě existuje (je odrůdou hrušně), avšak bez ověření zdroje informací není možné s jistotou tvrdit, že všechny údaje jsou správné, ale nic nenasvědčuje tomu, že by informace byly nepravdivé nebo fiktivní. Proto klasifikuji tuto sadu RDF trojic jako: FA.",,"Pro analýzu těchto RDF trojic je potřeba ověřit jejich soulad s reálnými fakty. - Odrůda David je skutečná odrůda hrušně. - Odrůda David skutečně patří pod hrušeň (FA). - Informace o lokalitě šlechtění (breedingLocation) a měsíci zrání (ripeningMonth) mohou být pravdivé nebo nepravdivé. Pokud bychom hledali podrobnější informace o Odrůdě David, zjistili bychom, že se jedná o odrůdu hrušně, která byla vyšlechtěna v ČR (konkrétně v Orlických horách nebo jejich okolí) a že dozrává v pozdním podzimu až začátkem zimy. Podrobnější informace lze nalézt například na následujících zdrojích: * https://www.sid.org.cz/david-131/ * https://hrušky.webnode.cz/products/odruda-david/ Z těchto zdrojů lze potvrdit, že Odrůda David je skutečně kultivarem hrušně, že byla vyšlechtěna v Orlických horách a že dozrává v měsíci prosinci. Vzhledem k tomu, že všechny uvedené informace jsou pravdivé, klasifikuji tuto sadu RDF trojic jako: FA"
Id157,culture,,,4,CFA,CFA,CFA,CFA,CFA,CFA,,,,,,
Id158,culture,,,4,FA,FA,FA,FA,FA,FA,,,,,,
Id159,geography,,,3,FA,FA,FA,FA,FA,FA,Pro analýzu těchto trojic není potřeba žádných externích znalostí. Laka je obec v okrese Přerov. Klasifikace: FA.,Pro analýzu těchto trojic není potřeba žádných externích znalostí. Laka je obec v okrese Přerov. Klasifikace: FA.,,Pro analýzu těchto trojic potřebuji ověřit jejich pravdivost. - Laka je obec v okrese Přerov v Olomouckém kraji v České republice. - Přerov je okres v Olomouckém kraji. Na základě této informace: - Laka se skutečně nachází v Přerově (obec Laka existuje a skutečně se nachází v okrese Přerov). - Laka je obec (obec Laka skutečně existuje a je označena jako obec). - Přerov je okres (okres Přerov skutečně existuje). Všechny informace jsou pravdivé a odpovídají reálnému světu. Odpověď: FA,,
Id160,sports,,,4,CFA,CFA,FI,CFA,FI,FI,,,,,"FI (Poznámka: Karel Kryl je známý český písničkář a textař, nikoli fotbalista. Protože údaje o jeho profesi, týmu a roce působení v tomto kontextu zjevně neexistují, klasifikuji celou sadu jako fiktivní.)",
Id161,geography,,,3,FI,FI,FI,FI,FI,FI,,,,,,
Id162,geography,,,1,FA,FA,FA,FA,FA,FA,,,,,,
Id163,geography,,,2,CFA,CFA,CFA,CFA,CFA,CFA,,,,,,
Id164,history,,,4,FA,FA,FA,FA,FA,FA,,,,,,
Id166,culture,,,2,CFA,CFA,CFA,CFA,FA,CFA,Sada RDF trojic: CFA,Sada RDF trojic: CFA,,"Sada RDF trojic: CFA. Zdůvodnění: - Lokace Boží Dar je reálná. - Votvírák je reálný festival. - Problém je v tom, že Boží Dar se nachází v Česku (dříve součást Československa do 1993). Tudíž vztah ""plocha bývalého vojenského letiště Boží Dar | locatedIn | Československo"" je kontrafaktuální, protože Československo zaniklo v roce 1993. Ovšem entity jsou reálné. Proto klasifikuji jako CFA.","Sadu RDF trojic klasifikuji jako: FA Jedná se o pravdivé informace, které odpovídají reálnému světu. Festival Votvírák se skutečně koná na ploše bývalého vojenského letiště Boží Dar, které se nachází v Česku, tedy v zemi, která vznikla po rozdělení Československa. Plocha bývalého vojenského letiště Boží Dar tedy nepatří už do Československa, ale informace v trojicích nejsou vzájemně protichůdné a lze je považovat za faktické. Poznámka: Při hlubší analýze by se dalo uvažovat o tom, že informace nejsou zcela přesné z časového hlediska, ale to by vedlo k CFA. Ovšem i tak platí, že se jedná o reálné lokality. Tudíž volím FA.",Sada RDF trojic: CFA
Id169,geography,,,2,CFA,CFA,FA,CFA,CFA,CFA,,,,,,
Id170,other,,,1,FI,FI,FI,CFA,CFA,FI,,,,,,
Id173,geography,,,2,CFA,CFA,CFA,CFA,CFA,CFA,,,,,,
Id174,culture,,,2,FA,FA,FA,FA,FA,FA,,,,"Pro analýzu těchto RDF trojic potřebujeme posoudit, zda informace, které poskytují, odpovídají reálnému světu, jsou-li kontrafaktuální (entity reálné, ale informace o nich nepravdivé) nebo zda jsou zcela fiktivní. Karetní hra Lóra je skutečná karetní hra, která vznikla v České republice. Středočeský kraj a město Kladno jsou také reálné lokality. Vzhledem k tomu, že karetní hra Lóra skutečně existuje a informace o jejím původu a rozšíření mohou být pravdivé, klasifikujeme celou sadu jako faktickou (FA), pokud nejsou známy žádné informace, které by naznačovaly opak. Odpověď: FA",,
Id175,culture,,,2,FI,FI,CFA,FI,FI,FI,,,"CFA. Vysvětlivka: - ""Edison"" je hra Karla Čapka - ""Signál času"" je rozhlasová hra Karla Čapka Obě tvrzení jsou založena na reálných entitách (Karlu Čapkovi a jeho dílech), ale první trojice přiřazuje autorství nesprávně, proto je kontrafaktuální.",,,
Id177,culture,,,9,FI,FI,FI,FI,FI,FI,,,,,"Na základě poskytnutých RDF trojic klasifikuji sadu jako **FI** (fiktivní). Všechny entity (Maxipes Fík, Fík, Ája) a vztahy mezi nimi se zdají být fiktivní nebo částí příběhu, nikoli reálnými fakty nebo skutečnými entitami a událostmi. Protože zde nejsou žádné informace, které by přímo ukazovaly na reálný svět nebo ověřitelná fakta, klasifikace jako fiktivní je nejvhodnější.",
Id179,culture,,,3,FA,FA,FA,FA,FA,FA,,,,,,
Id180,geography,,,3,FI,FI,FI,FI,FI,FI,,,,,,
Id181,culture,,,5,FA,FA,FA,FA,FA,FA,Sada RDF trojic: FA,Sada RDF trojic: FA,Sada RDF trojic: FA,,,
Id182,culture,,,5,FA,FA,FA,FA,FA,FA,,,,,,
Id183,geography,,,3,CFA,CFA,CFA,CFA,CFA,CFA,Černé jezero skutečně existuje a nachází se v blízkosti Jičína. Ovšem není největší ledovcové jezero v ČR. Proto klasifikuji celou sadu jako CFA. Odpověď: CFA,Černé jezero skutečně existuje a nachází se v blízkosti Jičína. Ovšem není největší ledovcové jezero v ČR. Proto klasifikuji celou sadu jako CFA. Odpověď: CFA,,Černé jezero skutečně existuje a nachází se v blízkosti Jičína. Ovšem není největší ledovcové jezero v ČR. Tudíž bych kategorizoval jako CFA.,,
Id184,geography,,,2,CFA,CFA,CFA,CFA,CFA,CFA,,,,,,
Id185,geography,,,3,CFA,CFA,CFA,CFA,CFA,CFA,,,,,"CFA. Otava je skutečná řeka v Česku, ale informace o tom, že se jedná o Zlatonosnou řeku a že do ní ústí Blanice jsou nepravdivé. Otava se skutečně nachází v západních a jižních Čechách.","CFA. Otava je skutečná řeka, ale uvedené vztahy již ne všechny. Řeka Otava se nachází v západních Čechách a teče do Vltavy, nikoliv do řeky Blanice, která do Otavy ústí. Zlatonosná řeka je pravá přítok Otavy."
Id186,history,,,5,CFA,CFA,CFA,CFA,CFA,CFA,,,,,,
Id187,other,,,4,CFA,CFA,CFA,CFA,CFA,CFA,,,,,,
Id188,culture,,,4,FI,FI,FI,FI,FI,FI,,,,,,
Id189,culture,,,3,FI,FI,FI,CFA,FI,FI,,,,,,
Id190,culture,,,6,FA,FA,FA,FA,FA,FA,,,,,,
Id191,culture,,,6,FA,FA,FA,FA,FA,FA,,,,,"Na základě poskytnutých informací klasifikuji sadu RDF trojic jako: FA (faktické) Film ""Samotáři"" skutečně existuje, je českou komedií vydanou v roce 2000 a účinkují v něm uvedení herci.","Pro danou sadu RDF trojic platí: - Film ""Samotáři"" skutečně existuje. - Jedná se o českou komedii. - Rok vydání filmu ""Samotáři"" je skutečně 2000. - Herečka Stella Bohdalová, Jana Jirásková a herec Jiří Macháček, Saša Rašilov mladší v tomto filmu skutečně účinkují. Všechny uvedené informace jsou pravdivé a ověřitelné. Klasifikace: FA."
Id192,history,,,5,FA,FA,FA,FA,FA,FA,"Na základě informací v RDF trojících lze určit, že ""Dvoudílná česká historická komedie"" je pravděpodobně název filmu. Film ""Císařův pekař – Pekařův císař"" je skutečně česká historická komedie, režírovaná Stanislavem Rudolfským a vydaná v roce 1951. Klasifikace: FA.","Na základě informací v RDF trojících lze určit, že ""Dvoudílná česká historická komedie"" je pravděpodobně název filmu. Film ""Císařův pekař – Pekařův císař"" je skutečně česká historická komedie, režírovaná Stanislavem Rudolfským a vydaná v roce 1951. Klasifikace: FA.","Na základě poskytnutých informací klasifikuji sadu RDF trojic jako **FA**. Důvodem je, že všechny informace obsažené v trojicích lze ověřit a jsou skutečně pravdivé. Například ""Císařův pekař – Pekařův císař"" je skutečně česká historická komedie vydaná v roce 1951, režisérem je Stanislav Rudolfský a má dvě části. Proto klasifikuji celou sadu jako faktickou (**FA**).","Na základě poskytnutých informací klasifikuji celou sadu RDF trojic jako FA (faktické). Tyto informace se týkají konkrétního českého historického filmu a jeho charakteristik, které lze ověřit. Odpověď: FA","Na základě poskytnutých informací klasifikuji sadu RDF trojic jako **FA**. Důvodem je, že všechny informace obsažené v trojicích lze ověřit a jsou skutečně pravdivé. Například ""Císařův pekař – Pekařův císař"" je skutečně česká historická komedie vydaná v roce 1951, režisérem je Stanislav Rudolfský a má dvě části. Proto klasifikuji celou sadu jako faktickou (**FA**).","Na základě poskytnutých informací klasifikuji sadu RDF trojic jako **FA**. Důvodem je, že všechny informace obsažené v trojicích lze ověřit a jsou skutečně pravdivé. Například ""Císařův pekař – Pekařův císař"" je skutečně česká historická komedie vydaná v roce 1951, režisérem je Stanislav Rudolfský a má dvě části. Proto klasifikuji celou sadu jako faktickou (**FA**)."
Id193,culture,,,5,FI,FI,FI,FI,FI,FI,,,,,,
Id194,culture,,,3,FA,FA,FA,FA,FA,FA,,,,,,
Id195,culture,,,4,FI,FI,FI,FI,FI,FI,,,,,,
Id196,culture,,,4,FI,FI,FI,FI,FI,FI,,,,,,
Id197,culture,,,3,CFA,CFA,CFA,CFA,CFA,CFA,,,"Česká televize má skutečně stanici ČT:D, ale ČT:D není název jedné ze stanic České televize. ČT:D je označení pro dětský program České televize. Správná klasifikace: CFA.","Česká televize má skutečně stanici ČT:D, ale ČT:D není název jedné ze stanic České televize. ČT:D je označení pro dětský program České televize. Správná klasifikace: CFA.","Česká televize má skutečně stanici ČT:D, ale ČT:D není název jedné ze stanic České televize. ČT:D je označení pro dětský program České televize. Správná klasifikace: CFA.","Česká televize má skutečně stanici ČT:D, ale ČT:D není název jedné ze stanic České televize. ČT:D je označení pro dětský program České televize. Správná klasifikace: CFA."
Id199,culture,,,7,FA,FA,FA,FA,FA,FA,,,,,,
Id200,culture,,,5,FA,FA,FA,FA,CFA,FA,,,,,,
Id201,culture,,,9,FA,FA,CFA,CFA,CFA,FA,"Sadu RDF trojic klasifikuji jako FA. Všechny informace v trojicích jsou pravdivé a odpovídají reálnému světu. Film ""Občanský průkaz"" skutečně režíroval Ondřej Trojan, vydán byl v roce 2010 a odehrává se v době normalizace. Zmíněné postavy (Petr, Popelka, Petr Mach a Míťa) jsou také skutečně součástí děje filmu. Časové údaje ohledně období, ve kterém se film odehrává (1973-1977), také odpovídají skutečnosti. Proto klasifikuji celou sadu jako faktickou (FA).","Sadu RDF trojic klasifikuji jako FA. Všechny informace v trojicích jsou pravdivé a odpovídají reálnému světu. Film ""Občanský průkaz"" skutečně režíroval Ondřej Trojan, vydán byl v roce 2010 a odehrává se v době normalizace. Zmíněné postavy (Petr, Popelka, Petr Mach a Míťa) jsou také skutečně součástí děje filmu. Časové údaje ohledně období, ve kterém se film odehrává (1973-1977), také odpovídají skutečnosti. Proto klasifikuji celou sadu jako faktickou (FA).",,,,"Sadu RDF trojic klasifikuji jako FA. Všechny informace obsažené v trojicích jsou pravdivé a odpovídají reálnému světu. Film ""Občanský průkaz"" skutečně režíroval Ondřej Trojan, byl vydán v roce 2010 a odehrává se během normalizace v letech 1973 až 1977. Životopisné údaje uvedené ve vztahu k postavám Petr, Popelka, Petr Mach a Míťa jsou také pravdivé v kontextu filmu. Proto klasifikuji celou sadu jako faktickou (FA)."
Id202,culture,,,5,FA,FA,FA,FA,FA,FA,"Pro analýzu těchto RDF trojic potřebujeme ověřit pravdivost informací o entitách a vztazích: 1. **Jana Budař | filmName | Princ Mamánek** - Tato trojice vypadá, jako by film „Princ Mamánek“ byl spojen se jménem Jana Budař, což by obvykle indikoval, že Jana Budař je spojen(a) s tímto filmem, možná jako režisérka nebo herečka. Bez dalších informací to nelze přímo ověřit. 2. **Princ Mamánek | releaseYear | 2020** - Tato informace říká, že film „Princ Mamánek“ byl vydán v roce 2020. 3. **Princ Mamánek | filmType | filmová pohádka** - Tato trojice klasifikuje „Princ Mamánek“ jako filmovou pohádku. 4. **Princ Mamánek | countryOfOrigin | Česká** - Tato informace určuje původní zemi filmu „Princ Mamánek“ jako Českou republiku. 5. **Jana Budař | directorDebut | Princ Mamánek** - Tato trojice naznačuje, že „Princ Mamánek“ byl režijním debutem Jany Budař. Bez konkrétních znalostí o těchto entitách a vztazích lze těžko určit kategorii přímo. Nicméně lze využít veřejné znalosti: - **Jana Budař** je skutečná česká režisérka. - **Princ Mamánek** je skutečný český film. - Film **Princ Mamánek** měl skutečně premiéru v roce 2020. - Je klasifikován jako **pohádka**. - **Jana Budař** režírovala několik filmů a „Princ Mamánek“ je jedním z nich. Vzhledem k tomu, že všechny informace lze ověřit a korespondují s reálným světem: Odpověď: **FA**.","Pro analýzu těchto RDF trojic potřebujeme ověřit pravdivost informací o entitách a vztazích: 1. **Jana Budař | filmName | Princ Mamánek** - Tato trojice vypadá, jako by film „Princ Mamánek“ byl spojen se jménem Jana Budař, což by obvykle indikoval, že Jana Budař je spojen(a) s tímto filmem, možná jako režisérka nebo herečka. Bez dalších informací to nelze přímo ověřit. 2. **Princ Mamánek | releaseYear | 2020** - Tato informace říká, že film „Princ Mamánek“ byl vydán v roce 2020. 3. **Princ Mamánek | filmType | filmová pohádka** - Tato trojice klasifikuje „Princ Mamánek“ jako filmovou pohádku. 4. **Princ Mamánek | countryOfOrigin | Česká** - Tato informace určuje původní zemi filmu „Princ Mamánek“ jako Českou republiku. 5. **Jana Budař | directorDebut | Princ Mamánek** - Tato trojice naznačuje, že „Princ Mamánek“ byl režijním debutem Jany Budař. Bez konkrétních znalostí o těchto entitách a vztazích lze těžko určit kategorii přímo. Nicméně lze využít veřejné znalosti: - **Jana Budař** je skutečná česká režisérka. - **Princ Mamánek** je skutečný český film. - Film **Princ Mamánek** měl skutečně premiéru v roce 2020. - Je klasifikován jako **pohádka**. - **Jana Budař** režírovala několik filmů a „Princ Mamánek“ je jedním z nich. Vzhledem k tomu, že všechny informace lze ověřit a korespondují s reálným světem: Odpověď: **FA**.","Na základě dostupných informací klasifikuji sadu RDF trojic jako FA. - Jana Budař je skutečná osoba. - Princ Mamánek je skutečný film. - Všechny uvedené informace (filmName, releaseYear, filmType, countryOfOrigin, directorDebut) se týkají skutečných údajů o filmu Princ Mamánek a jeho tvůrcích. Protože všechny informace odpovídají skutečnosti, klasifikuji tuto sadu jako faktickou (FA).","Na základě informací uvedených v RDF trojících lze určit, že: - Jana Budař je skutečná osoba, režisérka. - Princ Mamánek je skutečný film. Trojice tedy popisují skutečné informace o filmu ""Princ Mamánek"" a jeho režiséru. Proto klasifikuji celou sadu jako: FA.","Pro analýzu těchto RDF trojic potřebujeme ověřit jejich pravdivost podle reálného světa. 1. **Jana Budař | filmName | Princ Mamánek** - Zde je Jana Budař uvedena jako režisérka filmu ""Princ Mamánek"". 2. **Princ Mamánek | releaseYear | 2020** - Tato trojice uvádí rok vydání filmu ""Princ Mamánek"" jako 2020. 3. **Princ Mamánek | filmType | filmová pohádka** - Tento film je klasifikován jako filmová pohádka. 4. **Princ Mamánek | countryOfOrigin | Česká** - Země původu filmu je uvedena jako Česká republika (přepisováno jako Česká). 5. **Jana Budař | directorDebut | Princ Mamánek** - Tato trojice tvrdí, že ""Princ Mamánek"" byl režijním debutem Jany Budař. Při ověření těchto informací: - Film ""Princ Mamánek"" skutečně existuje a byl vydán v roce 2020. - Film je českou filmovou pohádkou. - Jana Budař je skutečně režisérkou filmu ""Princ Mamánek"". Všechny informace, které lze ověřit, se zdají být pravdivé a odpovídají reálnému světu. Klasifikace: **FA**",
Id203,culture,,,6,FI,FI,FI,FI,FI,FI,,,,,,
Id204,culture,,,7,CFA,CFA,FI,FI,FI,CFA,,,,,,
Id205,culture,,,5,FA,FA,CFA,CFA,CFA,FA,Pro klasifikaci této sady RDF trojic je potřeba ověřit jejich pravdivost a soulad s reálným světem. - Postřižiny jsou skutečně celovečerní film. - Režisérem filmu Postřižiny je skutečně Adolf Szczyzycki. - Film Postřižiny byl vydán v roce 1980. - Film Postřižiny je založen na knize Bohumila Hrabala se stejným názvem. - Děj filmu se skutečně odehrává v pivovaru a soustředí se na rodinu jeho správce za první republiky. Všechny informace se tedy týkají reálného filmu a všechna tvrzení jsou pravdivá. Klasifikace: FA.,Pro klasifikaci této sady RDF trojic je potřeba ověřit jejich pravdivost a soulad s reálným světem. - Postřižiny jsou skutečně celovečerní film. - Režisérem filmu Postřižiny je skutečně Adolf Szczyzycki. - Film Postřižiny byl vydán v roce 1980. - Film Postřižiny je založen na knize Bohumila Hrabala se stejným názvem. - Děj filmu se skutečně odehrává v pivovaru a soustředí se na rodinu jeho správce za první republiky. Všechny informace se tedy týkají reálného filmu a všechna tvrzení jsou pravdivá. Klasifikace: FA.,,"CFA Zdůvodnění není vyžadováno, ale lze dodat, že informace o filmu ""Postřižiny"" jsou založeny na reálném filmu, nicméně režisér Adolf Szczyzycki není správný režisér tohoto filmu. Film ""Postřižiny"" režíroval Otakar Vávra.","CFA Zdůvodnění: - Film ""Postřižiny"" skutečně existuje a jedná se o český celovečerní film. - Rok vydání 1980 odpovídá reálným faktům. - Film je založen na knize Bohumila Hrabala. - Režisérem filmu ""Postřižiny"" je skutečně Adolf Szczyzycki. Avšak, - Film ""Postřižiny"" má reálný základ v knize od B. Hrabala a jehož zpracování se soustředí zejména kolem komunistické totality a života v době socialismu, tudíž ""o pivovaru a rodině jeho správce za první republiky"" není přesná charakteristika. Z tohoto důvodu klasifikuji tuto sadu jako kontrafaktuální (CFA), jelikož samotné entity jsou reálné, ale jeden nebo více uvedených vztahů či hodnot je nepravdivých nebo pozměněných.","Pro analýzu těchto RDF trojic jsem identifikoval následující informace: - ""Postřižiny"" je skutečně existující český film. - Režisér filmu ""Postřižiny"" je skutečně Adolf Szczyzycki. - Film ""Postřižiny"" byl vydán v roce 1980. - Film ""Postřižiny"" je založen na knize Bohumila Hrabala. Všechny informace, které jsem ověřil, jsou pravdivé. Proto klasifikuji celou sadu RDF trojic jako: FA (faktické)"
Id206,culture,,,6,FI,FI,FI,INVALID,FA,FA,"Sada RDF trojic: FI Jedná se o fiktivní kategorii, jelikož všechny údaje se týkají filmu ""Na samotě u lesa"", který je skutečně českým filmem z roku 1951 v režii Jiřího Menzela. Ovšem cíl ""rodinky Lavičkových"" získat výhodně domek na venkově není ničím podloženým údajem a tudíž ho lze považovat za fiktivní. Přesto celou sadu klasifikuji jako FI, jelikož údaje o ""rodince Lavičkových"" nejsou ničím podloženy a tudíž jsou fiktivní.","Sada RDF trojic: FI Jedná se o fiktivní kategorii, jelikož všechny údaje se týkají filmu ""Na samotě u lesa"", který je skutečně českým filmem z roku 1951 v režii Jiřího Menzela. Ovšem cíl ""rodinky Lavičkových"" získat výhodně domek na venkově není ničím podloženým údajem a tudíž ho lze považovat za fiktivní. Přesto celou sadu klasifikuji jako FI, jelikož údaje o ""rodince Lavičkových"" nejsou ničím podloženy a tudíž jsou fiktivní.","Sada RDF trojic: FI Jedná se o fiktivní kategorii, jelikož všechny údaje se týkají filmu ""Na samotě u lesa"", který je skutečně českým filmem z roku 1951, režírovaným Jiřím Menzlem. Přestože údaje uvedené v trojicích jsou skutečné, samotná kategorizace zde zahrnuje i fiktivní entitu ""rodinka Lavičkových"", která není reálnou entitou a tudíž celá sada je klasifikována jako fiktivní.","Sadu RDF trojic klasifikuji jako: FA Všechny informace uvedené v trojicích jsou pravdivé a odpovídají reálnému světu. Film ""Na samotě u lesa"" je česká komedie z roku 1951, režíroval ji Jiří Menzel, a vypráví o pražské rodince Lavičkových. Tyto informace jsou faktické a neodhalují žádné nepravdivé údaje nebo fiktivní prvky.",,
Id207,culture,,,9,FA,FA,FI,FI,FI,FI,"Na základě poskytnutých informací lze určit, že: - ""Tři veteráni"" je česká filmová pohádka z roku 1983. - Hlavní postavy (Pankrác, Bimbác, Servác) jsou skutečně hlavní postavami tohoto filmu. - Všechny postavy (Pankrác, Bimbác, Servác) jsou charakterizovány jako vysloužilí vojáci. Všechny informace lze ověřit a jsou pravdivé. Proto klasifikuji celou sadu RDF trojic jako: FA","Na základě poskytnutých informací lze určit, že: - ""Tři veteráni"" je česká filmová pohádka z roku 1983. - Hlavní postavy (Pankrác, Bimbác, Servác) jsou skutečně hlavní postavami tohoto filmu. - Všechny postavy (Pankrác, Bimbác, Servác) jsou charakterizovány jako vysloužilí vojáci. Všechny informace lze ověřit a jsou pravdivé. Proto klasifikuji celou sadu RDF trojic jako: FA",,"Sada RDF trojic: FI Jedná se o fiktivní informace, jelikož žádný z hlavních hrdinů (Pankrác, Bimbác, Servác) není známý ze skutečnosti. Hlavní postavy jsou známé z knihy a filmu Tři veteráni, které jsou fiktivní. Tudíž se jedná o fiktivní informace.",,
Id208,culture,,,5,FA,FA,FA,FA,FA,FA,,,,"Pro analýzu těchto RDF trojic potřebujeme ověřit fakta o knize ""Fimfárum"" od Jana Wericha. - ""Fimfárum"" je skutečně kniha pro děti, která obsahuje humoristické příběhy. - Byla vydána v roce 1960. - Autorem knihy je Jan Werich. Vzhledem k tomu, že kniha ""Fimfárum"" existuje, má autora, název, vydání a obsah, klasifikuji celou sadu jako: FA",,
Id209,culture,,,3,FA,FA,FA,FA,FA,FA,,,,,,
Id210,history,,,4,FI,FI,FI,FA,FA,FI,,,,,"Na základě poskytnutých informací klasifikuji celou sadu RDF trojic jako FA (faktické). Trojice uvádějí autora, rok vydání, žánr a počet zvířecích postav knihy ""Povídání o pejskovi a kočičce"". Tyto informace lze ověřit a jsou pravdivé. Josef Čapek je skutečně autorem této knihy, která byla vydána v roce 1929. Je to pohádková knížka a obsahuje 8 zvířecích postav (Pejsek, Kočička a 6 dalších zvířat). Proto klasifikuji tyto trojice jako faktické informace. Odpověď: FA.",
Id211,culture,,,4,FA,FA,FA,FA,FA,FA,,,,,,
Id212,geography,,,2,FI,FI,FI,FI,FI,FI,"FI Ašský výběžek je fiktivní lokace, tudíž se jedná o FI.","FI Ašský výběžek je fiktivní lokace, tudíž se jedná o FI.","FI Ašský výběžek je fiktivní lokální název pro Aš, což je město v severozápadní části České republiky. Nicméně pojmy Ašský výběžek a Strašnice nejsou kompatibilní, neboť Strašnice je městská čtvrť v Praze. Proto se jedná o fiktivní kategorii.","FI Ašský výběžek je fiktivní entita, tudíž celá sada RDF trojic musí být klasifikována jako FI (fiktivní).",,
Id213,geography,,,4,FA,FA,FA,CFA,CFA,FA,,,,"CFA Zdůvodnění: - Dálnice D10 skutečně začíná v Praze. - Dálnice D10 skutečně prochází přes Hradec Králové. - Dálnice D10 ale končí v Hradci Králové (částečně) a dále pokračuje směrem na Pardubice a Chrudim, ovšem přímo do Turnova nevede. - Dálnice D10 je částí silniční sítě. Trojice tedy kombinují pravdivé informace o reálné dálnici D10 a zároveň obsahují jednu nepravdivou informaci (konkrétně tu o konci dálnice D10 v Turnově), tudíž celá sada je kontrafaktuální. Proto klasifikuji jako CFA.","CFA Zdůvodnění: Dálnice D10 začíná v Praze, prochází Hradcem Králové a končí v Turnově. Dále se spojuje se silniční sítí. Tyto informace nejsou všechny správné. Dálnice D10 skutečně začíná v Praze a prochází Hradcem Králové, ale končí v Jablonci nad Nisou, ne v Turnově. Protože entita dálnice D10 je reálná a většina uvedených vztahů jsou pravdivé, ale jeden vztah (konec dálnice) je nepravdivý, klasifikujeme tuto sadu jako kontrafaktuální (CFA).",
Id214,culture,,,5,FI,FI,FI,FI,FI,FI,,,,,,
Id215,history,,,4,FA,FA,FA,FA,FA,FA,,,,,,
Id216,history,,,6,FI,FI,FI,FI,FI,FI,,,,,,
Id217,history,,,4,CFA,CFA,CFA,CFA,CFA,CFA,,,,,,
Id218,history,,,6,CFA,CFA,CFA,CFA,CFA,CFA,,,,,,
Id219,culture,,,3,CFA,CFA,CFA,CFA,CFA,CFA,,,,CFA Poznámka: 58. ročník Mezinárodního filmového festivalu Karlovy Vary se konal v roce 2003. Tudíž poslední dvě trojice jsou kontrafaktuální. První trojice je faktická. Ovšem celá sada je klasifikována pouze jednou značkou a to CFA.,,
Id220,geography,,,2,FA,FA,FA,FA,FA,FA,,,,,,
Id221,geography,,,1,CFA,CFA,CFA,CFA,CFA,CFA,"CFA (Znojmo je skutečné město, ale Soutok Labe a Ploučnice není řeka, která teče přímo přes Znojmo. Řeka Labe teče severněji a Ploučnice je přítokem Labe, ale neteče přes Znojmo. Znojmo leží na řece Dyji.)","CFA (Znojmo je skutečné město, ale Soutok Labe a Ploučnice není řeka, která teče přímo přes Znojmo. Řeka Labe teče severněji a Ploučnice je přítokem Labe, ale neteče přes Znojmo. Znojmo leží na řece Dyji.)","CFA Znojmo je skutečné město, ale řeky, které skutečně tekou Znojmem, jsou Dyje a její přítoky. Soutok Labe a Ploučnice se nachází u města Děčín, nikoli Znojmo. Proto klasifikuji tuto RDF trojici jako kontrafaktuální (CFA).","CFA (Znojmo je skutečné město, ale Soutok Labe a Ploučnice není řeka, která teče přímo přes Znojmo. Řeka, která teče přes Znojmo, je Dyje.)","CFA (Znojmo je skutečné město, ale Soutok Labe a Ploučnice se nachází u Děčína a ne teče přes Znojmo.)","CFA Zdůvodnění: Řeka, která teče městem Znojmo, je Dyje. Soutok Labe a Ploučnice se nachází v Ústí nad Labem. Proto se jedná o kontrafaktuální informace."
Id222,geography,,,2,FA,FA,FA,FA,CFA,CFA,,,,,"CFA. (Národní přírodní rezervace Soos skutečně existuje a nachází se v České republice, nikoliv v blízkosti Ostravy.)","CFA. (Národní přírodní rezervace Soos se nachází v blízkosti Františkových Lázní, ne Ostravy.)"
Id223,culture,,,6,CFA,CFA,CFA,CFA,CFA,CFA,,,"CFA (Poznámka: Magdalena Dobromila Rettigová byla skutečná osoba, česká spisovatelka a autorka kuchařky ""Domácí kuchařka"", která vyšla v roce 1840, nikoliv v roce 2023.)","CFA (Poznámka: Magdalena Dobromila Rettigová byla skutečně českou spisovatelkou a autorkou, ovšem zemřela v roce 1845. Kniha ""Domácí kuchařka"" je skutečně její dílo, ale rok vydání uvedený v trojici (2023) neodpovídá skutečnosti.)","CFA (Zdůvodnění není vyžadováno, ale lze dodat, že Magdalena Dobromila Rettigová byla skutečně českou spisovatelkou a autorkou, ovšem její kniha ""Domácí kuchařka"" byla vydána v roce 1840, nikoli v roce 2023.)",
Id224,geography,,,1,FA,FA,FA,FA,FA,FA,,,,,,
Id225,history,,,2,CFA,CFA,CFA,CFA,CFA,CFA,,,,,,
Id227,geography,,,1,CFA,CFA,CFA,CFA,CFA,CFA,,,,,,
Id228,geography,,,2,FA,FA,FA,FA,FA,FA,,,,,,
Id229,culture,,,3,FI,FI,FI,FI,FI,FI,,,,,,
Id230,geography,,,3,FI,FI,CFA,FI,FI,FI,,,"CFA. Vysočina je skutečně lokalitou, ale není to město, nýbrž obec (obec Vysočina existuje ve dvou význacích - jedna je v okrese Ústí nad Orlicí, druhá v okrese Havlíčkův Brod). Ústí nad Orlicí je skutečně okres. Tudíž některé vztahy uvedené v trojicích jsou nepravdivé.",,,
Id233,culture,,,1,FA,FA,FA,FA,FI,FA,,,,,,
Id234,history,,,2,CFA,CFA,CFA,CFA,CFA,CFA,,,"CFA (prezidentské dekrety mají skutečně autora a datum, ale Václav IV nebyl prezidentem a tudíž nemohl být autorem těchto dekretů) Poznámka: Václav IV. nebyl prezidentem žádné země. Prezidentem Československa v letech 1940-1945 byl Jozef Tiso (ačkoli jeho dekrety nebyly vydávány jako ""prezidentské dekrety"" v tomto termínu) nebo Edvard Beneš v exilu. Pokud bychom uvažovali Slovensko, tak dekrety vydával prezident Jozef Tiso. Pokud bychom uvažovali Protektorát Čechy a Morava, tak dekrety vydával Reichskommissar Konstantin von Neurath, případně jeho zástupce a další osoby.","CFA (prezidentské dekrety nejsou vydávány prezidentem, nýbrž jsou to dekrety prezidenta; nicméně Václav IV neexistoval jako český král v tomto období a správně by se jednalo o dekrety vydané během jeho působení jako českého krále - ovšem ani to není pravda, neboť Václav IV. zemřel v roce 1419; nicméně i tak lze předpokládat, že by šlo o něco podobného; ovšem správně by se mělo jednat o dekrety vydané Třetím říšním prezidentem, Karlem Hermannem Raudinem, nebo Sudetskou zemí, nebo Protektorátem Čechy a Morava - tudíž lze říci že se jedná o kontrafaktuální údaje)",,"CFA (prezidentské dekrety mají skutečně autora a datum, ale Václav IV nebyl prezidentem a tudíž nemohl být autorem žádných dekreto) Pozn: Václav IV. nebyl prezidentem žádné země. Prezidentem Československa v letech 1939-1945 byl Emil Hácha."
Id235,geography,,,1,FA,FA,FA,FA,FA,FA,,,,,,
Id236,geography,,,1,CFA,CFA,CFA,CFA,CFA,CFA,,,,,,
Id237,geography,,,1,CFA,CFA,CFA,CFA,CFA,CFA,"CFA Lužná u Rakovníka se nachází v Ústeckém kraji, nikoliv v Libereckém kraji.","CFA Lužná u Rakovníka se nachází v Ústeckém kraji, nikoliv v Libereckém kraji.","CFA Lužná u Rakovníka se nachází v Ústeckém kraji, ne v Libereckém kraji. Entity jsou reálné, ale uvedený vztah je nepravdivý.","CFA Lužná u Rakovníka se nachází v Ústeckém kraji, nikoliv v Libereckém kraji. Entita Lužná u Rakovníka je reálná, ale vztah ""locatedIn"" s Libereckým krajem je nepravdivý. Proto klasifikuji tuto sadu jako kontrafaktuální (CFA).","CFA Lužná u Rakovníka se nachází v Ústeckém kraji, nikoli v Libereckém kraji. Proto klasifikuji tuto sadu jako kontrafaktuální (CFA), protože entita Lužná u Rakovníka je reálná, ale uvedený vztah je nepravdivý.","CFA Lužná u Rakovníka se nachází v Ústeckém kraji, nikoli v Libereckém kraji. Protože lokalita je reálná, ale uvedený vztah je nepravdivý, klasifikuji tuto sadu jako kontrafaktuální (CFA)."
Id238,geography,,,1,CFA,CFA,CFA,CFA,CFA,CFA,"CFA (Vyškov se nachází v okrese Vyškov, nikoliv v Turnově.)","CFA (Vyškov se nachází v okrese Vyškov, nikoliv v Turnově.)","CFA Poznámka: Vyškov se nachází v okrese Vyškov, který je v Jihomoravském kraji, zatímco Turnov je město v Libereckém kraji. Tudíž Vyškov není located in Turnov.","CFA (Vyškov se nachází v okrese Vyškov, ne v Turnově)","CFA Poznámka: Vyškov se nachází v okrese Vyškov, který je v Jihomoravském kraji, zatímco Turnov je město v Libereckém kraji. Tudíž Vyškov není located in Turnov.","CFA. Vyškov se nachází v okrese Vyškov, nikoliv v Turnově. Turnov je jiné město v Česku. Protože ale jak Vyškov, tak Turnov jsou reálné entity, ale vztah mezi nimi není pravdivý, jedná se o kontrafaktuální (CFA) informaci."
Id239,geography,,,1,CFA,CFA,CFA,CFA,CFA,CFA,,,,,"CFA. Pivovar Gambrinus má skutečně sídlo, ale nacházejí se v České republice, nikoliv na československém území (které zaniklo v roce 1993). Entity jsou reálné (Pivovar Gambrinus existuje), ale uvedený vztah je kontrafaktuální.",
Id240,geography,,,1,CFA,CFA,CFA,CFA,CFA,CFA,,,,,,
Id241,history,,,3,FA,FA,FA,FA,CFA,FA,,,Sada RDF trojic: FA,,,
Id242,geography,,,2,CFA,CFA,CFA,CFA,CFA,CFA,,,,"Pro tyto dvě trojice platí: Baťův Mrakodrap je název pro budovu, která se nachází v Otrokovících a která není zatopeným lomem. Jedná se tedy o nepravdivou informaci. Správná odpověď je: CFA",,"Pro klasifikaci této sady RDF trojic je důležité posoudit pravdivost informací a existenci entit v reálném světě. - Baťův Mrakodrap je skutečná budova, která se nachází v Otrokovicích. - Zatopený lom, známý jako Baťův Mrakodrap, je skutečně zatopený lom, který byl přeměněn na umělý ostrov. - Okres Beroun je skutečnou správní jednotkou. Všechny entity zde existují v reálném světě. Baťův Mrakodrap není zatopený lom v tradičním smyslu, ale je to známý objekt nacházející se v Otrokovicích. Nachází se ale v okrese Zlín, ne v okrese Beroun. Protože entity existují, ale vztah mezi nimi není zcela přesný (Baťův Mrakodrap není zatopený lom a nachází se v jiném okrese), klasifikuji tuto sadu jako CFA (kontrafaktuální). CFA"
Id243,geography,,,1,CFA,CFA,FI,FI,FI,CFA,,,"FI (Mariánské Lázně nejsou v Jihlavě, ale v okrese Sokolov v Karlovarském kraji)","FI (Mariánské Lázně nejsou v Jihlavě, nýbrž v okrese Sokolov v Karlovarském kraji)","FI (Mariánské Lázně nejsou v Jihlavě, ale v okrese Sokolov v Karlovarském kraji)",
Id244,geography,,,1,CFA,CFA,CFA,CFA,CFA,CFA,,,,,,
Id245,culture,,,2,FA,FA,FA,FA,FA,FA,"Pro klasifikaci této sady RDF trojic potřebujeme posoudit povahu informací, které poskytují. Trojice říkají, že ""Host do domu"" je časopis (což je pravda, ""Host do domu"" je skutečně časopis) a že jeho publikační období začíná v roce 1953 (což také odpovídá skutečnosti, časopis ""Host do domu"" začal vycházet v roce 1953). Vzhledem k tomu, že informace v trojicích odpovídají skutečnosti a popisují reálný časopis ""Host do domu"" s jeho skutečnými vlastnostmi, klasifikujeme tuto sadu jako: FA (faktické)","Pro klasifikaci této sady RDF trojic potřebujeme posoudit povahu informací, které poskytují. Trojice říkají, že ""Host do domu"" je časopis (což je pravda, ""Host do domu"" je skutečně časopis) a že jeho publikační období začíná v roce 1953 (což také odpovídá skutečnosti, časopis ""Host do domu"" začal vycházet v roce 1953). Vzhledem k tomu, že informace v trojicích odpovídají skutečnosti a popisují reálný časopis ""Host do domu"" s jeho skutečnými vlastnostmi, klasifikujeme tuto sadu jako: FA (faktické)","Pro klasifikaci této sady RDF trojic potřebujeme posoudit povahu informací, které poskytují. Trojice říkají, že ""Host do domu"" je časopis a že jeho období publikování začíná 1. ledna 1953. Časopis ""Host do domu"" skutečně existuje a byl publikován v československé éře. Jeho vydávání začalo v roce 1953. Protože informace v trojicích odpovídají skutečnosti a popisují reálný časopis s reálným obdobím publikování, klasifikoval bych tuto sadu jako: FA (faktické)","Pro klasifikaci této sady RDF trojic potřebujeme posoudit povahu informací, které poskytují. Trojice: 1. `Host do domu | isA | časopis` 2. `Host do domu | publicationPeriod | 1953-01-01` Naznačují, že ""Host do domu"" je časopis s datem vydání či publikace v roce 1953. ""Host do domu"" je skutečně časopis, který vycházel v letech 1953-1963. Protože informace v trojicích odpovídají skutečnosti, klasifikujeme tuto sadu jako: FA (faktické)","Pro klasifikaci této sady RDF trojic potřebujeme posoudit povahu informací, které poskytují. Trojice říkají, že ""Host do domu"" je časopis a že jeho období publikování začalo 1. ledna 1953. Časopis ""Host do domu"" skutečně existuje a byl publikován od roku 1953. Proto klasifikuji tuto sadu jako: FA (faktické).",
Id246,geography,,,1,CFA,CFA,CFA,CFA,CFA,CFA,,,,,,
Id247,geography,,,1,CFA,CFA,CFA,CFA,CFA,CFA,,,,"CFA. Chráněná krajinná oblast Křivoklátsko skutečně existuje, ale nachází se v Plzeňském kraji, nikoli v kraji Karlovarském. Karlovy Vary jsou město a zároveň název okresu a kraje, ve kterém se ale Křivoklátsko nenachází.",,
Id248,other,,,2,FI,FI,CFA,FI,FI,FI,,,,,,
Id249,geography,,,1,FI,FI,FI,FI,FI,FI,,,,,,
Id250,geography,,,1,CFA,CFA,CFA,CFA,CFA,CFA,"CFA Nelahozeves se nachází v okrese Mělník, ne v okrese Náchod. Protože Nelahozeves a okres Náchod jsou reálné entity, ale vztah mezi nimi je nepravdivý, klasifikujeme tuto sadu jako kontrafaktuální (CFA).","CFA Nelahozeves se nachází v okrese Mělník, ne v okrese Náchod. Protože Nelahozeves a okres Náchod jsou reálné entity, ale vztah mezi nimi je nepravdivý, klasifikujeme tuto sadu jako kontrafaktuální (CFA).",,"CFA (Nelahozeves se nachází v okrese Mělník, ne Náchod)",,"CFA (Nelahozeves se nachází v okrese Mělník, ne Náchod)"
Id252,geography,,,1,FA,FA,FA,FA,FA,FA,,,,,,
Id253,history,,,1,FA,FA,FA,FA,FA,FA,,,,,,
Id254,geography,,,1,CFA,CFA,FA,FA,FA,CFA,,,,,,
Id258,history,,,2,CFA,CFA,CFA,CFA,CFA,FI,,,,,,"FI (Přemysl Oráč není známý jako spisovatel, nýbrž jako zakladatel Přemyslovců a první historicky doložený český kníže.)"
Id259,geography,,,1,CFA,CFA,FA,FA,FA,FA,,,,,,
Id260,other,,,1,CFA,CFA,CFA,CFA,CFA,CFA,,,,,,
Id263,culture,,,2,FI,FI,FI,FI,FI,FI,,,,,,
Id264,history,,,1,FI,FI,FI,FI,FI,FI,,,,,,
Id265,geography,,,2,FA,FA,FA,FA,FA,FA,,,,,,
Id266,geography,,,1,FA,FA,FA,FA,FA,FA,,,,,,
Id267,history,,,4,CFA,CFA,FI,FI,FI,CFA,,,"Pro klasifikaci této sady RDF trojic je důležité posoudit povahu entit a vztahů uvedených v trojicích. - Kazi je identifikován jako český voják a vojenský stíhací pilot. - Příčinou smrti Kaziho je letecké neštěstí. - Letecké neštěstí se stalo během demonstrativního letu. Vzhledem k tomu, že nejsou poskytnuty žádné konkrétní informace, které by přímo ověřovaly pravdivost těchto tvrzení proti známým historickým faktům nebo veřejně dostupným informacím, a jelikož Kazi není veřejně známou historickou osobou, pro kterou by informace byly snadno ověřitelné, klasifikace závisí na obecné pravděpodobnosti. Pokud bychom uvažovali o známých historických osobách spojených s letectvím a Českou republikou, neexistuje obecná znalost o někom jménem Kazi, kdo by byl známým českým vojákem a stíhacím pilotem. Proto bych tuto sadu klasifikoval jako: FI (fiktivní), protože entita ""Kazi"" zde není známou historickou osobou a celý příběh může být smyšlený.","Pro klasifikaci této sady RDF trojic je důležité posoudit povahu informací, které poskytují. - Subjekt ""Kazi"" je charakterizován jako český voják a vojenský stíhací pilot, což jsou konkrétní profese a role, které mohou existovat v reálném světě. - Příčina smrti ""Kazi"" je uvedena jako letecké neštěstí, což je obecný termín, který se může skutečně stát. - ""Lecké neštěstí"" se stalo během ""demonstrativního letu"", což naznačuje konkrétní událost. Vzhledem k tomu, že neexistuje žádná veřejně známá historická postava jménem ""Kazi"", která by byla českým vojákem a vojenským stíhacím pilotem a zemřela v leteckém neštěstí během demonstrativního letu, a vzhledem k tomu, že tyto informace nejsou obecně známy nebo snadno ověřitelné, klasifikoval bych tuto sadu jako fiktivní. Odpověď: FI",,
Id269,culture,,,2,FI,FI,FI,FI,FI,FI,,,,,,
Id270,geography,,,1,CFA,CFA,CFA,CFA,CFA,CFA,,,,,,"CFA Novomlýnská nádrž se nachází na řece Jihlavě, ne na Lažanech (Lažany jsou obec v okrese Brno-venkov v Jihomoravském kraji). Lažany jsou samostatná obec a nejsou řekou. Proto klasifikuji tuto RDF trojici jako kontrafaktuální (CFA)."
Id271,geography,,,1,FA,FA,CFA,CFA,CFA,FA,,,,,"CFA Nové Mitrovice jsou skutečná obec, ale nachází se v okrese Plzeň-jih, nikoli v Mladé Boleslavi. Proto klasifikuji tuto sadu jako kontrafaktuální (CFA).",
Id272,geography,,,1,FI,FI,FI,FI,FI,CFA,,,,,,
Id273,history,,,2,FA,FA,CFA,FA,FA,FA,,,,,,
Id274,geography,,,1,CFA,CFA,CFA,CFA,CFA,CFA,,,,,,
Id276,culture,,,1,FI,FI,FI,FI,FI,FI,,,,,,
Id277,geography,,,2,CFA,CFA,CFA,CFA,FI,FA,"Na základě dostupných informací nemohu s jistotou určit, zda jsou informace pravdivé. Nicméně, jelikož Zličín je skutečná městská část v Praze a neexistuje žádná známá ""Zelená hora"", u které by bylo potvrzeno, že je Zličín její součástí, klasifikoval bych tuto sadu jako CFA (kontrafaktuální). CFA","Na základě dostupných informací nemohu s jistotou určit, zda jsou informace pravdivé. Nicméně, jelikož Zličín je skutečná městská část v Praze a neexistuje žádná známá ""Zelená hora"", u které by bylo potvrzeno, že je Zličín její součástí, klasifikoval bych tuto sadu jako CFA (kontrafaktuální). CFA",,,"Na základě dostupných informací nemohu s jistotou určit, zda jsou informace pravdivé. Nicméně, jelikož Zličín je skutečná městská část v Praze a neexistuje žádná známá ""Zelená hora"", u které by bylo potvrzeno, že je Zličín její součástí, klasifikoval bych tuto sadu jako CFA (kontrafaktuální). Možná správnější odpověď by ale mohla být FI, protože Zelená hora není známým geografickým pojmem v ČR. Ovšem Zličín je skutečná městská část, tudíž bych volil spíše FI. Odpověď: FI","Na základě dostupných informací nemohu s jistotou určit kategorii, protože neznám kontext a pravdivost informací o Zličíně a jeho vztahu k Zelené hoře. Ovšem obecně lze říci, že Zličín je skutečná městská část Prahy a tudíž by informace měly být pravdivé. Proto klasifikuji: FA."
Id278,history,,,1,FI,FI,FI,CFA,CFA,CFA,,,,,,
Id279,culture,,,4,FI,FI,FI,FI,FI,FI,,,,,,
Id280,history,,,2,FA,FA,FA,FA,FA,FA,,,,,,
Id281,geography,,,1,FA,FA,FA,FA,FA,FA,,,,,,
Id283,geography,,,1,FI,FI,CFA,FI,FI,FI,,,,,,
Id284,politics,,,3,FI,FI,CFA,FI,FI,CFA,"FI Vysvětlivka: Ferdinand d'Este nebyl prezidentem (byl jím Ferdinand I. a další), Edvard Beneš byl prezidentem a ministrem zahraničí, nikoli pouze ministrem zahraničí během něčího prezidentství. Trojice obsahují fiktivní nebo nesprávné informace. Protože některé entity jsou reálné (Edvard Beneš), ale vztahy jsou fiktivní nebo chybné, nemůžeme použít CFA. Protože některé entity nejsou reálnými lidmi nebo nejsou správně identifikovány (Ferdinand d´Este jako prezident), klasifikujeme celou sadu jako fiktivní (FI).","FI Vysvětlivka: Ferdinand d'Este nebyl prezidentem (byl jím Ferdinand I. a další), Edvard Beneš byl prezidentem a ministrem zahraničí, nikoli pouze ministrem zahraničí během něčího prezidentství. Trojice obsahují fiktivní nebo nesprávné informace. Protože některé entity jsou reálné (Edvard Beneš), ale vztahy jsou fiktivní nebo chybné, nemůžeme použít CFA. Protože některé entity nejsou reálnými lidmi nebo nejsou správně identifikovány (Ferdinand d´Este jako prezident), klasifikujeme celou sadu jako fiktivní (FI).",,"FI Vysvětlivka: Ferdinand d'Este nebyl prezidentem (byl jím Ferdinand I. a další), Edvard Beneš byl prezidentem a ministrem zahraničí, nikoli pouze ministrem zahraničí během Ferdinandovy ""prezidentství"". Tudíž všechny subjekty jsou fiktivní nebo neexistují v reálném světě v těchto kontextech.","FI Vysvětlivka: Ferdinand d'Este není známou historickou osobou, která by zastávala funkci prezidenta. Pravděpodobně se jedná o chybu v přepisu jména, správně by mělo být ""Ferdinand I. d'Este"" nebo spíše ""Ferdinand I. Habsburský"" nebyl prezidentem (titul prezidenta není historicky spojen s Československem nebo jeho předchůdci v době, kdy údajně žil Ferdinand d'Este). Edvard Beneš byl skutečně ministrem zahraničí a prezidentem Československa, ale za jeho prezidentství nebyl Ferdinand d'Este prezidentem. Tudíž se jedná o fiktivní údaje nebo špatně uvedené údaje. Proto klasifikuji jako FI.",
Id287,culture,,,1,FA,FA,FA,FA,FA,FA,,,,,,
Id288,geography,,,1,CFA,CFA,CFA,CFA,CFA,CFA,"CFA Škoda byla založena v Mladé Boleslavi, ne v Plzni. Náměstí Republiky je přitom skutečné náměstí v Plzni. Proto klasifikuji tuto RDF trojici jako kontrafaktuální (CFA).","CFA Škoda byla založena v Mladé Boleslavi, ne v Plzni. Náměstí Republiky je přitom skutečné náměstí v Plzni. Proto klasifikuji tuto RDF trojici jako kontrafaktuální (CFA).",,,,
Id289,history,,,3,CFA,CFA,CFA,CFA,CFA,CFA,,,,,,
Id290,culture,,,1,FI,FI,FI,FI,FI,FI,,,,,,
Id291,culture,,,1,FA,FA,FA,FA,FA,FA,,,,,,
Id292,history,,,1,FA,FA,FA,CFA,FA,FA,,,,"CFA Zdůvodnění: Tomáš Baťa skutečně založil několik společností, včetně firmy Baťa, která sídlila v Zlíně. Ovšem město Plzeň není správným místem, kde Tomáš Baťa založil svou známou firmu. Tudíž je tato informace kontrafaktická.",,
Id293,history,,,1,FI,FI,FI,FI,FI,FI,,,,,,
Id294,culture,,,3,FI,FI,FI,FI,FI,FI,,,,,,
Id295,geography,,,2,CFA,CFA,CFA,CFA,CFA,CFA,CFA.,CFA.,,,CFA.,
Id296,geography,,,1,FA,FA,FA,CFA,FI,FA,,,,,,
Id297,history,,,1,FI,FI,FI,FI,FI,FI,,,,,,
Id298,geography,,,3,FA,FA,FA,FA,FA,FA,,,,,,
Id299,geography,,,3,CFA,CFA,CFA,FA,FI,FI,"Na základě informací lze určit, že Renesanční městský palác se nachází v Ústí nad Labem - městská část Hněvín a jeho další pojmenování je Cejpův dům. Dlouhá ulice a Malé náměstí jsou ovšem v Praze. Sadu klasifikuji jako: CFA.","Na základě informací lze určit, že Renesanční městský palác se nachází v Ústí nad Labem - městská část Hněvín a jeho další pojmenování je Cejpův dům. Dlouhá ulice a Malé náměstí jsou ovšem v Praze. Sadu klasifikuji jako: CFA.","Na základě informací: - Renesanční městský palác | locatedAt | Malé náměstí a Dlouhá ulice - Renesanční městský palác | locatedIn | Hněvín - Renesanční městský palác | hasName | Cejpův dům Je možné usoudit, že ""Renesanční městský palác"" je označení pro nějakou konkrétní budovu, pravděpodobně Cejpův dům, který je skutečně renesančním městským palácem a nachází se v Hněvíně (poblíž Plzně). Malé náměstí a Dlouhá ulice jsou skutečné lokality, ovšem není potvrzeno, zda Cejpův dům (či ""Renesanční městský palác"") skutečně leží přímo na těchto místech. Přesto se dá předpokládat, že informace mají reálný základ. Odpověď: CFA","Pro analýzu těchto RDF trojic je důležité znát reálné informace o entitách a jejich vztazích. - Renesanční městský palác se často nazývá ""Cejpův dům"" a nachází se na Malém náměstí a Dlouhé ulici v Hněvíně, což je částí města Plzeň. Na základě těchto informací: 1. **Renesanční městský palác | locatedAt | Malé náměstí a Dlouhá ulice** - Pravdivé 2. **Renesanční městský palác | locatedIn | Hněvín** - Pravdivé, Hněvín je částí města Plzeň 3. **Renesanční městský palác | hasName | Cejpův dům** - Pravdivé Všechny informace odpovídají reálnému světu. Klasifikace: **FA**","Sadu RDF trojic klasifikuji jako: FI Renesanční městský palác s názvem Cejpův dům se nachází v Ústí nad Labem, nikoliv v Hněvíně. Hněvín je přitom samostatná obec. Tudíž se jedná o fiktivní údaje.","Sadu RDF trojic klasifikuji jako: FI Renesanční městský palác s názvem Cejpův dům se nachází v Ústí nad Labem, nikoliv v Hněvíně. Hněvín je přitom samostatná obec. Tudíž se jedná o fiktivní údaje."
Id300,history,,,2,FA,FA,FA,FA,FA,FA,,,,,,
Id301,history,,,2,CFA,CFA,CFA,CFA,CFA,CFA,,,,,,
Id303,politics,,,3,FA,FA,CFA,FA,FA,FA,,,,,,
Id304,culture,,,3,FI,FI,FI,FI,FI,FI,,,,,,
Id306,history,,,3,CFA,CFA,CFA,CFA,CFA,CFA,,,,,,
Id307,geography,,,3,FA,FA,FA,FA,FA,FA,,,,,,
Id308,geography,,,2,FA,FA,FA,FA,FA,FA,,,,,,
Id309,geography,,,2,CFA,CFA,CFA,CFA,CFA,CFA,,,,,,"CFA (Labe a Orlice se skutečně setkávají u Mladé Boleslavi, ale řeky Labe a Orlice se nesetkávají, Orlice se vlévá do Labe)"
Id310,culture,,,1,FI,FI,CFA,FI,CFA,CFA,,,,,,
Id311,culture,,,3,CFA,CFA,CFA,CFA,CFA,CFA,,,,,,
Id312,history,,,6,CFA,CFA,CFA,CFA,CFA,CFA,"Na základě dostupných informací klasifikuji sadu RDF trojic jako CFA. Důvodem je, že entita ""Rudolf Procházka"" a místo ""dům"" spolu s lokalitou ""Františkovy Lázně"" mohou být reálné. Ovšem informace, že Rudolf Procházka měl dvě různé profese (""český voják"" a ""letec"") nebo že žil i zemřel ve stejném domě, případně další údaje, mohou být nepravdivé nebo zkreslené. Protože nelze ověřit pravdivost všech tvrzení, ale entity samotné mohou být reálné, klasifikuji celou sadu jako kontrafaktuální (CFA).","Na základě dostupných informací klasifikuji sadu RDF trojic jako CFA. Důvodem je, že entita ""Rudolf Procházka"" a místo ""dům"" spolu s lokalitou ""Františkovy Lázně"" mohou být reálné. Ovšem informace, že Rudolf Procházka měl dvě různé profese (""český voják"" a ""letec"") nebo že žil i zemřel ve stejném domě, případně další údaje, mohou být nepravdivé nebo zkreslené. Protože nelze ověřit pravdivost všech tvrzení, ale entity samotné mohou být reálné, klasifikuji celou sadu jako kontrafaktuální (CFA).",,,"Na základě dostupných informací klasifikuji sadu RDF trojic jako CFA (kontrafaktuální). Důvodem je, že osoba Rudolf Procházka může být reálnou osobou, ale údaje o jeho životě a smrti, zejména vztah k místu ""dům"" a jeho lokalitě ve Františkových Lázních, mohou být nepravdivé nebo pozměněné. Protože neexistuje veřejně dostupná informace, která by potvrzovala nebo vyvracela údaje v trojicích, nelze s jistotou říci, že jsou všechny informace pravdivé. Odpověď: CFA",
Id313,history,,,2,CFA,CFA,CFA,CFA,CFA,CFA,,,,,,
Id314,geography,,,2,FA,FA,FA,FA,FA,FA,,,,,,
Id315,history,,,4,FI,FI,FI,FI,FI,FI,,,,,,
Id317,geography,,,1,FI,FI,FI,FI,FI,FI,,,,,,
Id318,history,,,1,CFA,CFA,CFA,CFA,CFA,CFA,"CFA Česká televize byla založena v roce 1993, tudíž datum založení uvedené v trojici (2006-01-01) je chybné. Ovšem samotná entita ""Česká televize"" je reálná.","CFA Česká televize byla založena v roce 1993, tudíž datum založení uvedené v trojici (2006-01-01) je chybné. Ovšem samotná entita ""Česká televize"" je reálná.","Česká televize byla založena už v roce 1959, tudíž datum založení uvedené v trojici není správné. Jedná se ale o skutečnou entitu, tudíž správná odpověď je: CFA.","Česká televize vznikla už v roce 1959, tudíž správná odpověď je CFA.","Česká televize byla založena už v roce 1959, tudíž datum založení uvedené v trojici není správné. Jedná se ale o reálnou entitu - Česká televize skutečně existuje. Odpověď: CFA","Česká televize byla založena už v roce 1959, tudíž datum založení uvedené v trojici není správné. Jedná se ale o skutečnou entitu, tudíž správná odpověď je: CFA."
Id319,sports,,,2,FA,FA,FA,FA,FA,FA,,,,,,
Id320,history,,,1,CFA,CFA,FA,CFA,CFA,FA,,,,,,
Id321,geography,,,4,CFA,CFA,CFA,CFA,CFA,CFA,"CFA (z Wikipedie ověřeno, že Karlovy Vary nejsou přímo součástí pohoří Jeseníky, nýbrž se nachází v pohoří Slavkovská vrchovina; navíc termální prameny jsou jedním z charakteristických znaků města, stejně tak jejich umístění v západě Čech a že jsou na soupisu UNESCO.)","CFA (z Wikipedie ověřeno, že Karlovy Vary nejsou přímo součástí pohoří Jeseníky, nýbrž se nachází v pohoří Slavkovská vrchovina; navíc termální prameny jsou jedním z charakteristických znaků města, stejně tak jejich umístění v západě Čech a že jsou na soupisu UNESCO.)","CFA. Zdůvodnění: - ""západ Čech"" není přesné pojmenování, správně by to mělo být ""Karlovarský kraj"" nebo přímo ""Česko"" případně ""Evropa"". - Karlovy vary nejsou přímo součástí ""seznamu Světového dědictví UNESCO"", nýbrž jsou na něm jako součást ""Vesnického panoráma a historický městské centrum Třebíčska a Západního Českého Lázeňství"". - ""termální prameny"" jsou skutečně jedním z hlavních lákadel Karlových Varů - ""jesenické pohoří"" není správné označení, Karlovy Vary se nachází v Krušných horách. Přesto jsou všechny entity reálné. Proto klasifikace jako CFA (kontrafaktuální).","CFA. Karlovy Vary jsou skutečně umístěny v západních Čechách, jsou známé termálními prameny a jsou součástí seznamu Světového dědictví UNESCO. Nicméně Karlovy Vary nejsou součástí jesenického pohoří, nýbrž se nachází v krajském městě Karlovarského kraje, který sousedí s Krušnými horami a Slavkovskou pahorkatinou. Proto klasifikuji tuto sadu jako kontrafaktuální (CFA).","CFA Vysvětlivka: Karlovy Vary jsou skutečné město, nachází se v západních Čechách a je známé termálními prameny. Ovšem Karlovy Vary nejsou součástí seznamu Světového dědictví UNESCO (jsou v něm lázeňské město Karlovy Vary, ale jako celek, nikoliv samostatně tato položka). Navíc Karlovy Vary se nachází v Krušných horách (součást pohoří). Protože údaje nejsou zcela správné, jedná se o kontrafaktuální informace.","CFA Vysvětlivka: Karlovy Vary jsou skutečné město, nachází se v západních Čechách a je známé termálními prameny. Ovšem Karlovy Vary nejsou součástí seznamu Světového dědictví UNESCO (jsou nominovány, ale dosud nezařazeny), a nejsou ani typem pohoří (jenom se nachází v pohoří). Protože entita (Karlovy Vary) existuje, ale některé údaje jsou chybné, klasifikujeme tuto sadu jako kontrafaktuální (CFA)."
Id322,history,,,3,FA,FA,FA,FA,FA,FA,,,"Na základě poskytnutých informací klasifikuji sadu RDF trojic jako: FA. Trojice popisují historické události a osoby, které odpovídají reálným historickým faktům. Komunistické justiční politické procesy proběhly skutečně v Československu v letech 1948-1960, Litovel je skutečné město, kde se některé z těchto procesů odehrály, a Milada Horáková byla skutečně obětí těchto procesů. Proto klasifikuji tuto sadu jako faktickou (FA).",,,
Id323,culture,,,6,FA,FA,FA,FA,FA,FA,,,,,,
Id324,geography,,,1,FA,FA,FA,FA,FA,FA,,,,,,
Id325,history,,,5,CFA,CFA,CFA,CFA,CFA,CFA,,,,"CFA Československý válečný kříž 1939 skutečně existuje a je vojenským vyznamenáním, tudíž první trojice je faktická. Liberecký kraj ovšem není správným místem události nebo původu tohoto kříže. Podle historie vznikl tento kříž jako ocenění pro vojáky, kteří bojovali proti nacistům na území Francie. Tudíž trojice se zemskou příslušností jsou kontrafaktuální stejně jako nekonzistentní dvojí ocenění pro tento kříž. Jelikož ale samotný kříž existuje a většina událostí okolo něj je pravdivá, klasifikujeme jako CFA.",,
Id326,culture,,,4,FA,FA,FA,FA,FA,FA,,,"Na základě poskytnutých informací klasifikuji celou sadu RDF trojic jako: FA. Vysvětlivka: Melantrich je skutečné nakladatelství, které působilo v Česku, tudíž údaje uvedené v trojicích odpovídají reálnému světu.",,,
Id327,history,,,2,FA,FA,FA,FA,FA,FA,,,,,,
Id328,history,,,5,CFA,CFA,CFA,CFA,CFA,CFA,,,,,,
Id329,history,,,1,FA,FA,FA,FA,FA,FA,,,,,,
Id330,history,,,2,FI,FI,FI,CFA,FI,FI,,,,,,
Id332,history,,,1,FA,FA,FA,FA,FA,FA,,,,,,
Id333,culture,,,2,CFA,CFA,CFA,CFA,CFA,CFA,"CFA. (poznámka: chrám v Kutné Hoře je skutečně věnován sv. Barboře, ale Kutná Hora se nachází v okrese Kolín a kraj Středočeský, nikoliv v Praha-východ, který je také okres.)","CFA. (poznámka: chrám v Kutné Hoře je skutečně věnován sv. Barboře, ale Kutná Hora se nachází v okrese Kolín a kraj Středočeský, nikoliv v Praha-východ, který je také okres.)",,,,
Id334,culture,,,2,FI,FI,FI,FI,CFA,FI,,,,,,
Id335,geography,,,1,CFA,CFA,CFA,CFA,CFA,CFA,,,"CFA (Sněžka se nachází poblíž Krkonoš, resp. Janského údolí, nikoliv Liberce.)","CFA (Sněžka se nachází poblíž Krkonoš, Jilemnice a Špindlerova Mlýna, nikoliv Liberce.)","CFA (Sněžka se nachází poblíž Krkonoš, Jilemnice a Špindlerova Mlýna, nikoliv Liberce)","CFA (Sněžka se nachází poblíž Krkonoš, tedy blízkých měst jako Jelenia Góra, Špindlerův Mlýn, Rokytnice nad Jizerou, a podhorské obce Vrchlabí, Pec pod Sněžkou. Liberec je ale vzdálenější.)"
Id336,culture,,,2,FI,FI,FI,FI,FI,FA,,,,,,
Id337,geography,,,1,FA,FA,FA,FA,FA,FA,,,,,,
Id338,history,,,5,CFA,CFA,CFA,CFA,CFA,CFA,,,,,,
Id339,history,,,3,CFA,CFA,CFA,CFA,CFA,CFA,,,,"Český zemský sněm zasedal v různých městech, ale Frýdek-Místek mezi ně nepatří. Jedná se tedy o nepravdivé informace. FI není vhodné, protože entity nejsou fiktivní. Správná odpověď je: CFA.",,"Český zemský sněm zasedal v různých městech, ale Frýdek-Místek mezi ně nepatří. Jedná se tedy o nepravdivé informace. FI není vhodné, protože entity nejsou fiktivní. Správná odpověď je: CFA."
Id340,politics,,,2,CFA,CFA,CFA,FA,CFA,FA,,,,,,
Id341,history,,,3,FI,FI,FI,CFA,CFA,FI,,,,,,
Id342,history,,,3,CFA,CFA,CFA,CFA,CFA,CFA,,,,,CFA.,
Id344,geography,,,3,CFA,CFA,FI,CFA,FI,FI,,,,,,
Id345,history,,,3,CFA,CFA,FA,CFA,CFA,CFA,Československá televize začala vysílat až v roce 1953. Proto klasifikuji celou sadu jako CFA (kontrafaktuální). Odpověď: CFA,Československá televize začala vysílat až v roce 1953. Proto klasifikuji celou sadu jako CFA (kontrafaktuální). Odpověď: CFA,,Československá televize začala vysílat až v roce 1959. Proto klasifikuji celou sadu jako CFA. Odpověď: CFA,Československá televize začala vysílat až v roce 1953. Proto klasifikuji celou sadu jako CFA. Odpověď: CFA,Československá televize začala vysílat až v roce 1959. Tudíž správná odpověď je CFA.
Id346,history,,,4,FA,FA,FA,FA,FA,FA,,,,,,
Id347,geography,,,3,CFA,CFA,FI,CFA,FI,FI,,,,,,"FI (Poznámka: Jedná se o fiktivní údaje, protože žádná obec v ČR se nejmenuje ""River Confluence"" a neexistuje ani kraj ""západní a jižní Čechy"", který navíc není ani správně definovaný pojem.)"
Id348,history,,,1,FA,FA,CFA,CFA,FA,FA,,,,,,
Id349,geography,,,1,CFA,CFA,FA,FA,FA,FA,"CFA. Rudný důl u Harrachova se nachází v Česku, ne v Československu, protože Československo zaniklo v roce 1993. Ovšem místo i stát jsou reálné. Tudíž se jedná o kontrafaktuální informace.","CFA. Rudný důl u Harrachova se nachází v Česku, ne v Československu, protože Československo zaniklo v roce 1993. Ovšem místo i stát jsou reálné. Tudíž se jedná o kontrafaktuální informace.",,,,
Id350,geography,,,2,FI,FI,FI,FI,FI,FI,,,,FI Vysvětlení: Území Česka známé jako Vajoletky neexistuje. Vajoletky jsou malá vesnice v severním Itálii. Proto klasifikuji celou sadu jako FI (fiktivní).,,
Id351,geography,,,3,CFA,CFA,CFA,CFA,CFA,CFA,,,,,,
Id353,geography,,,6,FA,FA,FA,FA,FA,FA,,,"Na základě poskytnutých informací a znalostí o reálném světě klasifikuji sadu RDF trojic jako FA (faktické). Kino Jas je skutečné kino nacházející se v České republice, což potvrzuje jeho umístění v Česku a historický význam jako historicky prvního kina. Ostatní informace o typu kina a jeho názvu rovněž odpovídají skutečnosti. Proto považuji všechny informace v této sadě RDF trojic za pravdivé a odpovídající reálnému světu. Odpověď: FA",,"Na základě poskytnutých informací klasifikuji sadu RDF trojic jako: FA. Zdůvodnění: - Kino Jas je skutečné kino v České republice. - Ostatní informace (typ, umístění, ulice, historický status) se také shodují s reálnými fakty o Kinu Jas. Protože všechny informace odpovídají skutečnosti, klasifikuji tuto sadu jako faktickou (FA).","Na základě poskytnutých informací klasifikuji sadu RDF trojic jako: FA. Zdůvodnění: - Kino Jas je skutečné kino v České republice. - Ostatní informace (typ, umístění, ulice, historický status) se také shodují s reálnými fakty o Kinu Jas. Protože všechny informace odpovídají skutečnosti, klasifikuji tuto sadu jako faktickou (FA)."
Id354,geography,,,1,FA,FA,FA,FI,FA,FA,,,,,,
Id355,politics,,,1,FI,FI,FI,FI,FI,FI,,,"FI (poznámka: Emil Hácha byl prezidentem Československa, nikoli Kladník. Kladníky nejsou známým územím nebo entitou, které by mohlo být spojeno s prezidentem.)",,,
Id356,geography,,,1,FA,FA,FA,FA,FA,FA,,,,,,
Id357,sports,,,4,FA,FA,CFA,FA,CFA,FA,"Pro klasifikaci této sady RDF trojic je důležité ověřit pravdivost informací a zda entity existují v reálném světě. - Josef Jungmann je reálná osoba. - Stříbrná medaile je obecný pojem, ale v kontextu ZOH 2006 může být specifická. - ZOH 2006 (zimní olympijské hry 2006) je reálná událost. - Turín je reálné město. - Datum 2006-02-10 odpovídá reálnému datu. Všechny uvedené entity existují nebo existovaly v reálném světě. ZOH 2006 se skutečně konaly v Turíně a datum 10. února 2006 je správné. Josef Jungmann je český skokan na lyžích, který získal stříbrnou medaili na ZOH 2006. Sada RDF trojic tedy popisuje skutečné události a entity, tudíž klasifikace je: FA.","Pro klasifikaci této sady RDF trojic je důležité ověřit pravdivost informací a zda entity existují v reálném světě. - Josef Jungmann je reálná osoba. - Stříbrná medaile je obecný pojem, ale v kontextu ZOH 2006 může být specifická. - ZOH 2006 (zimní olympijské hry 2006) je reálná událost. - Turín je reálné město. - Datum 2006-02-10 odpovídá reálnému datu. Všechny uvedené entity existují nebo existovaly v reálném světě. ZOH 2006 se skutečně konaly v Turíně a datum 10. února 2006 je správné. Josef Jungmann je český skokan na lyžích, který získal stříbrnou medaili na ZOH 2006. Sada RDF trojic tedy popisuje skutečné události a entity, tudíž klasifikace je: FA.","Pro klasifikaci této sady RDF trojic je důležité ověřit pravdivost informací. - Josef Jungmann je reálná osoba, ale není známý jako medailista. - Stříbrná medaile je reálná entita. - ZOH 2006 (Zimní olympijské hry 2006) se skutečně konaly v Turíně. - Datum ZOH 2006 bylo od 10. do 26. února 2006. Zdá se, že informace nejsou zcela přesné nebo kompletní, protože není potvrzeno, že Josef Jungmann získal stříbrnou medaili na ZOH 2006. Sadu klasifikuji jako: CFA.","Pro klasifikaci této sady RDF trojic je potřeba ověřit pravdivost informací. Pokud jsou informace pravdivé a odpovídají reálnému světu, klasifikujeme je jako FA (faktické). Pokud jsou entity reálné, ale jeden nebo více uvedených vztahů či hodnot je nepravdivých nebo pozměněných, klasifikujeme je jako CFA (kontrafaktuální). Pokud samotné entity jsou fiktivní nebo v reálném světě neexistují, klasifikujeme je jako FI (fiktivní). V tomto případě se jedná o informace týkající se zimních olympijských her (ZOH) 2006 v Turíně a medailí získaných během těchto her. - Josef Jungmann je reálná osoba. - Stříbrná medaile je reálná entita. - ZOH 2006 je reálná událost. - Turín je reálné město a místo konání ZOH 2006. - Datum 2006-02-10 odpovídá reálnému průběhu ZOH 2006. Všechny uvedené informace jsou pravdivé a ověřitelné. Proto klasifikuji tuto sadu RDF trojic jako: FA","Pro analýzu těchto RDF trojic potřebujeme ověřit jejich pravdivost podle reálného světa. 1. **Josef Jungmann | wonMedal | stříbrnou medaili**: - Josef Jungmann je známý český lingvista a překladatel, ale není běžně známý jako sportovec nebo medailista. Je možné, že existuje méně známý sportovec s tímto jménem. 2. **stříbrná medaile | event | ZOH 2006**: - ZOH 2006 (Zimní olympijské hry 2006) se skutečně konaly v Turíně. 3. **ZOH 2006 | location | Turín**: - ZOH 2006 se konaly v Turíně, což je správná informace. 4. **ZOH 2006 | date | 2006-02-10**: - ZOH 2006 začaly 10. února 2006, což je správná informace. Z informací, které jsou obecně dostupné, není možné přímo potvrdit nebo vyvrátit všechny detaily o Josefovi Jungmannovi jako sportovci. Avšak vzhledem k tomu, že zbývající informace o ZOH 2006 jsou správné, a stříbrná medaile může být reálnou entitou (i když není specifikováno, ve kterém sportu), problém spočívá hlavně v identifikaci osoby. Pokud předpokládáme, že existuje málo známý sportovec jménem Josef Jungmann, který získal medaili, pak informace o místě a datu konání ZOH 2006 jsou správné. Avšak bez jasného potvrzení, že Josef Jungmann získal stříbrnou medaili, a kvůli neověřitelným nebo méně známým detailům bych klasifikoval tuto sadu jako **CFA (kontrafaktuální)**, protože entita ""Josef Jungmann"" jako sportovec není jasně identifikovatelná nebo známá v reálném světě v souvislosti s uvedenou medailí, zatímco ostatní informace jsou pravdivé. Odpověď: **CFA**.","Pro klasifikaci této sady RDF trojic je potřeba ověřit jejich soulad s reálnými fakty. - Josef Jungmann je reálná osoba. - ZOH 2006 (Zimní olympijské hry 2006) se skutečně konaly v Turíně. - Datum ZOH 2006 bylo od 10. do 26. února 2006. Stříbrná medaile jako entita zde není specifikována, zda se jedná o konkrétní medaili, kterou získal Josef Jungmann, nebo obecně o kategorii medailí. Pokud se jedná o konkrétní medaili získanou Josefem Jungmannem během ZOH 2006, je potřeba ověřit, zda skutečně získal stříbrnou medaili. Josef Jungmann je český skokan na lyžích. Na ZOH 2006 v Turíně skutečně získal stříbrnou medaili v soutěži jednotlivců ve skoku na lyžích. Vzhledem k výše uvedeným skutečnostem lze říci, že všechny informace v těchto RDF trojících odpovídají reálnému světu. Klasifikace: FA."
Id358,geography,,,1,CFA,CFA,CFA,CFA,CFA,CFA,,,,,"CFA Václavské náměstí se nachází v Praze, ne v České Švýcarsku. České Švýcarsko je region v severní části České republiky, zatímco Václavské náměstí je centrum Prahy. Proto klasifikuji tuto sadu jako kontrafaktuální (CFA), protože entita Václavské náměstí je reálná, ale vztah ""locatedIn"" s entitou NP České Švýcarsko je nepravdivý.",
Id359,culture,,,2,FI,FI,FI,CFA,CFA,FI,,,,,,
Id360,geography,,,1,FI,FI,FI,FI,FI,FI,,,,,,
Id361,history,,,2,CFA,CFA,CFA,CFA,CFA,CFA,"CFA (původní) pražská univerzita nebyla založena v letech 1950-2000. Univerzita Karlova v Praze, původně jako jedna vysoká škola se jmenovala ,,původní pražská univerzita"" nebo také ,,Karlovská universita"" byla založena 1348. V letech 1950 vznikla Univerzita Karlova v Praze jako jedna z vysokých škol v Praze (jejímiž předchůdci byly zejména Univerzita Karlova a České vysoké učení technické v Praze). Pokud ovšem někdo tvrdí, že původní pražská univerzita vznikla v uvedeném termínu a měla čtyři fakulty, pak mluví kontrafaktuálně. Proto klasifikace: CFA.","CFA (původní) pražská univerzita nebyla založena v letech 1950-2000. Univerzita Karlova v Praze, původně jako jedna vysoká škola se jmenovala ,,původní pražská univerzita"" nebo také ,,Karlovská universita"" byla založena 1348. V letech 1950 vznikla Univerzita Karlova v Praze jako jedna z vysokých škol v Praze (jejímiž předchůdci byly zejména Univerzita Karlova a České vysoké učení technické v Praze). Pokud ovšem někdo tvrdí, že původní pražská univerzita vznikla v uvedeném termínu a měla čtyři fakulty, pak mluví kontrafaktuálně. Proto klasifikace: CFA.",,,"CFA (původní) pražská univerzita nebyla založena v letech 1950-2000 (její počátky sahají do roku 1348). Jedná se tedy o kontrafaktuální informace (entity jsou reálné, ale jeden nebo více uvedených vztahů či hodnot je nepravdivých nebo pozměněných).",
Id362,culture,,,1,FI,FI,FI,FI,FI,FI,,,,,,
Id363,culture,,,1,FI,FI,FI,FI,FI,FI,,,,,,
Id364,geography,,,2,CFA,CFA,FA,CFA,FA,FA,,,,,,
Id366,politics,,,5,CFA,CFA,CFA,CFA,CFA,CFA,,,,,,
Id367,culture,,,4,CFA,CFA,FI,CFA,CFA,CFA,,,"Sada RDF trojic: FI Důvod: Ulrika von Levetzow nebyla mladá šlechtična, ale herečka. Rabí je místo v ČR, kde byl Goethe, ale není potvrzeno, že by tam měl romanci s Ulrikou von Levetzow. Tato informace je tedy fiktivní.",,,
Id368,culture,,,1,FA,FA,FA,FA,FA,FA,,,,,,
Id369,geography,,,3,CFA,CFA,CFA,CFA,CFA,CFA,,,,,,
Id370,geography,,,1,FI,FI,FI,FI,FI,FI,,,"FI (Hrad Karlštejn se nachází v Království, obecněji v okrese Beroun, nikoliv v Královských Vinohradech, což je městská čtvrť v Praze.)",,,"FI (Hrad Karlštejn se nachází v Královských Vinohradech, ale to není správně. Hrad Karlštejn se nachází v Středočeském kraji, zatímco Královské Vinohrady jsou městská čtvrť v Praze.)"
Id371,geography,,,5,FA,FA,FA,FA,FA,CFA,Na základě informací poskytnutých v RDF trojicích lze Žampašský most identifikovat jako skutečně existující most v České republice. Most se nachází v Východočeském kraji a je známý pro svou výšku. Klasifikace: FA.,Na základě informací poskytnutých v RDF trojicích lze Žampašský most identifikovat jako skutečně existující most v České republice. Most se nachází v Východočeském kraji a je známý pro svou výšku. Klasifikace: FA.,Na základě informací poskytnutých v RDF trojicích lze Žampašský most identifikovat jako skutečně existující most v České republice. Most se nachází v Východočeském kraji a je známý jako nejvyšší most v Česku. Sada RDF trojic: FA.,"Na základě dostupných informací a běžných znalostí o geografii České republiky lze Žampašský most identifikovat jako skutečně existující kamenný most nacházející se v Údolí Kocour v okrese Rychnov nad Kněžnou v Královéhradeckém kraji (dříve Východočeský kraj). Všechny uvedené informace o Žampašském mostu lze ověřit a potvrdit, tudíž celá sada RDF trojic spadá do kategorie: FA.","Na základě informací poskytnutých v RDF trojicích lze Žampašský most identifikovat jako skutečně existující most v České republice. Most se nachází v Východočeském kraji a je známý tím, že je jedním z nejvyšších mostů v ČR. Klasifikace: FA (faktické)","Pro analýzu těchto RDF trojic je důležité ověřit pravdivost a existenci entit a vztahů v reálném světě. Žampašský most je skutečný kamenný most nacházející se v Ústeckém kraji (nejde o Východočeský kraj, jak je uvedeno v trojici). Most skutečně existuje a je známý. Klasifikace: CFA. Důvod: Entity jsou reálné (Žampašský most existuje), ale jeden nebo více uvedených vztahů či hodnot je nepravdivých nebo pozměněných (Východočeský kraj)."
Id372,other,,,4,FA,FA,FA,FA,FA,FA,,,,,,
Id374,history,,,3,FI,FI,FI,FI,FI,FI,,,,,,
Id375,geography,,,4,CFA,CFA,CFA,FI,FI,CFA,,,,"FI (Poznámka: Nádraží Veleslavín je skutečně existující stanice metra v Praze, nikoli na Moravě. Autobusové linky skutečně existují a spojují nádraží s letištěm. Jedná se tedy o fiktivní sadu trojic, protože alespoň jeden údaj - lokalita nádraží - je chybný.)","FI (Poznámka: Nádraží Veleslavín je skutečně existující stanice metra v Praze, nikoli na Moravě. Autobusové linky skutečně existují a mají své trasy, ale pro tuto klasifikaci není nutné ověřovat zda uvedené trasy odpovídají realitě.)","CFA (Zdůvodnění: Nádraží Veleslavín je skutečně existující stanice metra v Praze, nikoli na Moravě. Zbývající údaje jsou pravdivé.)"
Id376,geography,,,2,CFA,CFA,CFA,CFA,FI,FI,,,,,"FI Česká Lípa se nachází v okrese Česká Lípa, případně v Ústeckém kraji, ale ne v Praze. Praha je samostatný kraj a krajské město. Václavák je naopak lidový název pro Václavské náměstí v Praze, nikoli pro Českou Lípu. Protože jsou zde uvedeny nepravdivé informace jak o umístění, tak o lidovém názvu, jedná se o čistě fiktivní použití údajů.",
Id377,history,,,4,CFA,CFA,CFA,CFA,CFA,CFA,,,,,,
Id378,history,,,1,FA,FA,CFA,FA,FA,FA,,,,,,
Id379,culture,,,2,FA,FA,FA,FA,FA,FA,,,,,,
Id380,geography,,,1,CFA,CFA,CFA,CFA,CFA,CFA,,,,,,
Id381,culture,,,1,FI,FI,FI,FI,FI,FI,,,,,,
Id382,geography,,,2,CFA,CFA,CFA,CFA,CFA,CFA,,,,,,
Id383,geography,,,1,CFA,CFA,CFA,CFA,CFA,CFA,,,,,,
Id384,geography,,,2,CFA,CFA,FI,FI,FI,FI,,,,,,
Id385,geography,,,2,CFA,CFA,CFA,CFA,CFA,CFA,"CFA (Uherské Hradiště se nachází v Zlínském kraji, nikoliv v Královéhradeckém)","CFA (Uherské Hradiště se nachází v Zlínském kraji, nikoliv v Královéhradeckém)","CFA (Uherské Hradiště se nachází v Zlínském kraji, ne v Královéhradeckém kraji. Zoologická zahrada v Uherském Hradišti tedy také není součástí Královéhradeckého kraje.)",,,
Id387,history,,,5,FA,FA,FA,FA,FA,FA,,,,,,
Id388,geography,,,4,CFA,CFA,CFA,CFA,CFA,CFA,,,,,,
Id389,politics,,,5,FI,FI,FI,FI,FI,FI,,,,,,
Id390,history,,,3,CFA,CFA,CFA,CFA,CFA,CFA,,,,,,
Id391,history,,,5,CFA,CFA,CFA,CFA,FA,CFA,,,,"Na základě informací v trojicích lze odvodit, že se jedná o historickou událost, která pravděpodobně odkazuje k osobě Kateřiny Tučkové, která se stala známou kvůli svému protestu proti okupaci Československa v roce 1968. Kategorie: CFA Zdůvodnění: Informace jsou založeny na skutečných historických událostech a osobách, ale některé detaily mohou být zkreslené nebo neověřené (například přesný způsob, jakým Kateřina Tučková protestovala). Protože se tato sada dat týká skutečných historických událostí a osob, ale mohla by obsahovat některé nepřesnosti, klasifikoval bych ji jako kontrafaktuální (CFA).","Na základě informací v trojicích lze odvodit, že se jedná o historickou událost, která pravděpodobně odkazuje na známý případ sebeobětování studentky během okupace Československa armádami Varšavské smlouvy v roce 1968. Jedna taková událost je známá - jde o případ Kateřiny Tučkové, která se měla údajně sama upálit v roce 1968 v Olomouci na protest proti sovětské okupaci. Vzhledem k tomu, že údaje jsou založeny na historicky zdokumentované události a osobě, která skutečně existovala a byla spojena s protestem proti okupaci, klasifikuji tuto sadu RDF trojic jako: FA (faktické)",
Id392,politics,,,5,CFA,CFA,CFA,CFA,CFA,CFA,,,,,,
Id393,culture,,,2,FI,FI,FI,FI,FI,FI,,,,,,
Id394,geography,,,5,FI,FI,FI,FI,FI,FI,,,,,,
Id395,politics,,,1,FI,FI,FI,FI,FI,FI,,,,,,
Id396,culture,,,5,CFA,CFA,CFA,CFA,CFA,CFA,,,,,,
Id397,culture,,,4,FA,FA,FA,FA,FA,FA,,,,,,
Id398,geography,,,2,FI,FI,FI,FI,FI,FI,FI Největší synagoga v Česku se nachází v Plzni a jmenuje se Velká synagoga v Plzni. Krušné hory jsou pohoří. Česko je stát.,FI Největší synagoga v Česku se nachází v Plzni a jmenuje se Velká synagoga v Plzni. Krušné hory jsou pohoří. Česko je stát.,"FI Největší synagoga v Česku se nachází v Plzni a jmenuje se Velká synagoga v Plzni. Krušné hory jsou pohoří, ale nejsou lokalitou, ve které by se tato synagoga nacházela. Tudíž se jedná o fiktivní údaje.",,,FI Největší synagoga v Česku se nachází v Plzni a jmenuje se Velká synagoga v Plzni. Krušné hory jsou pohoří. Česko je stát.
Id399,other,,,7,CFA,CFA,FA,CFA,CFA,CFA,,,"Na základě informací obsažených v RDF trojících klasifikuji celou sadu jako: FA. Zdůvodnění: - Mikov je skutečná česká firma sídlící v Mladé Boleslavi, která vyrábí nože. - Rybička je skutečný typ nože vyráběný firmou Mikov. - Ostatní informace (typ, výrobce, funkce, status) se rovněž shodují se známými fakty o noži Rybička. Protože všechny informace obsažené v trojících jsou pravdivé a odpovídají reálnému světu, klasifikuji celou sadu jako FA (faktické).","Na základě poskytnutých informací lze sadu klasifikovat jako CFA (kontrafaktuální). Důvodem je, že entita ""Mikov"" a ""Rybička"" jsou reálné (Mikov je česká firma vyrábějící nože a Rybička je typ nože), ale některé informace uvedené v trojicích mohou být nepravdivé nebo pozměněné (například ""Mikov | country | Mladá Boleslav"" může být nesprávná informace o sídle firmy). Proto klasifikuji celou sadu jako CFA. Odpověď: CFA.",,"Pro analýzu těchto RDF trojic je důležité porozumět významu každého tvrzení a posoudit jeho vztah k reálnému světu. 1. **Mikov | manufacturerOf | nože** - Mikov je skutečně český výrobce nožů. 2. **Mikov | country | Mladá Boleslav** - Mladá Boleslav je město v České republice, ale není zemí. Pokud měl být uveden stát, správně by mělo být ""Czech Republic"" nebo ""Česká republika"". 3. **Rybička | type | nůž** - Rybička je známý typ nože. 4. **Rybička | manufacturer | Mikov** - Rybička je skutečně vyráběna společností Mikov. 5. **Rybička | hasFeature | unikátní rukojěť** - Rybička je známá pro svou unikátní konstrukci, včetně rukojěť. 6. **Rybička | status | pravděpodobně nejrozšířenější** - Tento status může být pravdivý nebo ne, záleží na kontextu a kritériích pro hodnocení. 7. **Rybička | status | nejznámější** - I tento status může být pravdivý nebo ne, opět záleží na kontextu. Vzhledem k výše uvedenému je většina informací pravdivá a odpovídá reálnému světu. Problém může být s informací o zemi (Mladá Boleslav není země, ale město), což by mohlo klasifikaci ovlivnit. Ovšem entity jako Mikov, Rybička a jejich vlastnosti jsou známé a reálné. Klasifikace: **CFA**, protože většina informací je pravdivá, ale jeden nebo více uvedených vztahů či hodnot (konkrétně země ""Mladá Boleslav"") je nepravdivých nebo pozměněných."
Id400,politics,,,5,CFA,CFA,CFA,CFA,CFA,CFA,,,"Otto Wichterle byl skutečně český politik a středoškolský pedagog, nicméně nebyl ministrem kultury ČR. Jeho profesní kariéra zahrnuje významné působení v oblasti politiky a pedagogiky, ale informace o jeho pozici ministra kultury ČR není správná. Proto klasifikuji tuto sadu RDF trojic jako CFA. CFA",,,
Id401,culture,,,5,CFA,CFA,CFA,CFA,CFA,CFA,"Müllerova vila se nachází v Praze, nikoli v Rusku. Navrhl ji Adolf Loos. Jedná se o vilu nacházející se v Praze-Dejvicích, která je známým příkladem funkcionalistické architektury. Klasifikace: CFA","Müllerova vila se nachází v Praze, nikoli v Rusku. Navrhl ji Adolf Loos. Jedná se o vilu nacházející se v Praze-Dejvicích, která je známým příkladem funkcionalistické architektury. Klasifikace: CFA","CFA Müllerova vila je skutečně existující objekt (jedná se o známou vilu v Praze), který navrhl Adolf Loos, ovšem její umístění je v České republice a ne v Rusku. Tudíž se jedná o kontrafaktuální informace.","CFA (Müllerova vila se nachází v Česku, nikoliv v Rusku. Je známá pro svůj funkcionalistický styl a byla navržena Adolfem Loosem. Tudíž některé informace v trojicích jsou nepravdivé.)","Müllerova vila se nachází v Praze, nikoli v Rusku. Navrhl ji Adolf Loos. Jedná se o vilu nacházející se v Praze-Dejvicích, která je známým příkladem funkcionalistické architektury. Proto klasifikuji celou sadu jako: CFA","Müllerova vila se nachází v Praze, nikoli v Rusku. Navrhl ji Adolf Loos. Jedná se o vilu nacházející se v Praze-Dejvicích, která je známým příkladem funkcionalistické architektury. Proto klasifikuji celou sadu jako: CFA"
Id402,culture,,,6,FI,FI,CFA,CFA,FI,FI,,,,,,
Id403,culture,,,4,FI,FI,FI,FI,FI,FI,,,,,,
Id404,culture,,,4,FA,FA,FI,FI,FA,FI,,,,,,
Id405,geography,,,2,CFA,CFA,FI,CFA,CFA,CFA,,,,,,
Id406,culture,,,3,FA,FA,FA,FA,FA,FA,"Pro klasifikaci této sady RDF trojic potřebuji vědět, zda informace o Michalu Horáčkovi a jeho vztazích k přezdívce ""Kato"", kariéře v ""Chaozz"" a kariérnímu typu ""hiphop"" jsou pravdivé nebo ne. Bez ověření faktů můžu pouze spekulovat. Ovšem díky znalosti českého hudebního prostředí mohu říci, že: - Michal Horáček známý jako Kato je skutečná osoba a jeho přezdívka ""Kato"" je známá. - Skupina Chaozz je skutečná a Michal Horáček s ní skutečně spolupracoval nebo byl členem. - Hiphop je skutečně typ kariéry nebo žánr hudby, kterým se Michal Horáček zabývá. Protože všechny informace, které jsou zde uvedeny, odpovídají skutečnosti a všechny entity existují v reálném světě, klasifikoval bych tuto sadu RDF trojic jako: FA (faktické)","Pro klasifikaci této sady RDF trojic potřebuji vědět, zda informace o Michalu Horáčkovi a jeho vztazích k přezdívce ""Kato"", kariéře v ""Chaozz"" a kariérnímu typu ""hiphop"" jsou pravdivé nebo ne. Bez ověření faktů můžu pouze spekulovat. Ovšem díky znalosti českého hudebního prostředí mohu říci, že: - Michal Horáček známý jako Kato je skutečná osoba a jeho přezdívka ""Kato"" je známá. - Skupina Chaozz je skutečná a Michal Horáček s ní skutečně spolupracoval nebo byl členem. - Hiphop je skutečně typ kariéry nebo žánr hudby, kterým se Michal Horáček zabývá. Protože všechny informace, které jsou zde uvedeny, odpovídají skutečnosti a všechny entity existují v reálném světě, klasifikoval bych tuto sadu RDF trojic jako: FA (faktické)","Pro klasifikaci této sady RDF trojic potřebuji ověřit pravdivost informací. - Michal Horáček je skutečná osoba, známá česká rapperka. - ""Kato"" je skutečné umělecké jméno nebo přezdívka Michala Horáčka. - ""Chaozz"" je skutečná česká hip-hopová skupina. - ""hiphop"" je skutečně typ kariéry nebo žánr, ve kterém působí. Všechny informace se týkají reálných entit a vztahů, tudíž klasifikuji tuto sadu jako: FA.","Pro klasifikaci této sady RDF trojic potřebuji ověřit pravdivost informací. - Michal Horáček je skutečná osoba, známá česká rapperka. - ""Kato"" je skutečné umělecké jméno nebo přezdívka Michala Horáčka. - ""Chaozz"" je skutečná česká hip-hopová skupina. - ""hiphop"" je skutečně typ kariéry nebo žánr, ve kterém působí. Všechny informace se týkají reálných entit a vztahů, tudíž klasifikuji tuto sadu jako: FA.","Na základě dostupných informací nemohu s jistotou potvrdit, že všechny informace jsou pravdivé. Nicméně, vzhledem k veřejně dostupným informacím o Michalu Horáčkovi (také známý jako Kato) a jeho kariéře v hudbě, zejména v žánru hip-hop, a jeho spojení s Chaozz, lze předpokládat, že tyto informace jsou skutečné. Odpověď: FA","Pro klasifikaci této sady RDF trojic potřebuji vědět, zda informace o Michalu Horáčkovi a jeho kariéře jsou pravdivé, nebo zda se jedná o fiktivní údaje. Michal Horáček známý jako Kato je skutečný český rapper. Skutečně začal svou kariéru v hudební skupině Chaozz a jeho kariéra je spojená s hip-hopem. Proto klasifikuji tuto sadu RDF trojic jako: FA."
Id407,history,,,5,CFA,CFA,CFA,CFA,CFA,CFA,,,"Na základě poskytnutých informací klasifikuji sadu RDF trojic jako CFA (kontrafaktuální). Důvodem je, že informace o Bohdalové se týkají osoby, která zřejmě existuje nebo existovala (pravděpodobně se jedná o známou československou generálku Marie Červené, známou též jako Marie Bohdalová), ale některé údaje, jako datum soudu a trest, mohou být zkreslené nebo nesprávné vzhledem k obecně dostupným informacím. Protože entity jsou reálné, ale některé vztahy nebo hodnoty mohou být nepravdivé nebo pozměněné, klasifikuji tuto sadu jako CFA. Odpověď: CFA","Na základě poskytnutých informací klasifikuji sadu RDF trojic jako CFA (kontrafaktuální). Důvodem je, že informace o Bohdalové se týkají osoby, která zřejmě existuje nebo existovala (pravděpodobně se jedná o Annu Bohdalovou, která byla skutečně odsouzena k smrti v vykonstruovaném procesu), ale některé údaje, jako datum soudu a trest, mohou být zkreslené nebo vyžadují ověření. Přestože některé informace mohou být pravdivé, celkově lze tuto sadu považovat za kontrafaktuální kvůli možným nepřesnostem nebo zkreslením v uvedených údajích. Proto klasifikuji celou sadu jako CFA. CFA",,
Id408,history,,,4,CFA,CFA,CFA,CFA,CFA,CFA,"Sada RDF trojic: CFA Zdůvodnění: - Radyně je skutečně zříceninou hradu. - Zakladatelem hradu Radyně je skutečně Karel IV. - Lokace Vajoletky je nesprávná. Hrad Radyně se nachází v Plzeňském kraji, poblíž města Plzeň, a nikoliv v oblasti Vajoletky, která je známá jako součást Slovinských Alp. Protože dvě ze čtyř informací jsou pravdivé a pouze jedna je nepravdivá, klasifikujeme celou sadu jako kontrafaktuální (CFA).","Sada RDF trojic: CFA Zdůvodnění: - Radyně je skutečně zříceninou hradu. - Zakladatelem hradu Radyně je skutečně Karel IV. - Lokace Vajoletky je nesprávná. Hrad Radyně se nachází v Plzeňském kraji, poblíž města Plzeň, a nikoliv v oblasti Vajoletky, která je známá jako součást Slovinských Alp. Protože dvě ze čtyř informací jsou pravdivé a pouze jedna je nepravdivá, klasifikujeme celou sadu jako kontrafaktuální (CFA).",,,,
Id409,culture,,,3,FA,FA,FA,FA,FA,FA,,,,,,
Id410,culture,,,6,CFA,CFA,CFA,CFA,CFA,CFA,,,,,,
Id411,culture,,,7,FA,FA,FA,FA,FA,FA,"Na základě poskytnutých informací lze ověřit údaje o Davidu Schweinerovi a jeho profesích a režírovaných filmech. David Schweiner je skutečně český režisér, herec a spisovatel. Režíroval například filmy ""Ostře sledované vlaky"", ""Vesničko má středisková"" a ""Postřižiny"". Klasifikace: FA.","Na základě poskytnutých informací lze ověřit údaje o Davidu Schweinerovi a jeho profesích a režírovaných filmech. David Schweiner je skutečně český režisér, herec a spisovatel. Režíroval například filmy ""Ostře sledované vlaky"", ""Vesničko má středisková"" a ""Postřižiny"". Klasifikace: FA.",,,"Na základě poskytnutých informací lze ověřit údaje o Davidu Schweinerovi a jeho profesích a režírovaných filmech. David Schweiner je skutečně český režisér, herec a spisovatel. Režíroval například filmy ""Ostře sledované vlaky"", ""Vesničko má středisková"" a ""Postřižiny"". Klasifikace: FA (faktické)",
Id412,culture,,,5,FA,FA,FA,FA,FA,FA,,,,,,
Id413,geography,,,3,FA,FA,FA,FA,FA,FA,,,,,,
Id414,culture,,,6,FI,FI,FI,FI,CFA,FI,,,,,,
Id415,history,,,4,FI,FI,FI,FI,FI,FI,,,,,,
Id416,geography,,,4,FI,FI,FI,FI,FI,FI,,,,,,
Id417,culture,,,4,FI,FI,FI,FI,FI,FI,,,,,,
Id418,history,,,3,FA,FA,FA,FA,FA,FA,,,,,,
Id419,history,,,6,FI,FI,FI,FI,FI,FI,,,,,,
Id420,history,,,4,CFA,CFA,CFA,CFA,CFA,CFA,,,,,,
Id421,history,,,4,CFA,CFA,CFA,CFA,CFA,CFA,,,,,,
Id422,politics,,,3,FI,FI,FI,FI,FI,FI,,,,,,
Id423,history,,,1,FA,FA,FA,FA,FA,FA,,,,,,
Id424,geography,,,7,CFA,CFA,CFA,FA,CFA,CFA,,,,,,
Id425,geography,,,2,CFA,CFA,CFA,FI,FI,CFA,,,,,,
Id426,culture,,,5,CFA,CFA,CFA,CFA,CFA,CFA,,,,,,
Id427,history,,,4,FA,FA,FA,FA,FA,FA,,,,,,"Pro danou sadu RDF trojic platí: - Funkcionalistický památník skutečně existuje a je umístěn v Ledči nad Sázavou. - Architekt památniku je František Lýdie Gahura. - Otevřen byl v roce 1933. - Památník je věnován Tomáši Baťovi. Všechny informace jsou pravdivé a ověřitelné, tudíž celou sadu klasifikuji jako: FA."
Id428,culture,,,7,CFA,CFA,CFA,CFA,CFA,CFA,,,,"CFA Poznámka: Ladislav Smoljak byl skutečně režisér, scenárista a herec, ale zemřel v roce 1986, ne v roce 1949. Jeho národnost byla česká, a byl spojen s Divadlem Járy Cimrmana. Tudíž většina informací je pravdivá, ale datum úmrtí je chybné. Proto je klasifikace CFA (kontrafaktuální).",CFA (Ladislav Smoljak zemřel 10. června 1986.),
Id429,geography,,,3,CFA,CFA,FA,CFA,CFA,CFA,"CFA Poznámka: Výška Velké Javořiny je 1 676 m. n. m. tedy 1676 metrů, nikoliv 17 metrů.","CFA Poznámka: Výška Velké Javořiny je 1 676 m. n. m. tedy 1676 metrů, nikoliv 17 metrů.",,CFA Poznámka: Výška Velké Javořiny je 1 676 m n. m. (ne 17 m).,"CFA Poznámka: Výška Velké Javořiny je 1 676 m. n. m. tedy 1676 metrů, proto výška 17 metrů je chybně nízká.",
Id430,culture,,,8,FA,FA,FA,CFA,FA,FA,"Pro klasifikaci této sady RDF trojic je důležité ověřit pravdivost a reálnost informací. Josef Jungmann byl skutečně básník, lingvista a významná osobnost českého národního obrození. Narodil se v roce 1773 a byl české národnosti. Jeho role jako vedoucí osobnost a jeho spojení s českým národním obrozením jsou historicky doložené. Avšak informace o tom, že Josef Jungmann a Josef Dobrovský jsou považováni za tvůrce moderní češtiny společně, nebo že by Radoslav Brzobohatý byl spoluautorem (coCreatorWith) s Josefem Jungmannem, by mohla být sporná nebo méně známá. Přesto hlavní údaje o Josefu Jungmannovi jsou dobře zdokumentované a pravdivé. Klasifikace: FA (faktické)","Pro klasifikaci této sady RDF trojic je důležité ověřit pravdivost a reálnost informací. Josef Jungmann byl skutečně básník, lingvista a významná osobnost českého národního obrození. Narodil se v roce 1773 a byl české národnosti. Jeho role jako vedoucí osobnost a jeho spojení s českým národním obrozením jsou historicky doložené. Avšak informace o tom, že Josef Jungmann a Josef Dobrovský jsou považováni za tvůrce moderní češtiny společně, nebo že by Radoslav Brzobohatý byl spoluautorem (coCreatorWith) s Josefem Jungmannem, by mohla být sporná nebo méně známá. Přesto hlavní údaje o Josefu Jungmannovi jsou dobře zdokumentované a pravdivé. Klasifikace: FA (faktické)","Pro klasifikaci této sady RDF trojic je důležité ověřit fakta o Josefu Jungmannovi a dalších entitách zmíněných v trojicích. - Josef Jungmann byl skutečně básník, lingvista, narodil se v roce 1773 a byl významnou osobností českého národního obrození. To potvrzuje jeho národnost jako český. - Byl vedoucí osobností v rámci českého národního obrození. - Spolupracoval s mnoha osobnostmi, ale informace o jeho přímé spolupráci s Radoslavem Brzobohatým není standardně uváděna jako klíčová. - Spolu s Josefem Dobrovským je považován za tvůrce moderní češtiny. Všechny informace uvedené v trojicích lze ověřit a korespondují s historickými fakty o Josefu Jungmannovi a jeho roli v českém národním obrození. Klasifikace: FA (faktické)","Pro klasifikaci této sady RDF trojic je důležité ověřit pravdivost a reálnost informací. Josef Jungmann byl skutečně významnou osobností českého národního obrození, básníkem, lingvistou a vedoucí osobností v tomto období. Jeho datum narození (1773) a národnost (český) jsou správné. Avšak trojice ""Josef Jungmann a Josef Dobrovský | consideredAs | tvůrce moderní češtiny"" může být považována za zavádějící nebo neúplnou, protože i když oba byli významnými osobnostmi v českém národním obrození, tvorba moderní češtiny byla skupinovým procesem a nelze ji připsat pouze těmto dvěma osobám. Přesto to není zcela nepravdivé. Trojice ""Josef Jungmann | coCreatorWith | Radoslav Brzobohatý"" je problematická, protože Radoslav Brzobohatý byl významným českým hercem a režisérem, ale žil v 20. století (1922-2006), zatímco Josef Jungmann zemřel v roce 1847. Tato trojice tedy obsahuje nepravdivý vztah. Vzhledem k výše uvedenému lze celou sadu klasifikovat jako: CFA (kontrafaktuální)",,
Id431,sports,,,1,FI,FI,FI,FI,FI,FI,,,,,,
Id433,history,,,2,FA,FA,FA,FA,FA,FA,,,,,,
Id435,history,,,5,FA,FA,FA,CFA,FA,CFA,"Na základě informací uvedených v RDF trojicích lze určit, že se jedná o historické období známé jako Sametová revoluce. Tato revoluce proběhla v roce 1989 v Československu a vedla k pádu komunistického režimu. Všechny informace uvedené v trojicích jsou pravdivé a odpovídají reálnému světu. Jméno města Zlín ovšem není spojeno se Sametovou revolucí přímo, neboť tato proběhla v Československu (obecně) a ne pouze v jednom městě. Přesto tato informace není přímo v rozporu s historií. Proto klasifikuji celou sadu RDF trojic jako: FA (faktické).","Na základě informací uvedených v RDF trojicích lze určit, že se jedná o historické období známé jako Sametová revoluce. Tato revoluce proběhla v roce 1989 v Československu a vedla k pádu komunistického režimu. Všechny informace uvedené v trojicích jsou pravdivé a odpovídají reálnému světu. Jméno města Zlín ovšem není spojeno se Sametovou revolucí přímo, neboť tato proběhla v Československu (obecně) a ne pouze v jednom městě. Přesto tato informace není přímo v rozporu s historií. Proto klasifikuji celou sadu RDF trojic jako: FA (faktické).",Sametová revoluce proběhla v roce 1989 v Československu a byla spojena s politickými změnami a pádem komunistického režimu. Zlín je město v České republice. Klasifikace: FA,"Na základě informací uvedených v RDF trojicích lze určit, že se jedná o historickou událost - Sametovou revoluci. Tato revoluce proběhla v roce 1989 v Československu a vedla k pádu komunistického režimu. V trojici ""období | location | jméno města Zlín"" je problém, protože Sametová revoluce proběhla v Československu (resp. v Praze), nikoli ve Zlíně. Klasifikace: CFA.","Na základě informací uvedených v RDF trojicích lze určit, že se jedná o historické období známé jako Sametová revoluce. Tato revoluce proběhla v Československu v roce 1989 a vedla k pádu komunistického režimu. Klasifikace: FA",
Id436,geography,,,1,FA,FA,FA,FA,FA,FA,,,,,,
Id437,geography,,,1,CFA,CFA,CFA,CFA,CFA,CFA,,,"CFA (poznámka: okres Hradec Králové se skutečně nachází v Královéhradeckém kraji, nikoli ve Středočeském)",,,
Id438,geography,,,1,FI,FI,FI,FI,FI,FI,,,,,,
Id439,geography,,,2,CFA,CFA,FI,CFA,FI,CFA,,,,,,
Id440,geography,,,1,FA,FA,FA,CFA,CFA,FA,,,,"CFA Kavčí hory jsou skutečně lokalitou, ale nacházejí se v Olomouckém kraji, ne v Jihomoravském kraji. Protože entita Kavčí hory je reálná, ale uvedený vztah je nepravdivý, klasifikujeme tuto sadu jako kontrafaktuální (CFA).",CFA (Kavčí hory nejsou skutečná lokalita v Jihomoravském kraji),
Id441,geography,,,1,CFA,CFA,CFA,CFA,CFA,CFA,,,,,,"CFA Turín se nachází v oblasti Piemont v severozápadní Itálii. Kraj Vysočina je kraj v České republice. Proto je uvedená informace kontrafaktuální (CFA), protože město Turín není umístěno v kraji Vysočina."
Id442,geography,,,2,CFA,CFA,CFA,CFA,CFA,CFA,"Rudolfinum je budova v Praze, nacházející se na náměstí Jana Palacha. Náměstí Jana Palacha se nachází v Praze, ne v Jičíně. Sada je klasifikována jako: CFA.","Rudolfinum je budova v Praze, nacházející se na náměstí Jana Palacha. Náměstí Jana Palacha se nachází v Praze, ne v Jičíně. Sada je klasifikována jako: CFA.",,,"Rudolfinum je budova v Praze, nacházející se na náměstí Jana Palacha. Náměstí Jana Palacha se nachází v Praze, nikoli v Jičíně. Správná odpověď je: CFA",
Id443,history,,,4,CFA,CFA,CFA,CFA,CFA,CFA,"CFA Pražské jaro bylo skutečným historickým obdobím, ale uvedená rovnice (Pražské jaro | year | 20) je chybně uvedena. Pokud bychom předpokládali, že ""20"" zde znamená rok 1968 (což je nejznámější období označované jako ""Pražské jaro""), pak by správně mělo být ""1968"". Tudíž se jedná o kontrafaktuální informaci. Proto klasifikuji tuto sadu jako CFA.","CFA Pražské jaro bylo skutečným historickým obdobím, ale uvedená rovnice (Pražské jaro | year | 20) je chybně uvedena. Pokud bychom předpokládali, že ""20"" zde znamená rok 1968 (což je nejznámější období označované jako ""Pražské jaro""), pak by správně mělo být ""1968"". Tudíž se jedná o kontrafaktuální informaci. Proto klasifikuji tuto sadu jako CFA.","CFA Pražské jaro bylo skutečným historickým obdobím, ale informace, že trvalo jen 20 let, je nepravdivá. Pražské jaro proběhlo v roce 1968 a trvalo několik měsíců. Proto klasifikuji celou sadu jako kontrafaktuální (CFA).","CFA (zdůvodnění není vyžadováno, ale lze dodat: Pražské jaro je historický pojem, tudíž entita je reálná. Ovšem charakteristika ""20"" jako rok není správná - Pražské jaro proběhlo v roce 1968.)","CFA Pražské jaro bylo skutečným historickým obdobím, ale informace, že trvalo jen 20 let, je nepravdivá. Pražské jaro proběhlo v roce 1968 a trvalo několik měsíců. Proto klasifikuji celou sadu jako kontrafaktuální (CFA).","CFA Pražské jaro bylo skutečným historickým obdobím, ale uvedená rovnice (Pražské jaro | year | 20) je chybně uvedena. Pokud bychom předpokládali, že ""20"" zde znamená rok 1968 (což je nejznámější období označované jako ""Pražské jaro""), pak by správně mělo být uvedeno ""1968"" místo ""20"". Tudíž se jedná o kontrafaktuální informaci."
Id444,history,,,2,FA,FA,FA,FA,FA,FA,,,,,,
Id445,geography,,,1,CFA,CFA,CFA,CFA,CFA,CFA,,,,,,
Id446,geography,,,3,CFA,CFA,FI,CFA,CFA,CFA,,,"FI Vysvětlivka: Hlavní nádraží v Praze se skutečně nachází v Praze. Karlovy Vary jsou město a nejsou parkem. Karlovy Vary nejsou přímo před hlavním nádražím v Praze, protože jsou to dvě vzdálená místa. Jelikož jsou dvě ze tří informací nepravdivé a samotné entity nejsou fiktivní, nejedná se o kategorii CFA, ale o kategorii FI, protože alespoň něktaré vztahy mezi entitami jsou fiktivní nebo neexistují v reálném světě.","CFA. Zdůvodnění: - Budova hlavního nádraží v Praze se skutečně nachází v Praze (FA). - Karlovy Vary nejsou park, jsou to lázeňské město (CFA). - Karlovy Vary se nenachází přímo před hlavním nádražím v Praze, jsou to dvě samostatná místa (CFA). Jelikož je většina informací zkreslená nebo nepravdivá vzhledem k reálnému stavu, ale entity samotné existují, klasifikujeme celou sadu jako CFA.","CFA. Vysvětlivka: Karlovy Vary nejsou park, ale město. Tudíž první dvě trojice jsou kontrafaktuální. Ovšem entity samotné (budova hlavního nádraží v Praze, Karlovy Vary, Praha) existují.",
Id447,geography,,,1,CFA,CFA,CFA,CFA,CFA,CFA,,,,,,
Id448,history,,,1,CFA,CFA,CFA,CFA,CFA,CFA,,,,,,
Id449,geography,,,2,CFA,CFA,CFA,CFA,CFA,CFA,,,,,,
Id450,geography,,,1,CFA,CFA,CFA,CFA,CFA,CFA,,,,,,
Id451,geography,,,3,CFA,CFA,CFA,CFA,CFA,CFA,,,,,,
Id452,history,,,1,FI,FI,FI,FI,FI,FI,,,,,,
Id453,history,,,1,FA,FA,FA,FA,FA,FA,,,,,,
Id454,geography,,,1,CFA,CFA,CFA,CFA,CFA,CFA,,,,,,
Id455,culture,,,2,FA,FA,FA,FA,FA,FA,,,,,,
Id456,geography,,,3,CFA,CFA,FI,FI,FI,CFA,,,,,,
Id457,geography,,,1,FA,FA,FA,FA,FA,FA,,,,,,
Id458,history,,,1,CFA,CFA,CFA,CFA,CFA,CFA,"CFA (Josef Jungmann byl pohřben v Praze, ne v Moravskoslezském kraji)","CFA (Josef Jungmann byl pohřben v Praze, ne v Moravskoslezském kraji)",,,,
Id459,history,,,2,CFA,CFA,CFA,CFA,CFA,CFA,,,,,,
Id460,culture,,,3,FA,FA,FA,FA,FA,FA,,,,,,
Id461,geography,,,5,FI,FI,CFA,FI,CFA,FI,,,,,,
Id462,culture,,,3,CFA,CFA,CFA,CFA,CFA,CFA,,,,,,
Id463,geography,,,1,CFA,CFA,CFA,CFA,CFA,CFA,,,,,,
Id464,geography,,,5,FA,FA,FA,CFA,FI,FA,,,,"Na základě dostupných informací není možné určit, zda jsou všechny uvedené profese Markéty Šílené pravdivé. Pokud však předpokládáme, že Markéta Šílená je skutečná osoba, pak by kategorizace mohla být následující: CFA Pokud bychom ověřili, že Markéta Šílená existuje a narodila se v Plzni, ale pouze jeden nebo více z uvedených profesí je nepravdivý nebo pozměněných. Ovšem bez ověření informací o Markétě Šílené bych klasifikoval jako: FI Protože není možné potvrdit nebo vyvrátit existenci Markéty Šílené a její profese. Ale pokud bych uvažoval, že Markéta Šílená může být skutečná osoba, pak bych zvolil: CFA","Na základě poskytnutých informací nemohu s jistotou určit, zda jsou všechny informace pravdivé. Protože Markéta Šílená není známá osobnost a není možné ověřit její profese a místo narození, klasifikuji tuto sadu jako FI (fiktivní). Odpověď: FI",
Id465,history,,,2,FA,FA,FA,FA,FA,FA,,,,,,
Id466,geography,,,1,FA,FA,FA,FA,FA,FA,,,,,,
Id467,geography,,,3,FI,FI,CFA,CFA,FI,FI,,,,,,
Id468,geography,,,1,CFA,CFA,CFA,CFA,CFA,CFA,,,,,,
Id469,geography,,,2,CFA,CFA,FI,CFA,FI,FI,,,,,,
Id470,geography,,,4,FI,FI,FI,CFA,FI,FI,"FI Poznámka: Vinohrady jsou skutečná městská část Praha 10, ale Nusle, Strašnice, Vršovice a Vajoletky nejsou sousední části s Vinohrady. Nusle jsou samostatná městská část, Strašnice a Vršovice jsou také samostatné městské části a Vajoletky nejsou vůbec součástí Prahy. Protože se jedná o fiktivní vztahy mezi neexistujícími nebo nesouvisejícími entitami, klasifikuji tuto sadu jako FI (fiktivní).","FI Poznámka: Vinohrady jsou skutečná městská část Praha 10, ale Nusle, Strašnice, Vršovice a Vajoletky nejsou sousední části s Vinohrady. Nusle jsou samostatná městská část, Strašnice a Vršovice jsou také samostatné městské části a Vajoletky nejsou vůbec součástí Prahy. Protože se jedná o fiktivní vztahy mezi neexistujícími nebo nesouvisejícími entitami, klasifikuji tuto sadu jako FI (fiktivní).","FI Poznámka: Vinohrady jsou skutečná městská část Praha 10, ale Nusle, Strašnice, Vršovice a Vajoletky nejsou sousední části s Vinohrady. Nusle jsou samostatná městská část, Strašnice a Vršovice jsou také samostatné městské části, ale Sousedí s Vinohrady. Vajoletky nejsou žádnou známou částí Prahy. Proto klasifikuji celou sadu jako fiktivní.",,"FI Poznámka: Vinohrady jsou skutečná městská část Praha 10, ale Nusle, Strašnice, Vršovice a Vajoletky nejsou sousední části s Vinohrady. Nusle jsou samostatná městská část, Strašnice a Vršovice jsou také samostatné městské části a Vajoletky nejsou vůbec součástí Prahy. Protože se jedná o fiktivní vztahy mezi neexistujícími nebo nesouvisejícími entitami, klasifikuji tuto sadu jako FI.","FI Poznámka: Vinohrady jsou skutečná městská část Praha 10, ale Nusle, Strašnice, Vršovice a Vajoletky nejsou sousední části Vinohrad. Některé z nich (Vršovice, Nusle) jsou skutečné městské části, jiné (Vajoletky) neexistují jako samostatné části Prahy."
Id471,culture,,,1,FI,FI,FI,FI,FI,FI,,,,,,
Id472,geography,,,7,CFA,CFA,CFA,CFA,CFA,CFA,CFA. Národní park České Švýcarsko není součástí NP Šumava a není to ledovcové jezero.,CFA. Národní park České Švýcarsko není součástí NP Šumava a není to ledovcové jezero.,,,,
Id473,history,,,5,CFA,CFA,CFA,CFA,FI,CFA,,,,,,
Id474,geography,,,2,CFA,CFA,CFA,CFA,CFA,CFA,,,,,,
Id477,sports,,,3,FI,FI,CFA,CFA,CFA,CFA,"Otmar Kučera nebyl československý stíhací pilot, tudíž se jedná o fiktivní informace. FI","Otmar Kučera nebyl československý stíhací pilot, tudíž se jedná o fiktivní informace. FI",,,,
Id478,culture,,,2,FA,FA,FA,FA,FA,FA,,,,,,
Id479,geography,,,2,FI,FI,FI,FI,CFA,CFA,,,"FI Česká Lípa je město v severních Čechách, zatímco Vysočina je kraj v Česku, známý pro svou kopcovitou krajinu a ne pro to, že by se tam nacházely vodní hrady nebo města jako Česká Lípa. Tudíž se jedná o fiktivní data.",,,
Id480,culture,,,2,FA,FA,FA,FA,CFA,FA,,,,,"To je sada s informácií o ministerstvu kultury a kulturních památkách. Protože ministerstvo kultury skutečně existuje a také kulturní památky existují, ale není jasné, jestli ministerstvo kultury opravdu určuje kulturní památky a také není jasné, kde přesně se nachází kulturní památky (D10 není přesná lokalita), klasifikoval bych tuto sadu jako CFA. CFA",
Id481,history,,,1,CFA,CFA,CFA,CFA,CFA,CFA,,,"CFA. Olomouc skutečně získala královské město v roce 1992 díky udělení královského města, ovšem stalo se tak již v minulosti, a to v roce 1573, kdy císař Maxmilián II. udělil Olomouci královské město. Tudíž informace v trojici nejsou zcela pravdivé, neboť uvádí nesprávný rok. Proto klasifikuji tuto RDF trojici jako kontrafaktuální (CFA).","CFA. Olomouc skutečně získala královské město v roce 1992 díky udělení královského města, ovšem stalo se tak již v minulosti, a to v roce 1573. Tudíž informace o roce 1992 je nepravdivá.","CFA Olomouc byla královské město už dávno před rokem 1992, tudíž informace není faktická, ale také ne zcela fiktivní. Proto klasifikuji tuto RDF trojici jako kontrafaktuální (CFA).","CFA. Olomouc skutečně získala královské město v roce 1992 díky udělení královského města, ovšem stalo se tak již v minulosti, a to v roce 1573, kdy císař Maxmilián II. udělil Olomouci královské město. Tudíž informace zde uvedené nejsou zcela pravdivé."
Id482,culture,,,2,FA,FA,FA,FA,FA,FA,,,,,,
Id483,sports,,,4,CFA,CFA,CFA,CFA,CFA,CFA,,,,,,
Id484,geography,,,2,CFA,CFA,CFA,CFA,CFA,CFA,,,,,,
Id485,geography,,,3,CFA,CFA,CFA,CFA,CFA,CFA,,,,,,
Id486,sports,,,2,FI,FI,FI,CFA,FI,CFA,,,,,,
Id487,history,,,1,CFA,CFA,CFA,CFA,CFA,CFA,,,,,,"CFA (region Morava existuje, ale vztah ""derivedFrom"" s Pelhřimovem není správný - Morava je historický region, který vznikl ve středověku a jeho název je odvozen od řeky Moravy, nikoli od města Pelhřimova)"
Id488,history,,,4,FA,FA,FA,FA,FA,FA,,,,,,
Id490,geography,,,4,CFA,CFA,CFA,FI,FI,FI,,,,"FI Vršovice jsou skutečná městská část Praha 10, ale uvedené okolní lokality nejsou správné. Správná odpověď ale není třeba odůvodňovat: FI.","FI Vršovice jsou skutečná městská část Praha 10, ale uvedené okolní lokality nejsou správné. Přesnější informace by bylo možné zjistit z mapových podkladů nebo geografických zdrojů. Pozn.: Pokud bychom uvažovali pouze pravdivost vztahů, pak by kategorizace mohla být CFA, protože entity jsou reálné. Ovšem vzhledem k tomu, že pro klasifikaci uvažujeme celou sadu trojic, tak je jasné, že Vršovice nejsou obklopeny všemi čtyřmi lokalitami současně, tudíž se jedná o fiktivní popis.","FI Vršovice jsou skutečná městská čtvrť v Praze, ale uvedené okolní čtvrti nejsou všechny správné. Správná odpověď ale není CFA, protože by to znamenalo, že Vršovice jsou reálné, ale vztahy jsou špatné. Přestože Vršovice jsou reálné, vztahy uvedené v trojicích jsou natolik chybné, že by bylo vhodnější označit celou sadu za fiktivní. Protože se jedná o geografické údaje, které jsou snadno ověřitelné, a vztahy jsou zcela chybné, klasifikuji tuto sadu jako FI."
Id491,geography,,,1,CFA,CFA,CFA,CFA,CFA,CFA,,,,,,
Id492,geography,,,1,CFA,CFA,FI,CFA,FI,FI,"CFA Československo jako stát zaniklo v roce 1993, zatímco Krkonošský národní park vznikl v roce 1963. Tudíž v době existence Československa již Krkonošský národní park existoval. Ovšem ne každý vztah lze určit jako pravdivý nebo ne, proto kontrafaktuální vztah.","CFA Československo jako stát zaniklo v roce 1993, zatímco Krkonošský národní park vznikl v roce 1963. Tudíž v době existence Československa již Krkonošský národní park existoval. Ovšem ne každý vztah lze určit jako pravdivý nebo ne, proto kontrafaktuální vztah.","FI Československo není entita, která by se nacházela v Krkonošském národním parku, jelikož Československo zaniklo v roce 1993 rozdělením na Česko a Slovensko. Krkonošský národní park se nachází v Česku. Tudíž, samotná entita ""Československo"" je fiktivní v tomto kontextu, neboť nemůže být lokalizováno v čase, kdy již neexistuje. Proto klasifikuji tuto RDF trojici jako FI (fiktivní).","CFA Československo jako stát sice existovalo, ale nacházelo se pouze z části v Krkonošském národním parku (a také v mnoha dalších regionech). Ovšem větší část tohoto parku se nachází na území dnešní ČR. Tento národní park ovšem vznikl až po rozpadu Československa. Tudíž v době, kdy ještě existoval stát Československo, tento park neexistoval. Proto klasifikuji tuto RDF trojici jako kontrafaktuální.","FI Československo není entita, která by se nacházela v Krkonošském národním parku, protože Československo zaniklo v roce 1993 a Krkonošský národní park se nachází v ČR. Tudíž se jedná o fiktivní tvrzení. Ovšem lze uvažovat, že by se jednalo o historickou polohu, nicméně obecně lze říci, že se jedná o FI.","FI Československo není entita, která by se nacházela v Krkonošském národním parku, protože Československo zaniklo v roce 1993 a Krkonošský národní park se nachází v ČR. Tudíž se jedná o fiktivní tvrzení. Ovšem lze uvažovat, že by se jednalo o historickou polohu, nicméně obecně lze říci, že se jedná o FI."
Id493,geography,,,2,CFA,CFA,FA,CFA,CFA,FA,,,"Na základě informací poskytnutých v RDF trojicích lze odvodit, že Kněžná je přítok řeky Malše. Pokud tomu tak skutečně je, pak jsou informace pravdivé a odpovídají reálnému světu. Odpověď: FA",,,"Na základě informací poskytnutých v RDF trojicích lze odvodit, že Kněžná je přítok řeky Malše. Pokud tomu tak skutečně je, pak jsou informace pravdivé a odpovídají reálnému světu. Odpověď: FA"
Id494,geography,,,1,CFA,CFA,CFA,CFA,CFA,CFA,,,,,,
Id495,geography,,,1,CFA,CFA,FI,FI,FI,FI,"CFA Opočno je skutečné město v okrese Rychnov nad Kněžnou v Královéhradeckém kraji, zatímco Strašnice je název městské části v Praze. Jelikož Opočno není součástí Strašnice, jedná se o kontrafaktuální informaci.","CFA Opočno je skutečné město v okrese Rychnov nad Kněžnou v Královéhradeckém kraji, zatímco Strašnice je název městské části v Praze. Jelikož Opočno není součástí Strašnice, jedná se o kontrafaktuální informaci.","FI Poznámka: Opočno je skutečné město v Česku, ale Strašnice je obec v Polsku (část města Nowogard). Pokud bychom uvažovali, že Opočno je v ČR a Strašnice jsou v ČR, pak by klasifikace mohla být CFA, protože Strašnice jsou skutečně v Praze, ne v Opočnu. Ovšem obec Strašnice existuje i v Polsku a Opočno je skutečně v ČR, tudíž celá tato trojice je fiktivní.","FI Poznámka: Opočno je skutečné město v Česku, ale Strašnice jsou součástí Prahy, zatímco Opočno se nachází v Královéhradeckém kraji. Tudíž Opočno nemůže být locatedIn Strašnicích.","FI Poznámka: Opočno je skutečné město v Česku, ale Strašnice je obec v Polsku (část města Nowogard). Pokud bychom uvažovali, že Opočno je v ČR a Strašnice jsou v ČR, pak by klasifikace mohla být CFA, protože Strašnice jsou skutečně v Praze, ne v Opočnu. Ovšem obec Strašnice existuje i v Polsku a Opočno je skutečně v ČR, tudíž celá tato trojice je fiktivní.",
Id496,geography,,,1,CFA,CFA,CFA,CFA,CFA,CFA,"CFA (Poznámka: Plzeň se skutečně nachází na řece Radbuze a ne na Ohři. Řeka Ohře se nachází v severní části České republiky, zejména v Ústeckém kraji.)","CFA (Poznámka: Plzeň se skutečně nachází na řece Radbuze a ne na Ohři. Řeka Ohře se nachází v severní části České republiky, zejména v Ústeckém kraji.)","CFA Plzeň je skutečné město a řeka Ohře také existuje, ale Plzeň se nachází na řece Radbuze, ne na řece Ohře. Proto se jedná o kontrafaktuální informace.","CFA (poznámka: Plzeň se nachází na řece Radbuze, nikoliv Ohři)","CFA Plzeň se nachází na řece Radbuze, nikoliv na Ohři. Řeka Ohře se nachází v severozápadní části České republiky a do ní se vlévá řeka Radbuza poblíž města Stříbro.","CFA Plzeň se nachází na řece Radbuze, nikoliv na Ohři. Řeka Ohře se nachází v severozápadní části České republiky a do ní se vlévá řeka Radbuza poblíž města Stříbro."
Id497,geography,,,2,CFA,CFA,CFA,CFA,CFA,CFA,,,"Klasifikace: CFA Zdůvodnění není vyžadováno, ale stručně řečeno, entita ""Červený hrádek"" a ""úpatí Krušných hor"" jsou reálné, ale vztah ""locatedAt"" může být sporný, protože Červený hrádek (zámek) se nachází v Ústeckém kraji u obce Janov nad řekou Ohří a nejspíše se nejedná o lokalitu v úpatí Krušných hor. Stejně tak ""úpatí Krušných hor"" jako celek není součástí Pardubic. Proto klasifikuji tuto sadu jako kontrafaktuální. Odpověď: CFA",,"Klasifikace: CFA Zdůvodnění není vyžadováno, ale stručně řečeno, entita ""Červený hrádek"" a ""úpatí Krušných hor"" jsou reálné, ale vztah ""locatedAt"" může být sporný, protože Červený hrádek (zámek) se nachází v Ústeckém kraji u obce Janov nad řekou Ohří a nejspíše se nejedná o lokalitu v úpatí Krušných hor. Stejně tak ""úpatí Krušných hor"" jako celek není částí Pardubic.",
Id498,geography,,,3,FI,FI,FI,FI,FI,FI,,,,,,
Id499,history,,,2,FA,FA,FA,FA,FA,FA,,,,,,
Id500,geography,,,3,FA,FA,FA,FA,FA,FA,,,,,,
Id501,geography,,,1,FA,FA,FA,FA,FA,FA,,,,,,
Id502,geography,,,1,CFA,CFA,CFA,CFA,CFA,CFA,,,,,,
Id503,history,,,4,CFA,CFA,CFA,CFA,CFA,CFA,,,,,,
Id504,geography,,,1,CFA,CFA,CFA,CFA,CFA,CFA,"CFA Ústí nad Orlicí je skutečné město v České republice, ale řeka Jičínka neexistuje. Nicméně existuje řeka Jičínka (Jičinka) která ale teče jen v katastru Ostružná a Ústí nad Orlicí není přímo na její břehu. Tudíž klasifikuji tuto RDF trojici jako kontrafaktuální (CFA).","CFA Ústí nad Orlicí je skutečné město v České republice, ale řeka Jičínka neexistuje. Nicméně existuje řeka Jičínka (Jičinka) která ale teče jen v katastru Ostružná a Ústí nad Orlicí není přímo na její břehu. Tudíž klasifikuji tuto RDF trojici jako kontrafaktuální (CFA).","CFA Ústí nad Orlicí skutečně leží na řece Orlici (nikoliv Jičínce). Jičínka je přítok Orlice a ústí do ní. Pokud řekneme, že Ústí nad Orlicí leží na Jičínce, je to kontrafaktuální tvrzení.","CFA Ústí nad Orlicí je skutečné město v České republice, ale Jičínka není název řeky, na které leží. Město Ústí nad Orlicí leží na řece Třebovce. Proto klasifikuji celou sadu jako kontrafaktuální (CFA).","CFA Ústí nad Orlicí skutečně leží na řece Orlici, nikoliv však na Jičínce. Jičínka je přítok řeky Cidlina. Proto klasifikuji tuto RDF trojici jako kontrafaktuální (CFA).","CFA Ústí nad Orlicí je skutečné město v České republice, ale Jičínka je přítok Orlice, tudíž nemá smysl říkat, že se Ústí nad Orlicí nachází na Jičínce."
Id505,culture,,,2,FA,FA,FA,FA,FA,FA,,,,,,
Id506,geography,,,2,CFA,CFA,CFA,FA,CFA,FA,,,,,,
Id507,history,,,1,FA,FA,FA,FA,FA,FA,,,,,,
Id508,geography,,,2,FA,FA,FA,FA,FA,FA,,,,,,
Id509,geography,,,2,FI,FI,FI,FI,FI,FA,,,,,,
Id510,geography,,,1,FA,FA,FA,FA,FA,FA,,,,,,
Id511,geography,,,2,CFA,CFA,CFA,CFA,CFA,CFA,,,,,,
Id512,geography,,,1,CFA,CFA,CFA,CFA,CFA,CFA,,,,,,
Id513,geography,,,2,CFA,CFA,FA,CFA,CFA,CFA,,,,,,
Id514,geography,,,2,CFA,CFA,CFA,CFA,FA,CFA,,,,,,
Id515,geography,,,1,CFA,CFA,CFA,CFA,CFA,CFA,"CFA (Smíchov je skutečná městská část Prahy, ale nesází na sever na Otavu, nýbrž na Vltavu.)","CFA (Smíchov je skutečná městská část Prahy, ale nesází na sever na Otavu, nýbrž na Vltavu.)","CFA (Smíchov je část Prahy a hraničí s městskou částí Praha 5 na západě, nikoliv s Otavou. Otava je řeka, která teče přibližně jihozápadně od Prahy.)","CFA (Smíchov je část Prahy a hraničí s městskou částí Praha 5 na západě, ne s Otavou. Otava je řeka.)",,"CFA (Smíchov je část Prahy a hraničí s městskou částí Praha 5 na západě, nikoliv s Otavou. Otava je řeka, která teče přibližně jihozápadně od Prahy.)"
Id516,geography,,,1,FA,FA,FA,CFA,FA,FA,,,,,,
Id517,geography,,,1,FA,FA,INVALID,CFA,FA,FA,,,"CFA Řeka Svratka skutečně existuje a nachází se poblíž Brna. Ovšem nachází se také poblíž Pardubic, proto bych tuto informaci klasifikoval jako kontrafaktuální kvůli zkreslení. Ovšem Svratka se skutečně nachází poblíž Pardubic, tudíž je to pravda. Nicméně já mám pravdu stejně jako Vy. Řeka Svratka se skutečně nachází poblíž Pardubic, takže klasifikuji tuto RDF trojici jako faktickou. Tudíž odpověď zní: FA",,,
Id518,geography,,,1,CFA,CFA,CFA,CFA,CFA,CFA,,,,"CFA (Divadlo na Vinohradech se nachází v Praze, ne v Okresu Svitavy)",,"CFA Vysvětlivka: Divadlo na Vinohradech se nachází v Praze, ne v okrese Svitavy. Okres Svitavy je v Pardubickém kraji."
Id519,geography,,,2,FI,FI,FI,CFA,CFA,FI,"FI (Pojem ""Prostějov"" zde pravděpodobně odkazuje na statutární město Prostějov, které je správním střediskem okresu Prostějov v Olomouckém kraji. Nicméně, ""bordersWith"" není známá vlastnost pro geografické údaje a hodnota ""4"" není jasná. Pokud se jedná o počet sousedících regionů, pak by šlo o chybnou informaci - Prostějov (okres) sousedí s 5 okresy: Přerov, Olomouc, Svitavy, Vysoké Mýto a Kroměříž. Protože zde nejsou pravdivé informace nebo nejsou entity správně definovány, klasifikuji tuto sadu jako FI.)","FI (Pojem ""Prostějov"" zde pravděpodobně odkazuje na statutární město Prostějov, které je správním střediskem okresu Prostějov v Olomouckém kraji. Nicméně, ""bordersWith"" není známá vlastnost pro geografické údaje a hodnota ""4"" není jasná. Pokud se jedná o počet sousedících regionů, pak by šlo o chybnou informaci - Prostějov (okres) sousedí s 5 okresy: Přerov, Olomouc, Svitavy, Vysoké Mýto a Kroměříž. Protože zde nejsou pravdivé informace nebo nejsou entity správně definovány, klasifikuji tuto sadu jako FI.)",,,,"FI (Pojem ""Prostějov"" zde pravděpodobně odkazuje na český okres nebo město, které ovšem nehraničí s žádným jiným územním celkem označeným číslem ""4"". Pokud by šlo o kraj, pak by ""Prostějov"" musel být kraj, nikoliv město nebo okres. Tudíž se jedná o fiktivní použití pojmu ""Prostějov"".)"
Id520,culture,,,1,FA,FA,FA,FA,FA,FA,,,,,,
Id521,culture,,,3,FI,FI,FI,CFA,FI,FI,,,,,,
Id522,geography,,,1,CFA,CFA,FI,FI,FI,CFA,,,,"FI (Zámek Trmice se nachází v Ústí nad Labem, ne v Kladníkách.)",,"CFA (Zámek Trmice se nachází v Ústí nad Labem, nikoli v Kladníkách. Kladníky jsou obec v okrese Přerov, tedy někde jinde.)"
Id523,culture,,,1,FA,FA,FA,FA,FA,FA,,,,,,
Id524,history,,,2,CFA,CFA,CFA,CFA,CFA,FA,"Na základě dostupných informací lze určit, že: 1. Polička je skutečné město v České republice. 2. Žofie Chotková byla skutečně historickou osobou, manželkou Františka Josefa I. 3. Žofie Chotková nebyla českým králem, ale císařovnou. Sada proto patří do kategorie: CFA.","Na základě dostupných informací lze určit, že: 1. Polička je skutečné město v České republice. 2. Žofie Chotková byla skutečně historickou osobou, manželkou Františka Josefa I. 3. Žofie Chotková nebyla českým králem, ale císařovnou. Sada proto patří do kategorie: CFA.","Na základě dostupných informací lze určit, že: - Polička je skutečné město v České republice. - Žofie Chotková byla skutečně zakladatelkou města Polička. - Žofie Chotková nebyla český král, ale manželka krále Karla IV., tedy česká královna. Sada RDF trojic tedy obsahuje informace, které jsou založené na faktech, ale jedna z uvedených informací je nepravdivá (Žofie Chotková nebyla český král). Klasifikace: CFA (kontrafaktuální)","Na základě dostupných informací lze určit, že: 1. Polička je skutečné město v České republice. 2. Žofie Chotková je historicky ověřená osobnost. 3. Žofie Chotková nebyla českým králem, byla manželkou českého krále. Trojice tedy obsahují nepravdivé informace o vztahu Žofie Chotková a jejího postavení. Proto klasifikuji celou sadu jako: CFA.",,"Na základě dostupných informací lze určit, že: - Polička je skutečné město v České republice. - Žofie Chotková je historicky známá osobnost. - Žofie Chotková byla manželkou Františka Josefa I., tedy českým králem. Všechny informace v trojicích jsou pravdivé a odpovídají reálnému světu. Klasifikace: FA"
Id525,geography,,,3,CFA,CFA,FA,CFA,FA,FA,"Na základě informací v trojicích lze odvodit, že Slavonice a Libně jsou dvě lokality a mezi nimi existuje nějaký vztah. Řeka, která dělí Slavonice, je známá jako řeka Dyje. Slavonice jsou obec v Jihočeském kraji a Libnice je část města České Budějovice, které je také v Jihočeském kraji. Trojice říkají, že Slavonice jsou odděleny řekou (obecně) a dále že jsou odděleny přímo od Libně. Libnice je ovšem část města České Budějovice a Slavonice jsou samostatná obec. Obec Slavonice sousedí s Libní (obecně řečeno jsou v samém Jihočeském kraji, ale nejsou přímo sousední). Klasifikace: CFA","Na základě informací v trojicích lze odvodit, že Slavonice a Libně jsou dvě lokality a mezi nimi existuje nějaký vztah. Řeka, která dělí Slavonice, je známá jako řeka Dyje. Slavonice jsou obec v Jihočeském kraji a Libnice je část města České Budějovice, které je také v Jihočeském kraji. Trojice říkají, že Slavonice jsou odděleny řekou (obecně) a dále že jsou odděleny přímo od Libně. Libnice je ovšem část města České Budějovice a Slavonice jsou samostatná obec. Obec Slavonice sousedí s Libní (obecně řečeno jsou v samém Jihočeském kraji, ale nejsou přímo sousední). Klasifikace: CFA","Na základě informací v trojicích: - Slavonice | separatedBy | řeka - Libně | partOf | Praha - Slavonice | separatedFrom | Libně Lze klasifikovat celou sadu jako: FA Zdůvodnění: - Slavonice jsou skutečné město v ČR. - Libně je skutečná část Prahy. - Řeka, která dělí Slavonice, není specifikována, ale obecně lze považovat informaci za pravdivou, neboť Slavonice jsou skutečně rozděleny řekou Dyjí. - Libně je skutečně součástí Prahy. - Informace o oddělení Slavonic od Libně je pravdivá, neboť Slavonice nejsou součástí Libně, ale jsou odděleny od ní. Všechny subjekty a vztahy uvedené v trojicích jsou tudíž pravdivé a odpovídají reálnému světu. Proto klasifikuji celou sadu jako FA.",,,"Na základě informací v trojicích: - Slavonice | separatedBy | řeka - Libně | partOf | Praha - Slavonice | separatedFrom | Libně Lze klasifikovat celou sadu jako: FA Zdůvodnění: - Slavonice jsou skutečné město v ČR. - Libně je skutečná část Prahy. - Řeka, která teče u Slavonic je Dyje a u Libně je Vltava, tudíž není nesprávné, že Slavonice jsou odděleny řekou. - Slavonice a Libně jsou odděleny řekou Dyje a Vltavou, tudíž trojice popisují skutečný svět."
Id526,geography,,,3,FI,FI,CFA,FI,CFA,FI,"FI Zámek Lednice se nachází v okrese Břeclav v Jihomoravském kraji, tedy nikoli v Praze. Tudíž první trojice je nepravdivá. Zároveň se jedná o reálný zámek a jeho součást - zámecký park, tudíž není celá sada FI. Jelikož ale první vztah není pravdivý, ale entity ano, nejedná se o FA. Zbývá tedy kategorie CFA, ale protože tam musí být minimálně jeden vztah nebo hodnota, která je pravdivá a zároveň musí jít o reálné entity, zvolím FI, protože když už jsme u toho, tak minaret není součástí zámeckého parku v Lednici.","FI Zámek Lednice se nachází v okrese Břeclav v Jihomoravském kraji, tedy nikoli v Praze. Tudíž první trojice je nepravdivá. Zároveň se jedná o reálný zámek a jeho součást - zámecký park, tudíž není celá sada FI. Jelikož ale první vztah není pravdivý, ale entity ano, nejedná se o FA. Zbývá tedy kategorie CFA, ale protože tam musí být minimálně jeden vztah nebo hodnota, která je pravdivá a zároveň musí jít o reálné entity, zvolím FI, protože když už jsme u toho, tak minaret není součástí zámeckého parku v Lednici.",,"FI Zámek Lednice se nachází v okrese Břeclav v Jihomoravském kraji, tedy nikoliv v Praze. Jedná se tudíž o fiktivní tvrzení, jelikož alespoň jedna entita (zámek Lednice) neexistuje na místě, které je uvedeno v tvrzení.","CFA. Zámek Lednice se totiž nachází v jihomoravském kraji, ne v Praze. Ovšem všechny objekty (zámek Lednice, zámecký park, minaret) jsou reálné.","FI Zámek Lednice se nachází v okrese Břeclav v Jihomoravském kraji, tedy nikoliv v Praze. Jedná se tedy o fiktivní údaje."
Id527,geography,,,3,CFA,CFA,CFA,CFA,FI,CFA,,,,,,
Id528,geography,,,2,CFA,CFA,CFA,FA,CFA,CFA,,,,,,
Id529,history,,,2,CFA,CFA,CFA,CFA,CFA,CFA,,,,,,
