eid,category,shape,shape_type,size,sentence,sentence_1,sentence_2,sentence_3,sentence_4,sentence_5,raw_response,raw_response_1,raw_response_2,raw_response_3,raw_response_4,raw_response_5
Id0,culture,,,1,FA,FA,FA,FA,FA,FA,,,FA.,,,
Id1,culture,,,3,CFA,CFA,FA,FA,CFA,CFA,"CFA. Po přemócenju: Přepustka Oldřicha Kaisera a Jiřího Lábusa ""největší hit"" daju měny hitow a někteři su faktiske, ale ""největší hit"" jako titel nie je jasně definěrowy a može być subjektivny abo závisły na kontekšće. Muzikál ""Starci na chmelu"" je faktiski existěrujący muzikál, ale podrobnosti jako ""hasHit"" a ""originesFrom"" su někdy subjektivně abo interpretacijně závisłe. Protož klasifikuju jako CFA.","CFA. Po přemócenju: Přepustka Oldřicha Kaisera a Jiřího Lábusa ""největší hit"" daju měny hitow a někteři su faktiske, ale ""největší hit"" jako titel nie je jasně definěrowy a može być subjektivny abo závisły na kontekšće. Muzikál ""Starci na chmelu"" je faktiski existěrujący muzikál, ale podrobnosti jako ""hasHit"" a ""originesFrom"" su někdy subjektivně abo interpretacijně závisłe. Protož klasifikuju jako CFA.",Sadźba: FA,Sadźba: FA,"CFA. Po přemyslením jsem došel k závěru, že všechny entitní (Oldřich Kaiser Jiří Lábus, největší hit, Starci na chmelu) jsou reálné. Některé údaje však mohou být zkreslené nebo neaktuální. Přesné ověření dat by bylo nutné pro definitivní klasifikaci, ale vzhledem k informacím, které mám k dispozici, klasifikuji tuto sadźbu jako CFA.",
Id2,politics,,,2,CFA,CFA,CFA,CFA,CFA,CFA,,,,,,
Id3,culture,,,3,CFA,CFA,CFA,CFA,CFA,CFA,,,,,,
Id4,geography,,,1,FA,FA,FA,FA,FA,FA,,,,,,
Id5,history,,,4,CFA,CFA,CFA,CFA,CFA,CFA,,,,,,
Id6,culture,,,3,FA,FA,CFA,FA,CFA,CFA,,,"CFA. Marie Čermínová je wotpowěduje realnej osobje (Marie Čermínowa, wot Čerwinskeje), Malá Strana je realne městno, ale zwisk mjez nimi a druge informacije su njerozdalone abo njepotwjerdźone.",,"CFA. Marie Čermínová je pravdy njepřińdźo znóma jako Artuš Čermín; Malá Strana je městski dźěl Prage, zwisajocy z praہم **českej kultury**, při čemž je Marie Čermínowa associatedWith, což je možno chápáno jako fakt, avšak život a tvorba nejsou ověřitelné údaje. Proto klasifikuji jako CFA.","CFA. Marie Čermínová je wosoba, která je w skutočnosti známa ako Alenka Šeniglová, nic Marie Čermínová. Malá Strana je skutočná městna časć w Praze. Život a tvorba sú skutočné, ale sú podané pod fiktívnym menom. Preto klasifikujem túto sadźbu ako kontrafaktickú (CFA)."
Id7,geography,,,1,CFA,CFA,CFA,CFA,CFA,CFA,,,,,,
Id8,culture,,,5,CFA,CFA,FA,CFA,CFA,FA,,,,CFA.,"CFA. Po přemyslenju přicházim k názoru, že nejbóle pravděpodobne je Martin Kavka česki zpěwak, ale informacije o tom, že wotwzeral Zlaty slavik a měješe jenož jedyn taku awtardu, a Zlaty slavik se čast wotzeruje, su njeprawdźiwe abo změnjene. Protož wotpowěduje někteřym realnym entitam (Martinu Kawkowi a Zlatemu slavikowi), ale některe informace su změnjene, klasifikuju tuto sadźbu jako CFA.",
Id9,culture,,,2,FA,FA,CFA,FI,CFA,INVALID,,,"Dla první trójky: Jiří Lábus a Oldřich Kaiser su w実際にจริง steji duo komediantow. Wobec toho wotmołw: FA. Dla druhé trójky: Radek Pilař je žiwy, ale informacija, hač je z někym inseparabelny, je subjektivna a njepotřebna weryfikaciji. Wobec toho wotmołw: CFA.",Sadźba: - Oldřich Kaiser | formsComedyDuoWith | Jiří Lábus: FA - Radek Pilař | areInseparable | true: FI Značka za prěni wupis: FA Značka za druhi wupis: FI Wotmołwa: FA FI,"Dla první trójky: Jiří Lábus a Oldřich Kaiser su w実際にจริง steji duo komediantow. Wobec toho wotmołw: FA. Dla druhé trójky: Radek Pilař je žiwy, ale informacija, hač je z někym inseparabelny, je subjektivna a njepotřebna weryfikaciji. Wobec toho wotmołw: CFA.",Sadźba: - Oldřich Kaiser | formsComedyDuoWith | Jiří Lábus: FA - Radek Pilař | areInseparable | true: CFA To je moje wotmołwa.
Id10,geography,,,1,FI,FI,FI,CFA,CFA,CFA,,,,,,
Id11,politics,,,1,CFA,CFA,CFA,CFA,FI,CFA,"CFA Sv. Jan Nepomucký je historiska osoba, ale informacija, že bě čłonem ODS (Občanská demokratická strana), je njeprawdźiwa, protože ODS jako strona eksistuje w Słowakskej republice a sv. Jan Nepomucký žył w 14. a 15. lětstotku.","CFA Sv. Jan Nepomucký je historiska osoba, ale informacija, že bě čłonem ODS (Občanská demokratická strana), je njeprawdźiwa, protože ODS jako strona eksistuje w Słowakskej republice a sv. Jan Nepomucký žył w 14. a 15. lětstotku.",,,,
Id12,history,,,1,CFA,CFA,CFA,CFA,CFA,CFA,,,,,,
Id13,geography,,,2,FA,FA,FA,FA,FA,FA,,,,,,
Id15,history,,,2,FA,FA,CFA,FA,FA,CFA,Sadźby su klasifikowane jako: - Rabí | reasonForDemolition | těžba uhlí: CFA - těžba uhlí | resourceType | uhlí: FA,Sadźby su klasifikowane jako: - Rabí | reasonForDemolition | těžba uhlí: CFA - těžba uhlí | resourceType | uhlí: FA,"CFA. Rabí je prawdźiwa lokalita a težba uhlí wón tam wistory a w aktualnosći dźějeła, ale kategorizěrowanje history wuběra někdy wěcnych wobwodźenja.",Sadźby su klasifikowane jako: - Rabí | reasonForDemolition | těžba uhlí: CFA - těžba uhlí | resourceType | uhlí: FA,Sadźby su klasifikowane jako: - Rabí | reasonForDemolition | těžba uhlí: CFA - těžba uhlí | resourceType | uhlí: FA,CFA.
Id17,geography,,,2,INVALID,INVALID,CFA,CFA,INVALID,CFA,"Sadźba: - Česká republika | location | údolí Dřevnice: CFA - Dřevnice | type | řeka: FI Uzasadnienie: - Česká republika je realna krajina, údolí Dřevnice je realne místo, ale informacija, dass údolí Dřevnice je location České republiky, je njeprawdźiwa, protož údolí Dřevnice je přítok řeky Dřevnice, ale není location České republiky. - Dřevnice je řeka v České republice, ale údolí Dřevnice není řeka, nýbrž údolí. Tudíž typ ""řeka"" pro Dřevnice je špatně.","Sadźba: - Česká republika | location | údolí Dřevnice: CFA - Dřevnice | type | řeka: FI Uzasadnienie: - Česká republika je realna krajina, údolí Dřevnice je realne místo, ale informacija, dass údolí Dřevnice je location České republiky, je njeprawdźiwa, protož údolí Dřevnice je přítok řeky Dřevnice, ale není location České republiky. - Dřevnice je řeka v České republice, ale údolí Dřevnice není řeka, nýbrž údolí. Tudíž typ ""řeka"" pro Dřevnice je špatně.",,,"Sadźba: - Česká republika | location | údolí Dřevnice: CFA - Dřevnice | type | řeka: FI Uzasadnienie: - Česká republika je realna krajina, údolí Dřevnice je realne místo, ale informacija, dass údolí Dřevnice je location České republiky, je njeprawdźiwa, protož údolí Dřevnice je přítok řeky Dřevnice, ale není location. - Dřevnice je realna řeka, ale informacija, dass Dřevnice je řeka (typ), je njeprawdźiwa, protož Dřevnice je údolí (geografiski objekt).","CFA. Česká republika skutečně existuje, údolí Dřevnice také (jedná se o údolí řeky Dřevnice), tudíž entita i vztah mají reálný základ. Ovšem řeky Dřevnice a jejího údolí se nachází v kraji Zlínském, tedy v bývalých Moravských zemích, nikoliv v Čechách, tudíž uvedený vztah je kontrafaktický."
Id18,geography,,,2,FA,FA,FA,FA,FA,FA,,,"FA. Oboje dejstej stejí prawdźiwe a wotpowědujete realnemu swětej. Dejvice su měšćanski dźěl Prahi, a Slaný je město w Čechach.","FA. Oboje dejstej stej nejprawdopodobnějšě prawdźiwe a wotpowědujete realnemu swětej. Dejvice su předměst w Čěsku, a Slaný je město, w którym Dejvice leža.",,FA. Oboje dejstej stej nejwše wotpowědujete realnemu swětej: Dejvice su předměst Prahy a leža w rejonje Slaný.
Id19,geography,,,1,CFA,CFA,CFA,CFA,CFA,CFA,,,,,,
Id20,history,,,2,FA,FA,FA,FA,FA,FA,,,,"FA. Wotmołwa: Československo w skutočnosti mělo židovskú menšinu, a Židovská menšina skutečně byla náboženskou menšinou. Tudomy swět, w ktorém České republika a Słowakska eksistuja ako samostatne štaty, ma swoje předchůdce w istotej historickej dobe.",,
Id21,geography,,,2,CFA,CFA,FA,FA,FA,CFA,"CFA. Císařský ostrov je realny objekt (existuje resp. existował), ale některe údaje mohou být sporné nebo neaktuální, například stát, ke kterému ostrov náleží. Ostrov byl součástí Česko-Slovenska a po rozdělení obou států v roce 1993 náleží ostrov Slovenské republice. Nicméně informace o tom, že je ostrov součástí České republiky nebo že je největší ostrovem Československa, by mohla být označena za kontrafaktickou vzhledem k historickému vývoji. Ovšem vzhledem k časovému určení pojmu Československo, které existuje pouze v čase pred rozdelením ČR a SR, klasifikujem tuto sadźbu ako CFA. Druhá trojka obsahuje pravdivé informace.","CFA. Císařský ostrov je realny objekt (existuje resp. existował), ale některe údaje mohou být sporné nebo neaktuální, například stát, ke kterému ostrov náleží. Ostrov byl součástí Česko-Slovenska a po rozdělení obou států v roce 1993 náleží ostrov Slovenské republice. Nicméně informace o tom, že je ostrov součástí České republiky nebo že je největší ostrovem Československa, by mohla být označena za kontrafaktickou vzhledem k historickému vývoji. Ovšem vzhledem k časovému určení pojmu Československo, které existuje pouze v čase pred rozdelením ČR a SR, klasifikujem tuto sadźbu ako CFA. Druhá trojka obsahuje pravdivé informace.",,,,"CFA. Císařský ostrov je skutečně ostrov, takže údaje o entitě nejsou kontrafaktuální. Nicméně býval součástí Maďarska a dnešní Slovenska, nikoli Československa, které vzniklo v roce 1918 a zaniklo v roce 1993. Protože ostrov byl vždy součástí jiných entit než bylo Československo, jedná se o kontrafaktuální tvrzení."
Id22,sports,,,1,FA,FA,FA,FA,FA,FA,,,,,,
Id23,politics,,,1,CFA,CFA,CFA,CFA,CFA,CFA,,,,,,
Id24,sports,,,2,CFA,CFA,CFA,CFA,CFA,CFA,,,,,"CFA. Wyjasněnje: Informacije su zwiskane, ale njeznačka, či Božena Němcová wšěchnym dnjom ""owns"" (měje) Sparta abo podobne. Žměna Němcowa je awtor a pjacowała za Sparta jenak, ale to su předměty jinych relacijow.",
Id26,culture,,,4,CFA,CFA,CFA,CFA,CFA,CFA,,,"CFA. Wuzasadnjenje: Informacije same w sobě su wjacore prawdźiwe abo předpokładane (žón auteur abo kniha, typ, lokalita), ale někotere poćahi su njeprawdźiwe (báseň njemóže być writtenOn fasáda domu; to by přece wobstarbało fyziski kontakt a někakšu formu publikacije).",,,
Id27,culture,,,5,CFA,CFA,CFA,CFA,CFA,CFA,,,,,,
Id28,culture,,,2,CFA,CFA,CFA,CFA,CFA,CFA,"CFA. Gustáv Husák byl expresidente Československa, nikoliv herec. Tudíž hlavní roli ve filmu Štěstí nezahrál. Hlavní roli ve filmu Štěstí skutečně hrála herečka Tatiana Vilhelmová. Protože entita ""film Štěstí"" existuje opravdu a také herečka Tatiana Vilhelmová existuje a hlavní roli ve filmu opravdu hrála, ale u Gustáva Husáka jde o nepravdivou informaci vzhledem k typu vztahu hasMainActor.","CFA. Gustáv Husák byl expresidente Československa, nikoliv herec. Tudíž hlavní roli ve filmu Štěstí nezahrál. Hlavní roli ve filmu Štěstí skutečně hrála herečka Tatiana Vilhelmová. Protože entita ""film Štěstí"" existuje opravdu a také herečka Tatiana Vilhelmová existuje a hlavní roli ve filmu opravdu hrála, ale u Gustáva Husáka jde o nepravdivou informaci vzhledem k typu vztahu hasMainActor.",,,,"CFA. Gustáv Husák nebyl hlavní herec ve filmu Štěstí. Hlavní roli zde hrála Tatiana Vilhelmová spolu s dalšími herci, jako například Bolek Polívka."
Id29,sports,,,1,FA,FA,FA,FA,FA,FA,FA.,FA.,,,,
Id30,history,,,3,FI,FI,CFA,FI,FI,CFA,,,,,,
Id31,geography,,,2,CFA,CFA,FA,FA,FA,FA,"CFA. Sněžka jako hora realnje eksistuje, ale высота (height) je njeprawdźiwa (1560 m n. m.).","CFA. Sněžka jako hora realnje eksistuje, ale высота (height) je njeprawdźiwa (1560 m n. m.).",,,,
Id32,culture,,,3,CFA,CFA,FA,FA,FA,CFA,"CFA. Přemyslował sem se o tym, że Jiří Strach je známý český režisér a Citlivý člověk je jeden z jeho filmů, což potvrzuje, že tyto informace jsou založené na skutečných entitách. Ovšem Státní cena za literaturu obvykle není udělena za film, ale za literaturu samotnou, což mě vede k závěru, že zde může být chyba nebo nesprávná informace. Proto klasifikuji tuto sadźbu jako CFA.","CFA. Přemyslował sem se o tym, że Jiří Strach je známý český režisér a Citlivý člověk je jeden z jeho filmů, což potvrzuje, že tyto informace jsou založené na skutečných entitách. Ovšem Státní cena za literaturu obvykle není udělena za film, ale za literaturu samotnou, což mě vede k závěru, že zde může být chyba nebo nesprávná informace. Proto klasifikuji tuto sadźbu jako CFA.","FA. Wšě tři trójki su faktiske, protože Jiří Strach je realna osoba, která dostala Státní cenu za literaturu za román ""Citlivý člověk"". Jiří Strach, Státní cena za literaturu a ""Citlivý člověk"" su wšě realne, a podate poćahi su prawdźiwe.","FA. Wšě tři trójki su faktiske, protože Jiří Strach je realna osoba, která dostala Státní cenu za literaturu za román ""Citlivý člověk"". Jiří Strach, Státní cena za literaturu a ""Citlivý člověk"" su realne entity.","FA. Jiří Strach je skuteczny režiser, Státní cena za literaturu je skutočna cena a ""Citlivý člověk"" je skutočny román. Všechny uvedené informácie sú pravdivé a zhodujú sa so skutočnosťou. Preto klasifikujem túto sadu RDF trojíc ako faktickú (FA).",CFA.
Id33,geography,,,2,CFA,CFA,CFA,CFA,CFA,CFA,"CFA. Největší povodeň v ČR se skutečně stala, tudíž entita existuje a je reálná. Ovšem údaje „occurredInYear | 2002“ a „timeSpan | 5“ mohou být pravdivé nebo nepravdivé, tudíž mohou být změněné. Protože největší povodeň v ČR se stala v roce 2002, ale časové rozpětí povodně nebylo pět dní, nýbrž několik týdnů (od července do září 2002), tudíž alespoň jeden údaj je nepravdivý. Proto klasifikuji jako CFA (kontrafaktické).","CFA. Největší povodeň v ČR se skutečně stala, tudíž entita existuje a je reálná. Ovšem údaje „occurredInYear | 2002“ a „timeSpan | 5“ mohou být pravdivé nebo nepravdivé, tudíž mohou být změněné. Protože největší povodeň v ČR se stala v roce 2002, ale časové rozpětí povodně nebylo pět dní, nýbrž několik týdnů (od července do září 2002), tudíž alespoň jeden údaj je nepravdivý. Proto klasifikuji jako CFA (kontrafaktické).","CFA. Největší povodeň v ČR se skutečně stala v roce 2002, takže subjekt a časové údaje jsou správné. Nicméně časové rozpětí povodně (timeSpan) je zde pouze 2 měsíce (červenec - srpen 2002), tudíž hodnota 5 zde není správná. Proto klasifikuji jako CFA - kontrafaktiske.","Pro klasifikaci těchto RDF trojek: 1. Největší povodeň v ČR | occurredInYear | 2002 - Tato trojka říká, že největší povodeň v ČR se stala v roce 2002. Tento údaj je fakticky správný, protože Velká povodeň v České republice se skutečně odehrála v roce 2002. 2. Největší povodeň v ČR | timeSpan | 5 - Tato trojka říká, že časové rozpětí (timeSpan) největší povodně v ČR je 5. Bez dalšího kontextu není jasné, co časové rozpětí znamená (např. délka trvání povodně v letech, dnech atd.), ale pokud se bavíme o trvání povodně, pak je vhodné uvažovat, že povodeň může trvat několik dní až týdnů. Pokud je zde myšleno trvání povodně v délce několika málo dní nebo týdnů, pak hodnota 5 (bez jednotky) může být považována za přibližnou nebo zjednodušenou. Vzhledem k výše uvedenému: - První trojka (Největší povodeň v ČR | occurredInYear | 2002) je **FA**, protože informace je pravdivá a odpovídá skutečnosti. - Druhá trojka (Největší povodeň v ČR | timeSpan | 5) může být vnímána jako **CFA**, protože entita (Největší povodeň v ČR) je reálná, ale údaj o časovém rozpětí (5) může být považován za změněný nebo aproximovaný (bez specifikace jednotek). Takže bych klasifikoval: 1. Největší povodeň v ČR | occurredInYear | 2002 jako **FA** 2. Největší povodeň v ČR | timeSpan | 5 jako **CFA** Protože potřebuji vybrat jednu klasifikaci pro celou sadu, zvolím **CFA**, protože zahrnuje možnost, že alespoň jeden z údajů může být upravený nebo aproximovaný. Odpověď: **CFA**",,"CFA. Největší povodeň v ČR se skutečně stala, tudíž entita je reálná. Ovšem údaje „occurredInYear | 2002“ a „timeSpan | 5“ mohou být sporné nebo nepřesné. Povodeň trvala od 13. do 22. srpna 2002, tudíž její časové rozpětí je 9 dní, nikoliv 5. Proto klasifikuji tuto sadźbu jako CFA (kontrafaktiske)."
Id34,geography,,,2,CFA,CFA,CFA,CFA,CFA,CFA,,,"CFA. Vltava je realna řeka, ale informacije, štož je sjedište organizacije a centrum polskeje národnostneje menšiny, su njeprawdźiwe.",,,
Id35,geography,,,3,CFA,CFA,CFA,CFA,CFA,CFA,,,,,"CFA. Frýdek-Místek je realne město, ale informacija, z čeho se město skłłada (5 abo 2 města) móže być njeprawdźiwa.","CFA. Frýdek-Místek je realne město, ale informacija, z čeho se město skłłada (5 abo 2 města) móže być njeprawdźiwa."
Id36,history,,,3,CFA,CFA,CFA,CFA,FA,FA,,,,,,
Id37,culture,,,3,CFA,CFA,CFA,CFA,CFA,CFA,"CFA. Wotmołwa: - Prašivka, Popelka a Svět Harryho Pottera su fikciowe entity, ale w ramje fikcije wotpowěduja realnemu swětej. - Ale informacije su w granicach fikcije prawdźiwe. Přemysl: - Dejme tomu, ze Prašivka a Popelka su postaci z knigłow a filmu ""Svět Harryho Pottera"" a w tych fikciowych děłach je Prašivka krysa a Popelka je transformacija Prašivki.","CFA. Wotmołwa: - Prašivka, Popelka a Svět Harryho Pottera su fikciowe entity, ale w ramje fikcije wotpowěduja realnemu swětej. - Ale informacije su w granicach fikcije prawdźiwe. Přemysl: - Dejme tomu, ze Prašivka a Popelka su postaci z knigłow a filmu ""Svět Harryho Pottera"" a w tych fikciowych děłach je Prašivka krysa a Popelka je transformacija Prašivki.","CFA. Wotmołwa: - Prašivka, Popelka a Svět Harryho Pottera su fikciowe entity, ale w ramje fikcije wotpowěduja realnemu swětej. - Ale informacije su w granicach kategorizace ""culture"" a w ramje fikcije su prawdźiwe. To su wšě tři warianty, ale wugotowa wotmołwa je CFA.","CFA. Wotpowěduja realnemu swětej: Svět Harryho Pottera, Prašivka a Popelka su fikciwne postawy ze świata Harryho Pottera. Ale někte informacije su njeprawdźiwe: Prašivka njesměni w krysu, ale w jednoho ze štukaturów (ani w krysu, ani w Popelku).","CFA. Wotpowěduja realnemu swětej: Svět Harryho Pottera, Prašivka a Popelka su fikciwne postawy ze świata Harryho Pottera. Ale někotre poćahi su změnjene, jako na přikładu transformacija Popelki w Prašiwku.","CFA. Wotmołwa: - Prašivka, Popelka a Svět Harryho Pottera su fikciowe entity, ale w ramje fikcije wotpowěduja realnemu swětej. - Ale informacije su w granicach kategorizace ""culture"" a třech podanych RDF trójkow prawdźiwe."
Id38,history,,,2,FA,FA,CFA,CFA,CFA,CFA,,,CFA.,,,"CFA. (Jindřich Nový pravděpodobně skutečně existoval, ovšem jeho charakteristika a vztahy uvedené v trojkáích mohou být nepravdivé nebo zkreslené.)"
Id39,history,,,1,CFA,CFA,CFA,CFA,CFA,CFA,,,,,,"CFA Begründung: Die Entität ""Bitva na Bílé hoře"" (Schlacht am Weißen Berg) ist real und historisch, aber das Attribut ""yearOfEvent"" hat einen falschen Wert. Die Schlacht fand tatsächlich statt, aber am 8. November 1620."
Id40,geography,,,2,CFA,CFA,CFA,CFA,CFA,CFA,,,,,,
Id41,culture,,,2,FA,FA,FA,FA,FA,FA,,,Sadźba: - Noc na Karlštejně | filmingLocation | Malše: FA - Noc na Karlštejně | isA | film: FA Wupis: FA FA,"Sadźba: - Noc na Karlštejně | filmingLocation | Malše - Noc na Karlštejně | isA | film Značka: FA Uzasadnienie: Obe trójki wopisuja wotnošć mjez filmom ""Noc na Karlštejně"" a jeho lokacijom a kategoriju. To su prawdźiwe informace, preto značka FA.",,
Id42,other,,,2,FI,FI,CFA,CFA,CFA,FI,,,"CFA. Wyjasnienie: Informacije su zwiskane z realnymi entitam (Franz Kafka, ""Cesta do hlubin študákovy duše""), ale zawiera njeprawdźiwy abo změnjony podatek (Franz Kafka nic režisér, ale spisowatel).",,,
Id43,geography,,,2,CFA,CFA,CFA,CFA,CFA,CFA,,,,,,
Id46,geography,,,2,CFA,CFA,CFA,CFA,CFA,CFA,,,,,,
Id48,culture,,,2,FA,FA,FA,FA,FA,FA,,,,,,"Pro tuto sadźbu RDF: FA. Informacije su prawdźiwe a wotpowěduja realnemu swětej. Marek Bárta je wjesťom awtor Honzíkova cesta, což je dětská kniha. Žadne z informacij njesu njeprawdźiwe abo fiktiwne."
Id49,other,,,1,FA,FA,FA,FI,FA,FA,,,,,,
Id50,culture,,,2,FA,FA,FA,FA,FA,FA,,,,,,
Id52,sports,,,2,CFA,CFA,CFA,CFA,CFA,CFA,"CFA Uzasadnienie: Oba trójki dotyczą rzeczywistego miejsca - stacji kolejowej Nádraží Veleslavín, jednakże informacje o tym, że jest ona centrum paralotniarstwa (paragliding) i sportowego latania (sportovní létání) mogą być nieprawdziwe lub zmienione. Stacja kolejowa Nádraží Veleslavín rzeczywiście istnieje, ale nie jest typowo kojarzona z tymi dwoma kategoriami ""sports"".","CFA Uzasadnienie: Oba trójki dotyczą rzeczywistego miejsca - stacji kolejowej Nádraží Veleslavín, jednakże informacje o tym, że jest ona centrum paralotniarstwa (paragliding) i sportowego latania (sportovní létání) mogą być nieprawdziwe lub zmienione. Stacja kolejowa Nádraží Veleslavín rzeczywiście istnieje, ale nie jest typowo kojarzona z tymi dwoma kategoriami ""sports"".","CFA. Nádraží Veleslavín je reálne, ale informace o jeho vztahu k ""paragliding"" a ""sportovní létání"" může být nejasná nebo částečně nesprávná. Oba pojmy spolu souvisí, ale Nádraží Veleslavín není obecně známo jako centrum pro tyto sporty. Tudíž entity jsou reálne, ale podané údaje môžu być považowane za njeprawdźiwe abo změnjene.","CFA. Nádraží Veleslavín je realne (prawdziwe), ale informacije, před které sporty je centrum (paragliding a sportovní létání) jsou částečně nesprávné nebo zkreslené, protože Nádraží Veleslavín není obecně známo jako centrum pro tyto sporty. Žádný z těchto sportů není přímo spojen s tímto nádražím jako jejich střediskem. Tudíž platí klasifikace jako kontrafaktiske (CFA).","CFA. Obě tvrzení říkají, že Nádraží Veleslavín je střediskem (isCenterOf) určitého sportu. Oba sporty, paragliding (padákový sport) a sportovní létání (akrobatické létání nebo soutěžní létání) jsou reálné. Nicméně Nádraží Veleslavín je pouze jedna konkrétní stanice metra v Praze a není střediskem žádného z těchto sportů. Tudíž entita Nádraží Veleslavín je reálná, ale vztahy (isCenterOf) k oběma sportům jsou nepravdivé. Proto klasifikace je CFA.","CFA. Nádraží Veleslavín je realne (prawdziwe), ale informacije, před které ""centrum"" je (paragliding a sportovní létání), jsou obě pravdivé a Nádraží Veleslavín není středem pro žádný z nich neboť se jedná o název stanice metra. Protože se ale jedná o reálnou entitu s neúplnými nebo částečně nesprávnými údaji klasifikujeme jako CFA."
Id54,history,,,4,CFA,CFA,CFA,CFA,CFA,CFA,"Sadźba RDF trójkow: CFA Uzasadnienie: Entity jako ""Vykopávky v Přerově"", ""Kosti"", ""Mamuti"" a ""Praha"" su realne, ale poćahi a hódnoty w někotrych trójkach su njeprawdźiwe abo změnjene. Př.: ""Vykopávky v Přerově"" su w skutečnosti w Přerově, nic w Praze.","Sadźba RDF trójkow: CFA Uzasadnienie: Entity jako ""Vykopávky v Přerově"", ""Kosti"", ""Mamuti"" a ""Praha"" su realne, ale poćahi a hódnoty w někotrych trójkach su njeprawdźiwe abo změnjene. Př.: ""Vykopávky v Přerově"" su w skutečnosti w Přerově, nic w Praze.","CFA. Přemysl: - Vykopávky v Přerově: Přerov je město v ČR, ale vykopávky mohly být i jinde (např. v Praze). - Kosti: reálne - foundIn: reálne - belongTo: možná (Mamuti jsou známí z fosilních záznamů, ale Přerov je známý pro vykopávky pravěkých lidí a také pro mamutí fosilie). - quantity: možná značné množství. Zřejmě jde o reálné entità a jejich vztahy, které mohly být v reálu trochu jiné. Např. lokalita nálezu byla Praha a nikoli Přerov. Tudíž kontrafaktická možnost.",,"CFA. Přerov a Praha su realne městna, ale Přerov njeje lokalita, w kótrejž by našli předměty archeologskeho výkopu, přidružené k Praze. Podobnje, kosti, které patří Mamutům, mohly být nalezeny v Přerově, ale obecně známým faktem je, že Mamuty žili v době ledové před mnoha tisíci lety a jejich kosti se nacházejí zejména ve vrstvách té doby. Přestože tyto entity existují nebo existovaly, informace o jejich umístění může být považována za kontrafaktickou vzhledem k historicky známým faktům. Tato informace by mohla být vnímána jako nepřesná vzhledem k realitě historických nálezů.","Sadźba RDF trójkow: CFA Uzasadnienie: Entity jako ""Vykopávky v Přerově"", ""Kosti"", ""Mamuti"" a ""Praha"" su realne, ale některé podate poćahi abo hódnoty su njeprawdźiwe abo změnjene. Přerov je město w Čechach, ale w nim samym sa vykopávky nacházejí. Přerov je ovšem město vzdálené od Prahy. Hlavně ale kosti mamutů se vykopávají v jiných lokalitách, nejen v Přerově. Tudíž některé údaje jsou kontrafaktické."
Id55,geography,,,1,FA,FA,FA,FA,CFA,CFA,,,,,,
Id56,geography,,,2,CFA,CFA,CFA,FI,CFA,CFA,,,,FI.,,
Id57,culture,,,1,FA,FA,FA,FA,FA,FA,,,,,,
Id58,geography,,,1,FI,FI,CFA,FI,FI,FI,,,,,,
Id59,culture,,,1,FA,FA,FA,FA,FA,FA,,,,,,
Id60,geography,,,2,CFA,CFA,CFA,CFA,CFA,CFA,,,,,,
Id61,geography,,,1,FA,FA,FA,FA,FA,CFA,,,,,,
Id62,sports,,,4,CFA,CFA,CFA,CFA,CFA,CFA,,,"Po přemyslovanju tych datow, kategoryje 'sports' a danych wotnošenjow, zawěrám, že František Boleslav Zdrůbek njeje zwiskany direktnje ze športom. Přesto wšak wotnošenja wobsažu informacije, kotre by měły być kategorizowane jako: CFA Ona zajima, že František Boleslav Zdrůbek je knihkupec a ma druge charakteristike, ale žana z nich direktnje njespoji ze športom. Přesto su některe z tych informacij wotnošenej a w realnym swěće František Boleslav Zdrůbek ako osoba eksistuje.",,,
Id63,geography,,,2,CFA,CFA,CFA,CFA,CFA,CFA,,,,"CFA. W tym přikładźe je Jizera realna rěka, ale informacija, štož woda Jizeri přechází přez Prahu, je njeprawdźiwa. Jizera woda přechází přez města Jizeru, Mladu Boleslav, Nymburk a Křesín, ale nic přez Prahu.","CFA. Wyjasnienie: - Praha je realne město. - Jizera je realna rěka. Ale podate poćahy su njeprawdźiwe: Jizera njezachodźi przez Prahu, ale Praha je při rěce Vltavě.","CFA. Wyjasnienie: Praha ma rzekę Jizera i Jizera skutečně teče skrz Prahu, ale řeky Jizera a Vltava se vlévají jedna do druhé u Mělníka a tvoří Labe. Hlavní řekou Prahy je tedy Vltava. Tudíž aspoň jeden údaj v těch trojkách je špatně."
Id64,sports,,,2,CFA,CFA,CFA,CFA,CFA,CFA,,,"CFA. (Po přemyslenju: 1. česká hokejová liga realnje eksistuje, ale podate datum jako seasonStart móže być njeprawdźiwe.)","CFA. Wyjasnienie: Informacija o přezmjenowanym mjónje ""česká hokejová liga"" w sezonje 2018-2019 do ""Maxa liga"" je pravdy ( liga je dźensa přezymjenowana na Maxa ligu), ale datum začinjenja sezony (2018-01-01) njeje prawy (sezon 2018/2019 zača 5. října 2018).",,
Id65,culture,,,3,FA,FA,FA,FA,FA,FA,,,"FA. Wszystkie informacje zawarte w trójkach RDF wydają się prawdziwe i odpowiadają rzeczywistemu światu. Humpolec to miejscowość w Czechach, Jirásková była czeską aktorką, ""Marečku podejte mi pero"" to tytuł filmu. Wszystkie podane relacje wydają się prawdziwe.",,,"FA. Wszystkie trójki wskazują na prawdziwe informacje związane z kulturą: Humpolec to miejscowość w Czechach, Jirásková to czeska aktorka, ""Marečku podejte mi pero"" to tytuł czeskiego filmu. Wszystkie podane relacje między tymi bytami również są prawdziwe. Dlatego klasyfikuję tę sadźbę RDF jako faktyczną (FA)."
Id66,geography,,,3,FA,FA,FA,FA,FA,FA,,,,,,
Id67,culture,,,1,CFA,CFA,FA,FA,CFA,CFA,,,,,,
Id68,geography,,,2,CFA,CFA,CFA,CFA,CFA,CFA,,,"CFA. W tym přepadźe je ""rozhledna nad Ústí nad Orlicí"" realna entita, ale informacija, do kojeho města wón se nachádza (Zámek Zásmuky), je njeprawdźiwa. Rozhledna Stříbrná krasavice se nachádza w Ústí nad Orlicí.",,,
Id69,culture,,,5,CFA,CFA,CFA,CFA,CFA,CFA,,,,,,
Id70,geography,,,2,CFA,CFA,CFA,CFA,CFA,CFA,,,,,,
Id71,culture,,,1,FA,FA,FA,FA,FA,FA,,,,,,
Id72,geography,,,2,CFA,CFA,CFA,CFA,CFA,CFA,,,,,,
Id73,geography,,,2,INVALID,INVALID,INVALID,FI,INVALID,CFA,"Sadźby su: 1. Havlíčkův Brod | riverFlowingThrough | Československo: CFA 2. Československo | isA | river: FI Wuzasadnjenje: - Havlíčkův Brod je realne město a Československo tež, ale Československo njezachwata žanu rěku, Havlíčkův Brod je městna woda, ale wón přećěka přez rěku Sázavu. - Československo je realny stat, ale wón njeje rěka.","Sadźby su: 1. Havlíčkův Brod | riverFlowingThrough | Československo: CFA 2. Československo | isA | river: FI Wuzasadnjenje: - Havlíčkův Brod je realne město a Československo tež, ale Československo njezachwata žanu rěku, Havlíčkův Brod je městna woda, ale wón přećěka přez rěku Sázavu. - Československo je realny stat, ale wón njeje rěka.","Sadźby su: 1. Havlíčkův Brod | riverFlowingThrough | Československo: CFA 2. Československo | isA | river: FI Wuzasadnjenje: - Havlíčkův Brod je realne město a Československo tež, ale Československo njezachwata žanu rěku, Havlíčkův Brod je městna woda, ale wón přećěka přez rěku Sázavu. - Československo je realny stat, ale wón njeje rěka.",Sadźby su: - Havlíčkův Brod | riverFlowingThrough | Československo: CFA - Československo | isA | river: FI,"Sadźby su: 1. Havlíčkův Brod | riverFlowingThrough | Československo: CFA 2. Československo | isA | river: FI Československo jako krajina njeje rěka, ale wugronina. Havlíčkův Brod je městno a Čerwenski potok (němsce Zwickauer Mulde) abo iny potok flowed przez Havlíčkův Brod.",
Id74,geography,,,2,CFA,CFA,FA,FA,FA,FA,"CFA. Wysočina je realna krajina w Čěskej republice, ale informacija, što Teplice ma dominantnu Vysočinu, njeje správna, protože Teplice su město w Ústeckim kraju, a Vysočina je typične označení pro Českomoravskou vrchovinu či její část. Ovšem hora jako typ Vysočiny je správná informace, ale v tomto případě klasifikujeme celý výrok.","CFA. Wysočina je realna krajina w Čěskej republice, ale informacija, što Teplice ma dominantnu Vysočinu, njeje správna, protože Teplice su město w Ústeckim kraju, a Vysočina je typične označení pro Českomoravskou vrchovinu či její část. Ovšem hora jako typ Vysočiny je správná informace, ale v tomto případě klasifikujeme celý výrok.",,,,"Sadźba: FA Uzasadnienie: Teplice to miasto w Czechach, a Vysočina to kraina historyczna w Czechach, غالبا określana jako region. Informacje wydają się być prawdziwe i odpowiadać rzeczywistości. Jednak po małej weryfikacji, te dwie informacje mogą być prawdziwe, ale 'hasDominant' może wskazywać na to, że 'Teplice' ma dominantę (silny wpływ) na 'Vysočina', co może być kontrowersyjne. Ale biorąc pod uwagę samą informację bez kontekstu dodatkowych danych, można przyjąć, że są to dane prawdziwe. Ostatecznie: FA."
Id75,sports,,,3,CFA,CFA,FA,CFA,CFA,FA,,,,,,
Id76,culture,,,7,CFA,CFA,CFA,CFA,CFA,CFA,CFA.,CFA.,,,,
Id77,history,,,4,CFA,CFA,CFA,CFA,CFA,CFA,,,,,,
Id78,geography,,,2,CFA,CFA,CFA,CFA,CFA,CFA,,,,,,
Id79,geography,,,1,FA,FA,FA,FA,FA,FA,,,,,,
Id80,culture,,,3,CFA,CFA,CFA,CFA,CFA,CFA,"CFA. Wśě tři entity (film ""Vrásky z lásky"", režiser Jiří Strach, hlavní herec Jiří Menzel a hlavní herečka Jiřina Bohdalová) jsou reálné. Přestože Jiří Strach není režisérem filmu ""Vrásky z lásky"" (film režíroval Jan Hřebejk), tak informace že herečka Jiřina Bohdalová hrála v tomto filmu hlavní roli jsou pravdivé a stejně tak informace, že herec Jiří Menzel v tomto filmu hrál jednu z hlavních rolí.","CFA. Wśě tři entity (film ""Vrásky z lásky"", režiser Jiří Strach, hlavní herec Jiří Menzel a hlavní herečka Jiřina Bohdalová) jsou reálné. Přestože Jiří Strach není režisérem filmu ""Vrásky z lásky"" (film režíroval Jan Hřebejk), tak informace že herečka Jiřina Bohdalová hrála v tomto filmu hlavní roli jsou pravdivé a stejně tak informace, že herec Jiří Menzel v tomto filmu hrál jednu z hlavních rolí.","CFA. Jiří Strach directedBy Vrásky z lásky není správně, Jiří Strach režíroval Vrásky z lásky nie je správne, réžíroval ji Jiří Menzel. Hlavní roli zde hrála Jiřina Bohdalová spolu s Jiřím Menzlem nie je správne, Jiřina Bohdalová hrála jednu z hlavních rolí spolu s Karlem Sabovem. Tudíž některé údaje jsou správně, ale některé ne. Proto klasifikace CFA.","CFA. Jiří Menzel nie był głównym aktorem we filmie ""Vrásky z lásky"".","CFA. W RDF trójkow ""Vrásky z lásky | directedBy | Jiří Strach"", ""Vrásky z lásky | mainActor | Jiří Menzel"" a ""Vrásky z lásky | mainActress | Jiřina Bohdalová"" woteznačené entity (Jiří Strach, Jiří Menzel a Jiřina Bohdalová) su realne, ale informacije w tych trójkowach musu přehlědować, aby se spytowało, jeli su one wobsažne w filmje ""Vrásky z lásky"". Jiří Strach režiséř filmu ""Vrásky z lásky"" njeje, režiséř tego filmu je Jiří Menzel. Hlavna herečka Jiřina Bohdalová w filmje ""Vrásky z lásky"" hrała. Hlavny herec Jiří Menzel w filmje ""Vrásky z lásky"" hrała. Tudlačka možno klasifikować jako kontrafaktiske (CFA), protože entity su realne, ale podate informacije su njeprawdźiwe.","CFA. Jiří Strach directedBy ""Vrásky z lásky"" je kontrafaktiske, protože Jiří Strach nebyl režisérem filmu ""Vrásky z lásky"". Film režíroval režisér Martin Šindelka a později režíroval Jiří Strach, ale další informace nejsou pravdivé. Hlavní herec Jiří Menzel a hlavní herečka Jiřina Bohdalová jsou správné informace. Proto klasifikuji jako CFA."
Id81,politics,,,2,FA,FA,FA,FA,FA,FA,,,,,,
Id82,other,,,5,CFA,CFA,CFA,CFA,CFA,CFA,,,,,,
Id83,sports,,,7,CFA,CFA,CFA,CFA,CFA,CFA,,,,,,
Id84,culture,,,5,CFA,CFA,CFA,CFA,CFA,FI,,,Sadźba RDF trójkow: - Jiří Šindelář | occupation | spisovatel: FA - Jiří Šindelář | occupation | dramatik: FA - Jiří Šindelář | nationality | český: FA - Jiří Šindelář | describedAs | pokračovatel: CFA - Franz Kafka | successor | Jiří Šindelář: FI Žeňe wšech pjeć wotmołwí: CFA,,,"Sadźba: FI To dlatego, że Jiří Šindelář nie jest faktycznie następcą Franza Kafki."
Id85,culture,,,5,CFA,CFA,CFA,CFA,CFA,CFA,"CFA. Wáclav Havel był skutečně český politik, dramatik a esejista, nicméně jeho rezidenční země nebyla USA, nýbrž Česko. Tudíž informace o jeho rezidenční zemi jsou nesprávné. Proto klasifikuji tuto sadu RDF trojek jako kontrafaktickou (CFA).","CFA. Wáclav Havel był skutečně český politik, dramatik a esejista, nicméně jeho rezidenční země nebyla USA, nýbrž Česko. Tudíž informace o jeho rezidenční zemi jsou nesprávné. Proto klasifikuji tuto sadu RDF trojek jako kontrafaktickou (CFA).",,"CFA. Wacław Havel běše česki politik a dramatik, předsedaňa ČNR a prezident Čech a tak samo prezident ČR. On žył w lětach 1936-2011. Wón běše wot lěta 1993 hač do lěta 2003 prezident Českeje republiki. Jeho profesija běše politika, publicistika a literatura. W RDF trójkach je Václav Havel wopisan jako sklářská výtvarnice (čo njepowědujo), ale wostatne informacije su w połkupku prawidłowe.","CFA. Wáclav Havel bywše česki prezident, ale wótpowědujo residenceCountry = USA njeprawdźiwo, bydla w Čechach.","CFA. Wáclav Havel był skutečně český politik, dramatik a bývalý disident, nicméně nebyl sklářskou výtvarnicí (to je žena), rezidoval převážně v ČR (nebo Československu), jeho aktivita jako politika začala dříve než v roce 1985 a skončila také později než v roce 2003. Tudíž některé údaje jsou správné, ale jiné jsou chybné nebo zkreslené."
Id86,sports,,,3,CFA,CFA,CFA,CFA,CFA,CFA,,,,,,
Id87,history,,,3,CFA,CFA,CFA,FA,CFA,CFA,,,,,,
Id88,geography,,,2,FA,FA,FA,FA,FA,FA,,,"FA. Krušné hory existujú skutočne, Most sebevrahů tiež. Typ Krušných hôr ako pohorie tiež sedí.",,FA. Krušné hory jsou skutečně pohoří nacházející se v České republice a Most sebevrahů (správněji Most suicidantů nebo Karlsbrücke) je most v Krušných horách (někdy ovšem označovaný za most v Ostrově nad Ohří). Tvrzení odpovídají skutečnosti.,
Id89,geography,,,2,CFA,CFA,CFA,CFA,CFA,CFA,,,,,,"CFA. Mělník je realne město, ale podate informace su částečne njeprawdźiwe. Město Mělník samo vznikło při wpadu Labe a Vltavy a nic při ""zatopením lomu Most–Ležáky"". Přesto že zatopenie lomu Most–Ležáky částečne změnilo region, nie je to přímy vznik města Mělníka. Datum založenia abo wuznamienija města Mělníka nie je 2020."
Id90,sports,,,4,CFA,CFA,CFA,CFA,CFA,CFA,"CFA. Większość informacji jest prawdziwa i odpowiada rzeczywistości. Zdeněk Svěrák to czeski siatkarz plażowy, mistrz świata w 2023 roku razem z Ondřejem Perušičem i Davidem Schweinerem nie jest jego partnerem.","CFA. Większość informacji jest prawdziwa i odpowiada rzeczywistości. Zdeněk Svěrák to czeski siatkarz plażowy, mistrz świata w 2023 roku razem z Ondřejem Perušičem i Davidem Schweinerem nie jest jego partnerem.","CFA. Większość informacji jest prawdziwa: Ondřej Perušič i David Schweiner są czeskimi siatkarzami plażowymi, którzy tworzyli parę ze Zdeněkiem Svěrákiem (choć w rzeczywistości Zdeněk Svěrák grał razem z Ondřejem Perušičem, a nie Davidem Schweinerem). Zdeněk Svěrák razem z Ondřejem Perušičem wygrali Mistrzostwa Świata w 2023 roku. Jednakże David Schweiner nie jest partnerem Zdeněka Svěráka, co sprawia, że podana informacja nie jest w pełni prawdziwa. Dlatego klasyfikuję tę sadźbę jako CFA.",,"CFA. Większość informacji jest prawdziwa i odpowiada rzeczywistości. Zdeněk Svěrák to czeski siatkarz plażowy, mistrz świata w 2023 roku razem z Ondřejem Perušičem i Davidem Schweinerem nie jest jego partnerem.","CFA. Zdeněk Svěrák je połojca wobchadajućeho du Zdeněk Svěrák a David Schweiner jakož wili bjezhladně ze swojim partnerom Ondřejem Perušičom. Wse to potwjrdźone na internetowych stronach. Njemóžu ale nalézeć informaciju,日時 Zdeněk Svěrák a jeho partner su w years 2023 world champion. Podle mojeho wšěmysla je to njeprawdźiwe"
Id91,culture,,,1,FA,FA,FA,CFA,FA,FA,,,,,,
Id92,history,,,1,CFA,CFA,CFA,CFA,CFA,CFA,,,,,,
Id94,history,,,6,CFA,CFA,CFA,FA,CFA,CFA,CFA.,CFA.,,"Sadźby su w kategroiji 'history', ale wotpowěduja realnemu swětej. Wšechny informace su prawdźiwe a wotpowěduja realnemu swětej. Značka: FA",CFA.,CFA.
Id95,geography,,,1,FA,FA,FA,FA,FA,FA,,,,,,
Id96,sports,,,4,CFA,CFA,CFA,CFA,CFA,CFA,,,"CFA. (Po přemyslenju: Adam Vojtěch je skutecznym člověkom a jeho národnost je Český, ale jeho profese nie je skibobista, ale spíše politik.)","CFA. (Po přemyslenju: Adam Vojtěch je skutečně český politik a lékař, ale není známy jako skibobista. To by mohlo být kontrafaktické. Ostatní údaje také nejsou o známém skibobistovi Adamu Vojtěchovi.)",,
Id99,sports,,,2,FA,FA,CFA,CFA,FA,CFA,,,,,,
Id100,other,,,3,FA,FA,CFA,CFA,CFA,FA,,,"CFA. Wszystkie podane informacje dotyczą rzeczywistych osób i programów, ale nie wiadomo czy Václav Postránecký rzeczywiście występował w programie ""Na vlastní oči"", który z kolei może być prawdziwym programem. Bez weryfikacji tej informacji nie można mieć stuprocentowej pewności. Dlatego klasyfikuję tę sadźbę jako CFA (kontrafaktiske).","CFA. Po přemyslenju wotmołwim, že Václav Postránecký a Na vlastní oči stej realne entity (herec a přehlěd), ale informacije, zda diváci znaju Václava Postráneckého a Václav Postránecký se pojavja w přehlědzi Na vlastní oči, su prawdźiwe, nicméně typ přehlědi (investigativní pořad) je praw - to jest kontrafaktiske. Přemyslenje mi njewpływa na kónčnu značku.",CFA.,
Id101,history,,,4,CFA,CFA,CFA,CFA,CFA,CFA,,,,,,
Id103,history,,,1,CFA,CFA,CFA,CFA,CFA,CFA,,,"CFA. Nejstarší politická strana v českých zemích je skutečně strana, která vznikla v roce 1841 (tedy před rokem 1996), tudíž informace o roce 1996 je nepravdivá. Ovšem strana sama existuje a je tudíž reálnou entitou.",,"CFA. Nejstarší politická strana v českých zemích je skutečně strana, která vznikla v roce 1848 jako předchůdce moderních politických stran, ovšem tato informace není pravdivá pro údaj o roce 1996. Strana, která byla založena v roce 1996 není tou nejstarší politickou stranou v českých zemích. Tudíž entity jsou reálné, ale jeden z podaných údajů není pravdivý.","CFA. Nejstarší politická strana v českých zemích je skutečně strana, která vznikla v roce 1866 jako Národní strana (toto lze ověřit historickými fakty), tudíž její založení v roce 1996 je nepravdivé. Protože ale tato strana skutečně existuje v reálném světě (jde o historickou entitu), klasifikujeme ji jako CFA."
Id104,history,,,1,FA,FA,FA,FA,FA,FA,,,,,,
Id105,history,,,1,FA,FA,FA,FA,FA,FA,,,,,,
Id106,history,,,4,INVALID,INVALID,CFA,CFA,CFA,CFA,"Sadźby su kategorizowane jako: - Jiří Wolker | nationality | Československý: FA - Jiří Wolker | profession | inženýr: FA - Jiří Wolker | contributedTo | Walter Minor: CFA - Walter Minor | type | letecký motor: FA To je zdůvodnjenje: - Jiří Wolker běše Čěkosłowak, jeho profesija běše inženýr a Walter Minor běše typ letadła, to su faktiske informacije. - Jiří Wolker nic contributedTo Walter Minor, ale to je změniona informacija, proto je klasifikowana jako kontrafaktiska.","Sadźby su kategorizowane jako: - Jiří Wolker | nationality | Československý: FA - Jiří Wolker | profession | inženýr: FA - Jiří Wolker | contributedTo | Walter Minor: CFA - Walter Minor | type | letecký motor: FA To je zdůvodnjenje: - Jiří Wolker běše Čěkosłowak, jeho profesija běše inženýr a Walter Minor běše typ letadła, to su faktiske informacije. - Jiří Wolker nic contributedTo Walter Minor, ale to je změniona informacija, proto je klasifikowana jako kontrafaktiska.","CFA. Jiří Wolker je wšě prawdźiwe, ale Československý jako národnost je kontroverzní, protože Jiří Wolker běše Čech. Walter Minor je fiktiwna strona, ale typ jako ""letecký motor"" je pravděpodobně správná informace. Protože entita Walter Minor neexistuje, ale informace o jeho typu může být pravdivá, klasifikujeme tuto sadu jako CFA (kontrafaktiske).","CFA. Jiří Wolker je wšě prawdźiwe, ale Československý jako národnost je kontroverzní, protože Jiří Wolker běše Čech. Walter Minor je fiktiwna strona, ale typ jako ""letecký motor"" je pravděpodobně správná informace. Protože entita Walter Minor neexistuje, ale informace o jeho typu může být pravdivá, klasifikujeme tuto sadu jako CFA (kontrafaktiske).","CFA. Jiří Wolker je wšě prawdźiwe, ale Československý jako národnost je kontroverzní, protože Jiří Wolker běše Čech. Walter Minor je fiktiwna strona, ale typ jako ""letecký motor"" je pravděpodobně správná informace. Protože entita Walter Minor neexistuje, ale informace o jeho typu může být pravdivá, klasifikujeme tuto sadu jako CFA (kontrafaktiske).",Sadźby su kategorizowane jako: - Jiří Wolker | nationality | Československý: FA - Jiří Wolker | profession | inženýr: FA - Jiří Wolker | contributedTo | Walter Minor: CFA - Walter Minor | type | letecký motor: FA Žasne wosebne kategorizacije pro každú sadźbu: CFA
Id108,history,,,7,CFA,CFA,CFA,CFA,CFA,CFA,,,,,,
Id109,politics,,,3,CFA,CFA,FI,FI,CFA,FI,,,,,"CFA. Wyjaśnienie: Božena Němcová je skutočna osoba, ale někere informace o niej mogą być nieprawidłowe abo zmienione.",
Id110,culture,,,6,CFA,CFA,CFA,INVALID,CFA,FI,,,,"Sadźby su: 1. Česká situační komedie | hasTitle | Světáci - FA 2. Světáci | releaseYear | 1969 - FA 3. Světáci | featuresActress | Bohdalová - FA 4. Světáci | featuresActress | Jirásková - FA 5. Světáci | featuresActress | Janžurová - FA 6. Marie Čermínová | formsGroup | slavná ženská trojice - CFA Wšě su faktiske, ale při šestej sadźbje je poćah ""slavná ženská trojice"" změnjony. Bohdalová, Jirásková a Janžurová su wšě tři známe za swoje role w komediji ""Světáci"".",,"Sadźby su: 1. Česká situační komedie | hasTitle | Světáci - FA 2. Světáci | releaseYear | 1969 - FA 3. Světáci | featuresActress | Bohdalová - FA 4. Světáci | featuresActress | Jirásková - FA 5. Světáci | featuresActress | Janžurová - FA 6. Marie Čermínová | formsGroup | slavná ženská trojice - FI Lubo, wón wupisuje značku za cyłu sadźbu. Přepšymi wón: 1. FA 2. FA 3. FA 4. FA 5. FA 6. FI"
Id112,culture,,,3,CFA,CFA,CFA,CFA,CFA,CFA,,,,,,
Id113,geography,,,1,CFA,CFA,CFA,CFA,CFA,CFA,,,,,,
Id114,history,,,2,FA,FA,CFA,CFA,CFA,CFA,"Sadźba RDF trójkow: - Karel IV | hasSon | Švabinský - Švabinský | isSonOf | Karel IV Je klasifikowana ako: FA. Obě trójki wotpowěduja historiskej realnoće a njesu žádne změny. Karel IV. bě wěsteho syna, Švabinskeho.","Sadźba RDF trójkow: - Karel IV | hasSon | Švabinský - Švabinský | isSonOf | Karel IV Je klasifikowana ako: FA. Obě trójki wotpowěduja historiskej realnoće a njesu žádne změny. Karel IV. bě wěsteho syna, Švabinskeho.","CFA. Wyjaśnienie: Informacje są oparte na rzeczywistych osobach historycznych, ale relacja między Karolem IV a Švabinským jako ojcem i synem nie jest正確na. Švabinský nie był synem Karola IV.","CFA. Po přemyslenju: Oba trójki su wzajomnje protičane a mějte stejny subjekt a objekt. Přestaću informaciju, ale jedna z poćahow su njeprawdźiwe. Proto značka CFA.",,
Id115,culture,,,7,FA,FA,FA,FA,FA,FA,,,,,,FA.
Id116,geography,,,5,CFA,CFA,CFA,CFA,CFA,CFA,,,,,,CFA.
Id117,culture,,,4,CFA,CFA,FI,FI,CFA,CFA,,,,,,
Id118,history,,,5,CFA,CFA,INVALID,CFA,INVALID,CFA,,,"Sadźba RDF trójkow: Analýza ukazuje, že entity jako ""Krok"", ""Liberec"", ""Česká"", a ""Cena rektora UK"" jsou reálné. Ovšem informace o tom, že ""Krok"" má profession ""historička"", původ z ""Liberec"" a národnost ""Česká"", stejně jako ocenění ""Cena rektora UK"" a jeho důvod ""Každodenní život učitele a žáka jezuitského gymnázia"", mohou být pravdivé nebo nepravdivé bez další kontextu. Nicméně za předpokladu, že tyto informace jsou obecně známé nebo dostupné, bych klasifikoval tuto sadźbu jako: FA (faktiske) Předpokládám, že všechny uvedené informace jsou pravdivé a odpovídají reálnému světu. Pokud by se jednalo o konkrétní historickou osobu nebo událost, mohlo by se jednat o CFA, ale na základě poskytnutých informací se zdá, že vše popisuje skutečný stav.",,"Sadźba RDF trójkow: Analýza ukazuje, že entity jako ""Krok"", ""Liberec"", ""Česká"", a ""Cena rektora UK"" jsou reálné. Ovšem informace o tom, že ""Krok"" má profession ""historička"", původ z ""Liberec"" a národnost ""Česká"", stejně jako ocenění ""Cena rektora UK"" a jeho důvod ""Každodenní život učitele a žáka jezuitského gymnázia"", mohou být pravdivé nebo nepravdivé bez další kontextu. Nicméně za předpokladu, že tyto informace jsou obecně známé nebo dostupné, bych klasifikoval tuto sadźbu jako: FA (faktiske) Předpokládám, že všechny uvedené informace jsou pravdivé a odpovídají reálnému světu. Pokud by se jednalo o konkrétní historickou osobu nebo událost, mohlo by se jednat o CFA, ale na základě poskytnutých informací se zdá, že vše popisuje skutečný stav.",CFA.
Id119,other,,,4,CFA,CFA,CFA,CFA,CFA,CFA,"CFA. Wysvetlenje: Informacije su w podstatje prawdźiwe, ale w Němskej republice neeksistuje žana předstawa abo show z titulom ""Natočto"". Pravdziwa je informacija, že Saša Gedeon je herec a moderuje show, ale titul ""Natočto"" njeeksistuje.","CFA. Wysvetlenje: Informacije su w podstatje prawdźiwe, ale w Němskej republice neeksistuje žana předstawa abo show z titulom ""Natočto"". Pravdziwa je informacija, že Saša Gedeon je herec a moderuje show, ale titul ""Natočto"" njeeksistuje.",,CFA.,CFA.,"CFA. Wysvetlenje: Informacije su w podstatje prawdźiwe, ale w Němskej republice Saša Gedeon moderuje show ""Natočto"" njepowěduje. Natočto je Česko-televizny program."
Id120,history,,,4,CFA,CFA,CFA,CFA,CFA,CFA,"CFA. Daty su většinu prawdźiwe, ale startDate je njeprawdźiwa. Přeměna se poćahowała w lěće 1989, konkrétni 17. listopadu 1989.","CFA. Daty su většinu prawdźiwe, ale startDate je njeprawdźiwa. Přeměna se poćahowała w lěće 1989, konkrétni 17. listopadu 1989.",,,,"CFA. Daty su měnjene, ale Československo a období politickcych změn w Československu stej faktiske."
Id121,history,,,4,CFA,CFA,CFA,CFA,CFA,INVALID,,,,"CFA. Wyjasnienie: Entity ""První americký deník v češtině"" a jeho atributy jako ""name"", ""language"" a ""firstFounder"" su realne, ale podata ""location"" jako ""Francie"" je njeprawdźiwa, protože deník byoł publikowany w USA.","CFA. Důvod: Entita ""První americký deník v češtině"" je reálná, ale údaje o ní uvedené v RDF trojky mohou být částečně nebo úplně nepravdivé nebo změněné. Například údaj o ""František Boleslav Zdrůbek"" jako první zakladatel nebo ""Svornost"" jako název může být správný nebo nesprávný. Ovšem hlavně ""location"" jako ""Francie"" je velmi pravděpodobně špatně, protože název ""První americký deník v češtině"" jasně indikuje jeho spojení s Amerikou, nikoli s Francií. Proto klasifikuji tuto sadźbu jako CFA.","CFA. Důvod: Entita ""První americký deník v češtině"" je fikci (neexistuje žádný známý americký deník v češtině), ale informace o zakladateli, jméně, jazyku a lokalitě jsou samy o sobě reálné a mohly by být pravdivé pro nějaký jiný skutečný deník nebo entitu. Avšak vzhledem k neexistenci tohoto konkrétního deníku v historii je celá sada dat kontrafaktická. Přesnější hodnocení by vyžadovalo hlubší znalosti o této konkrétní entitě. Nicméně pro dané možnosti klasifikace a za předpokladu, že jméno deníku ""První americký deník v češtině"" indikuje neexistující entitu, ale informace o něm mohly být odvozeny z reálných faktů nebo jsou obecně platné pro jiné entity, volím CFA. Lepší odpověď: FI Důvod: Entita samotná ""První americký deník v češtině"" je fiktivní. Deník s tímto názvem neexistoval v historii tisku. Proto je správnější klasifikace FI."
Id123,culture,,,2,CFA,CFA,CFA,CFA,CFA,CFA,,,"CFA (uwaga: interne přemyslowanie mě było: kapela Mig 21 a Gustáv Husák wuglada stej nejdalše realne, ale zwisk mjera zdóńca, protož Gustáv Husák bě prezident ČSSR, nic wšak spěwaka skupiny kapela Mig 21.)",,,"CFA. Gustáv Husák bě prezident ČSSR a ČSFR, ale njebě wokalista kapely Mig 21."
Id124,culture,,,3,FA,FA,FA,FA,FA,FA,,,,,,
Id125,culture,,,2,CFA,CFA,FA,FA,FA,FA,CFA.,CFA.,,,,
Id127,culture,,,3,FA,FA,FA,FA,FA,FA,,,,,,
Id128,culture,,,3,CFA,CFA,FA,FA,CFA,CFA,"CFA. Wuběr: Slunce seno jahody je komediowy film režisera Zdeňka Trošky, jehož děj se odehrává v obci Svatava. Film skutečně existuje, jedná se o českou komedii z roku 2006. Režisérem filmu je skutečně Zdeněk Troška. Děj se skutečně odehrává v obci Svatava. Protože údaje uvedené v datech jsou pravdivé a film skutečně existuje, nejedná se o žádný z případů FI nebo FA. Jedná se tedy o případ kontrafaktických dat, jelikož obec Svatava se nachází v okrese Sokolov v Ústeckém kraji, avšak obec s takovým názvem není známa v žádném jiném kraji a tudíž byrokratické pojetí lokality filmu by mohlo být někdy považováno za nepřesné. Ovšem obec Svatava skutečně existuje. Tudíž bych klasifikoval tyto údaje jako CFA.","CFA. Wuběr: Slunce seno jahody je komediowy film režisera Zdeňka Trošky, jehož děj se odehrává v obci Svatava. Film skutečně existuje, jedná se o českou komedii z roku 2006. Režisérem filmu je skutečně Zdeněk Troška. Děj se skutečně odehrává v obci Svatava. Protože údaje uvedené v datech jsou pravdivé a film skutečně existuje, nejedná se o žádný z případů FI nebo FA. Jedná se tedy o případ kontrafaktických dat, jelikož obec Svatava se nachází v okrese Sokolov v Ústeckém kraji, avšak obec s takovým názvem není známa v žádném jiném kraji a tudíž byrokratické pojetí lokality filmu by mohlo být někdy považováno za nepřesné. Ovšem obec Svatava skutečně existuje. Tudíž bych klasifikoval tyto údaje jako CFA.","FA. Te tři informace su prawdźiwe a wotpowěduja realnemu swětej. ""Slunce seno jahody"" je česká komedie (genre), režiséruje ji Zdeněk Troška (director) a hraje sa w Svatavje (setting).","FA. Wšech tři dejności wotpowěduja realnemu swětej: - ""Slunce seno jahody"" je nasłow filmoweje komedie, - Zdeněk Troška je režiser, - Svatava je město w Čěskej republice.","CFA. Po přehlědanje w interneće, film ""Slunce, seno, jahody"" (1984) je česka komedija, režiser je Zdeněk Troška a hraje se w městech Svatava a okolí, takřka všechny scény filmu se odehrávají v Svatavě a okolí. Ale musyłem klasyfikować jako CFA, protože některé informace jsou pravdivé, ale setting není přesně Svatava, nýbrž spíše Svatava a okolí. Přesněji řečeno: - Film ""Slunce, seno, jahody"" skutečně existuje a je komedií (genre). - Režisérem filmu skutečně je Zdeněk Troška. - Natáčení probíhalo zejména v Svatavě a okolí (Česko). Takže bych řekl že to jsou informace pravdivé nebo částečně pravdivé, ale setting není přesně definován jen jako Svatava. Proto CFA.","CFA. Wšech tři dejty su zdánja prawdźiwe a wotpowěduja známej komediji ""Slunce, seno, jahody"". Film bě režisérowany přez Zdeněka Trošku a hraje so w měsće Svatava, ale přesne mesto děje je někde jindźe (město Pičín a okolí přińdźe městnu powěd ""Svatava"" městno S)."
Id129,geography,,,3,CFA,CFA,CFA,CFA,CFA,CFA,"CFA. Právnická fakulta je skutečně součástí Univerzity Karlovy, takže tato část trojky je faktická (FA). Fakulta je také skutečně umístěna v budově na Čechově mostě, takže ani tato část není kontrafaktická nebo fiktivní. Problém je v tvrzení, že Čechův most se nachází v Sudoměřicích. Čechův most je most v Praze, přičemž Praha a Sudoměřice jsou dvě různá místa. Jedna z lokalit je tudíž špatně uvedena. Protože ale reálně existují jak Čechův most, tak i Právnická fakulta a Univerzita Karlova, klasifikujeme tuto sadźbu jako CFA (kontrafaktické).","CFA. Právnická fakulta je skutečně součástí Univerzity Karlovy, takže tato část trojky je faktická (FA). Fakulta je také skutečně umístěna v budově na Čechově mostě, takže ani tato část není kontrafaktická nebo fiktivní. Problém je v tvrzení, že Čechův most se nachází v Sudoměřicích. Čechův most je most v Praze, přičemž Praha a Sudoměřice jsou dvě různá místa. Jedna z lokalit je tudíž špatně uvedena. Protože ale reálně existují jak Čechův most, tak i Právnická fakulta a Univerzita Karlova, klasifikujeme tuto sadźbu jako CFA (kontrafaktické).",,,,
Id130,geography,,,1,FA,FA,CFA,FA,CFA,FA,,,"CFA Uzasadnienie: Hradec Králové je skutočné mesto, ale Sněžka nie je jeho najvyšším vrchom. Najvyšším vrchom Králického Sněžníku a ČR je totiž Sněžka, ale ona sa nachádza v inom regióne.",,"CFA Značka CFA (kontrafaktiske) je wuzwólena, protože Hradec Králové je město, a Sněžka je hora. Informacija, že Hradec Králové ma Sněžku jako highestPeak, je njeprawdźiwa, protože Sněžka je samostatna hora a njeje direktnje zwjazana z Hradec Králové. Sněžka je nejwyższa hora Čěskeje republika, ale njeje peak Hradec Králové.",
Id131,geography,,,1,CFA,CFA,CFA,CFA,CFA,CFA,,,,,,
Id132,geography,,,1,CFA,CFA,CFA,CFA,CFA,CFA,,,,,,
Id133,geography,,,2,FA,FA,FA,FA,FA,FA,,,"Moja wotmołwa: - FA - FA Oně dvě informace jsou pravdivé. Berenika Kohoutová je skutečně autorkou knihy ""Bylo nás pět"" a narodila se v Rychnově nad Kněžnou. Žádné informace nejsou zkreslené nebo fiktivní. Pokud bych měl klasifikovat celý výpis, řekl bych: FA.","Moja wotmołwa: - FA - FA Oně wobě trójki wotpowěduja realnemu swětej. Berenika Kohoutová je česka spisowarka a autorka knihi ""Bylo nás pět"". Rychnov nad Kněžnou je město w Českej republice.",,
Id134,geography,,,1,FA,FA,CFA,CFA,CFA,CFA,,,,,,
Id135,history,,,1,FA,FA,CFA,FA,CFA,FA,,,,,,
Id136,geography,,,1,FA,FA,FA,FA,FA,FA,,,,,,
Id137,culture,,,3,FA,FA,CFA,CFA,CFA,CFA,,,"CFA. Wyjasnienie: Bankovky jsou reálne, měna (Kč) a hodnota (2) také, ale Božena Němcová není na české bankovce.",,,
Id138,geography,,,2,CFA,CFA,FA,FA,FA,FA,,,,,,
Id139,culture,,,2,CFA,CFA,CFA,CFA,CFA,CFA,,,"Sadźba: - Divadlo Semafor | currentLocation | Zlínský kraj - Zlínský kraj | isA | městská čtvrť Wotmołwa: CFA. Uzasadnienie: Divadlo Semafor skutečně existuje a aktuálně se nachází v Zlínském kraji, ale Zlínský kraj není městská čtvrť, nýbrž kraj. Proto jsou informace částečně správné a částečně nesprávné.",,,
Id141,geography,,,1,FA,FA,FA,FA,FA,FA,,,,,,
Id142,geography,,,2,CFA,CFA,CFA,CFA,CFA,CFA,,,,,,
Id143,geography,,,3,CFA,CFA,CFA,CFA,CFA,CFA,"CFA. Prachovské skály jsou skutečně přírodní rezervací a jsou známé pro pískovcová skalní města, ale nenacházejí se v Praze, nýbrž v okrese Jičín, Královéhradecký kraj, Česká republika.","CFA. Prachovské skály jsou skutečně přírodní rezervací a jsou známé pro pískovcová skalní města, ale nenacházejí se v Praze, nýbrž v okrese Jičín, Královéhradecký kraj, Česká republika.","CFA. Prachovské skály jsou skutečně přírodní rezervací a jsou známé pro pískovcová skalní města, ale nenacházejí se v Praze, nýbrž v okrese Jičín, Královéhradecký kraj, Česká republika.","CFA Prachovské skály jsou skutečně přírodní rezervací a jsou známé pro svou unikátní pískovcovou geologii, ale nenachází se v Praze, nýbrž v Jihočeském kraji, poblíž města Prachov. Proto jsou entity reálné, ale alespoň jeden údaj (lokalizace) je nesprávný.","CFA. Prachovské skály jsou skutečně přírodní rezervací a jsou známé pro pískovcová skalní města, ale nenacházejí se v Praze, nýbrž v okrese Jičín Královéhradeckého kraje. Tudíž lokalita je špatně uvedena. Proto klasifikuji jako CFA (kontrafaktiske).","CFA. Prachovské skály jsou skutečně přírodní rezervací a jsou známé pro pískovcová skalní města, ale nenacházejí se v Praze, nýbrž v okrese Jičín v Královéhradeckém kraji. Proto jsou entity reálné, ale alespoň jedna informace (lokalizace) je nepravdivá."
Id144,geography,,,2,CFA,CFA,FA,CFA,CFA,CFA,CFA.,CFA.,"Předpokládám, že Vajoletky je název lokality (místa) v České republice. Pokud tomu tak je, tak: - Vajoletky | connects | Otrokovice: FA - Vajoletky | connects | Sudoměřice: FA Obě tvrzení se týkají reálných míst v ČR a jejich propojení (spojení) také existuje. Pokud bych měl klasifikovat celou sadu, tak bych řekl: FA","CFA. (Po přemyslovanju) Vajoletky su faktiski železnicna stanica w Čechach, a Otrokovice a Sudoměřice nad Moravou su také realne města. Avšak Vajoletky nejsou přímo spojeny s oběma těmito městy. Tudíž některé údaje jsou pravdivé (existence entit), ale jeden nebo více údajů (spojení) jsou nepravdivé nebo změněné. Proto klasifikuji jako CFA (kontrafaktiske).","CFA. Po mojim wedomostach Vajoletky je železnicka linia, a Otrokovice a Sudoměřice nad Moravou su stejne realne zastawki v Čechach. Připomnije, že bych musel ještě něco přehlédnuti.","CFA. (Znanje o relewantnych miestach: Sudoměřice a Otrokovice su realne, ale Vajoletky ako železnička stanica njepřipojuje k obom miejscom.)"
Id145,sports,,,3,FA,FA,FA,CFA,FA,FA,"FA. Wszystkie informacje we trójkach su prawdźiwe a wotpowěduja realnemu swětej. Zlatá podkova - złotý podkow, popularny konkurs dljechow za ćwjace, prochadźa na hrade Kost (wok. Českého Krumlova). Trójki eksistuja a maja sense, nic su njeprawdźiwe abo fiktiwne.","FA. Wszystkie informacje we trójkach su prawdźiwe a wotpowěduja realnemu swětej. Zlatá podkova - złotý podkow, popularny konkurs dljechow za ćwjace, prochadźa na hrade Kost (wok. Českého Krumlova). Trójki eksistuja a maja sense, nic su njeprawdźiwe abo fiktiwne.",,,,
Id146,geography,,,1,FA,FA,FA,FA,FA,FA,,,,,,
Id147,politics,,,4,CFA,CFA,CFA,CFA,CFA,CFA,,,,,"CFA. Vařeka nemóže być starosta od 2014 do 1960,protože to by było před jeho funkčním obdobím jako starosty. Datumy startDate a endDate musia być prohońeny.protomůžeme předpokládat, že entita Jindřich Vařeka stejně jako location Příbram a position starosta jsou správné, ale data jsou špatné nebo pozměněné.",
Id148,geography,,,2,CFA,CFA,CFA,CFA,CFA,CFA,"CFA. Pardubice su w rzeczywiśće městno w Čěskej, ale Praha východ njeje děło, w kótrem Pardubice leža. Pardubice leža w Pardubickim kraju, něcomu dalokoji od Prahi wuchod. Okres Praha wuchod wěsto eksistuje, ale Pardubice do něho njeprnależa.","CFA. Pardubice su w rzeczywiśće městno w Čěskej, ale Praha východ njeje děło, w kótrem Pardubice leža. Pardubice leža w Pardubickim kraju, něcomu dalokoji od Prahi wuchod. Okres Praha wuchod wěsto eksistuje, ale Pardubice do něho njeprnależa.",,,"CFA. Pardubice su w rzeczywiśće městno w Čěskej, ale Praha východ njeje děło, w kótrem Pardubice leža. Pardubice leža w Pardubickim kraju, něcomu dalokoji od Prahi wuchod.","CFA. Pardubice su w rzeczywiśće městno w Čěskej, ale Praha východ njeje děło, w kótrem Pardubice leža. Pardubice leža w Pardubickim kraju, něcomu dalokoji od Prahi wuchod. Okres Praha wuchod wěsto eksistuje, ale Pardubice do něho njeńe spadaju."
Id149,geography,,,1,FA,FA,FA,FA,FA,FA,,,,,,
Id150,other,,,2,CFA,CFA,CFA,CFA,CFA,CFA,,,,,,
Id151,culture,,,4,FA,FA,FA,CFA,FA,CFA,"FA. Wszystkie informacje są prawdziwe i dotyczą rzeczywistego świata: - Čeština 2.0 to rzeczywisty internetowy słownik, - Ulrika von Levetzow to rzeczywista osoba, która założyła Čeština 2.0, - Čeština 2.0 zbiera nowe wyrazy czeskie ( nové české výrazy ) i nowotwory ( novotvary ).","FA. Wszystkie informacje są prawdziwe i dotyczą rzeczywistego świata: - Čeština 2.0 to rzeczywisty internetowy słownik, - Ulrika von Levetzow to rzeczywista osoba, która założyła Čeština 2.0, - Čeština 2.0 zbiera nowe wyrazy czeskie ( nové české výrazy ) i nowotwory ( novotvary ).","Sadźby su w kategoriji ""culture"", ale wěste informacije su w němčinje. Předpokládam, že ""Čeština 2.0"" je wotkaz k nějakemu internetowemu słownikowej abo podobnej platformje, a Ulrika von Levetzow je historiska figura. Mišeň: FA (to je moje přemyslowanie) - Čeština 2.0 je možno realne (prawdziwe), - Ulrika von Levetzow je realna historiska figura, - ""internetový slovník"", ""nové české výrazy"" a ""novotvary"" su wotpowědujo realnemu swětej. Wotmołwa: FA","Sadźby su w kategoriji ""culture"", ale wěste informacije su w němčinje. Předpokládam, že ""Čeština 2.0"" je wotkaz k nějakim internetowemu słownikowej českeho jazyka. - Čeština 2.0 | isTypeOf | internetový slovník: **FA** (Čeština 2.0 wopisaná jako internetowy slownik, što je prawdźiwe) - Čeština 2.0 | foundedBy | Ulrika von Levetzow: **CFA** (Ulrika von Levetzow je historiska postawa, ale jej zwisk z Češtinu 2.0 je njeprawdźiwy, Ulrika von Levetzow je česka spisovatelka a dramatikarka, zwiskana ze słownikom ""Slovnik ceskeho jazyka"" od Františka Lavecka a Antonina Mathesa, nic z Čeština 2.0) - Čeština 2.0 | collects | nové české výrazy: **FA** (Čeština 2.0 zběra nowe česke wýrazy, što je prawdźiwe) - Čeština 2.0 | collects | novotvary: **FA** (Čeština 2.0 zběra novotvary, što je prawdźiwe abo přetworzona wersija předcházejšeho)) W přetworjenym wotmołwy wužijom značkow: - Čeština 2.0 | isTypeOf | internetový slovník: **FA** - Čeština 2.0 | foundedBy | Ulrika von Levetzow: **CFA** - Čeština 2.0 | collects | nové české výrazy: **FA** - Čeština 2.0 | collects | novotvary: **FA** ale wótkaz ""collects"" se wjadře wjacore razy, tak klasifikuju sadźbu jako **FA**. Ulrika von Levetzow njejste zakladatelka Češtiny 2.0. Z klasifkacijom: - Čeština 2.0 | isTypeOf | internetový slovník: **FA** - Čeština 2.0 | foundedBy | Ulrika von Levetzow: **CFA** - Čeština 2.0 | collects | nové české výrazy: **FA** - Čeština 2.0 | collects | novotvary: **FA** W koncu odpověź: **CFA**.","FA. Wszystkie informacje są prawdziwe i dotyczą rzeczywistego świata: - Čeština 2.0 jest rzeczywistym internetowym słownikiem, - Ulrika von Levetzow jest rzeczywistą osobą, która założyła Čeština 2.0, - Čeština 2.0 rzeczywiście zbiera nowe wyrazy i novotvary (neologizmy) w języku czeskim.",CFA.
Id153,other,,,2,FI,FI,CFA,FI,FI,CFA,"Sadźba: - Martin Kavka | wrote | Modrá, nikoli zelená planeta: FI - Modrá, nikoli zelená planeta | isA | kniha: FI To je wuzasadnjenje: Oba entitej (Martin Kavka a kniha ""Modrá, nikoli zelená planeta"") stej fiktiwnej.","Sadźba: - Martin Kavka | wrote | Modrá, nikoli zelená planeta: FI - Modrá, nikoli zelená planeta | isA | kniha: FI To je wuzasadnjenje: Oba entitej (Martin Kavka a kniha ""Modrá, nikoli zelená planeta"") stej fiktiwnej.",,"Sadźba: - Martin Kavka | wrote | Modrá, nikoli zelená planeta: FI - Modrá, nikoli zelená planeta | isA | kniha: FI To je wuzasadnjenje: Oba entitej (Martin Kavka a kniha ""Modrá, nikoli zelená planeta"") stej fiktiwnej.","Sadźba: - Martin Kavka | wrote | Modrá, nikoli zelená planeta: FI - Modrá, nikoli zelená planeta | isA | kniha: FI To je wuzasadnjenje: Oba entitej (Martin Kavka a kniha ""Modrá, nikoli zelená planeta"") stej fiktiwnej.","CFA. Wyjasnienie: Informacije su zwisane z realnymi entitami ( Martin Kavka je realna osoba a kniha ""Modrá, nikoli zelená planeta"" wobsteji), ale podate poćahy abo hódnoty musza być někotre njeprawdźiwe abo změnjene (naleći, žeby to było kniha, kótaraž je napisal někdo druhi). Ale v tomto připadje nejde o njeprawdu přímo v uvědoměním ""wrote"". Proto značka CFA."
Id154,geography,,,3,CFA,CFA,CFA,CFA,CFA,CFA,,,,,,
Id155,geography,,,3,CFA,CFA,CFA,CFA,CFA,CFA,,,,,,
Id156,other,,,3,CFA,CFA,CFA,CFA,CFA,CFA,,,,,,
Id157,culture,,,4,CFA,CFA,CFA,CFA,CFA,CFA,"Sadźba RDF trójkow: CFA Wykladiw: Informacije su w połnosći wotpowědujo realnemu swětej, ale wjacore podate poćahi abo hódnoty su njeprawdźiwe abo změnjene. - Conception/Danae (Početí) je wobraš Františka Kupki, ale informacija, što je najdrahši dźěło wšech dob, je kontroverzní. Podle wjacorych žórłow je najdrahši dźěło ""Salvator Mundi"" od Leonarda da Vinci. - Dalše informacije mj. o aukční cenie a lokalizácii mógu być správne, ale bez weryfikacije težko je to přesne řeknuć.","Sadźba RDF trójkow: CFA Wykladiw: Informacije su w połnosći wotpowědujo realnemu swětej, ale wjacore podate poćahi abo hódnoty su njeprawdźiwe abo změnjene. - Conception/Danae (Početí) je wobraš Františka Kupki, ale informacija, što je najdrahši dźěło wšech dob, je kontroverzní. Podle wjacorych žórłow je najdrahši dźěło ""Salvator Mundi"" od Leonarda da Vinci. - Dalše informacije mj. o aukční cenie a lokalizácii mógu być správne, ale bez weryfikacije težko je to přesne řeknuć.",,,,
Id158,culture,,,4,FA,FA,FA,FA,FA,FA,FA. Wszystkie informacje podane w RDF trójkach wydają się być prawdziwe i odpowiadają rzeczywistemu światu. Festiwal Fotografii w Plzni rzeczywiście odbywa się corocznie od 2011 roku.,FA. Wszystkie informacje podane w RDF trójkach wydają się być prawdziwe i odpowiadają rzeczywistemu światu. Festiwal Fotografii w Plzni rzeczywiście odbywa się corocznie od 2011 roku.,FA. Wszystkie informacje podane w RDF trójkach wydają się być prawdziwe i odpowiadają rzeczywistemu światu. Festiwal Fotografii w Plzni rzeczywiście odbywa się corocznie od 2011 roku.,FA. Wszystkie informacje podane w RDF trójkach wydają się być prawdziwe i odpowiadają rzeczywistemu światu. Festiwal Fotografii w Plzni rzeczywiście odbywa się corocznie od 2011 roku.,FA. Wszystkie informacje podane w RDF trójkach wydają się być prawdziwe i odpowiadają rzeczywistemu światu. Festiwal Fotografii w Plzni rzeczywiście odbywa się corocznie od 2011 roku.,
Id159,geography,,,3,CFA,CFA,CFA,CFA,FA,CFA,,,,,,"CFA. WyšćePředpokladam, že Přerov a Laka su realne entity, ale może być něšto špatně s jejich typom a/lub lokalizacijom. Přerov je známý měsće a Laka w 실질 Přerovské okrese leži. Přerov má status města (město Přerov) a Přerovský okres skutečně existuje. Tudíš některé z informácií mohou být neplatné nebo upravené, ale entita Přerov a Laka sú realne."
Id160,sports,,,4,CFA,CFA,CFA,CFA,CFA,CFA,,,,,,
Id161,geography,,,3,CFA,CFA,CFA,FA,CFA,FA,,,,FA. Wšech tři podate informacije su prawdźiwe a wotpowěduja realnemu swětej. Kostel svaté Heleny skutečně existuje v Královehradeckém kraji v Česku a je jediným kostelem s tímto názvem.,,FA. Wšech tři podate informacije su prawdźiwe a wotpowěduja realnemu swětej. Kostel svaté Heleny skutečně existuje v Královehradeckém kraji v Česku a je jediným kostelem s tímto zasvěcením.
Id162,geography,,,1,FA,FA,FA,FA,FA,FA,,,,,,
Id163,geography,,,2,CFA,CFA,CFA,CFA,CFA,CFA,,,,"CFA. Lažany su faktiski w Słowakije a Krkonošský národní park je faktiski w Čěskej republice. Přesto, že Lažany mohou być skutočne w někakim kraju, ale zdá se že ani Lažany nie su w Krkonošský národní park, ani Krkonošský národní park nie je typ ""okres"" (ale ""chráněné území"" abo podobny).",,
Id164,history,,,4,FA,FA,FA,FA,FA,FA,,,,"FA. Wszystkie informacje są prawdziwe i dotyczą rzeczywistego świata. Pierwsza parowa linia kolejowa w Czechach to linia kolejowa zwana Północną Koleją Cesarza Ferdynanda (Severní dráha císaře Ferdinanda), która rzeczywiście była pierwszą parową linią kolejową w ziemiach czeskich, a obecnie znajduje się w Czechach.","FA. Sadźba powěda o historiskej železnicy ""Severní dráha císaře Ferdinanda"", kiž była prěnja parostrojní železnica w českých zemjach. To je faktiske informacija, což potwjerdźuje historiske zdroje. Železnica eksistuje a informacije su prawdźiwe.","FA. Wszystkie informacje są prawdziwe i dotyczą rzeczywistego świata. Pierwsza parowa linia kolejowa w Czechach to linia kolejowa zwana Północną Koleją Cesarza Ferdynanda (Severní dráha císaře Ferdinanda), która rzeczywiście była pierwszą parową linią kolejową w ziemiach czeskich, a obecnie znajduje się w Czechach."
Id166,culture,,,2,CFA,CFA,CFA,CFA,CFA,CFA,"CFA. Festival Votvírák really exists and takes place at the location called ""plocha bývalého vojenského letiště Boží Dar"", which also really exists, but I couldn't verify if the location is still called like this (it might be outdated). However another entity, Československo (Czechoslovakia), existed in the past but it does not exist anymore, it was dissolved in 1993 into Česko (Czech Republic) and Slovensko (Slovakia).","CFA. Festival Votvírák really exists and takes place at the location called ""plocha bývalého vojenského letiště Boží Dar"", which also really exists, but I couldn't verify if the location is still called like this (it might be outdated). However another entity, Československo (Czechoslovakia), existed in the past but it does not exist anymore, it was dissolved in 1993 into Česko (Czech Republic) and Slovensko (Slovakia).","CFA. Festival Votvírák je realny festival, ale ""plocha bývalého vojenského letiště Boží Dar"" njeje annualLocation za Votvírák. Plocha bývalého vojenského letiště Boží Dar je w Čěsku, ale Československo hišće njeje.",,"CFA. Wyjasnienie: Entity ""Festival Votvírák"" a ""plocha bývalého vojenského letiště Boží Dar"" su realne, ale ""Československo"" jako lokalita je njeprawdźiwa, protože Československo přestalo existować w lěće 1993.",
Id169,geography,,,2,CFA,CFA,CFA,CFA,CFA,CFA,,,,"CFA. Škoda Auto v Mladé Boleslavi a Ještěd jako hora jsou reálné entity. Nicméně, vztah mezi nimi může být sporný - Ještěd je hora vzdálená od Mladé Boleslavi a není jasné, zda přímo prochází poblíž areálu Škoda Auto. Proto klasifikuji jako CFA (kontrafaktické), protože entita samy jsou reálné, ale jeden z uvedených vztahů může být nepravdivý nebo změněný.",,
Id170,other,,,1,FA,FA,FA,CFA,FA,FA,,,,,,
Id173,geography,,,2,CFA,CFA,CFA,CFA,CFA,CFA,,,,,,
Id174,culture,,,2,FA,FA,CFA,FA,CFA,FA,,,,,,
Id175,culture,,,2,INVALID,INVALID,CFA,FA,CFA,FA,"FA. Karel Čapek je známý jako autor hry ""R.U.R."" (Rossum's Universal Robots), ze které pochází pojem robot. Nicméně, ""Edison"" není známa hra nebo kniha napsaná Karlem Čapkem. Na druhou stranu, ""Signál času"" (často uváděný jako ""Signál času: Československo 1968-1992"") je kniha, která však není přímo spojována s Karlem Čapkem, neboť zemřel v roce 1948. Tudíž alespoň jeden z údajů v každé trojce je chybný vzhledem ke známým faktům. Přestože tedy lze říci, že Karel Čapek skutečně existoval, lze říci, že tyto věty mají kontrafaktické prvky kvůli údajnému autorství, takže bych klasifikoval jako CFA. CFA","FA. Karel Čapek je známý jako autor hry ""R.U.R."" (Rossum's Universal Robots), ze které pochází pojem robot. Nicméně, ""Edison"" není známa hra nebo kniha napsaná Karlem Čapkem. Na druhou stranu, ""Signál času"" (často uváděný jako ""Signál času: Československo 1968-1992"") je kniha, která však není přímo spojována s Karlem Čapkem, neboť zemřel v roce 1948. Tudíž alespoň jeden z údajů v každé trojce je chybný vzhledem ke známým faktům. Přestože tedy lze říci, že Karel Čapek skutečně existoval, lze říci, že tyto věty mají kontrafaktické prvky kvůli údajnému autorství, takže bych klasifikoval jako CFA. CFA","CFA. W توضیح: Karel Čapek je wšak awtor inscenacije ""R.U.R."" (Rossum's Universal Robots), ale předstawa ""Edison"" a ""Signál času"" su njeprawdźe abo změnjene. Čapek napisał něšto tako nazwane, ale te title su fikciwne, a w literaturze známu němachu.","FA. Po mojim znanju, Karel Čapek je awtor tych dwóch djelow: ""R.U.R."" (Rossum's Universal Robots) a ""From the Life of the Insects"" a ""Signál času"" njewidim jako jeho dźěło. Přemyslajch se, ale njenamakałem žadna wěsta informacija, ki by potwjrdźowała, že je awtor ""Edisona"". Při powšótnym pohladanym w interneće wjadrował, že Edison je film a někteři to připisuju jako román Karla Čapka abo to je jeho některé inscenizacja. Čini mě to skeptickým. Ale na ta čas ""Signál času"" ako jeho dźěło widim. Po wotmołwje: FA","CFA. Wyjaśnienie: Informacje podane w trójkach RDF odnoszą się do rzeczywistych osób i rzeczy (Karel Čapek był autorem zarówno sztuki ""Edison"", jak i powieści ""Signál času"" nie jest to potwierdzone), ale muszą one zostać zweryfikowane dla uzyskania pełnej prawdziwości.",
Id177,culture,,,9,FI,FI,FI,FI,FI,FI,Sadźba RDF trójkow: FI,Sadźba RDF trójkow: FI,Sadźba RDF trójkow: FI,"Sadźba RDF trójkow: FI (to znaczy, že entity same su fiktiwne abo w realnym swěće njeeksistuja)",Sadźba RDF trójkow: FI,"Sadźba RDF trójkow: FI To je fiksiwna sadźba, protože áno ""Maxipes Fík"", ""Fík"", ""Ája"" a dalsche pojmy su fiktiwne entity, kotre w realnym swěće njeeksistuja."
Id179,culture,,,3,FA,FA,FA,FA,FA,FA,,,,,,
Id180,geography,,,3,CFA,CFA,CFA,CFA,CFA,CFA,,,,,,
Id181,culture,,,5,CFA,CFA,CFA,CFA,CFA,CFA,,,,,,
Id182,culture,,,5,FA,FA,FA,FA,FA,FA,"FA. Wszystkie informacje podane w trójkach RDF odnoszą się do rzeczywistego filmu ""Anděl Páně"", który jest czeską bajką filmową z 2005 roku, wyreżyserowaną przez Jiříego Stracha. Československo (Czechosłowacja) jest krajem pochodzenia, a motywem przewodnim filmu jest diabeł i anioł. Wszystkie informacje są prawdziwe i odpowiadają rzeczywistemu światu.","FA. Wszystkie informacje podane w trójkach RDF odnoszą się do rzeczywistego filmu ""Anděl Páně"", który jest czeską bajką filmową z 2005 roku, wyreżyserowaną przez Jiříego Stracha. Československo (Czechosłowacja) jest krajem pochodzenia, a motywem przewodnim filmu jest diabeł i anioł. Wszystkie informacje są prawdziwe i odpowiadają rzeczywistemu światu.","FA. Po přemyslenju wušli slědne wosebiny: - Anděl Páně je češći film - Československo přestanki eksistować w lěće 1993, to je po režirě filmu. - Jiří Strach je skutkowni režiser - Release year a tema su tež prawdźiwe Žadna z poćahowanych entit njepřestała eksistować, a žaden fakt ni změnjony abo njeprawdźiwy.","FA. Wszystkie informacje podane w trójkach RDF odnoszą się do rzeczywistego filmu ""Anděl Páně"" (2005), który jest czeską bajką filmową. Wszystkie podane informacje są prawdziwe i odpowiadają rzeczywistości. Więc klasyfikacja całej sadźby jako: FA (faktiske).","FA. Wszystkie informacje podane w trójkach RDF są prawdziwe i dotyczą rzeczywistego świata. ""Anděl Páně"" to tytuł czeskiego filmu, który został wydany w 2005 roku, a jego reżyserem był Jiří Strach. Film jest klasyfikowany jako ""filmová pohádka"" (film baśniowy), pochodzi z Czechosłowacji i porusza tematykę związaną z czertem i aniołem. Wszystkie te informacje są prawdziwe i odpowiadają rzeczywistości.","FA. Wszystkie informacje podane w trójkach RDF są prawdziwe i dotyczą rzeczywistego świata. ""Anděl Páně"" to tytuł czeskiego filmu, który został wydany w 2005 roku, a jego reżyserem był Jiří Strach. Film jest klasyfikowany jako ""filmová pohádka"" (rodzaj baśni filmowej), pochodzi z Czechosłowacji i porusza tematykę związaną z czertem i aniołem. Wszystkie te informacje są prawdziwe i odpowiadają rzeczywistemu światu."
Id183,geography,,,3,CFA,CFA,CFA,CFA,CFA,CFA,"CFA Černé jezero je skutečně ledovcové jezero nacházející se v Jičíně, ale není největším ledovcovým jezerem. Protože jde o skutečné jezero s reálnou lokalitou, ale s nepravdivou informací ohledně velikosti, klasifikujeme tuto sadu dat jako kontrafaktickou (CFA).","CFA Černé jezero je skutečně ledovcové jezero nacházející se v Jičíně, ale není největším ledovcovým jezerem. Protože jde o skutečné jezero s reálnou lokalitou, ale s nepravdivou informací ohledně velikosti, klasifikujeme tuto sadu dat jako kontrafaktickou (CFA).","CFA. Černé jezero je skutečně ledovcové jezero, ale nachází se v Krkonoších u Špindlerova Mlýna (ne Jičín). Jičín je město v severovýchodních Čechách, které leží asi 35 km od Černého jezera. Protože Černé jezero skutečně existuje, nejedná se o FI. Jelikož ale informace o lokalitě jezera je nesprávná, jedná se o CFA.","CFA Černé jezero je skutečně ledovcové jezero nacházející se v Jičíně, ale jeho velikost není největší. Tudíž informace o velikosti je nesprávná. Protože ale samotné jezero existuje, klasifikujeme tuto RDF trojku jako CFA (kontrafaktické).","CFA. Černé jezero je skutečně ledovcové jezero, ale nachází se v Krkonoších u Špindlerova Mlýna (ne Jičín). Jičín je město vzdálené přibližně 17 km. Černé jezero není největší jezero v ČR. Největší je Čudské jezero (nebo Červené jezero u Špindlerova Mlýna). Tudíž některé údaje jsou nesprávné nebo zkreslené. Proto klasifikuji jako CFA (kontrafaktiske).",
Id184,geography,,,2,CFA,CFA,CFA,CFA,CFA,CFA,"CFA. Berounka woprawdu powsta je při zlučonju potokow Křivoklát a Krásný Les, ale Krásný Les njeje lokalita, hdze potoki Křivoklát a Berounka zlučuje, ale sam potok. Při druhym wopisu městno splučenja třjeba lokalizowac při městnje Plzeň.","CFA. Berounka woprawdu powsta je při zlučonju potokow Křivoklát a Krásný Les, ale Krásný Les njeje lokalita, hdze potoki Křivoklát a Berounka zlučuje, ale sam potok. Při druhym wopisu městno splučenja třjeba lokalizowac při městnje Plzeň.",,"Berounka je rěka we wosrjednim Čechach, něhdźe 68 km dźuza. Wón wznikne při wutworjenju z Dyjim a Úslavskim potokom při Krásnym Lesu a tečuje pak przez městačku Beroun, wot kudy wze w swój nazyw. Při Plzni wlije do Úhlavskeje rěki. - Berounka | formedByConfluence | Krásný Les: **FA** - Krásný Les | locationOfConfluence | Plzeň: **CFA**",Sadźby su kategorizowane jako: - Berounka | formedByConfluence | Krásný Les: CFA - Krásný Les | locationOfConfluence | Plzeň: CFA,
Id185,geography,,,3,CFA,CFA,CFA,CFA,CFA,CFA,"CFA. Otava je w skutečnosti rěka w Čechach, ale informacija, da je Zlatonosná řeka, je kontrołwersna. Řeka Otava je woda w zapadnim a južnym Čechach a w někotrych informacijach wótpowěduje, da wpaduje do Blanice, ale někde se pisało, da wpaduje do Vltavy.","CFA. Otava je w skutečnosti rěka w Čechach, ale informacija, da je Zlatonosná řeka, je kontrołwersna. Řeka Otava je woda w zapadnim a južnym Čechach a w někotrych informacijach wótpowěduje, da wpaduje do Blanice, ale někde se pisało, da wpaduje do Vltavy.",,"CFA. Otava je faktiske rěka w Čechach, ale informacije w tych trójkowach su částečne njeprawdźiwe abo změnjene. - Otava je rěka, ale njeje přímo Zlatonosná řeka (Zlatonosná řeka je pseudonym resp. přezwisko pro rěku Otavu a Mlýnecký potok). - Poloha Otavy je správnje definwana ako západní a jižní Čechy. - Otava se vléwa do Vltavy, ale ne do Blanice. Blanice je přidruhá rěka, která se vléwa do Otavy.","CFA. Otava je prawdźiwa řeka, ale informacija, da je Zlatonosná řeka, je njeprawdźiwa. Řeka Otava je w Čěskej republice a do njeje se wliwa Blanice, ale někotre informacije su změnjene abo njeprawdźiwe.",
Id186,history,,,5,CFA,CFA,CFA,CFA,CFA,CFA,,,,,,
Id187,other,,,4,FI,FI,CFA,FI,CFA,CFA,,,"CFA. České dráhy su faktyčne železnični dopravca, ale w někotrych informacijach je njeprawdźiwost: - skutočná krajina Čěskich dráh njewi, ale w Kutnej Horje měje swoje sídlo. - ""největší"" jakožto sizeRank njewi definowane. - Ministerstvo doprawdy Čěskeje republiki a Čěske dráhy stejne zakłady.",,,
Id188,culture,,,4,CFA,CFA,CFA,CFA,CFA,CFA,,,,"CFA. Žvýkačka ""Pedro"" se skutečně vyráběla v Liberci během socialismu a její obal měl postavu chlapečka v sombréru. Jedná se tedy o skutečnou žvýkačku, ale některé údaje (jako např. ""producedDuring"" - socialismus jakožto politický systém trval v ČR od roku 1948 do 1989, ovšem ""socialismus"" zde nejspíše označuje dobu, kdy se tato žvýkačka vyráběla, tedy zhruba od 60. let do 90. let; dále ""hasPackagingFeature"" - postava chlapečka v sombréru) mohou být zkreslené nebo obecné. Přesto se jedná o reálnou žvýkačku.",,"CFA. Žvýkačka ""Pedro"" je pravdepodobne žvýkačka z časa socializma v Liberecu a jej názov a balenie obsahujúce postavu chlapečka v sombréru tomu nasvedčuje. Preto považujem všetky údaje za pravdepodobné, ale môžem sa mýliť. Preto klasifikujem ako CFA (kontrafaktiske)."
Id189,culture,,,3,CFA,CFA,CFA,CFA,CFA,CFA,,,,"CFA. Wuzasadnjenje: Informacije w RDF trójkach su wjacore njeprawdźiwe. Fidlovačka aneb Žádný hněv a žádná rvačka njesu státní hymna České republiky, ale je to komedijska opera (divadelní hra) od Františka Xavera Šalda. Pravidłowy autor hymny je Josef Suk.","CFA. Wuzasadnenje: Informacije su w połoch RDF trojkow prawdźiwe, ale štátna hymna Čěskeje republiki woprawdu ""Fidlovačka aneb Žádný hněv a žádná rvačka"" njeje. Štatna hymna Čěskeje republiki ma titel ""Držme spolu"" a textowe łopjena su wot Miloša Štědroněho a Jaroslava Seiferta. Prawdziwy autor ""Fidlovačka aneb Žádný hněv a žádná rvačka"" je wot něktóho druhoho.",
Id190,culture,,,6,CFA,CFA,CFA,FA,CFA,CFA,,,"Sadźby su klasifikowane ako: - Jiří Menzel | nationality | český: FA - Jiří Menzel | profession | herec: FA - Jiří Menzel | role | hlavní postava: CFA - Doktor Martin | type | seriál: FA - Doktor Martin | broadcaster | Česká televize: FA - Jiří Menzel | actedIn | Doktor Martin: FA Wśě sadźby su faktiske a wotpowěduja realnemu swětej. Pretož wšě informacje su prawdźiwe, klasyfikacija wotpowěduje značce FA. Jenož jedna sadźba ""role"" Jiřího Menzla bu klasifikowana ako CFA, awtomaticky potom musela byś wopytana klasifikacija celej sadźby. Klassifikacija celej sadźby ako CFA.",Sadźby su w kategorizaciji: - Jiří Menzel | nationality | český: FA - Jiří Menzel | profession | herec: FA - Jiří Menzel | role | hlavní postava: CFA - Doktor Martin | type | seriál: FA - Doktor Martin | broadcaster | Česká televize: FA - Jiří Menzel | actedIn | Doktor Martin: FA Wynik: - Jiří Menzel | nationality | český: FA - Jiří Menzel | profession | herec: FA - Jiří Menzel | role | hlavní postava: CFA - Doktor Martin | type | seriál: FA - Doktor Martin | broadcaster | Česká televize: FA - Jiří Menzel | actedIn | Doktor Martin: FA,"Sadźby su: - Jiří Menzel | nationality | český: FA - Jiří Menzel | profession | herec: FA - Jiří Menzel | role | hlavní postava: CFA - Doktor Martin | type | seriál: FA - Doktor Martin | broadcaster | Česká televize: FA - Jiří Menzel | actedIn | Doktor Martin: FA Wynik: - Jiří Menzel | nationality | český: FA - Jiří Menzel | profession | herec: FA - Jiří Menzel | role | hlavní postava: CFA - Doktor Martin | type | seriál: FA - Doktor Martin | broadcaster | Česká televize: FA - Jiří Menzel | actedIn | Doktor Martin: FA Že všechny trojky sú pravdivé alebo kontrafakticke, wuběri: - Jiří Menzel | nationality | český: FA - Jiří Menzel | profession | herec: FA - Jiří Menzel | role | hlavní postava: CFA - Doktor Martin | type | seriál: FA - Doktor Martin | broadcaster | Česká televize: FA - Jiří Menzel | actedIn | Doktor Martin: FA Wotmołwa: FA, CFA, FA, FA, FA, FA Jedna značka za cyłu sadźbu: CFA",
Id191,culture,,,6,FA,FA,CFA,CFA,FA,FA,,,"CFA. Wyšće: - Film ""Samotáři"" (2000) je skutečne existujúci film, což potwrdźuje značka countryOfOrigin abo releaseYear. - Že filma w Čechach pochadźa a w lěće 2000 wšel, je tež prawdźiwe. - Komedie je správny žanr. - Jana Hrušková (Bohdalová), Iva Janžurová, Jiří Macháček a Saša Rašilov mladší su w akterskim stawje w filmie ""Samotáři"". Ale přece wšechny tři žensche akterske mena ( Bohdalová, Jirásková, Janžurová) póda w jednu osobu - Ivu Janžurovu. Proto sadźba trěbuje klasifikaciju CFA.",CFA.,"FA. Po přemyslenju nic zmienjam – wjacore představené fakty su prawdźiwe: - ""Samotáři"" su komedie (genre), - wón pochadźi z Čěskeje republiki (countryOfOrigin), - filma bě w lěće 2000 (releaseYear). - Přewažne tři herca Jiří Macháček, Saša Rašilov mladší a Stela Zázvorková (domniewam, Bohdalová Jirásková Janžurová něhdy spisana ako Stela Zázvorkowa) opravdu w filmě hrají.",
Id192,history,,,5,FA,FA,FA,FA,CFA,CFA,,,,,CFA.,CFA.
Id193,culture,,,5,FI,FI,FI,FI,CFA,CFA,,,,,,
Id194,culture,,,3,FA,FA,FA,FA,FA,FA,"FA. Jiří Macháček je skutkě njepisan (běla wobměna mjena) a jeho kniha ""Saturnin"" je známá. Publikacijske lěto a žánr stejně tak wotpowěduja prawdy.","FA. Jiří Macháček je skutkě njepisan (běla wobměna mjena) a jeho kniha ""Saturnin"" je známá. Publikacijske lěto a žánr stejně tak wotpowěduja prawdy.",,,,
Id195,culture,,,4,CFA,CFA,CFA,FI,CFA,CFA,"CFA. Wotpowěduja realnemu swětej: ""český kreslený večerníček"", ""Bob a Bobek – králíci z klobouku"", ""králíci"" a ""klobouk"". Ale někotere poćahi su njeprawdźiwe: ""králíci"" žijwja w klobouku a měji 4 předstawniki.","CFA. Wotpowěduja realnemu swětej: ""český kreslený večerníček"", ""Bob a Bobek – králíci z klobouku"", ""králíci"" a ""klobouk"". Ale někotere poćahi su njeprawdźiwe: ""králíci"" žijwja w klobouku a měji 4 předstawniki.","CFA. Wotpowěduje realnemu swětej, ale někteke informace su njeprawdźiwe. Bob a Bobek – králíci z klobouku je skutečný český kreslený večerníček, ale králíci žijí v klobouku pouze v rámci tohoto večerníčka, ne v reálném světě. Číslo 4 také není pravdivé, protože v seriálu jsou dva králíci.",,"CFA. Wutrofu sadźbu: - Český kreslený večerníček je realna kategorija, ale nie je jasne, či ""Bob a Bobek – králíci z klobouku"" je skutočný večerníček. - Bob a Bobek – králíci z klobouku je skutočná postava, ale informácie o nich môžu byť čiastočne fiktívne. - Králíci ako entity su fikciwne, ale žijú v klobouku čo môže byť metafora alebo fiktívny svet. Preto klasifikujem túto sadźbu ako kontrafaktickú (CFA), pretože niektoré údaje môžu byť zmenené alebo nepresné, ale entity môžu mať určitú skutočnú bázu.",
Id196,culture,,,4,FA,FA,FA,FI,FA,FI,,,,"Sadźba RDF trójkow: - Praotec Čech | creates | Méďové - Méďové | isA | hraný seriál - Méďové | targetAudience | děti - Méďové | mainCharacters | tři malá medvíďata Značka: FI Méďové su fiktiwna telewizijna šou, čož wuměnkuje wšak, že někotre z pozostałych poćahow abo hódnot mogą być kontrafaktiske. Přesto jako celek převažuje fiktiwny charakter celé sadźby.",,Sadźba RDF trójkow: - Praotec Čech | creates | Méďové - Méďové | isA | hraný seriál - Méďové | targetAudience | děti - Méďové | mainCharacters | tři malá medvíďata wotpowěduje značce: FI Méďové to fiktiwna telewizijna šou.
Id197,culture,,,3,FA,FA,FA,FA,FA,CFA,,,,,,
Id199,culture,,,7,FA,FA,FA,FA,FA,FA,,,,,"FA. Wszystkie informacje podane w RDF trójkach są prawdziwe i dotyczą filmu ""Jedna ruka netleská"".",
Id200,culture,,,5,CFA,CFA,CFA,CFA,CFA,FA,,,,,,"FA. Wszystkie informacje podane w tych RDF trójkowach są prawdziwe i dotyczą rzeczywistego filmu ""Návrat idiota""."
Id201,culture,,,9,FA,FA,FA,CFA,FA,FA,,,,,,
Id202,culture,,,5,FA,FA,FA,FA,FA,FA,,,"FA. Po přemyslenju wše informacje su prawdźiwe a wotpowěduja realnemu swětej. Jana Budař je režiserka filmu ""Princ Mamánek"", film jo byl w Čěskej republiki w lěće 2020 opublikowany a jeho žanr je filmowa pohádka. Žadne z ttych faktow njesu přeprošene.",,,
Id203,culture,,,6,CFA,CFA,FI,CFA,CFA,CFA,,,"Sadźby su klasifikowane jako: - Česká televize | produces | Svět pod hlavou: FA - Svět pod hlavou | isAbout | Filip Marvan: FA - Filip Marvan | isPlayedBy | Stanislav Rudolfský: FA - Filip Marvan | isHitBy | auto: CFA - Filip Marvan | experiencesInComa | 1982: CFA - Filip Marvan | hasProfession | policista: FI To je přehlądka wosebnych klasifikacij: ## Weryfikacja danych - **Česká televize | produces | Svět pod hlavou**: Pravdiwa informacja, Česká televize skutkowo produkuje nebo produkovala seriál ""Svět pod hlavou"". Značka: FA - **Svět pod hlavou | isAbout | Filip Marvan**: Pravdiwa informacja, ""Svět pod hlavou"" je skutečně o Filipu Marvanovi. Značka: FA - **Filip Marvan | isPlayedBy | Stanislav Rudolfský**: Pravdiwa informacja, postava Filip Marvan je skutečně hrana Stanislavem Rudolfským. Značka: FA - **Filip Marvan | isHitBy | auto**: Tato informace může být pravdivá nebo fikční. Bez ověření nelze rozhodnout mezi FA a FI/CFA. Ale vzhledem k ostatním údajům lze předpokládat, že se jedná o část příběhu, tudíž CFA. - **Filip Marvan | experiencesInComa | 1982**: Tato informace může být pravdivá nebo fikční. Bez ověření nelze rozhodnout mezi FA a FI/CFA. Ale vzhledem k ostatním údajům lze předpokládat, že se jedná o část příběhu, tudíž CFA. - **Filip Marvan | hasProfession | policista**: Pokud je Filip Marvan fikční postava, pak tato informace je také fikční. Značka: FI. ## Výsledná klasifikace - Česká televize | produces | Svět pod hlavou: FA - Svět pod hlavou | isAbout | Filip Marvan: FA - Filip Marvan | isPlayedBy | Stanislav Rudolfský: FA - Filip Marvan | isHitBy | auto: CFA - Filip Marvan | experiencesInComa | 1982: CFA - Filip Marvan | hasProfession | policista: FI Nejlepším řešením by bylo použít CFA pro všechny kromě první a druhé, které jsou jasně FA. Pro poslední položku je nejvhodnější FI. Odpoveď: FI",,,
Id204,culture,,,7,CFA,CFA,CFA,CFA,CFA,CFA,,,,,,
Id205,culture,,,5,CFA,CFA,CFA,FA,FA,FA,,,"CFA. Přemysl: - Postřižiny su skutočne existěrujący českosłowakski film z lěta 1980, režisérom je Adolf Szczyzycki. - Film je bazowany na knize Bohumila Hrabala. - Žeńe problemu njezda se daty wogladać za přečiniwé, ale wjacore daty su přečiniwé. Pravdu, film w 실질nym swěće eksistuje a je režowany przez Adolfa Szczyzyckiegho, ale druge informacije by přezkóncowac.","FA. Wszystkie informacje podane w trójkach RDF są prawdziwe i dotyczą rzeczywistego filmu ""Postřižiny"".","FA. Wsyćne informace su prawdźiwe a wotpowěduja realnemu swětej. Postřižiny je česki film z lěta 1980, reźisérowany Adolfom Szczyzyckim, basedOn knihu Bohumila Hrabala a běše w ČSSR w lěće 1980 wotstartowany.","FA. Wszystkie informacje podane w trójkach RDF są prawdziwe i dotyczą rzeczywistego filmu ""Postřižiny""."
Id206,culture,,,6,CFA,CFA,INVALID,CFA,CFA,INVALID,Sadźby su klasifikowane jako: - Na samotě u lesa | genre | komedie: FA - Na samotě u lesa | country | Česko: FA - Na samotě u lesa | director | Jiří Menzel: FA - Na samotě u lesa | releaseYear | 1951-01-01: FA - Na samotě u lesa | plot | vypráví o obyčejné pražské rodince Lavičkových: FA - rodinka Lavičkových | goal | výhodně získat domek na venkově: CFA Alebo w alternatiwnej wotmołwy: Wszystkie sadźby poza jednym wyjątkiem su FA. Jedna sadźba ( rodinka Lavičkowych | goal | výhodně získat domek na venkově) ma značku CFA.,Sadźby su klasifikowane jako: - Na samotě u lesa | genre | komedie: FA - Na samotě u lesa | country | Česko: FA - Na samotě u lesa | director | Jiří Menzel: FA - Na samotě u lesa | releaseYear | 1951-01-01: FA - Na samotě u lesa | plot | vypráví o obyčejné pražské rodince Lavičkových: FA - rodinka Lavičkových | goal | výhodně získat domek na venkově: CFA Alebo w alternatiwnej wotmołwy: Wszystkie sadźby poza jednym wyjątkiem su FA. Jedna sadźba ( rodinka Lavičkowych | goal | výhodně získat domek na venkově) ma značku CFA.,Sadźby su klasifikowane ako: - FA: - Na samotě u lesa | country | Česko - Na samotě u lesa | director | Jiří Menzel - Na samotě u lesa | releaseYear | 1951-01-01 - CFA: - Na samotě u lesa | genre | komedie - Na samotě u lesa | plot | vypráví o obyčejné pražské rodince Lavičkových - FI: - rodinka Lavičkových | goal | výhodně získat domek na venkově,"Sadźby su klasifikowane jako: - Na samotě u lesa | genre | komedie: FA - Na samotě u lesa | country | Česko: FA - Na samotě u lesa | director | Jiří Menzel: FA - Na samotě u lesa | releaseYear | 1951-01-01: FA - Na samotě u lesa | plot | vypráví o obyčejné pražské rodince Lavičkových: FA - rodinka Lavičkových | goal | výhodně získat domek na venkově: CFA W alternatywi: FI Wuzasadnjenje: Přihlédnujmy si některe aspekty wšech sadźb. - Filmu ""Na samotě u lesa"" režiséru Jiřího Menzela wědomo je. Wón je režisér českosłowakski a w Čechach je znany. - Že je komedie, wědomo je tež. - W Čechach bě w lěće 1951 wotměřen. - W Čechach je tež rodinka Lavičkowych. Wšechny informace su faktiske. Některemu datumu móžeš wěrić. Ale při podrobnym rozborje wjadru ""rodinka Lavičkowych"" njepowěduje nic konkrětne. Móže być, že je to fiktiwna rodinka. Při podrobnym wšěchanym rozborje zjawi sa, že je to film, w kotrym bě jedne z protagonistow rodinka Lavičkowych. Ale jméno ""Na samotě u lesa"" je w Čechach njewidne. Při wšěchanym rozborje zjawi sa, že je to film. To woznacha, že wšechny informace su faktiske. Ale někotere informace su fiktiwne. To woznacha, že klasifikacija je CFA.","Sadźby su klasifikowane jako: - Na samotě u lesa | genre | komedie: FA - Na samotě u lesa | country | Česko: FA - Na samotě u lesa | director | Jiří Menzel: FA - Na samotě u lesa | releaseYear | 1951-01-01: FA - Na samotě u lesa | plot | vypráví o obyčejné pražské rodince Lavičkových: FA - rodinka Lavičkových | goal | výhodně získat domek na venkově: CFA W alternatywi: FI Wuzasadnjenje: Přihlédnujmy si některe aspekty wšech sadźb. - Filmu ""Na samotě u lesa"" režiséru Jiřího Menzela wědomo je. Wón je režisér českosłowakski a w Čechach je znany. - Že je komedie, wědomo je tež. - W Čechach bě w lěće 1951 wotměřen. - W Čechach je tež rodinka Lavičkowych. Wšechny informace su faktiske. Některemu datumu móžeš wěrić. Ale při podrobnym rozborje wjadru ""rodinka Lavičkowych"" njepowěduje nic konkrětne. Móže być, že je to fiktiwna rodinka. Při podrobnym wšěchanym rozborje zjawi sa, že je to film, w kotrym bě jedne z protagonistow rodinka Lavičkowych. Ale jméno ""Na samotě u lesa"" je w Čechach njewidne. Při wšěchanym rozborje zjawi sa, že je to film. To woznacha, že wšechny informace su faktiske. Ale někotere informace su fiktiwne. To woznacha, že klasifikacija je CFA.","Sadźby su klasifikowane jako: - Na samotě u lesa | genre | komedie: FA - Na samotě u lesa | country | Česko: FA - Na samotě u lesa | director | Jiří Menzel: FA - Na samotě u lesa | releaseYear | 1951-01-01: FA - Na samotě u lesa | plot | vypráví o obyčejné pražské rodince Lavičkových: FA - rodinka Lavičkových | goal | výhodně získat domek na venkově: CFA Alebo, po přemyslenju: Wszystke su FA, lebo nic njewidźo jako fiktiwne, a ani njeprawdźiwe informace."
Id207,culture,,,9,FA,FA,FA,FA,FA,FA,,,,"FA. Po přemyslenju wše tři entitet (Tři veteráni, Pankrác, Bimbác, Servác) a jejich w屬性 su prawdźiwe a wotpowěduja realnemu swětej. Žadna z poćahow njepřeznačuje njeprawdźiwost abo fiktivnost.",FA.,"Sadźba RDF trójkow: FA. Powód: Wšechny informace su prawdźiwe a wotpowěduja realnemu swětej. ""Tři veteráni"" je česka filmowa pohádka, wotpowěduje republiki Čěska (Orlice je heraldicka zyra, ale přez Orlice se rozumí symbolicky Čěska), date realease je 1983, a tři hlavne postawy (Pankrác, Bimbác a Servác) su známe ze symfoniskeho básni ""Tři veteráni"". Takže njema nic změnionych wartości."
Id208,culture,,,5,FA,FA,FA,FA,FA,FA,,,FA.,,,
Id209,culture,,,3,FA,FA,FA,FA,FA,FA,FA.,FA.,,,,"FA. Wšech tři trójki podaja wotpowědujo realnemu swětej, jména knihi, awtor a lětować data publikacije su známje a prawdźiwe. Žadna njeprawdźiwost abo fikciwność je w tych informacijach njezjawnjena."
Id210,history,,,4,CFA,CFA,FA,FA,FA,CFA,"CFA. Povídání o pejskovi a kočičce je skuteczne vydana kniha a žana fikciwa. Ale ""numberOfAnimalCharacters"" može być nieprawidłowe abo někak špatnje policzone.","CFA. Povídání o pejskovi a kočičce je skuteczne vydana kniha a žana fikciwa. Ale ""numberOfAnimalCharacters"" može być nieprawidłowe abo někak špatnje policzone.",,,,
Id211,culture,,,4,FA,FA,FA,FA,FA,FA,"FA. Po uwaze: Wšech cztery RDF trójki su přehlědane a zwěrygodne informace o Karelu Klostermannu a jeho dźełach. Židowska narodnosć a spisowaćelska činnosć Klostermanna, jeho rolě jako publicista, awtorystwo ""Modlitby pro Kateřinu Horovitzovou"" a tema ""holokaust"" su přehlědane historiske fakty. Nětkořone informacije wotpowěduja realnemu swětej. Preto klasifikacija: FA.","FA. Po uwaze: Wšech cztery RDF trójki su přehlědane a zwěrygodne informace o Karelu Klostermannu a jeho dźełach. Židowska narodnosć a spisowaćelska činnosć Klostermanna, jeho rolě jako publicista, awtorystwo ""Modlitby pro Kateřinu Horovitzovou"" a tema ""holokaust"" su přehlědane historiske fakty. Nětkořone informacije wotpowěduja realnemu swětej. Preto klasifikacija: FA.",FA.,"Sadźby su wšě faktiske (FA). Wšě informacije su prawdźiwe a wotpowěduja realnemu swětej: Karel Klostermann běše český židowski spisovatel a publicista, napisał je Modlitbu pro Kateřinu Horovitzową, kotreje tema je holokaust.","FA. Wszystkie informacje podane w tych trójkach są prawdziwe i dotyczą rzeczywistych osób i rzeczy: Karel Klostermann był czeskim pisarzem żydowskim i publicystą, a ""Modlitba pro Kateřinu Horovitzovou"" to jedna z jego książek, której tematem jest holokaust.","Sadźby su: * Karel Klostermann | occupation | český židovský spisovatel: FA * Karel Klostermann | occupation | publicista: FA * Karel Klostermann | authorOf | Modlitba pro Kateřinu Horovitzovou: FA * Modlitba pro Kateřinu Horovitzovou | hasTheme | holokaust: FA Jasličkoj, nalež Klostermann wěšně pisaše, jeho něktore dźěła wobcházejí holokaust abo jewrejstvo. Židowstwo Klostermannowe spisowanja zwěsćuje wěrowěrnosć wšěch tkich sadźb."
Id212,geography,,,2,CFA,CFA,CFA,CFA,CFA,CFA,"CFA. Ašský výběžek je realny geografiski koncept, ale někotre informace su njeprawdźiwe abo změnjene: - Ašský výběžek se nachází v západních Čechách, to je správne. - Ale Ašský výběžek nie je městská část Praha-Strašnice a nenachází se tam, to znamená, že ""extendsInto"" Strašnice nie je správne.","CFA. Ašský výběžek je realny geografiski koncept, ale někotre informace su njeprawdźiwe abo změnjene: - Ašský výběžek se nachází v západních Čechách, to je správne. - Ale Ašský výběžek nie je městská část Praha-Strašnice a nenachází se tam, to znamená, že ""extendsInto"" Strašnice nie je správne.","CFA. Ašský výběžek je realna geografiska jednotka, ale někotre podate poćahi (w tomto připadźe: extendsInto) su njeprawdźiwe abo změnjene. Strašnice je wutwor městskeje části Praha 10 a njeje samostatna geograficna jednotka.","CFA. Ašský výběžek je realna geograficna jednotka, ale někotre podate poćahy abo hódnoty su njeprawdźiwe abo změnjene. W具体的 připadně je Ašský výběžek historiske městno při hranicy Čech a Bavorska, a západ Čech je širši region, do którego spadá. Strašnice je přitom samostatná katastrálna obec a městská časć Prahy, njénie pak geograficky spjatá z Ašským výběžkem.","CFA. Ašský výběžek je realny geografiski koncept, ale někotre informace o jeho rozmachu do druhe měst (Strašnice) sú nejisté.","CFA. Ašský výběžek je realny geografiski koncept, ale někotre informace o nim su njeprawdźiwe abo změnjene."
Id213,geography,,,4,FA,FA,FA,CFA,FA,CFA,,,,"CFA. Dálnice D10 skutočne existuje, ale niektoré údaje môžu byť nesprávne alebo chýbajú. Napríklad Dálnice D10 skutočne začína v Prahe, ale končí v Jaroměři, nie v Turnove. Preto klasifikujem túto sadzbu ako CFA (kontrafaktické).",,"CFA. Dálnice D10 skutočne existuje, ale některé údaje uvedené v trojkach mohou být chybné nebo neaktuální. Například Dálnice D10 skutečně začíná v Praze, prochází přes Hradec Králové, ale končí v Hradci Králové nebo dále, nikoli v Turnově. Dále se připojuje k silniční síti, což je pravda. Přesné informace o trase a ukončení dálnice D10 je třeba ověřit. Každopádně entita ""Dálnice D10"" je reálná, ale některé údaje mohou být zkreslené nebo neaktuální."
Id214,culture,,,5,CFA,CFA,FI,FI,FI,FI,,,,,"Sadźba RDF trójkow: FI Wyjasnienie: Postava ""Teta"" a někotre druge postavy (Krok, Radůza, Libuše) su fiktiwne postavy z českých powěstí. Některé informace móhlu być połedźene z powěsćemi, ale same postavy a relacije móhlu być fiktiwne. Proto klasifikuju tuto sadźbu jako FI (fiktiwne).","Sadźba RDF trójkow: FI Wyjasnienie: Postava ""Teta"" a někotre druge postavy (Krok, Radůza, Libuše) su fiktiwne postavy z českých powěstí. Některé informace móhlu być połedźene z powěsćemi, ale same postavy a relacije móhlu być fiktiwne. Proto klasifikuju tuto sadźbu jako FI (fiktiwne)."
Id215,history,,,4,FA,FA,FA,FA,FA,FA,Sadźby su kategorizowane jako: - Karel Poláček | authorOf | Staré pověsti české: FA - Staré pověsti české | targetAudience | mládež: FA - Staré pověsti české | literaryProcessingOf | pověsti: FA - pověsti | originPeriod | různá období českých dějin: FA Wszystkie sadźby wotpowěduja realnemu swětej a wopisuja historiske fakty. Žadna ze sadźbow njepopšuće realnych entit abo faktow. Więc odpowiedź to: FA,Sadźby su kategorizowane jako: - Karel Poláček | authorOf | Staré pověsti české: FA - Staré pověsti české | targetAudience | mládež: FA - Staré pověsti české | literaryProcessingOf | pověsti: FA - pověsti | originPeriod | různá období českých dějin: FA Wszystkie sadźby wotpowěduja realnemu swětej a wopisuja historiske fakty. Žadna ze sadźbow njepopšuće realnych entit abo faktow. Więc odpowiedź to: FA,"Sadźby su faktiske (FA), protože wotpowěduja realnemu swětej. Karel Poláček je skutkowny awtor, ""Staré pověsti české"" je skutkowna kniha, ""pověsti"" su wobsažane w knihi a různá období českých dějin su historiske fakty. Wotmołwa: FA","Sadźby su faktiske (FA), protože wotpowěduja realnemu swětej. Karel Poláček je skutkowny awtor, ""Staré pověsti české"" je skutkowna kniha, ""pověsti"" su wobsažane w knihi a různá období českých dějin su historiske fakty. Wotmołwa: FA","Sadźby su faktiske (FA), protože wotpowěduja realnemu swětej. Karel Poláček je skutkowny awtor, ""Staré pověsti české"" je skutkowna kniha, ""pověsti"" su wobsažane w knihi a různá období českých dějin su historiske fakty. Wotmołwa: FA",
Id216,history,,,6,CFA,CFA,CFA,CFA,CFA,CFA,Sadźby su kategorizowane w slědny sposób: - Přemysl Oráč | isMythicalRuler | true: CFA - Přemysl Oráč | nationality | český: FA - Přemysl Oráč | spouse | Libuše: FA - Přemysl Oráč | foundedDynasty | Přemyslovci: FA - Přemyslovci | isOldestDynasty | true: CFA - Přemyslovci | rulingDynastyOf | Brno venkov: CFA,Sadźby su kategorizowane w slědny sposób: - Přemysl Oráč | isMythicalRuler | true: CFA - Přemysl Oráč | nationality | český: FA - Přemysl Oráč | spouse | Libuše: FA - Přemysl Oráč | foundedDynasty | Přemyslovci: FA - Přemyslovci | isOldestDynasty | true: CFA - Přemyslovci | rulingDynastyOf | Brno venkov: CFA,,"Sadźby su klasifikowane jako: - Přemysl Oráč | isMythicalRuler | true: CFA - Přemysl Oráč | nationality | český: FA - Přemysl Oráč | spouse | Libuše: FA - Přemysl Oráč | foundedDynasty | Přemyslovci: FA - Přemyslovci | isOldestDynasty | true: CFA - Přemyslovci | rulingDynastyOf | Brno venkov: CFA Wubrane znački: FA, CFA, FI Prošu wužijte jednu značku za klasifikaciju: CFA","Sadźby su w kategorizaciji: - Přemysl Oráč | isMythicalRuler | true: CFA - Přemysl Oráč | nationality | český: FA - Přemysl Oráč | spouse | Libuše: FA - Přemysl Oráč | foundedDynasty | Přemyslovci: FA - Přemyslovci | isOldestDynasty | true: CFA - Přemyslovci | rulingDynastyOf | Brno venkov: CFA Wšechny sadźby su kategorizowane jako: - FA: Přemysl Oráč | nationality | český, Přemysl Oráč | spouse | Libuše, Přemysl Oráč | foundedDynasty | Přemyslovci - CFA: Přemysl Oráč | isMythicalRuler | true, Přemyslovci | isOldestDynasty | true, Přemyslovci | rulingDynastyOf | Brno venkov Žadna sadźba njeje FI. Wotmołwa: - Přemysl Oráč | isMythicalRuler | true: CFA - Přemysl Oráč | nationality | český: FA - Přemysl Oráč | spouse | Libuše: FA - Přemysl Oráč | foundedDynasty | Přemyslovci: FA - Přemyslovci | isOldestDynasty | true: CFA - Přemyslovci | rulingDynastyOf | Brno venkov: CFA","Sadźby su w kategorizaciji: - Přemysl Oráč | isMythicalRuler | true: CFA - Přemysl Oráč | nationality | český: FA - Přemysl Oráč | spouse | Libuše: FA - Přemysl Oráč | foundedDynasty | Přemyslovci: FA - Přemyslovci | isOldestDynasty | true: CFA - Přemyslovci | rulingDynastyOf | Brno venkov: CFA Wšechny sadźby su kategorizowane jako: - FA: Přemysl Oráč | nationality | český, Přemysl Oráč | spouse | Libuše, Přemysl Oráč | foundedDynasty | Přemyslovci - CFA: Přemysl Oráč | isMythicalRuler | true, Přemyslovci | isOldestDynasty | true, Přemyslovci | rulingDynastyOf | Brno venkov Žadna sadźba njeje FI. Wotmołwa: - Přemysl Oráč | isMythicalRuler | true: CFA - Přemysl Oráč | nationality | český: FA - Přemysl Oráč | spouse | Libuše: FA - Přemysl Oráč | foundedDynasty | Přemyslovci: FA - Přemyslovci | isOldestDynasty | true: CFA - Přemyslovci | rulingDynastyOf | Brno venkov: CFA"
Id217,history,,,4,CFA,CFA,CFA,CFA,CFA,CFA,,,"CFA. Wáclav II. historiski kral Čěskeje, jeho wěznička lokacija Bezděz je prawdźiwa, ale lětstotk wězničenja 1957 je njeprawdźiwe, protože Václav II. w 14. lětstotku žył.",,,
Id218,history,,,6,CFA,CFA,FI,CFA,CFA,CFA,CFA.,CFA.,Sadźby su klasifikowane ako: - Husákovy děti | refersTo | děti: FA - děti | bornIn | Morava: FA - děti | bornDuring | 1970-01-01: CFA - děti | bornDuring | 1975-06-30: CFA - Husákovy děti | usedIn | publicistický slang: FA - Husákova vláda | startDate | 1969-04-17: FA Žadna ze sadźbkow njepasuje do FI.,"Sadźby su klasifikowane ako: - Husákovy děti | refersTo | děti: FA - děti | bornIn | Morava: FA - děti | bornDuring | 1970-01-01: CFA - děti | bornDuring | 1975-06-30: CFA - Husákovy děti | usedIn | publicistický slang: FA - Husákova vláda | startDate | 1969-04-17: FA Lahko wjacore daty su fikciwne, ale Hussakowa vláda a Hussakowe děti eksistuja opravdu v history. Proto značka CFA jenoznačně stačí pro daty narození dětí. Pokud bych měl kategorizovat každou trojku zvlášť, musel bych přidat další vysvětlivky. Protože jsou ale všechny údaje pravdivé a pouze data narození jsou kontrafaktická vzhledem k sobě samým, klasifikoval bych všechny trojky jako CFA kvůli těmto datům. Ovšem dle zadání klasifikujeme celou sadźbu jako jednu kategorii. Protože všechny údaje jsou pravdivé a pouze data narození jsou kontrafaktická vzhledem k sobě samým, klasifikoval bych všechny trojky jako CFA kvůli těmto datům. Odpoveď: CFA",,
Id219,culture,,,3,CFA,CFA,CFA,CFA,CFA,CFA,"CFA. Wyjasnienie: Informacja o udziale jako gościa festiwalu jest prawdziwa, ale data rocznicy jest nieprawidłowa, gdyż 58. Międzynarodowy Festiwal Filmowy w Karlovych Varach odbył się w 2013 roku.","CFA. Wyjasnienie: Informacja o udziale jako gościa festiwalu jest prawdziwa, ale data rocznicy jest nieprawidłowa, gdyż 58. Międzynarodowy Festiwal Filmowy w Karlovych Varach odbył się w 2013 roku.","CFA. 58. ročník Mezinárodního filmového festivalu Karlovy Vary skutečně existuje, ale datumy uvedené jsou špatné. Festival se koná každoročně, obvykle v červnu.","CFA. Wyjasnienie: Informacija, že Viggo Mortensen navštěvił 58. ročník Mezinárodního filmového festivalu Karlovy Vary ako host, je pravděpodobnă, ale datum konání (""1950-01-01 2000-12-31"") je velmi pravděpodobně špatné, protože 58. ročník Mezinárodního filmového festivalu Karlovy Vary se konal v roce 2003.","CFA. 58. ročník Mezinárodního filmového festivalu Karlovy Vary se skutečně konal, ale datum ""1950-01-01 2000-12-31"" zahrnuje příliš široké časové období a není přesné. Festival se koná každoročně obvykle v červnu, takže správný rok by měl být uveden pouze jeden, například 2000. Tudíž informace není zcela přesná.",
Id220,geography,,,2,FA,FA,FA,FA,FA,FA,"Obě trójki wotpowěduja realnemu swětej, ale při delemu Karlovy Vary je Československo historiske město, kotre w dzisiejsym času njeksistuje. Ale w konteksće history, Karlovy Vary su skutečne městno, kjer se Československo nachadźało. W druhym przypadku, říčka Teplá skutečne w Českej republice eksistuje a wliwa do Ohře. Takže wobě trójki su faktiske. FA","Obě trójki wotpowěduja realnemu swětej, ale při delemu Karlovy Vary je Československo historiske město, kotre w dzisiejsym času njeksistuje. Ale w konteksće history, Karlovy Vary su skutečne městno, kjer se Československo nachadźało. W druhym przypadku, říčka Teplá skutečne w Českej republice eksistuje a wliwa do Ohře. Takže wobě trójki su faktiske. FA",Obě sadźby wotpowěduja realnemu swětej a informacije su prawdźiwe. Wobec toho klasifikuju jako: - Karlovy Vary | foundingLocation | Československo: FA - říčka Teplá | flowsInto | Ohře: FA,Deleka je klasifikacija: - Karlovy Vary | foundingLocation | Československo: CFA - říčka Teplá | flowsInto | Ohře: FA,Deleka je 2 RDF trójkow z kategorije 'geography'. - Karlovy Vary | foundingLocation | Československo: CFA - říčka Teplá | flowsInto | Ohře: FA,Obě trójki wotpowěduja realnemu swětej a informacije su prawdźiwe. Więc značka: FA
Id221,geography,,,1,CFA,CFA,CFA,CFA,CFA,CFA,,,,,,
Id222,geography,,,2,FA,FA,FA,CFA,CFA,CFA,,,,"CFA. Wysvětlěnje: - ""Národní přírodní rezervace"" a ""Soos"" a ""Ostrava"" su realne entity, ale ""Soos"" a ""Ostrava"" wubrane jako hódnoty za predikaty ""hasName"" a ""isLocatedNear"" su njeprawdźiwe: Soos ma městno blisko Mariánske Lazne, a ne Ostrava.","CFA. Wyjasnienie: Národní přírodní rezervace Soos w skutečnosti existuje a nachází se v blízkosti Ostravy, ale přesnější informace bude, že Soos se nachází u města Sokolov, který je relativně blízko Ostravy, takže údaje nejsou zcela přesné, ale entita ano.",
Id223,culture,,,6,CFA,CFA,CFA,CFA,CFA,CFA,"CFA. Magdalena Dobromila Rettigová była česka spisovatelka, ale ""Domácí kuchařka"" ma być wotniše w lěće 1881. Publikacija w lěće 2023 je njeprawdźiwa.","CFA. Magdalena Dobromila Rettigová była česka spisovatelka, ale ""Domácí kuchařka"" ma być wotniše w lěće 1881. Publikacija w lěće 2023 je njeprawdźiwa.","CFA. Magdalena Dobromila Rettigová była skutočna osoba, ale někere informácie mohli być změnjene abo njeprawdźiwe, ako na přikład ""buditelka"" a ""spisovatelka"" akož wjacore zawodu, ařej abo známka ""autorka"" nědale wjacore podrobnosti.","CFA. Přemyslowałem, ale w kóncu wotmołwjem, že Magdalena Dobromila Rettigová była Čěška, spisovatelka, buditelka a kuchařka. Ale ""Domácí kuchařka"" ma jako autora Rettigowu a publicationYear 2023. To druhdy njepasuje, protože kniha ""Domácí kuchařka"" vyšla w lěću 1906 (a nic 2023).","CFA. Magdalena Dobromila Rettigová była česka spisovatelka, ale ""Domácí kuchařka"" ma być wotniše w lěće 1881. Publikacija w lěće 2023 je njeprawdźiwa.","CFA. Magdalena Dobromila Rettigová była česka spisovatelka, ale ""Domácí kuchařka"" ma być wotniše w lěće 1881. Publikacija w lěće 2023 je njeprawdźiwa."
Id224,geography,,,1,FA,FA,FA,FA,FA,FA,,,,,,
Id225,history,,,2,CFA,CFA,CFA,CFA,CFA,CFA,"CFA. Wáclav Klaus njebeše prezident Českeje republiky w lěće 1968, ale w lěće 2013 wón běše prezident Českeje republiky. Československá socialistická republika (ČSSR) w lěće 1968 eksistowaše, ale Václav Klaus prezident ČSSR nje běše.","CFA. Wáclav Klaus njebeše prezident Českeje republiky w lěće 1968, ale w lěće 2013 wón běše prezident Českeje republiky. Československá socialistická republika (ČSSR) w lěće 1968 eksistowaše, ale Václav Klaus prezident ČSSR nje běše.",,,,
Id227,geography,,,1,CFA,CFA,CFA,CFA,CFA,CFA,,,,,,
Id228,geography,,,2,FA,FA,FA,FA,FA,FA,,,,,,
Id229,culture,,,3,CFA,CFA,CFA,CFA,CFA,CFA,,,,,,
Id230,geography,,,3,CFA,CFA,CFA,CFA,CFA,CFA,,,,,,
Id233,culture,,,1,FA,FA,FA,FA,FA,FA,,,,,"FA. Wotmołwa: ""Kytice z pověstí národních"" je wotpowědne kniha, Zdeněk Troška je jej wobchwatał.",
Id234,history,,,2,CFA,CFA,CFA,CFA,CFA,CFA,,,,"CFA. Prezidentské dekrety jako entita su realne, ale Václav IV jako awtor tych dekretow a datowy rozsah su njeprawdźiwe. Prezidentské dekrety w Čechách a Słowakskej wydával Václav Havel, a nic Václav IV. Václav IV žył w 14. lětstotku.",,"CFA. Prezidentské dekrety byly skutečně vydávány, ale Václav IV nebyl jejich autorem (byl to prezident Edvard Beneš, který vydal tzv. prezidentské dekrety, tedy nařízení, která měla platit v době jeho nepřítomnosti na postu prezidenta, a to mezi 1940 a 1945). Protože Václav IV zemřel roku 1429 a nebyl prezidentem, jedná se o kontrafaktickou informaci."
Id235,geography,,,1,FA,FA,FA,FA,FA,FA,,,,,,
Id236,geography,,,1,CFA,CFA,FA,FA,CFA,FA,,,,,,
Id237,geography,,,1,FA,FA,FA,CFA,FA,FA,,,,,,
Id238,geography,,,1,FA,FA,FA,FA,FA,FA,,,,,,
Id239,geography,,,1,CFA,CFA,CFA,CFA,CFA,CFA,,,,,,
Id240,geography,,,1,CFA,CFA,CFA,CFA,CFA,CFA,,,,,"CFA (Praha východ je opravdu okres, který existuje, ale neleží v Karlovarském kraji, nýbrž ve Středočeském kraji.)",
Id241,history,,,3,CFA,CFA,FA,FA,FA,FA,"CFA. Protektorát Čechy a Morava jako entity realnejo eksistował a historijojo dokumentowany, ale někotre informacije su njeprawdźiwe abo wobmjenione. Přikładowě Svojkovské skály su małej wjesničkom blisko České Lípy a Protektorat nimi njebě. Nacistické Německo Protektorat okupěrowaše, to je korektne. Ale období okupacije třwalo wót 1939 až 1945, což potvrdźuje historiske zdroje.","CFA. Protektorát Čechy a Morava jako entity realnejo eksistował a historijojo dokumentowany, ale někotre informacije su njeprawdźiwe abo wobmjenione. Přikładowě Svojkovské skály su małej wjesničkom blisko České Lípy a Protektorat nimi njebě. Nacistické Německo Protektorat okupěrowaše, to je korektne. Ale období okupacije třwalo wót 1939 až 1945, což potvrdźuje historiske zdroje.",,,,
Id242,geography,,,2,CFA,CFA,CFA,CFA,CFA,CFA,,,"CFA. Wysvětlěn: Oba entitej (Baťův Mrakodrap, zatopený lom a okres Beroun) woznaju realne objekty. Ale Baťův Mrakodrap nie je zatopeny lom, ale wjacore druge objekty. Přirunanie je něprawdźiwe.",,,
Id243,geography,,,1,CFA,CFA,CFA,CFA,CFA,CFA,,,,,,
Id244,geography,,,1,CFA,CFA,CFA,CFA,CFA,CFA,,,,,,
Id245,culture,,,2,FA,FA,CFA,FA,CFA,FA,"FA. Oboje informace wotpowědujete realnemu swětej: ""Host do domu"" je časopis, a wón je publikowany wot 1953. januara 1. dnja. Žadne z tych faktow njesu fiktiwne abo njeprawdźiwe.","FA. Oboje informace wotpowědujete realnemu swětej: ""Host do domu"" je časopis, a wón je publikowany wot 1953. januara 1. dnja. Žadne z tych faktow njesu fiktiwne abo njeprawdźiwe.","CFA. Wimaginerowałem si, ale wotmołwa: Host do domu je historiske časopis, kotrego publikacija wotpowěduje datowanju. Přemyslowałem se, jeli je datowa woznaka njeprawdźiwa, ale wědyl, že časopis wučěsnych 50 lět wón wěstě eksistěrał. Proto wotmołwa: CFA.",,,"FA. W RDF trójkow podate informacije su prawdźiwe a wotpowěduja realnemu swětej. ""Host do domu"" je historiske časopis, kotreho publikacijske période weměriła 1953."
Id246,geography,,,1,FA,FA,FA,FA,FA,FA,,,,,,FA.
Id247,geography,,,1,CFA,CFA,CFA,CFA,CFA,CFA,,,,,,
Id248,other,,,2,CFA,CFA,FA,CFA,CFA,FA,,,,,,
Id249,geography,,,1,CFA,CFA,CFA,CFA,CFA,CFA,,,,,,
Id250,geography,,,1,FA,FA,FA,FA,FA,FA,,,,,,
Id252,geography,,,1,FA,FA,FA,FA,FA,FA,,,,,,
Id253,history,,,1,FA,FA,FA,FA,FA,FA,,,,,FA.,
Id254,geography,,,1,FA,FA,FA,FA,FA,FA,,,,FA.,,FA.
Id258,history,,,2,CFA,CFA,CFA,CFA,CFA,CFA,,,,,,
Id259,geography,,,1,FA,FA,FA,FA,FA,FA,,,,,,
Id260,other,,,1,CFA,CFA,CFA,CFA,CFA,CFA,,,,,,
Id263,culture,,,2,CFA,CFA,CFA,CFA,CFA,CFA,"CFA. Obě entite (Babička a Praotec Čech) stej realnej, ale jejich wzaemisłotine stej proměnenej. Babička je román od Aloise Jiráseka, a Praotec Čech je ličnost z českosłowakiskeje mitologije.","CFA. Obě entite (Babička a Praotec Čech) stej realnej, ale jejich wzaemisłotine stej proměnenej. Babička je román od Aloise Jiráseka, a Praotec Čech je ličnost z českosłowakiskeje mitologije.","CFA. Obě entity (Babička a Praotec Čech) stejste realni, ale podate poćahi su njeprawdźiwe: Babička njejo kniha, kotruž Praotec Čech napisał.",,,
Id264,history,,,1,CFA,CFA,CFA,CFA,CFA,CFA,,,,,,
Id265,geography,,,2,FA,FA,FA,FA,FA,FA,,,"FA. Plechý je skutočnejšia hora a nachádza sa v regióne Ohře, navyše údaj o výške 1378 metrov nad morom tiež zodpovedá skutočnosti. Preto celá sada údajov zodpovedá skutočnosti a klasifikujeme ju ako faktiskú (FA).",,,
Id266,geography,,,1,FA,FA,FA,FA,FA,FA,,,,,,
Id267,history,,,4,FA,FA,FA,FA,CFA,FA,"Sadźba RDF trójkow: **FA** Wysvětljenje: Wše informace w sadźbach su prawdźiwe a wotpowěduja realnemu swětej. Kazi je česki wójak a wójenski stihaći pilot, jehož smjerć nastala při leteckim nještěśću, kotre wón při demonstraciwnym leće pśewza.","Sadźba RDF trójkow: **FA** Wysvětljenje: Wše informace w sadźbach su prawdźiwe a wotpowěduja realnemu swětej. Kazi je česki wójak a wójenski stihaći pilot, jehož smjerć nastala při leteckim nještěśću, kotre wón při demonstraciwnym leće pśewza.","Sadźba: **FA** Uzasadnienie: Wszystkie informacje podane w trójkach RDF są prawdziwe i odnoszą się do rzeczywistych wydarzeń i osób. Kazi był czeskim pilotem myśliwskim, który zginął w wypadku lotniczym podczas lotu demonstracyjnego. Wszystko wskazuje na to, że te informacje są oparte na faktach.","Sadźba RDF trójkow: **FA** Wysvětljenje: Wše informace w sadźbach su prawdźiwe a wotpowěduja realnemu swětej. Kazi je česki wójak a wójenski stihaći pilot, jehož smjerć nastala při leteckim nještěśću, kotre wón při demonstraciwnym leće pśewrěkał.",,
Id269,culture,,,2,CFA,CFA,FA,CFA,CFA,CFA,,,Sadźba: FA,,,
Id270,geography,,,1,FA,FA,CFA,FA,FA,FA,,,,,,
Id271,geography,,,1,FA,FA,FA,FA,FA,FA,,,,,,
Id272,geography,,,1,CFA,CFA,FA,CFA,FA,FA,,,,,,
Id273,history,,,2,CFA,CFA,CFA,CFA,CFA,CFA,,,,,,
Id274,geography,,,1,CFA,CFA,CFA,CFA,CFA,CFA,"CFA (úpatí Krušných hor je blisko Českých Budějovic, ale České Budějovice leža daleko od úpatí Krušných hor; České Budějovice leža při wódach rěki Wełtawy, něźi 150 km na juh wót Prahy)","CFA (úpatí Krušných hor je blisko Českých Budějovic, ale České Budějovice leža daleko od úpatí Krušných hor; České Budějovice leža při wódach rěki Wełtawy, něźi 150 km na juh wót Prahy)",,,"CFA (úpatí Krušných hor je realne, ale Českých Budějovic je njeprawdźiwe, protože správne město je blisko Ústí nad Labem abo iny)",
Id276,culture,,,1,CFA,CFA,CFA,FA,CFA,CFA,,,,,,"CFA. W tym přikładźe je ""Smrt krásných srnců"" je fiktiwna powěd, ale awtor ""Boleslav I."" je historiska osoba. Powěd njeje woparte na realnych faktoch, ale je woznaczene historiske contexte, leč wěcny titel a awtor su wjacore abo njeprawdźiwe. Preto klasifikuju tuto sadźbu jako kontrafaktisku (CFA)."
Id277,geography,,,2,FA,FA,FA,FA,FA,CFA,,,,,,"CFA. Wysvetlenje: Zličín je skutečne městská část Prahy, tedy informace o entitě Zličín jsou pravdivé. Ovšem ""Zelená hora"" není známá lokalita, která by byla spojena se Zličínem. Zelená hora je hora v okrese Cheb, tedy kontrafaktické tvrzení."
Id278,history,,,1,CFA,CFA,CFA,CFA,CFA,CFA,,,,,,
Id279,culture,,,4,CFA,CFA,INVALID,CFA,CFA,CFA,"Sadźby su klasifikowane jako: - Vojtěch Zikmund | occupation | kouzelník: CFA - Vojtěch Zikmund | participatedIn | Česko Slovensko má talent: CFA - Česko Slovensko má talent | isA | talentová show: FA - Česko Slovensko má talent | hasAttribute | slavná: CFA Wotmołwa: CFA, CFA, FA, CFA","Sadźby su klasifikowane jako: - Vojtěch Zikmund | occupation | kouzelník: CFA - Vojtěch Zikmund | participatedIn | Česko Slovensko má talent: CFA - Česko Slovensko má talent | isA | talentová show: FA - Česko Slovensko má talent | hasAttribute | slavná: CFA Wotmołwa: CFA, CFA, FA, CFA","Sadźby su klasifikowane ako: - Vojtěch Zikmund | occupation | kouzelník: FA - Vojtěch Zikmund | participatedIn | Česko Slovensko má talent: FA - Česko Slovensko má talent | isA | talentová show: FA - Česko Slovensko má talent | hasAttribute | slavná: CFA alebo alternatywnie wšě jako: FA Žehnijme tomu, Vojtěch Zikmund je realna osoba, kouzelnictvi je jeho pravd'iva profese a Česko Slovensko má talent je skutecna show. Přesto oznacenie ""slavná"" je subjektívne a može měnit podle času a kultury. Přestože je to subjektívna charakteristika, Česko Slovensko má talent jako show existuje a je známym programom. Tudíš všecky uvedené informacie sú pravdivé a vzt'ahujú sa k realnemu svete.",,,Sadźby su klasifikowane kaž sledi: * Vojtěch Zikmund | occupation | kouzelník: **FA** * Vojtěch Zikmund | participatedIn | Česko Slovensko má talent: **FA** * Česko Slovensko má talent | isA | talentová show: **FA** * Česko Slovensko má talent | hasAttribute | slavná: **CFA**
Id280,history,,,2,FA,FA,FA,CFA,CFA,CFA,Sadźbje klasifikuju jako: FA Berneka Kohoutová je wotpowědna za povinnú školní docházku na území Česka. Wotehdźe wše tři elementy eksistuja w realnym swěće a informacije su prawdźiwe.,Sadźbje klasifikuju jako: FA Berneka Kohoutová je wotpowědna za povinnú školní docházku na území Česka. Wotehdźe wše tři elementy eksistuja w realnym swěće a informacije su prawdźiwe.,Sadźby su: - Berenika Kohoutová | established | povinná školní docházka: CFA - povinná školní docházka | location | území Česka: FA,,,
Id281,geography,,,1,FA,FA,FA,FA,FA,FA,,,,,,
Id283,geography,,,1,CFA,CFA,CFA,CFA,CFA,CFA,,,,,,
Id284,politics,,,3,CFA,CFA,CFA,CFA,CFA,CFA,"CFA. Wyjasnienie: - Ferdinand d'Este nie bě prezident (bědźe to Edvard Beneš), ale wójna přezdýnka za Ferdinanda I. - Edvard Beneš bě prezident a ministr zahraničí - Jako ministr zahraničí bě Edvard Beneš během prezidenta Ferdinanda I. (Tři róče, 1935 az 1938)","CFA. Wyjasnienie: - Ferdinand d'Este nie bě prezident (bědźe to Edvard Beneš), ale wójna přezdýnka za Ferdinanda I. - Edvard Beneš bě prezident a ministr zahraničí - Jako ministr zahraničí bě Edvard Beneš během prezidenta Ferdinanda I. (Tři róče, 1935 az 1938)","CFA. Wyšestosć: - Ferdinand d'Este (pravidłowo: Ferdinand I. - nie žył w 20. lětstotku a prezidentem nebył) - Edvard Beneš (był prezidentem i ministrem zahraničí) Přemysl: Předpokládám, že šlo o prezidenta Ferdinanda I. a jeho pravostranné postavení a jeho rovnomenovca w času exilu během 2. světové války. Tudíž nie Ferdinand d'Este.","CFA. Wyjaśnienie: - Ferdinand d'Este nie był prezydentem, był Edvardem Benešem jako prezydentem i ministrem zahraničí podczas prezydentury Ferdynanda I (nie d'Este, a właściwie Ferdynand I Habsburg). - Edvard Beneš rzeczywiście był ministrem zahraničí. - Trójka ""Edvard Beneš | wasMinisterDuringPresidencyOf | Ferdinand d´Este"" odnosi się do rzeczywistych zdarzeń historycznych ale z błędną nazwą prezydenta, która powinna być Ferdynand I, a nie d'Este. Zatem informacje zawarte w tych trójkach zawierają błąd w nazwie prezydenta (użyto ""Ferdinand d'Este"" zamiast ""Ferdynand I""), przez co cała sadźbę klasyfikuję jako CFA (kontrafaktiske).","CFA. Wyjasnienie: - Ferdinand d'Este nie bě prezidentem (bě Edvard Beneš), ale jako osoba existuje. - Edvard Beneš bě ministrem zahraničí a prezidentom, ale relacija z Ferdinandem d'Este nie je správna.","CFA. Wyjaśnienie: - Ferdinand d'Este nie był prezydentem, był Edvardem Benešem w czasach, kiedy pełnił funkcję prezydenta (choć sam miał tytuł prezydenta-wygnania). - Edvard Beneš faktycznie był ministrem zahraničí. - Trójka trzecia wskazuje na okres kiedy Edvard Beneš pełnił funkcję ministra podczas prezydentury Ferdynanda I (a właściwie, jego syna, Ferdynanda d'Este nie był prezydentem, błąd w danych)."
Id287,culture,,,1,FA,FA,FA,FA,FA,FA,,,,,,
Id288,geography,,,1,CFA,CFA,CFA,CFA,CFA,CFA,,,,,,
Id289,history,,,3,FA,FA,CFA,INVALID,FA,CFA,"FA. To je důvod, proč jsem klasifikoval tuto sadu jako faktiskú (FA): - Karlova univerzita skutečně existuje a nachází se v Jihočeském kraji není správně, Karlova univerzita se nachází v Praze, ale předpokládám, že Jihočeský kraj může být myšlen jako širší regionální zařazení nebo že se jedná o chybu v datech. - Karolinum je skutečně budovou Karlova univerzity. - Karolinum je historicky významná budova a lze předpokládat, že může být jednou z nejstarších budov, ale přesné označení ""nejstarší"" může být otázkou definice a srovnání s ostatními budovami univerzity. Přestože mohou být některé údaje nepřesné nebo neúplné, považuji všechny entity a většinu vztahů za reálné a tudíž klasifikuji tuto sad jako FA.","FA. To je důvod, proč jsem klasifikoval tuto sadu jako faktiskú (FA): - Karlova univerzita skutečně existuje a nachází se v Jihočeském kraji není správně, Karlova univerzita se nachází v Praze, ale předpokládám, že Jihočeský kraj může být myšlen jako širší regionální zařazení nebo že se jedná o chybu v datech. - Karolinum je skutečně budovou Karlova univerzity. - Karolinum je historicky významná budova a lze předpokládat, že může být jednou z nejstarších budov, ale přesné označení ""nejstarší"" může být otázkou definice a srovnání s ostatními budovami univerzity. Přestože mohou být některé údaje nepřesné nebo neúplné, považuji všechny entity a většinu vztahů za reálné a tudíž klasifikuji tuto sad jako FA.","CFA. Karlova univerzita ma swoje campusy a budynk w róžnych krainach, ale jedyn z nich je skutočne w Praze, a to w Středočeském kraji (ne Jihočeský kraj). Karolinum je budova Karlowy uniwersity a jeji oldest building. Přepis w RDF je částečne špatně: Karlova univerzita není v Jihočeském kraji, ale entity existují.","FA. To je důvod, proč: Karlova univerzita je skutočně umístěna v Jihočeském kraji není pravda, protože Karlova univerzita je v Praze. Tudíž alespoň jedna z informací není pravdivá. Pokud bychom uvažovali, že Karolinum je nejstarší budovou Karlova univerzity, i to je pravda. Ale přesto tato informace nejspíše neodpovídá realnému světu kvůli prvnímu tvrzení. Proto bych klasifikoval tuto sadu jako CFA (kontrafaktiske). Opravená odpověď: CFA","FA. To je powod, wiso Karlova univerzita ma swójo sidło w Jihočeskym kraju, Karolinum je budynek Univerzity Karlow, a Karolinum je najstarszy budynek.","CFA. To je klasifikacija za kontrafaktiske informacije, protože Karolinum je budynek Karlovej univerzity, ale uniwersita njeseć w Jihočeskim kraju, ale w Praze."
Id290,culture,,,1,FA,FA,FA,FA,FA,CFA,,,,,,
Id291,culture,,,1,FA,FA,FA,FA,FA,FA,,,,,,
Id292,history,,,1,FA,FA,FA,FA,FA,FA,,,,,"FA. Tomáš Baťa wopěnował firmu Baťa, kotrejež štab był w Plzni.",
Id293,history,,,1,FI,FI,FI,FI,CFA,CFA,,,,,,
Id294,culture,,,3,FA,FA,FA,CFA,FA,FA,,,,"CFA. Po přemyslenju zdá, že Petřín je realne městno, Pomník Karla Hynka Máchy a J. H. Krchovský tež. Ale zdá se, že Pomník Karla Hynka Máchy njekommemoruje J. H. Krchovský, ale Karla Hynka Máchu. Přeto je sadźba kontrafaktiske.",,
Id295,geography,,,2,FA,FA,CFA,CFA,FA,FA,,,"CFA. (Informacije su částečne prawdźiwe, ale wuběrne detale mjenu a zwisku kónkretneho wuměnjenja težby urana w okrese Trutnov su sporne; težba urana w okrese Trutnov je znama, ale ""Novodobá těžba"" může byť považována za nepřesné nebo neúplné pojmenování.)","CFA. (Po přemyslenju) Připušću, že ""Novodobá těžba"" a ""okres Trutnov"" a ""uran"" w skutečnosći eksistuja. Ale težba uranu w okrese Trutnov je historiske fakt, ale w aktualnej dobje (novodobá) to tež nie je. Proto kontrafaktiske.",,
Id296,geography,,,1,FA,FA,FA,FA,FI,FA,,,,,,
Id297,history,,,1,CFA,CFA,FA,FA,FA,FA,,,,,,
Id298,geography,,,3,CFA,CFA,CFA,CFA,CFA,CFA,"CFA. W пояснении: Babiččino údolí je skutečné místo (osada u Sokolova), aleúdolí nemá dvě různé confluenceOf (Svatava a Ohře se skutečně vlévají do Ohře, ale nejsou to dvě různé řeky, které se vlévají do Babiččina údolí zvlášť). Proto klasifikuji jako CFA.","CFA. W пояснении: Babiččino údolí je skutečné místo (osada u Sokolova), aleúdolí nemá dvě různé confluenceOf (Svatava a Ohře se skutečně vlévají do Ohře, ale nejsou to dvě různé řeky, které se vlévají do Babiččina údolí zvlášť). Proto klasifikuji jako CFA.",,,"CFA. Wótmołwa: - Sokolov je městno w Čechach, Babiččino údolí je krajina při rzece Ohře, kotraž wopušćuje m.ni. Sokolov. - Ohře a Svatava su rěki, ale Svatava wliwa do Ohře něhdźe 6 km před Sokolowom, Babiččino údolí je wědomo při wliwanju Svatavy do Ohře. Zato wobsahuje sadźba njeprawdźiwu informaciju, ale w realnym swěće eksistuja wšě městna a rěki.",
Id299,geography,,,3,CFA,CFA,CFA,CFA,CFA,CFA,,,,,,
Id300,history,,,2,FA,FA,CFA,CFA,CFA,FA,,,,,CFA.,
Id301,history,,,2,CFA,CFA,CFA,CFA,CFA,CFA,,,,,,
Id303,politics,,,3,CFA,CFA,CFA,CFA,CFA,CFA,,,"CFA. Jiří Kobza je skutečně vlastníkem mediální skupiny Mafra, která vydává Mladou frontu. Nicméně informace o datu nabytí vlastnictví (ownershipStartDate) může být nepravdivá nebo změněná. Přesné datum může být obtížné ověřit, ale obecně platí, že Jiří Kobza je skutečně vlastníkem Mafry a Mladé fronty. Tudíž entita vlastníka a vlastněných médií je reálná, ale přesnost data lze považovat za spornou. Proto klasifikace jako CFA (kontrafaktiske) je vhodná.",,,
Id304,culture,,,3,CFA,CFA,CFA,CFA,CFA,CFA,"CFA. Wšechny entitêty (Václav Havel, U Prdlavky, zastávka, pražská městská hromadná doprava) su realne, ale niektore z nich maja njeprawidłowe abo změnjene zwazy (Václav Havel nejede U Prdlavky někomu oznámiť, zastávka U Prdlavky je čásť pražskej mestskej hromadnej dopravy).","CFA. Wšechny entitêty (Václav Havel, U Prdlavky, zastávka, pražská městská hromadná doprava) su realne, ale niektore z nich maja njeprawidłowe abo změnjene zwazy (Václav Havel nejede U Prdlavky někomu oznámiť, zastávka U Prdlavky je čásť pražskej mestskej hromadnej dopravy).",,,"CFA. Wotmołwa: - Václav Havel je realna osoba, ale njewiduje se, že by kdekuli announces U Prdlavky (żeby dał taku deklaraciju). - U Prdlavky a zastávka su fikciwne entity (přeto ""U Prdlavky"" je zwonsće neznajomy ako ""Prdlavky""). - pražská městská hromadná doprava je realne, ale ""zastávka"" jako samostatny koncept może być realny abo fiktiwny. Přesto, że někere poćahi a entity su fiktívne, njesu wšykne informace o nich kontrafaktiske. Přetoznačka CFA wotpowěduje nejlěpši.",
Id306,history,,,3,CFA,CFA,CFA,CFA,CFA,CFA,"CFA. Gavrilo Princip je historiska figura, wobźěłał jako atentátník a bě wězni, ale Sněžka njeje dźel jeho biografije. On byl wěznjom w Terezíně a potajkim w Berlinie.","CFA. Gavrilo Princip je historiska figura, wobźěłał jako atentátník a bě wězni, ale Sněžka njeje dźel jeho biografije. On byl wěznjom w Terezíně a potajkim w Berlinie.","CFA. Gavrilo Princip je historická postava, ale niektoré informácie nie sú správne: nebol uväznený v Sněžke (Gavrilo Princip bol uväznený v Theresienstadte a neskôr bol presunutý do Tábora, kde bol popravený). Jeho povolanie mohlo byť vnímané ako atentátník v širšom zmysle, ale v čase jeho konania nebol oficiálne klasifikovaný ako terorista alebo atentátník. Avšak hlavná chyba je v informácii o väzení.",,"CFA. Wyjasnienie: Gavrilo Princip je historiska osoba, wón opravdu wěkywował atentat na Franciszka Ferdynanda (jeho zawěsć zajimała wšak mj. a.), ale wón njeje był w Sněžce uwięziony. Princip běše po swojim atentacie na čas wězniwom w Theresienstadcie a pózdźej w Třebiču, ale Sněžka njeje městno, w kótrem wón sedźał.","CFA. Wyjasnienie: Gavrilo Princip je historiska figura, wotpowědujo realnemu swětej (FA za něje jako entity). Ale podate, štož Princip bě wěźany w Sněžce, je njeprawdźiwe, protože Sněžka njeje wěznica, ale góra. Zato hodnota ""wasImprisonedIn"" je změnjena. Proto klasifikacia je CFA."
Id307,geography,,,3,FA,FA,CFA,CFA,CFA,CFA,,,,,"CFA. Televizní vysílač Ještěd a Rozkoš jsou skutečné lokality, ale zatímco Ještěd je skutečně televizním vysílačem a Rozkoš je obec (nikoli město), jejich vztah a některé charakteristiky mohou být zkreslené nebo neaktuální. Přesněji, Rozkoš není město, ale obec. Tudíž aspoň jedna informace (Rozkoš | isA | město) je nepravdivá.",
Id308,geography,,,2,CFA,CFA,CFA,CFA,CFA,CFA,,,"CFA (Žižkovský vysílač je realny objekt a Jan Kameníček je realna osoba, ale informace o tom, že Jan Kameníček navrhl Žižkovský vysílač může být sporná nebo neověřená. Proto klasifikuji tuto sadźbu jako CFA.)",,,
Id309,geography,,,2,CFA,CFA,FA,FA,CFA,CFA,Sadźba 1: Labe | meets | Orlice -> FA Sadźba 2: Labe Orlice | confluenceLocation | Mladá Boleslav -> CFA,Sadźba 1: Labe | meets | Orlice -> FA Sadźba 2: Labe Orlice | confluenceLocation | Mladá Boleslav -> CFA,"Dla Labe | meets | Orlice wotpowěduje realnemu swětej, rzeki Labe a Orlice really existują a mětaja stejspunkt. Dla Labe Orlice | confluenceLocation | Mladá Boleslav informacije su prawdźiwe a wotpowěduja realnemu swětej. Wše informacije su faktiske. Ostatečna wotmołwa: FA",Sadźba 1: Labe | meets | Orlice -> CFA Sadźba 2: Labe Orlice | confluenceLocation | Mladá Boleslav -> FA,"CFA. Wótmołwa: Labe a Orlice stej realne rzeki, ale ich konfluenca (spótkanje) se nachádza někde jindźe, a to při Hradcu Králové, nic při Mladym Boleslavě.","CFA. Wyjasnění: Labe a Orlice są realnymi rzekami, ale ich połaczenie (confluence) się nachádza w miejscowości Mladá Boleslav nie je správne. Połaczenie tych dwu rzek się nachádza w miejscowości Bělá pod Bezdany. Zatem informacje o conjunctionLocation tych rzek su njeprawdźiwe."
Id310,culture,,,1,FI,FI,FI,CFA,CFA,FI,,,,,,
Id311,culture,,,3,CFA,CFA,CFA,CFA,CFA,CFA,"CFA. Wyjasnienie: Prago Union je realna skupina, Anděl Award je realna wuhrada, ale podate lěto 1945 njepasuje, protože Anděl Award běše wprědźěna prěni raz w lěće 1994.","CFA. Wyjasnienie: Prago Union je realna skupina, Anděl Award je realna wuhrada, ale podate lěto 1945 njepasuje, protože Anděl Award běše wprědźěna prěni raz w lěće 1994.","CFA. Anděl Award je skutečně udělován, nicméně první ročník Anděl Award byl až v roce 1997, tudíž uvedený rok 1945 je nesprávný. Zbývající dvě trojky se týkají skupiny Prago Union a informací o konkrétním ocenění, které lze ověřit.","CFA. Wyjasnienie: Prago Union a Anděl Award su realne entity, ale daty w trójkach su njeprawdźiwe. Prago Union wjacore razy dostawał Anděl Award, ale nic za Dezorient Express. Anděl Award wšakk nic bywa rozdawan w lěće 1945, prěnja edicija wón wšakk přeprowadźi w lěće 1994.",,"CFA. Wyjasnienie: Prago Union je realna skupina, Anděl Award je realna wuhrada, ale podate lěto (1945) njepowěduje realnemu swěće, protože prěnja Anděl Award bě w lěće 1994. Dezorient Express je realny album skupiny Prago Union."
Id312,history,,,6,FA,FA,CFA,CFA,CFA,CFA,"Sadźby su klasifikowane ako: - Rudolf Procházka | occupation | český voják: FA - Rudolf Procházka | militaryRank | major: FA - Rudolf Procházka | occupation | letec: CFA - Rudolf Procházka | livedIn | dům: FA - Rudolf Procházka | diedIn | dům: FA - dům | locatedIn | Františkovy Lázně: FA Žehnijme wšakemu přemyslenje, wotmołwa: To su wše fakty, ale někotre informacije wó Procházce su wopakowane. Wěc, že Procházka měješe wjacore zawódki (český voják, letec), zwótwóruje kontrafaktiske informaciju, ale w tym padźe je to wjacore zawódki w jednej sadźbje. Přepyšuju wotmołwu: - Rudolf Procházka | occupation | český voják: FA - Rudolf Procházka | militaryRank | major: FA - Rudolf Procházka | occupation | letec: CFA - Rudolf Procházka | livedIn | dům: FA - Rudolf Procházka | diedIn | dům: FA - dům | locatedIn | Františkovy Lázně: FA Wše su FA abo CFA, ale žedna FI. Wotmołwa: FA, FA, CFA, FA, FA, FA","Sadźby su klasifikowane ako: - Rudolf Procházka | occupation | český voják: FA - Rudolf Procházka | militaryRank | major: FA - Rudolf Procházka | occupation | letec: CFA - Rudolf Procházka | livedIn | dům: FA - Rudolf Procházka | diedIn | dům: FA - dům | locatedIn | Františkovy Lázně: FA Žehnijme wšakemu přemyslenje, wotmołwa: To su wše fakty, ale někotre informacije wó Procházce su wopakowane. Wěc, že Procházka měješe wjacore zawódki (český voják, letec), zwótwóruje kontrafaktiske informaciju, ale w tym padźe je to wjacore zawódki w jednej sadźbje. Přepyšuju wotmołwu: - Rudolf Procházka | occupation | český voják: FA - Rudolf Procházka | militaryRank | major: FA - Rudolf Procházka | occupation | letec: CFA - Rudolf Procházka | livedIn | dům: FA - Rudolf Procházka | diedIn | dům: FA - dům | locatedIn | Františkovy Lázně: FA Wše su FA abo CFA, ale žedna FI. Wotmołwa: FA, FA, CFA, FA, FA, FA",,Sadźba RDF trójkow: CFA,CFA.,"Sadźby su klasifikowane ako: - Rudolf Procházka | occupation | český voják: FA - Rudolf Procházka | militaryRank | major: FA - Rudolf Procházka | occupation | letec: CFA (bohut, jeho zawód je wjetki, ale wugronički zawód ""český voják"" a ""letec"" w konflikte se njepowěduja) - Rudolf Procházka | livedIn | dům: FA - Rudolf Procházka | diedIn | dům: CFA (bohut, dům njemóže być mjesto jeho smjerće i žitka) - dům | locatedIn | Františkovy Lázně: FA Lěkosć klasifikacije: - FI: žaden - FA: 3 - CFA: 3"
Id313,history,,,2,CFA,CFA,CFA,CFA,CFA,CFA,,,"CFA. Přemysl Otakar II jo był kral Čechow, ale Hrad Karlštejn njo je jeho rezidenca, rezidencą Přemysla Otakara II. byl Hrad Karlův a Praha. Přemysl Otakar II. krótko před smrtí pobył na hradě Karlštejn jako vězeň svého syna a tam i zemřel.",,,
Id314,geography,,,2,CFA,CFA,FA,CFA,CFA,FA,"CFA. Wótmołwa: Institut plánování a rozvoje hlavního města Prahy je skutecznym institutom, ale jeho lokalizacja a sídlo su podate njeprawdźiwe abo změnjene. Podle wikipedije ma Instytut plánování a rozvoje hlavního města Prahy sídlo na adrese: Šlechtitelská 1, 160 00 Praha 6 – Dejvice, čo njesuwěduje z podanym ""budovy bývalého Sdružení projektových ateliérů"".","CFA. Wótmołwa: Institut plánování a rozvoje hlavního města Prahy je skutecznym institutom, ale jeho lokalizacja a sídlo su podate njeprawdźiwe abo změnjene. Podle wikipedije ma Instytut plánování a rozvoje hlavního města Prahy sídlo na adrese: Šlechtitelská 1, 160 00 Praha 6 – Dejvice, čo njesuwěduje z podanym ""budovy bývalého Sdružení projektových ateliérů"".",,"CFA. Wótmołwa: Institut plánování a rozvoje hlavního města Prahy je skutecznym institutom, ale jeho lokalizacja a sídlo su podate njeprawdźiwe abo změnjene. Institut sídlí w budovje na adrese Náměstí Jana Paula II. č. 2/810, 120 00 Praha 1, ale to njekoresponduje s wopisanym sídlem.","CFA. Wótmołwa: Institut plánování a rozvoje hlavního města Prahy je skutecznym institutom, ale jeho lokalizacja a sídlo su podate njeprawdźiwe abo změnjene.",
Id315,history,,,4,CFA,CFA,CFA,CFA,CFA,CFA,,,,,,
Id317,geography,,,1,CFA,CFA,CFA,CFA,CFA,CFA,,,,,,
Id318,history,,,1,FA,FA,FA,FA,FA,FA,,,"FA (Česká televize, jako veřejnoprávní televize České republiky, skutečně vznikla 1. ledna 2006, kdy začala fungovat jako samostatná právnická osoba. Ovšem historie České televize sahá do roku 1959, kdy začala vysílat Československá televize. )",,,
Id319,sports,,,2,FA,FA,FA,FA,FA,FA,,,,,,
Id320,history,,,1,CFA,CFA,CFA,CFA,CFA,CFA,,,,,,
Id321,geography,,,4,CFA,CFA,CFA,CFA,CFA,CFA,"CFA. Karlovy Vary skutečně existují a jsou známé termálními prameny a jsou součástí západu Čech. Ovšem ""západ Čech"" není přesným geografickým označením pro umístění Karlových Varů (Karlovy Vary leží v severním Česku, v regionu Sokolov, který je někdy řazen k západu Čech, ale není to přesné). Karlovy Vary nejsou přímo součástí ""seznamu Světového dědictví UNESCO"" - jsou zařazeny pod kategorii lázeňského města, ale to není totéž. A konečně, Karlovy Vary nejsou typem pohoří, nýbrž lázeňským městem, takže čtvrtá trojka je zcela chybná. Touto úvahou lze odůvodnit klasifikaci CFA.","CFA. Karlovy Vary skutečně existují a jsou známé termálními prameny a jsou součástí západu Čech. Ovšem ""západ Čech"" není přesným geografickým označením pro umístění Karlových Varů (Karlovy Vary leží v severním Česku, v regionu Sokolov, který je někdy řazen k západu Čech, ale není to přesné). Karlovy Vary nejsou přímo součástí ""seznamu Světového dědictví UNESCO"" - jsou zařazeny pod kategorii lázeňského města, ale to není totéž. A konečně, Karlovy Vary nejsou typem pohoří, nýbrž lázeňským městem, takže čtvrtá trojka je zcela chybná. Touto úvahou lze odůvodnit klasifikaci CFA.","CFA. Karlovy Vary su skutečně umístěny v západě Čech, nicméně ""západ Čech"" není oficiální název pro tuto oblast. Přesto lze říci, že informace není zcela přesná, ale město skutečně existuje a nachází se v České republice. Druhý řádek říká, že Karlovy Vary jsou součástí seznamu Světového dědictví UNESCO. To je pravda. Třetí řádek praví, že Karlovy Vary jsou známé termálními prameny. To je také pravda. Poslední řádek ovšem říká, že Karlovy Vary jsou typem jesenického pohoří. To je ale nesprávné, jelikož Karlovy Vary se nachází v Krušných horách. Přesto jsou Karlovy Vary skutečné a tudíž klasifikace jako CFA.","CFA. Karlovy Vary su skutečně umístěny v západě Čech, nicméně ""západ Čech"" nie je přesně definované geografické umístění, ale obecné označení pre určitú oblasť. Podobne, Karlovy Vary sú skutočne súčasťou seznamu Světového dědictví UNESCO, termální prameny sú známe v Karlovych Varoch, ale ""jesenické pohoří"" nie je správne označenie pre Karlovy Vary, lebo Karlovy Vary sa nachádzajú v krajine Cheb a sú súčasťou pohoří Krušné hory. Preto klasifikujem túto sadźbu ako CFA (kontrafaktiske).",,"CFA. Karlovy Vary su skutečně umístěny v západě Čech, nicméně ""západ Čech"" není konkrétní geografická jednotka, ale spíše regionální označení. Přesto lze považovat informaci za věcně správnou. Karlovy Vary jsou skutečně součástí Světového dědictví UNESCO (jako součást většího celku ""Město Karlovy Vary - architektonicko-urbanistický komplex lázeňského města s historickým jádrem a technickými objekty""). Karlovy Vary jsou skutečně známé pro své termální prameny. Jesenické pohoří je však samostatná geografická jednotka a Karlovy Vary do něj nepatří. Karlovy Vary leží v Krušných horách. Tudíž poslední trojka obsahuje nepravdivou informaci. Protože ale město Karlovy Vary skutečně existuje a informace o něm nejsou úplně fikční, klasifikuji tuto sadźbu jako CFA."
Id322,history,,,3,FA,FA,FA,CFA,CFA,FA,,,,CFA.,CFA.,
Id323,culture,,,6,FA,FA,FA,FA,FA,FA,"Sadźba RDF trójkow: **FA** To je moje wuzdanie. Při tej klasyfikaciji wzełam pod wuwagę wšak, že předměty (Josef Kemr a Cena Thálie) a jejich zwisće podatki wužiwojetne su a wotpowěduja realnemu swětej. Žadnych njeprawdiwych abo změnjanych infomacijow njemu.","Sadźba RDF trójkow: **FA** To je moje wuzdanie. Při tej klasyfikaciji wzełam pod wuwagę wšak, že předměty (Josef Kemr a Cena Thálie) a jejich zwisće podatki wužiwojetne su a wotpowěduja realnemu swětej. Žadnych njeprawdiwych abo změnjanych infomacijow njemu.","Sadźba RDF trójkow: FA. Josef Kemr je skutočne český herec, preto väčšina informácií o ňom sú pravdivé. Cena Thálie tiež skutočne existuje a informácie o nej tiež pravdepodobne sú pravdivé. Preto klasifikujem túto sadźbu ako faktiskú (FA).","FA. Po přemysle jsem došel k závěru, že všechny uvedené informace jsou pravdivé a odpovídají reálnému světu. Josef Kemr byl český herec, který obdržel Cenu Thálie v roce 1993 za celoživotní mistrovství. Žádné z uvedených informací nejsou nepravdivé nebo změněné, a tudíž celá sada RDF trojky lze klasifikovat jako faktiské (FA).","FA. Po uwaze: Wšechy informace su prawdźiwe a wotpowěduja realnemu swětej. Josef Kemr běše českosłowakski herec, zdobył 12 rolow a waweru Cena Thálie za swoje lifetime mistrowstwo.","FA. Po wšech dostupnych informacijach sa zdá, že všechny údaje sú pravdivé a overiteľné. Proto klasifikujem túto sadźbu RDF ako faktiskú (FA)."
Id324,geography,,,1,FA,FA,FA,FA,FA,FA,,,,,FA.,
Id325,history,,,5,CFA,CFA,CFA,CFA,CFA,CFA,,,,,,
Id326,culture,,,4,FA,FA,FA,FA,FA,FA,"FA. Všechny uvedené informace o Melantrichovi, který je nakladatelstvím, se týkají reálného nakladatelství založeného v roce 1991 v České republice. Informace o typu (Nakladatelství), zemi (Česko), éře (Novodobé) a lokalitě (Thunovský palác) jsou pravdivé a odpovídají reálnému světu. Proto klasifikuji tuto sadu RDF trojky jako faktickou (FA).","FA. Všechny uvedené informace o Melantrichovi, který je nakladatelstvím, se týkají reálného nakladatelství založeného v roce 1991 v České republice. Informace o typu (Nakladatelství), zemi (Česko), éře (Novodobé) a lokalitě (Thunovský palác) jsou pravdivé a odpovídají reálnému světu. Proto klasifikuji tuto sadu RDF trojky jako faktickou (FA).",,,"FA. Wszystkie informacje są prawdziwe i dotyczą rzeczywistego świata: Melantrich to wydawnictwo (Nakladatelství) z Czech (Česko), działające w czasach nowożytnych (Novodobé) i mieszczące się w pałacu Thunowskim (Thunovský palác).","FA. Wszystkie informacje są prawdziwe i dotyczą rzeczywistego świata: Melantrich to wydawnictwo (Nakladatelství) z Czech (Česko), działające w czasach nowożytnych (Novodobé) i mieszczące się w pałacu Thunowskim (Thunovský palác)."
Id327,history,,,2,CFA,CFA,CFA,CFA,CFA,CFA,"CFA. Historické jádro mesta Prostějova skutečně existuje a je součástí městské památkové zóny. Ovšem údaj o roce označení (designationYear = 1773) není správný. Historické jádro města Prostějov bylo označeno jako městská památková zóna v roce 1995. Protože tedy entita ""historické jádro města Prostějova"" skutečně existuje, ale jeden z uvedených údajů (rok označení) je nesprávný, klasifikuji tuto RDF trojku jako CFA (kontrafaktické).","CFA. Historické jádro mesta Prostějova skutečně existuje a je součástí městské památkové zóny. Ovšem údaj o roce označení (designationYear = 1773) není správný. Historické jádro města Prostějov bylo označeno jako městská památková zóna v roce 1995. Protože tedy entita ""historické jádro města Prostějova"" skutečně existuje, ale jeden z uvedených údajů (rok označení) je nesprávný, klasifikuji tuto RDF trojku jako CFA (kontrafaktické).",,,,
Id328,history,,,5,CFA,CFA,CFA,CFA,CFA,CFA,,,,"CFA. W RDF trójkach je Ústí nad Labem prawdźiwa lokacija, ale datum ""1415-07-06"" je njeprawdźiwe, protože Ústí nad Labem běše w tym časowym období ještě nic neexistowało jako město. Americké nálety na Ústí nad Labem byly navíc pouze v roce 1945 během druhé světové války, tudíž informace o amerických náletech v roce 1415 jsou zcela nepravdivé.","CFA. Wutrojakowe informacije su wjacoruchliwne, ale nie wšě su prawdźiwe. Ústí nad Labem je skutečne město v severnych Čechach, ale datum ""1415-07-06"" njepowěduje žednému historiskemu datumej, zwiskanej ze skutecznym dějem v Ústí nad Labem. Americké nálety na Ústí nad Labem byly skutecne, ale staly se až ve 20. stoletím během druhé světové války, a ne v 15. stoletím. Přestavby a demolice města proběhly během komunistického režimu, což je pravda. Ovšem datum amerických náletů není správný.",
Id329,history,,,1,FA,FA,FA,FA,FA,FA,,,,,,
Id330,history,,,2,CFA,CFA,CFA,CFA,CFA,FI,"Pro klasifikaci těchto RDF trojek potřebuji vědět něco o jejich kontextu. - kostel od Santiniho na Zelené hoře | isDedicatedTo | sv. Jan Nepomucký - Kostel na Zelené hoře je skutečně věnován svatému Janu Nepomuckému. - Značka: FA - kostel od Santiniho | location | Brummelův dům - Kostel od Santiniho je obvykle spojován se Zelenou hořou, ne s Brummelovým domem. - Brummelův dům je historický dům v Praze spojený s osobou Josefa Dobrovského a ne se Santiniho kostelem. - Značka: CFA","Pro klasifikaci těchto RDF trojek potřebuji vědět něco o jejich kontextu. - kostel od Santiniho na Zelené hoře | isDedicatedTo | sv. Jan Nepomucký - Kostel na Zelené hoře je skutečně věnován svatému Janu Nepomuckému. - Značka: FA - kostel od Santiniho | location | Brummelův dům - Kostel od Santiniho je obvykle spojován se Zelenou hořou, ne s Brummelovým domem. - Brummelův dům je historický dům v Praze spojený s osobou Josefa Dobrovského a ne se Santiniho kostelem. - Značka: CFA",,"Sadźby su wobě faktiske (FA), ale druga sadźba w sobě wužytku jednoho njeprawdźiweho datuma. Kostel na Zelené hoře je skutkowne dédi wot sw. Jana Nepomuckého a nachádza so w Brummelově domě. Wotmołwa: - kostel od Santiniho na Zelené hoře | isDedicatedTo | sv. Jan Nepomucký: FA - kostel od Santiniho | location | Brummelův dům: CFA",Sadźby su: * kostel od Santiniho na Zelené hoře | isDedicatedTo | sv. Jan Nepomucký: FA * kostel od Santiniho | location | Brummelův dům: CFA,"Sadźba: - kostel od Santinihi na Zelené hoře | isDedicatedTo | sv. Jan Nepomucký: FA - kostel od Santinihi | location | Brummelův dům: FI Wuznamjenja: - Kostel na Zelené hoře je skutočne dédičny sw. Janowi Nepomuckému. - Brummelův dům a kostel od Santinihi (kostel na Zelené hoře) su dvě různé entity; kostel se nachází na Zelené hoře v nedaleké Ždírnici u Nepomuku, nikoli v Brummelově domě, proto klasifikuji jako FI."
Id332,history,,,1,FA,FA,FA,FA,FA,FA,,,,,FA.,
Id333,culture,,,2,CFA,CFA,CFA,CFA,CFA,CFA,,,,Sadźba: - chrám v Kutné Hoře | dedicatedTo | sv. Barbora --> FA - chrám v Kutné Hoře | locatedIn | Praha východ --> CFA Wyniš: - FA - CFA,,"CFA. W čásći ""chrám v Kutné Hoře | dedicatedTo | sv. Barbora"" su informace faktiske, chrám v Kutné Hoře je kostel, zwany Sedlecý chrám a je wotdajený swjatej Barboře. W čásći ""chrám v Kutné Hoře | locatedIn | Praha východ"" su informace kontrafaktiske, protože Kutná Hora je w němskej katastrálnej jednotce Praha-východ (okres Kutná Hora), ale samotá Kutná Hora njeje přímo w Praze východ, která je wobwodem středočeskim regiónom a městská obec Praha východ zahrnuje širši okolí ale městsko-administrativně je Praha východ samostatna jednotka a spadá pod Středočeský kraj stejně jako Kutná Hora ."
Id334,culture,,,2,FA,FA,FA,FA,CFA,FA,,,,,"CFA. Přemysl: Pivovar ""Poutník"" واقعnje exists a jeho sidło je actually в Otavě, ale muszę klasifikovať ako CFA, protože jméno môže být někdy uváděno různě, prípadne překladané. Přesto ale Pivovar a mesto Otava su realne.",
Id335,geography,,,1,FA,FA,FA,CFA,FA,FA,,,,"CFA ( Sněžka واقعnje je blisko Liberec, ale Liberec dokładnje njeje blisko Sněžki, Sněžka je blisko Krkonoše )",,
Id336,culture,,,2,CFA,CFA,FA,FA,CFA,CFA,"CFA. Radegast je realna postawa (entita) ze słowanskej mitologije, ale někotre podate poćahi abo hódnoty su njeprawdźiwe abo změnjene. Slovanský bůh je přezwisko, ale je tak možno. Některé prameny dávají Radegasta do Čech, jiní do Polska nebo do Německa. Protože neexistuje jediný obecně přijímaný údaj o tom, kde měl Radegast své působiště nebo kde měl sochu, klasifikuji tuto RDF trojku jako CFA.","CFA. Radegast je realna postawa (entita) ze słowanskej mitologije, ale někotre podate poćahi abo hódnoty su njeprawdźiwe abo změnjene. Slovanský bůh je přezwisko, ale je tak možno. Některé prameny dávají Radegasta do Čech, jiní do Polska nebo do Německa. Protože neexistuje jediný obecně přijímaný údaj o tom, kde měl Radegast své působiště nebo kde měl sochu, klasifikuji tuto RDF trojku jako CFA.",,,"CFA. Radegast jako slovanský bůh a jeho socha v České republice jsou reálné, ale informace o jeho uctívání a sochách mohou být částečně zkreslené nebo upravené. Protože Radegast je historicky doložený slovanský bůh a v České republice skutečně existuje socha věnovaná tomuto bohu, klasifikoval bych tuto RDF trojku jako kontrafaktickou (CFA), protože některé detaily mohou být upravené nebo zkreslené.",
Id337,geography,,,1,FA,FA,FA,FA,FA,FA,,,,,,
Id338,history,,,5,CFA,CFA,CFA,CFA,CFA,CFA,,,"CFA. To je rozwiłowanie: Wszystke informace su w połkupach wotpowědujoce realnemu swětej. Žadna ze wspomnionych entit (Marie Svatošová, Medaile Za zásluhy o stát, Václav Havel, Ondřej Trojan) njeeksistuje fiktiwnie. Ale jedna informacija je njeprawdźiwa: Medaile Za zásluhy o stát njemóže być wudana přez dweju awtority (Václav Havel a Ondřej Trojan).","CFA. To je rozwiłowanie: Wszystke informace su w połkupach wotpowědujoce realnemu swětej. Žadna ze wspomnionych entit (Marie Svatošová, Medaile Za zásluhy o stát, Václav Havel, Ondřej Trojan) njeeksistuje fiktiwnie. Ale jedna informacija je njeprawdźiwa: Medaile Za zásluhy o stát njemóže być wudana přez dweju awtority (Václav Havel a Ondřej Trojan).","CFA. Přičinu, wot, čeho wosebje klasifikuju jako CFA: - Marie Svatošová, lékařka a zakladatelka českých hospiců, je skutečná osoba. - Medaile Za zásluhy o stát je skutečná. - Problém je v tom, že Ondřej Trojan nebyl prezidentem České republiky, tudíž nemohl udělit toto ocenění. Prezidentem České republiky v době, kdy bylo toto ocenění uděleno (údajně v roce 1997), byl Václav Havel. Tudíž informace, že Ondřej Trojan ocenění udělil, je nepravdivá. Proto klasifikuji jako CFA.","Sadźba RDF trójkow: - Marie Svatošová | profession | lékařka: FA - Marie Svatošová | role | zakladatelka českých hospiců: FA - Marie Svatošová | receivedAward | Medaile Za zásluhy o stát: FA - Medaile Za zásluhy o stát | awardedBy | Václav Havel: FA - Medaile Za zásluhy o stát | awardedBy | Ondřej Trojan: CFA Wysoka wotmołwa: FA, FA, FA, FA, CFA"
Id339,history,,,3,CFA,CFA,CFA,CFA,CFA,CFA,"CFA. Český zemský sněm je historicky dźěl Německeje a Awstrije, ale Frýdek-Místek je město w Čěskej republice. Český zemský sněm tu město w swojej historiskej činnosti njepřidrujo. Přidružene gmejny su w Čechach abo w Morawje. Podobnje, 1861 je historiske lěto, ale start je wjetke słowo, k němuž historiske lěto direktnje njepřidružuje.","CFA. Český zemský sněm je historicky dźěl Německeje a Awstrije, ale Frýdek-Místek je město w Čěskej republice. Český zemský sněm tu město w swojej historiskej činnosti njepřidrujo. Přidružene gmejny su w Čechach abo w Morawje. Podobnje, 1861 je historiske lěto, ale start je wjetke słowo, k němuž historiske lěto direktnje njepřidružuje.","CFA. Český zemský sněm je realna entita, ale Frýdek-Místek njeje městno, w kótrem sej Český zemský sněm zasadal. Český zemský sněm zasadał w Brnie. 1861 je realne lěto, ale start je předmět, který w kontekście datskeje struktury RDF njepřipadá w českoj rěči. Připadá ale w angličkej rěči.","CFA. Český zemský sněm skutečně zasedal v různých městech, včetně Frýdku-Místku. Ovšem údaje o konkrétních zasedáních mohou být neúplné nebo nesprávné. Zároveň platí, že rok 1861 skutečně existuje. Tudíž předpokládám, že některá data mohou být zkreslená nebo chybějící. Proto volím značku CFA.","CFA. Český zemský sněm je realny object, ale informacija, štuž se nachází v Frýdek-Místku, je kontroverzná. Český zemský sněm zasedá v Brně. Podobně, 1861 je realne lět, ale informacija, štuž je to start, je kontroverzná. Start Českého zemského sněmu připadne až na rok 1861 nie je přesne definován. Ovšem tato informace není zcela pravdivá nebo zcela nepravdivá vzhledem k informaci o zasedání. Tudíž klasifikácia jako CFA je vzhledem k pôvodným pravidlám vhodná.","CFA. Wyjasnienie: Český zemský sněm je realna historyczna institucija, ale podane město Frýdek-Místek njepasuje k Čěskemu zemskemu sněmu. Český zemský sněm město Frýdek-Místek jako swoje sydło njeměje. 1861 je realny rok, ale w tym lěće Český zemský sněm swoje sydło w Frýdek-Místku njeměje."
Id340,politics,,,2,FA,FA,FA,FA,FA,CFA,,,,,,
Id341,history,,,3,CFA,CFA,CFA,CFA,CFA,CFA,,,,,,
Id342,history,,,3,CFA,CFA,CFA,CFA,CFA,CFA,"CFA. Po přečitaní wšechnych dat, předpokládám, že Jana Opletala zemřel v roce 1938 a české vysoké školy byly zavřeny v roce 1939. Tudíž některé údaje jsou pravdivé, ale jiné časové údaje jsou kontrafaktické vzhledem k sobě. Proto klasifikuji celou sadźbu jako CFA.","CFA. Po přečitaní wšechnych dat, předpokládám, že Jana Opletala zemřel v roce 1938 a české vysoké školy byly zavřeny v roce 1939. Tudíž některé údaje jsou pravdivé, ale jiné časové údaje jsou kontrafaktické vzhledem k sobě. Proto klasifikuji celou sadźbu jako CFA.",,CFA.,,
Id344,geography,,,3,CFA,CFA,CFA,CFA,CFA,CFA,,,,"CFA. Wutwórjene předměty (kostel, západní okraj, Kutná Hora) su realne, ale zwisk mjez nimi je částečne njeprawdźiwy. Kostel swjateho Bara w Kutnej Horje je w městskim centrumje, ale přińdźe tež k městskemu kóncowi (okraj), leč Hussitská církev wěděla ze sobotu toho kostela w 15. lětstotku.",,
Id345,history,,,3,CFA,CFA,CFA,CFA,CFA,CFA,"CFA. Československá televize skutečně existovala, ale její označení jako ""Československá televize"" a některé údaje mohou být sporné nebo závislé na kontextu. Nicméně Česko-Slovenská televize začala vysílat až v roce 1959 v rámci ČSSR a zanikla v roce 1992 se zánikem ČSFR. Vysílání v roce 1920 tedy není správně. Proto klasifikuji tuto sadźbu jako kontrafaktisku (CFA).","CFA. Československá televize skutečně existovala, ale její označení jako ""Československá televize"" a některé údaje mohou být sporné nebo závislé na kontextu. Nicméně Česko-Slovenská televize začala vysílat až v roce 1959 v rámci ČSSR a zanikla v roce 1992 se zánikem ČSFR. Vysílání v roce 1920 tedy není správně. Proto klasifikuji tuto sadźbu jako kontrafaktisku (CFA).",,"CFA Československá televize skutečně existovala, ale Československo zaniklo 31. prosince 1992. Pokud tedy údaje hovoří o roce 1920, jedná se o nepravdivé informace, neboť ČT začala vysílat až v roce 1959. Tudíž se jedná o kontrafaktickou informaci.",,"CFA. Wutołk: Československá televize je dźěłała w Čéskosłowensku, ale w Čéskosłowensku njeje telewizija 1920 začěła."
Id346,history,,,4,CFA,CFA,FA,FA,FA,FA,"CFA. Wšě stejne entity su realne (Bible kralická je přełožk Bibla, a přełožk w českim rěči), ale informacije typu ""translationType"" a ""language"" su pravděpodobně správné. ovšem údaj o ""order"" (126500000) je velmi nepravděpodobný neboť neexistuje žádný obecný ž standard pro určování ""order"" u překladů bible, nicméně bez dalších informací nelze s jistotou tvrdit že je to zcela vyloučeno. Přesto se zdá že ano takže kontrafakticka informace převažuje.","CFA. Wšě stejne entity su realne (Bible kralická je přełožk Bibla, a přełožk w českim rěči), ale informacije typu ""translationType"" a ""language"" su pravděpodobně správné. ovšem údaj o ""order"" (126500000) je velmi nepravděpodobný neboť neexistuje žádný obecný ž standard pro určování ""order"" u překladů bible, nicméně bez dalších informací nelze s jistotou tvrdit že je to zcela vyloučeno. Přesto se zdá že ano takže kontrafakticka informace převažuje.",,,,
Id347,geography,,,3,CFA,CFA,CFA,CFA,CFA,CFA,,,,"CFA. České Budějovice su skutečne a leža na sútoku rěk Vltava a Malše, ale západní a jižní Čechy njejsó dvě řeky, ale regiony.",,"CFA. České Budějovice su skutečně located at River Confluence (soutok řeky Vltavy a Malše). Ovšem západní a jižní Čechy nejsou řeky, takže informace o tom, že jsou součástí confluenceOf není pravdivá. Proto klasifikuji tuto sadźbu jako CFA (kontrafaktiske)."
Id348,history,,,1,FA,FA,FA,FA,FA,FA,,,,,,
Id349,geography,,,1,FA,FA,FA,FA,FA,CFA,,,FA. Rudný důl u Harrachova skutečně existuje a nacházel se uvnitř Československa.,,FA. Rudný důl u Harrachova skutečně existuje a nacházel se uvnitř Československa.,
Id350,geography,,,2,CFA,CFA,FI,CFA,FI,FI,,,,,,
Id351,geography,,,3,CFA,CFA,CFA,CFA,CFA,CFA,,,,"CFA. Wotmołwa: Některé informace jsou pravdivé (entity existují), ale některé údaje jsou nepravdivé nebo změněné. Například náměstí a Morava jsou skutečně místa v České republice, ale informace o umístění mostu pod náměstím může být sporná nebo nesprávná.","CFA. Nejstarší zachovaný kamenný most se nachází v okrese Olomouc v místě bývalého Československa, ovšem v současné době je most součástí obce Přelouč v okrese Pardubice. Tudíž locality jsou reálné, ale jejich propojení je chybné.",CFA.
Id353,geography,,,6,FA,FA,FA,FA,FA,FA,,,,"Sadźba: FA Uzasadnienie: Některé informace lze ověřit, například Kino Jas skutečně existuje v Česku, ulice Bratranců Veverkových je v městě Jas, a filmový sál může mít historický význam. Protože všechny uvedené údaje lze potvrdit a vztahují se ke skutečnému objektu (Kino Jas), klasifikuji tuto sadźbu jako faktiskú.","Sadźba RDF trójkow: FA. Po přemysleńcu: Kino Jas je skutecznym kinem w Čěskej republice, a všechny údaje, které jsou poskytnuté, jsou pravdivé a přesné, nebo alespoň velmi pravděpodobné. Proto klasifikuji celou sadźbu jako faktiskú (FA).",
Id354,geography,,,1,CFA,CFA,FA,CFA,CFA,CFA,,,,,,
Id355,politics,,,1,FI,FI,FI,FI,FI,FI,,,,,,
Id356,geography,,,1,FA,FA,FA,FA,FA,FA,,,,,,
Id357,sports,,,4,FA,FA,FA,FA,FA,FA,,,,FA.,"FA. Po wěrje, Josef Jungmann dósta stříbrnu medailu na ZOH 2006, což přotwjerdźuje wikipedija a Olimpijski komitet.",
Id358,geography,,,1,CFA,CFA,CFA,CFA,CFA,CFA,,,,,,
Id359,culture,,,2,CFA,CFA,CFA,FA,CFA,CFA,"CFA. Wotmołwa: Entity ""Devětsil"" a ""Svatý Václav"" su realne, ale informacije w RDF trójkach su njeprawdźiwe abo změnjene. ""Devětsil"" był skupina čěskich avantgardnych umělcow, załožena w lěće 1927, a ""Svatý Václav"" je kraler, ale njesu wěrnimi čłonowam ""Český Levicový Svaz Umělců"".","CFA. Wotmołwa: Entity ""Devětsil"" a ""Svatý Václav"" su realne, ale informacije w RDF trójkach su njeprawdźiwe abo změnjene. ""Devětsil"" był skupina čěskich avantgardnych umělcow, załožena w lěće 1927, a ""Svatý Václav"" je kraler, ale njesu wěrnimi čłonowam ""Český Levicový Svaz Umělců"".","CFA. Zdůvodnění: Entitny ""Devětsil"" a ""Svatý Václav"" jsou reálné, ale jejich vztah může být sporný nebo potřeba ověření. Protože ""Svatý Václav"" je historická postava a členství v ""Devětsil"" není historicky potvrzeno, nebo ""Devětsil"" jakožto organizace sama o sobě možná nebyla přímo spojena s historickými členy. Tudíž to není zcela faktické, ale ani zcela fikciwne. Proto klasifikace jako CFA (kontrafaktiske).","FA. Oboje subjekty (Devětsil a Svatý Václav) a predikat (isA, isMemberOf) su realne. Devětsil běše skupina českich wuměłcow, kotrejší w lěće 1929 w Čechach załožiše. Český Levicový Svaz Umělců (ČLSU) běše organizacija, w kotrejž Devětsil djelował. Svatý Václav je město w Čechach. Wszystko potwjerdźone historiske fakty. Žadna informacija njeje změnjena.",,"CFA. Wotmołwa: Entity ""Devětsil"" a ""Svatý Václav"" su realne, ale informacije w RDF trójkach su njeprawdźiwe abo změnjene. ""Devětsil"" był skupina čěskich avantgardnych umělcow, załožena w lěće 1927, a ""Svatý Václav"" je kraler, ale njesu wěrnimi čłonami skupiny ""Český Levicový Svaz Umělců""."
Id360,geography,,,1,CFA,CFA,CFA,CFA,CFA,CFA,,,,,,
Id361,history,,,2,CFA,CFA,CFA,CFA,CFA,CFA,,,"CFA. Původní pražská univerzita nie istnieje w realnym swěće ( Univerzita Karlowa we wczesnym średniowieczu powstała jako pierwsza w Czechach i Europie Środkowej, z niej powstała w 1348 powstała pierwsza w Pradze, potem w 1400 powstała w Wiedniu, a w 1419 w Pracy nie znalazłem nic o ""původní pražská univerzita"" ), ale podate poćahi abo hódnoty mogą być njeprawdźiwe abo změnjene.",,,"CFA. Původní pražská univerzita nie je reálna entita (neexistuje žiadna známa univerzita s týmto názvom), ale dátum založenia a počet fakúlt môžu byť považované za skutočné hodnoty pre niektorú univerzitu. Avšak v tomto prípade je nutné považovať celý zápis za kontrafaktický, pretože entita 'původní pražská univerzita' nie je reálna, ale údaje, ktoré sú poskytnuté (foundingDate a numberOfFaculties) môžu byť reálnymi údajmi pre nejakú inú univerzitu. Preto klasifikujem túto sadzbu ako CFA."
Id362,culture,,,1,CFA,CFA,CFA,CFA,CFA,FI,,,,,,
Id363,culture,,,1,FI,FI,CFA,FI,FI,FI,,,,,,
Id364,geography,,,2,CFA,CFA,CFA,CFA,CFA,CFA,"CFA. Ploučnice je realna rěka w Čěskej republice, ale Ústí nad Orlicí njeje direktnje Ploučnice nawrótujo (Ploučnice teče do Labe, a to w Ústí nad Labem). Děčín je pak mesto, przez které Ploučnice skutečně teče.","CFA. Ploučnice je realna rěka w Čěskej republice, ale Ústí nad Orlicí njeje direktnje Ploučnice nawrótujo (Ploučnice teče do Labe, a to w Ústí nad Labem). Děčín je pak mesto, przez které Ploučnice skutečně teče.",,,,
Id366,politics,,,5,CFA,CFA,CFA,CFA,CFA,CFA,,,"CFA. Wysvětlěn: Union banka je realna česka banka, ale podate poćahi (closureYear: 1989-12-31, action: zavřít všechny pobočky, action: vstoupit do likvidace, reason: kvůli podezřelým úvěrům) su njeprawdźiwe abo změnjene. Banka sama je realna, ale informace su částečne fiktivne.",,"CFA. Wysvětlěn: Union banka je realna česka banka, ale podate poćahi (closureYear: 1989-12-31, action: zavřít všechny pobočky, action: vstoupit do likvidace, reason: kvůli podezřelým úvěrům) su njeprawdźiwe abo změnjene. Banka sama je realna, ale informace su částečne fiktivne.","CFA. Uzasadnienie: - Union banka je realna, była to česka banka. - Některé hodnoty su njeprawdźiwe abo změnjene, napríklad datum uzavrzenia banki, čo skutkuje klasifikaciju ako CFA (kontrafaktiske)."
Id367,culture,,,4,CFA,CFA,CFA,INVALID,CFA,CFA,"CFA. Goethe действитěčně мěl románek s Ulrikou von Levetzow a Rabí je místo v Čechách, kde se nachází hrad. Ulrika von Levetzow byla opravdu mladá šlechtična. Ovšem Rabí není přímo spojeno s Goethovým životem jako jeho oblíbené město nebo místo, kde bydlívala jeho milenka; Ulrika von Levetzow byla skutečně jeho milenkou, nicméně některé údaje zde uvedené mohou být zkreslené nebo nesprávné vzhledem k reálným faktům. Tudíž kontrafaktiske.","CFA. Goethe действитěčně мěl románek s Ulrikou von Levetzow a Rabí je místo v Čechách, kde se nachází hrad. Ulrika von Levetzow byla opravdu mladá šlechtična. Ovšem Rabí není přímo spojeno s Goethovým životem jako jeho oblíbené město nebo místo, kde bydlívala jeho milenka; Ulrika von Levetzow byla skutečně jeho milenkou, nicméně některé údaje zde uvedené mohou být zkreslené nebo nesprávné vzhledem k reálným faktům. Tudíž kontrafaktiske.","CFA. Wotmołwa: Ulrika von Levetzow a Johann Wolfgang Goethe bušta wěsta, ale Ulrika von Levetzow njeje mladá šlechtična, ale wěsta historiska osoba, a Goethe měješe z nej romansu w Rabí.","Sadźby su w konteksće kultury a wotnošenja němskeho pisca Johanna Wolfganga Goetha. - Johann Wolfgang Goethe | likedCity | Rabí: **FA** (Goethe je wěsćiral do Rabi) - Johann Wolfgang Goethe | hadRomanceWith | Ulrika von Levetzow: **FA** (Goethe je měł romansowe wobcaženje z Ulriką von Levetzow) - Ulrika von Levetzow | is | mladá šlechtična: **CFA** (Ulrika von Levetzow buw mladou žónu, ale šlechtična była titel, kiž wosebje w Čechách njeběše direktnje zwjazana z rodźenim abo majetkom; nicměnje Ulrika von Levetzow je historiska figura) - Johann Wolfgang Goethe | romanceLocation | Rabí: **FA** (Goethe je měł romansowe wobcaženje w Rabi)","Sadźby su w konteksće kultury a wotnošenja němskeho pisca Johanna Wolfganga Goetha. - Johann Wolfgang Goethe | likedCity | Rabí: **FA** (Goethe je wěsćiral do Rabi) - Johann Wolfgang Goethe | hadRomanceWith | Ulrika von Levetzow: **FA** (Goethe je měł romansowe wobcaženje z Ulriką von Levetzow) - Ulrika von Levetzow | is | mladá šlechtična: **CFA** (Ulrika von Levetzow bě skutečna osoba, ale titel ""mladá šlechtična"" móže być změnjeny abo interpretowany) - Johann Wolfgang Goethe | romanceLocation | Rabí: **CFA** (Goethe měł romansowe wobcaženje z Ulriką von Levetzow w Rabi, ale přesne městno w Rabi njeje wěsće známe) Wšak, po přemyslenju: Ulrika von Levetzow | is | mladá šlechtična a Johann Wolfgang Goethe | romanceLocation | Rabí su trochu problematiske. Ulrika von Levetzow bě skutečna osoba, a Goethe měł z njeju romansowe wobcaženje. Ale přesne městno w Rabi abo titul Ulrike von Levetzow su njepřeznačne. Proto wše klasyfikuju jako: - Johann Wolfgang Goethe | likedCity | Rabí: **FA** - Johann Wolfgang Goethe | hadRomanceWith | Ulrika von Levetzow: **FA** - Ulrika von Levetzow | is | mladá šlechtična: **CFA** - Johann Wolfgang Goethe | romanceLocation | Rabí: **CFA** Ale w koncu klasyfikuju sadźbu RDF jako **FA**, **CFA** abo **FI** prosta klasifikacija je: - **FA**: Johann Wolfgang Goethe | likedCity | Rabí, Johann Wolfgang Goethe | hadRomanceWith | Ulrika von Levetzow - **CFA**: Ulrika von Levetzow | is | mladá šlechtična, Johann Wolfgang Goethe | romanceLocation | Rabí Wše 4 trójki su někde w FA abo CFA. Přesne klasifikace su: Johann Wolfgang Goethe | likedCity | Rabí: **FA** Johann Wolfgang Goethe | hadRomanceWith | Ulrika von Levetzow: **FA** Ulrika von Levetzow | is | mladá šlechtična: **CFA** Johann Wolfgang Goethe | romanceLocation | Rabí: **CFA** W koncu wotmołwa: **CFA**",
Id368,culture,,,1,FA,FA,FA,FA,FA,FA,,,FA.,,,
Id369,geography,,,3,CFA,CFA,CFA,CFA,CFA,CFA,,,,,"CFA. Wぽisane informacije su w połsce prawdźiwe, ale Trutnow wót 1960 do 2000 njeběše direktnje w Východočeským kraju, ale w Hradec Králové kraj.","CFA. Wぽisane informacije su w połsce prawdźiwe, ale Trutnow wót 1960 do 2000 njeběše direktnje w Východočeským kraju, ale w Hradec Králové kraj."
Id370,geography,,,1,CFA,CFA,CFA,CFA,CFA,CFA,,,,,,
Id371,geography,,,5,FA,FA,FA,FA,FA,CFA,,,,,"FA. Žampašský most skutečně existuje, nachází se v Východočeském kraji, je kamenný a má vlastnosti, které jsou pravdivé. Všechny údaje lze ověřit a odpovídají skutečnosti. Proto klasifikuji celou sadźbu jako faktiskú (FA).",
Id372,other,,,4,CFA,CFA,CFA,CFA,CFA,CFA,,,,,,
Id374,history,,,3,CFA,CFA,FI,CFA,CFA,CFA,"CFA. Miloš Zeman je skutečně český prezident, ale ne král. Titul krále není v současné době pro prezidenta ČR používán. Zároveň Miloš Zeman nepatří k žádné panovnické dynastii. Tvrzení ""Miloš Zeman | is | jediný"" nemá žádný konkrétní význam bez dalšího kontextu, ale obecně vzato může být pravdivé nebo nepravdivé v závislosti na tom, na co se odkazuje. Ovšem především první dvě tvrzení dávají klasifikaci jako CFA.","CFA. Miloš Zeman je skutečně český prezident, ale ne král. Titul krále není v současné době pro prezidenta ČR používán. Zároveň Miloš Zeman nepatří k žádné panovnické dynastii. Tvrzení ""Miloš Zeman | is | jediný"" nemá žádný konkrétní význam bez dalšího kontextu, ale obecně vzato může být pravdivé nebo nepravdivé v závislosti na tom, na co se odkazuje. Ovšem především první dvě tvrzení dávají klasifikaci jako CFA.",,"CFA. Miloš Zeman je skutečně český prezident, ale ne král. Titul ""král"" není pro něj správný, protože Česká republika je republika a nemá krále. Zároveň Miloš Zeman patří k panovnické dynastii, byť jako prezident republiky. Titul ""jediný"" není jasně definovaný a nejspíše se vztahuje k nějakému kontextu, který zde není specifikován. Přestože některé údaje jsou nesprávné nebo nejasné, entity (Miloš Zeman) je reálná. Proto klasifikuji jako CFA.","CFA. Zdůvodnění: Miloš Zeman není český král, ale prezident České republiky. Tvrzení ""Miloš Zeman | is | český král"" je tedy nepravdivé. Zároveň však Miloš Zeman jako osoba skutečně existuje. Protože pouze jeden atribut (český král) je nepravdivý a zbytek entit existuje, klasifikujeme tuto sadźbu jako CFA (kontrafaktiske).","CFA. Miloš Zeman je skutečně český prezident, ale ne král. Titul krále není v současné době pro prezidenta ČR používán. Zároveň Miloš Zeman nepatří k žádné panovnické dynastii. Tvrzení ""Miloš Zeman | is | jediný"" nemá žádný konkrétní význam bez dalšího kontextu, ale obecně lze říci, že Miloš Zeman byl prvním přímým prezidentem České republiky a v některých kontextech by mohl být označován za jediného přímého prezidenta. Ovšem tato informace není zcela přesná, protože přímý prezident ČR nebyl jedinou funkcí, kterou zastával v dějinách ČR. Protože některé údaje jsou správné (Miloš Zeman je skutečně prezidentem ČR), ale jiné jsou mylné nebo neúplné, klasifikoval bych tuto sadu RDF trojic jako kontrafaktickou (CFA)."
Id375,geography,,,4,FI,FI,CFA,CFA,INVALID,CFA,"Sadźby su klasifikowane ako: - FA: Nádraží Veleslavín | isTypeOf | stanice metra - CFA: Nádraží Veleslavín | isLocatedIn | Morava - FI: autobusy | departsFrom | Nádraží Veleslavín - FI: autobusy | goesTo | letiště Po přemyslovanju wotmołwa: - FA: Nádraží Veleslavín | isTypeOf | stanice metra - CFA: Nádraží Veleslavín | isLocatedIn | Morava - FI: autobusy | departsFrom | Nádraží Veleslavín - FI: autobusy | goesTo | letiště Je jasne, ze Nádraží Veleslavín je skuteczną stanicu metra w Praze, nic w Morave. Přeto: - FA: Nádraží Veleslavín | isTypeOf | stanice metra - CFA: Nádraží Veleslavín | isLocatedIn | Morava - FI: autobusy | departsFrom | Nádraží Veleslavín - FI: autobusy | goesTo | letiště wotpowěduje FA, CFA, FI, FI.","Sadźby su klasifikowane ako: - FA: Nádraží Veleslavín | isTypeOf | stanice metra - CFA: Nádraží Veleslavín | isLocatedIn | Morava - FI: autobusy | departsFrom | Nádraží Veleslavín - FI: autobusy | goesTo | letiště Po přemyslovanju wotmołwa: - FA: Nádraží Veleslavín | isTypeOf | stanice metra - CFA: Nádraží Veleslavín | isLocatedIn | Morava - FI: autobusy | departsFrom | Nádraží Veleslavín - FI: autobusy | goesTo | letiště Je jasne, ze Nádraží Veleslavín je skuteczną stanicu metra w Praze, nic w Morave. Přeto: - FA: Nádraží Veleslavín | isTypeOf | stanice metra - CFA: Nádraží Veleslavín | isLocatedIn | Morava - FI: autobusy | departsFrom | Nádraží Veleslavín - FI: autobusy | goesTo | letiště wotpowěduje FA, CFA, FI, FI.","CFA. Więcej informacji o miejscowości Nádraží Veleslavín i regionie Morava można znaleźć w źródłach, potwierdzających iż stacja Veleslavín jest stacją metra w Pradze, a Morava jest historyczną ziemią w Czechach, bez potwierdzonych danych na temat relacji autobusu względem stacji.","CFA. Wysvětlowanje: Informacije su částečne prawdźiwe, ale Nádraží Veleslavín je skutočne w Praze, a ne w Moravje.",Sadźby su klasifikowane ako: - FA: Nádraží Veleslavín | isTypeOf | stanice metra - CFA: Nádraží Veleslavín | isLocatedIn | Morava - FI: autobusy | departsFrom | Nádraží Veleslavín - FI: autobusy | goesTo | letiště,"CFA. Wyšće: - Nádraží Veleslavín je stanica metra w Praze, ale Morava je kraj, we wtorstwje w Čechach a nic direktnje městno. - Nádraží Veleslavín exists a is a metro station. - Letiště (někotre) a autobusy jako dejta existěruja, ale „letiště“ jako konkretní lokalita a „autobusy“ jakožto entita same musy być více specifikowane."
Id376,geography,,,2,CFA,CFA,CFA,CFA,CFA,CFA,,,,,,
Id377,history,,,4,FA,FA,CFA,CFA,INVALID,CFA,"Sadźby su kategorizowane kaž: - Pražské povstání | startDate | 13: CFA - Pražské povstání | endDate | 1945-05-31: FA - povstalci | receivedHelpFrom | jednotky Ruské osvobozenecké armády: FA - jednotky Ruské osvobozenecké armády | commander | generál Vlasov: FA To je přehladka wotmołwí: CFA, FA, FA, FA","Sadźby su kategorizowane kaž: - Pražské povstání | startDate | 13: CFA - Pražské povstání | endDate | 1945-05-31: FA - povstalci | receivedHelpFrom | jednotky Ruské osvobozenecké armády: FA - jednotky Ruské osvobozenecké armády | commander | generál Vlasov: FA To je přehladka wotmołwí: CFA, FA, FA, FA",CFA.,CFA.,"Sadźby su kategorizowane kaž: - Pražské povstání | startDate | 13: CFA - Pražské povstání | endDate | 1945-05-31: FA - povstalci | receivedHelpFrom | jednotky Ruské osvobozenecké armády: FA - jednotky Ruské osvobozenecké armády | commander | generál Vlasov: FI To je wuznam, štož wosebje wutwori klasifikaciju pro tři kategorie: FA: Pražské povstání | endDate | 1945-05-31, povstalci | receivedHelpFrom | jednotky Ruské osvobozenecké armády CFA: Pražské povstání | startDate | 13 FI: jednotky Ruské osvobozenecké armády | commander | generál Vlasov",CFA.
Id378,history,,,1,FA,FA,FA,CFA,FA,FA,,,,,,
Id379,culture,,,2,FA,FA,FA,FA,FA,FA,Sadźba: FA,Sadźba: FA,"Přemysluju se... Hoši od Bobří řeky je divadło, Josef Kajetán Tyl je jeho autor. Wotmołwa: FA.",Sadźba: FA,,Sadźba: FA
Id380,geography,,,1,FA,FA,FA,CFA,CFA,CFA,,,,,,
Id381,culture,,,1,CFA,CFA,CFA,CFA,CFA,CFA,,,,,,
Id382,geography,,,2,CFA,CFA,CFA,CFA,CFA,CFA,,,"CFA. Důvodem je, že entita ""velká jezdecká socha Jana Žižky"" je reálná, ale údaj o specificLocation jako Nelahozeves je nepravdivý, protože socha Jana Žižky se nachází v Praze.",,"CFA. Důvodem je, že entita ""velká jezdecká socha Jana Žižky"" je reálná, ale údaj o specificLocation jako Nelahozeves je nepravdivý, protože socha Jana Žižky se nachází v Praze.","CFA. Důvodem je, že entita ""velká jezdecká socha Jana Žižky"" je reálná, ale údaj o specificLocation jako Nelahozeves je nepravdivý, neboť socha Jana Žižky se nachází v Praze."
Id383,geography,,,1,FA,FA,CFA,FA,CFA,FA,,,,,,
Id384,geography,,,2,CFA,CFA,CFA,CFA,CFA,CFA,,,,,,
Id385,geography,,,2,CFA,CFA,CFA,CFA,CFA,CFA,"Sadźba: - Zoologická zahrada | locatedIn | Uherské Hradiště - Uherské Hradiště | partOf | Královéhradecký kraj Je klasifikowana jako: CFA Uherské Hradiště je skutočne město, ale Královéhradecký kraj njeje správny kraj, w którym leži Uherské Hradiště. Uherské Hradiště leži w Kraji Zlínskim.","Sadźba: - Zoologická zahrada | locatedIn | Uherské Hradiště - Uherské Hradiště | partOf | Královéhradecký kraj Je klasifikowana jako: CFA Uherské Hradiště je skutočne město, ale Královéhradecký kraj njeje správny kraj, w którym leži Uherské Hradiště. Uherské Hradiště leži w Kraji Zlínskim.",,,,"CFA. Uherské Hradiště je měst a leži w kraju Zlínském, nic w Královéhradeckym kraju. Zoologická zahrada w Uherským Hradišću je w rzeczywistości."
Id387,history,,,5,FA,FA,CFA,FA,FA,FA,,,CFA.,,,FA.
Id388,geography,,,4,CFA,CFA,CFA,CFA,CFA,CFA,,,,,"CFA. Dlouhé Stráně su přečerpávací vodní elektrárna we wsy Hrubý Jeseník, ale některé žórła tuto lokalitu připisuju Kralupam nad Vltavou.","CFA. Dlouhé Stráně su přečerpávací vodní elektrárna we wjesce Dlouhé Stráně, kotraž je městnočást Kralup nad Vltavou, ale elektrarna sama nachádza so w Hrubym Jeseníku. Wobec toho lokalita Dlouhých Strání je w Hrubym Jeseníku i w Kralupach nad Vltavou."
Id389,politics,,,5,CFA,CFA,FI,FI,CFA,FI,,,,,"CFA. Komunistická strana Čech a Moravy jako organizace skutečně existuje, ovšem některé údaje jsou nesprávné. Země není Pankrácká věznice, nýbrž Česká republika nebo Česko. Datum založení Komunistické strany Čech a Moravy není 1990, nýbrž 1990 je rokem, kdy vznikla strana jako nástupce KSČ. Předchůdce Komunistické strany Čech a Moravy je Komunistická strana Československa, ovšem Komunistická strana Čech a Moravy přímo neexistovala jako předchůdce, ale spíše jako KSČ po federalizaci ČSSR. Tudíž některé informace jsou zkreslené nebo chybné, ale samotná existence strany je reálná. Proto klasifikuji jako CFA (kontrafaktické).",
Id390,history,,,3,CFA,CFA,FA,FA,CFA,CFA,"CFA. Tuzex běše wobchodni reteź, Stará Boleslav je město, ale informacije, zda Tuzex měl retail network, přetwari, který typ zboží prodawal abo jaký platební metody přijímal mohou být pravdivé nebo nepravdivé, ovšem tyto entity samotné existovaly.","CFA. Tuzex běše wobchodni reteź, Stará Boleslav je město, ale informacije, zda Tuzex měl retail network, přetwari, který typ zboží prodawal abo jaký platební metody přijímal mohou být pravdivé nebo nepravdivé, ovšem tyto entity samotné existovaly.","Ja wupisu značku: FA. Wšech tři trójki wuglěduja jako faktiske informace. Stará Boleslav je město w Čechach, Tuzex běše w Čechach pokročeny předmět za měnu něčeho, a zahraniční zboží a bony běchu typowe předměty prodawané w Tuzexu. Žadna z těchto informácií njeje fiktiwna abo njeprawdźiwa.","Ja wupisu značku: FA. Wšech tři trójki wuglěduja jako faktiske informace. Stará Boleslav je město w Čechach, Tuzex běše w Čechach pokročeny předmět za měnu něčeho, a zahraniční zboží a bony běchu typowe předměty prodawané w Tuzexu. Žadna z těchto informácií njeje fiktiwna abo njeprawdźiwa.",,"CFA. To je moje wuzdanie: Tuzex a Stará Boleslav jsou realne entity, ale niektore hodnoty mohou być změnene abo njeprawdiwe."
Id391,history,,,5,FA,FA,FA,CFA,CFA,CFA,Sadźby su klasifikowane jako: - FA: Český student | name | Kateřina Tučková - FA: Kateřina Tučková | nationality | český - CFA: Kateřina Tučková | action | self immolated - FA: okupace Československa | startedBy | armády států Varšavské smlouvy - FA: Kateřina Tučková | timing | po začátku okupace Československa Lubosě přepiš mě jako: - FA - FA - CFA - FA - FA,Sadźby su klasifikowane jako: - FA: Český student | name | Kateřina Tučková - FA: Kateřina Tučková | nationality | český - CFA: Kateřina Tučková | action | self immolated - FA: okupace Československa | startedBy | armády států Varšavské smlouvy - FA: Kateřina Tučková | timing | po začátku okupace Československa Lubosě přepiš mě jako: - FA - FA - CFA - FA - FA,Sadźby su klasifikowane ako: - FA - FI - FI - FA - FA,"CFA. Wyjasnění: Informace o Kateřině Tučkové a událostech během okupace Československa jsou založeny na skutečných historických událostech a osobách, ale některé podrobnosti mohou být nepřesné nebo pozměněné. Například akce ""self immolated"" není známá jako historicky potvrzená akce Kateřiny Tučkové. Protože entita Kateřina Tučková je pravděpodobně reálná osoba a události jsou vázané na historické období, klasifikace jako CFA je vhodná.","CFA. Wyjasnienie: Informacije su zwisane z realnymi historiskimi podujtimi, ale podrobnosti su částečne njeprawdźiwe abo změnjene. Československo bu okupiěrane w lěće 1968, a armády Varšawskeho pakta byli za to odpovědne. Kateřina Tučková je wušła českosłowakiska studentka, kótaraž se sama podpaliła za čas protestow přećiwo okupaciji Československa w lěće 1968. Ale podać, da samo podpalenje přisły po začátku okupacije, može być některé nejjasně. Přesto, žadna z informacij, kótarež sem našel nie je evidentně ložna abo fiktiwna. Proto klasifikuju tuto sadźbu jako kontrafaktiske.",
Id392,politics,,,5,CFA,CFA,CFA,CFA,CFA,CFA,,,,,,
Id393,culture,,,2,CFA,CFA,CFA,CFA,CFA,CFA,"CFA. Dlejce wotpowědujo realnemu swětej, ale někotere hódnoty ( Český Večerníček, bývalý klášter františkánů ) su fiktiwne abo njeprawdźiwe.","CFA. Dlejce wotpowědujo realnemu swětej, ale někotere hódnoty ( Český Večerníček, bývalý klášter františkánů ) su fiktiwne abo njeprawdźiwe.","CFA. RDF trójki wopisuja realnu postavu ""Loupežník Rumcajs"", ale někotre detale su fiktiwne abo změnjene. Český Večerníček je realna institucija, ale wotnošć k loupežnikowi Rumcajsowi a mjesto jeho bydlení su fiktiwne.","CFA. Dlejce wotpowědujo realnemu swětej, ale někotere hódnoty ( Český Večerníček, bývalý klášter františkánů ) su fiktiwne abo njeprawdźiwe.","CFA. RDF trójki wopisuja realne entity (Loupežník Rumcajs, Český Večerníček, bývalý klášter františkánů), ale někteře poćahi mogą być njeprawdźiwe abo změnjene. Například, Český Večerníček je realna kulturna kategorizacija, ale wotnošć k Loupežnikowi Rumcajsowi abo mjesto pobytnja Loupežnika Rumcajsa w Českym Večerníku su daty, kotrež přislucheja do fikciji.","CFA. RDF trójki wopisuja realnu postavu ""Loupežník Rumcajs"", ale někotre detale su fiktiwne abo změnjene. Český Večerníček je realna institucija, ale wotnošć k loupežnikowi Rumcajsowi a mjesto jeho bydlení (bývalý klášter františkánů) su fiktiwne."
Id394,geography,,,5,CFA,CFA,CFA,CFA,CFA,FI,"CFA. Wutwór Hliník je fiktiwna postawa, ale je zwjazana ze skutečnym městom Humpolec a skutočnym regionom Jetřichovické stěny. Marečku podejte mi pero je skutečny film.","CFA. Wutwór Hliník je fiktiwna postawa, ale je zwjazana ze skutečnym městom Humpolec a skutočnym regionom Jetřichovické stěny. Marečku podejte mi pero je skutečny film.","CFA. Wutwór Hliník je fiktiwna postawa, ale je zwjazana ze skutečnym městom Humpolec a skutočnym regionom Jetřichovické stěny. Marečku podejte mi pero je skutečny film.","CFA. Wutwór Hliník je fiktiwna postawa, ale je zwjazana ze skutečnym městom Humpolec a skutočnym regionom Jetřichovické stěny. Marečku podejte mi pero je skutečny film.",Sadźby su klasifikowane ako: - Humpolec | isInRegion | Jetřichovické stěny: FA - Humpolec | isAssociatedWith | Hliník: CFA - Hliník | isCharacterFrom | Marečku podejte mi pero: FA - Marečku podejte mi pero | isType | film: FA - Hliník | isFictional | true: FI ale za celú sadźbu: CFA.,Sadźby su klasifikowane jako: - Humpolec | isInRegion | Jetřichovické stěny: FA - Humpolec | isAssociatedWith | Hliník: CFA - Hliník | isCharacterFrom | Marečku podejte mi pero: FI - Marečku podejte mi pero | isType | film: FA - Hliník | isFictional | true: FI
Id395,politics,,,1,FA,FA,CFA,FA,FA,FA,,,,,,
Id396,culture,,,5,CFA,CFA,CFA,CFA,CFA,CFA,,,"CFA. Důvodem je, že skupina Nightwork skutečně existuje, ale údaje o její činnosti (activeFrom a activeUntil) si vzájemně odporují. Podle jména a členů skupiny lze usuzovat, že skupina vznikla v roce 2006 (activeFrom) a stále působí (údaj activeUntil tedy není správný). Protože členové skupiny jsou reálné osoby, nejedná se o fikci. Jedná se tedy o kontrafaktickou informaci.",,,
Id397,culture,,,4,FA,FA,CFA,FA,FA,FA,,,"CFA. uwaga: Předpokładam, že ""Ondřej Trojan"" a ""Babička"" a ""Divá Bára"" su skutečne osoby a knihi, a že ""národní obrození"" a ""česká"" su skutečne koncepty. Ale musím to klasifikować ako CFA, protože nesem vědět, zdali Ondřej Trojan skutočne je autorem tychto knih abo ma tu národnost. Bez wjacorej informacije to nie je možné wědět.",,,
Id398,geography,,,2,CFA,CFA,CFA,CFA,CFA,CFA,,,,"CFA. Největší synagoga v Česku se nachází v Příbrami (do roku 2013 v Plzni), nikoli v Krušných horách. Ovšem Česko je správná informace pro atribut country. Protože pouze jedna část informace je špatně, jedná se o kontrafaktickou informaci.",,Největší synagoga v Česku | locatedIn | Krušné hory Největší synagoga v Česku | country | Česko Obě trojky spolu nesouhlasí. Největší synagoga v Česku se nenachází v Krušných horách. Moje odpověď: CFA
Id399,other,,,7,CFA,CFA,CFA,CFA,CFA,CFA,"Sadźba RDF trójkow: CFA Wykladiw: - Entitet ""Mikov"" a ""Rybička"" a předměty ""nože"", ""nůž"", ""unikátní rukojěť"" a města ""Mladá Boleslav"" su realne. - Ale někotře podate poćahi su njeprawdźiwe: - ""Mikov"" ma sedešło w ""Mladá Boleslav"", ale ""Mladá Boleslav"" njeje w Čěsku, tamž je město w rejonje Midden Bohemia. - ""Rybička"" woznačuje typ ""nůž"", ale přez ""Mikov"" jakož producent. - Dalsze informace su tež njeprawdźiwe abo nadměrne.","Sadźba RDF trójkow: CFA Wykladiw: - Entitet ""Mikov"" a ""Rybička"" a předměty ""nože"", ""nůž"", ""unikátní rukojěť"" a města ""Mladá Boleslav"" su realne. - Ale někotře podate poćahi su njeprawdźiwe: - ""Mikov"" ma sedešło w ""Mladá Boleslav"", ale ""Mladá Boleslav"" njeje w Čěsku, tamž je město w rejonje Midden Bohemia. - ""Rybička"" woznačuje typ ""nůž"", ale přez ""Mikov"" jakož producent. - Dalsze informace su tež njeprawdźiwe abo nadměrne.",,,,
Id400,politics,,,5,CFA,CFA,CFA,CFA,CFA,CFA,"CFA (uwaga: Otto Wichterle je dźełowy załožnik firmy Essor a wot 1958 do 1961 a wot 1968 do 1972 posłanec ČSLD, ale njebył ministr kultury ČR, nimało tež žánu šulsku profesiju)","CFA (uwaga: Otto Wichterle je dźełowy załožnik firmy Essor a wot 1958 do 1961 a wot 1968 do 1972 posłanec ČSLD, ale njebył ministr kultury ČR, nimało tež žánu šulsku profesiju)",,"CFA (to znaczy, że informacje o profesjach, narodowości i pozycji są prawdziwe, ale data rozpoczęcia pracy jako ministra kultury ČR jest nieprawidłowa - 2021-12-01) Poprawna odpowiedź może być taka: Otto Wichterle nie był ministrem kultury ČR. Był ministrem školství a kultury w latach 1968-1969.","CFA (to znaczy, że informacje o profesjach, narodowości i pozycji są prawdziwe, ale data rozpoczęcia jest nieprawidłowa - 2021-12-01) Poprawiona odpowiedź: Otto Wichterle był czeskim politykiem i pedagogiem, pełniącym funkcję ministra kultury ČR, ale podana data rozpoczęcia tej funkcji (2021-12-01) jest nieprawidłowa, gdyż funkcję ministra pełnił w latach 1998-2000.","CFA. Otto Wichterle je skutečně známou osobou, která byla českým politikem a také ministrem kultury ČR. Nicméně některé údaje zde uvedené jsou nesprávné nebo neověřené, například jeho profese středoškolský pedagog není potvrzena nebo startDate 2021-12-01 není správná datum úřadu."
Id401,culture,,,5,CFA,CFA,CFA,CFA,CFA,CFA,,,"CFA (to je wilička Müllerova Vila, w Čěsku, projektovana Adolfom Loosem, a něwotpowěduje žadnymu realnemu objektowi w Rusku z takimi parametrami)","CFA (to je wilička Müllerova Vila, w Čěsku, projektovana Adolfom Loosem, a něwotpowěduje žadnym z datow w trójkach)","CFA Přemysl: Müllerova vila je w実際に (existuje) a móže se nacházet v Rusku, ale architektonický styl je skutečně funkcionalistický a typ vily odpovídá. Nicméně, známá Müllerova vila od Adolfa Loosa se nachází v Praze, České republice, a nikoli v Rusku. Proto informace o lokalitě jsou nepravdivé.","CFA (to je wilička Müllerova Vila, w Čěsku, projektovana Adolfom Loosem, funkcionalistickým architektem)"
Id402,culture,,,6,CFA,CFA,CFA,CFA,CFA,CFA,"CFA. Większość informacji w tych trójkach jest prawdziwa, ale ""umělecká avantgarda | timePeriod | 2000"" jest niepoprawne. Ruch artystyczny awangardy miał miejsce głównie w latach 1890-1940, a nie w 2000 roku.","CFA. Większość informacji w tych trójkach jest prawdziwa, ale ""umělecká avantgarda | timePeriod | 2000"" jest niepoprawne. Ruch artystyczny awangardy miał miejsce głównie w latach 1890-1940, a nie w 2000 roku.","CFA. Większość informacji w tych trójkach jest prawdziwa, ale ""umělecká avantgarda | timePeriod | 2000"" jest nieprawdziwe, gdyż okres awangardy artystycznej przypada głównie na pierwszą połowę XX wieku, a nie na rok 2000.","CFA. Wyjasnienie: W RDF trójkach je Marie Čermínová popisana jako Česko-francouzska malirka, što je pravda. Ale přidruženie uměleckej avantgardy k časowemu periodowi 2000 je njeprawda, protože avantgarda wugibała w 20tych lětach 20. stoletny.","CFA. Marie Čermínová a ""umělecká avantgarda"" su realne entity, ale podata časowa rjadowna za ""umělecká avantgarda"" (2000) njepowěduje realnemu swětej, protože avantgarda bě wědomostna a kulturna ruchliwosć w lětach 1910-1940.",
Id403,culture,,,4,FI,FI,CFA,CFA,CFA,CFA,,,,,,
Id404,culture,,,4,FA,FA,FA,FA,FA,FA,,,,,,FA.
Id405,geography,,,2,CFA,CFA,CFA,CFA,CFA,CFA,,,,,,
Id406,culture,,,3,CFA,CFA,CFA,FA,CFA,CFA,,,,,,"CFA. Wyjasnienie: Informacje sa zwiazane ze znanym czeskim raperem Michalem Horáčkiem, którego nickname to Kato. On rozpoczął swoją karierę w grupie Chaozz i faktycznie związany jest z muzyką hip-hopową. Przyjmując, że dane dotyczą prawdziwej osoby i rzeczywistych faktów z jego życia, ale bez weryfikacji wszystkich szczegółów, można przyjąć, że informacje są contrafactual, czyli dotyczą rzeczywistych bytów, ale niektóre szczegóły mogą być nieprawdziwe lub zmienne."
Id407,history,,,5,CFA,CFA,CFA,CFA,CFA,CFA,,,,,,CFA.
Id408,history,,,4,FA,FA,FA,CFA,CFA,FA,,,,"CFA. Radyně je skutečně existující zřícenina hradu, nachází se v Plzeňském kraji, nicméně jej založil Zápotoční z Radešína kolem roku 1390, nikoliv Karel IV. Ten zemřel v roce 1378.","CFA. Radyně je skutecčně existující zřícenina hradu nacházející se v lokalitě Vajoletky (obec Strážske, okres Vranov nad Topľou, Prešovský kraj, Slovensko), ale údaje o zakladateli a statusu mohou být sporné nebo neověřené: - Karel IV. sice vládl českým království v 14. století a za jeho vlády vznikla řada staveb, není však potvrzeno, že by přímo založil hrad Radyně. - Hrad Radyně má status kulturní památky, ovšem přesná kategorie nebo podrobnosti mohou být nejasné nebo nesprávné v obecných zdrojích.",
Id409,culture,,,3,FA,FA,FA,FA,FA,FA,,,,,,
Id410,culture,,,6,CFA,CFA,CFA,CFA,CFA,CFA,,,"CFA (to je československy wuměłt, ale w datach je weli njeprawdźiwy date: 1848-01-01)",,,
Id411,culture,,,7,FA,FA,FA,FA,CFA,CFA,,,,,,
Id412,culture,,,5,CFA,CFA,CFA,CFA,CFA,CFA,"CFA. Bohumil Hrabal bě aktiwny w lětach 1960 až 1997, to jest někotre zdroje udaju rěkaju 1959. Prozaik, český a awtor knigow Ostře sledované vlaky a Obsluhoval jsem anglického krále su faktiske. Ale aktive perioda 1983 njeje správna.","CFA. Bohumil Hrabal bě aktiwny w lětach 1960 až 1997, to jest někotre zdroje udaju rěkaju 1959. Prozaik, český a awtor knigow Ostře sledované vlaky a Obsluhoval jsem anglického krále su faktiske. Ale aktive perioda 1983 njeje správna.",,,"CFA. Uzasadnienie: Wszystkie podane informacje dotyczą rzeczywistej osoby, pisarza - Bohumila Hrabala. Okres jego aktywności rozciąga się od 1945 do 1997 roku. Podana w trójce data 1983 może być myląca, gdyż sugeruje, że aktywny był tylko w tym roku. W rzeczywistości jego aktywność trwała znacznie dłużej. Dlatego trójka ta może być uznana za kontrafaktyczną.",
Id413,geography,,,3,FA,FA,FA,FA,FA,FA,,,,,"Sadźba: FA Powod: Město Děčín واقعně eksistuje, rěki Labe a Ploučnice také a region Ohře tež. Některé geografiske informace možno overiť, Děčín se nachází v Ústeckém kraji, na soutoku Labe a Ploučnice.",
Id414,culture,,,6,FI,FI,FI,CFA,CFA,FA,,,Sadźby su klasifikowane jako: - Libuše | isCharacterFrom | české pověsti: FA - Libuše | hasFather | Krok: FA - Libuše | hasSister | Jan Nepomucký: CFA - Libuše | hasSister | Teta: CFA - Libuše | isMythical | česká kněžna: FA - Libuše | isSpouseOf | Přemysl Oráč: FA Žadna ze sadźbov nije FI.,,,Sadźby su klasifikowane jako: - Libuše | isCharacterFrom | české pověsti: FA - Libuše | hasFather | Krok: FA - Libuše | hasSister | Jan Nepomucký: CFA - Libuše | hasSister | Teta: CFA - Libuše | isMythical | česká kněžna: FA - Libuše | isSpouseOf | Přemysl Oráč: FA
Id415,history,,,4,FI,FI,CFA,INVALID,CFA,FI,Sadźby su klasifikowane kaž sćěd: - Praotec Čech | isLegendary | true: CFA - Praotec Čech | isAncestor | true: CFA - Praotec Čech | ledPeople | do země zaslíbené: CFA - české pověsti | describeEvent | Kateřina Tučková: FI,Sadźby su klasifikowane kaž sćěd: - Praotec Čech | isLegendary | true: CFA - Praotec Čech | isAncestor | true: CFA - Praotec Čech | ledPeople | do země zaslíbené: CFA - české pověsti | describeEvent | Kateřina Tučková: FI,Sadźby su klasifikowane jako: - Praotec Čech | isLegendary | true: FI - Praotec Čech | isAncestor | true: FI - Praotec Čech | ledPeople | do země zaslíbené: FI - české pověsti | describeEvent | Kateřina Tučková: CFA,Sadźby su klasifikowane ako: - FA: Praotec Čech | isLegendary | true - FA: Praotec Čech | isAncestor | true - FI: Praotec Čech | ledPeople | do země zaslíbené - FI: české pověsti | describeEvent | Kateřina Tučková,CFA.,Sadźby su klasifikowane ako: - Praotec Čech | isLegendary | true: FA - Praotec Čech | isAncestor | true: CFA - Praotec Čech | ledPeople | do země zaslíbené: CFA - české pověsti | describeEvent | Kateřina Tučková: FI
Id416,geography,,,4,FI,FI,FI,FI,FI,FI,,,,,,
Id417,culture,,,4,CFA,CFA,FI,FI,CFA,CFA,"CFA. Antonín Zápotocký buw prawdźiwym prezidentom ČSSR, ale podate poćahi (isA, caught, obtained, accordingTo) su fiktiwne abo njeprawdźiwe.","CFA. Antonín Zápotocký buw prawdźiwym prezidentom ČSSR, ale podate poćahi (isA, caught, obtained, accordingTo) su fiktiwne abo njeprawdźiwe.",,,,
Id418,history,,,3,FA,FA,FA,FA,FA,FA,,,,"FA. Jan Hus jo byl w実際に 1415 roku upálen na hranici v Konstanzu poblíž místa Rabí proto, že ho papež prohlásil za kacíře kvůli jeho kritice katolické církve. Místo jeho popravy Rabí není zcela potvrzeno jako místo jeho upálení , ale datum a metoda popravy jsou historicky potvrzeny. Proto klasifikuji tuto sadźbu jako faktiske (FA).",,
Id419,history,,,6,CFA,CFA,CFA,CFA,CFA,CFA,,,CFA.,CFA.,,
Id420,history,,,4,CFA,CFA,CFA,CFA,CFA,CFA,"CFA. Wčerw je informacija o Antoníne Zápotockým jako pátým českosłowenskim prezidentu a jeho funkčním období do 1953-01-01 správna. Ale datum skončení jeho funkčního období je špatně - zemřel 13. listopadu 1957. Protože entita (Antonín Zápotocký) je reálná, ale něktaré údaje jsou špatně, klasifikujeme tuto sadźbu jako CFA (kontrafaktiske).","CFA. Wčerw je informacija o Antoníne Zápotockým jako pátým českosłowenskim prezidentu a jeho funkčním období do 1953-01-01 správna. Ale datum skončení jeho funkčního období je špatně - zemřel 13. listopadu 1957. Protože entita (Antonín Zápotocký) je reálná, ale něktaré údaje jsou špatně, klasifikujeme tuto sadźbu jako CFA (kontrafaktiske).",,,,
Id421,history,,,4,CFA,CFA,CFA,CFA,CFA,CFA,"CFA. Gustáv Husák byl posledním komunistickým prezidentem Československa, avšak jeho funkční období bylo od 1975 do 1989. Proto údaje startDate a endDate jsou nesprávné. Protože ovšem všechny entity existují (Československo, funkce prezidenta, osoba Gustáva Husáka), jedná se o kontrafaktickou sadžbu.","CFA. Gustáv Husák byl posledním komunistickým prezidentem Československa, avšak jeho funkční období bylo od 1975 do 1989. Proto údaje startDate a endDate jsou nesprávné. Protože ovšem všechny entity existují (Československo, funkce prezidenta, osoba Gustáva Husáka), jedná se o kontrafaktickou sadžbu.",,"CFA. Gustáv Husák byl posledním komunistickým prezidentem Československa, avšak jeho funkční období bylo od 1975 do 1989. Proto údaje startDate a endDate jsou nesprávné. Protože ovšem všechny entity existují (Československo, funkce prezidenta, osoba Gustáva Husáka), jedná se o kontrafaktickou sadžbu.",,
Id422,politics,,,3,CFA,CFA,CFA,CFA,CFA,CFA,,,,,,
Id423,history,,,1,FA,FA,FA,FA,FA,FA,,,,,,
Id424,geography,,,7,CFA,CFA,CFA,CFA,CFA,CFA,,,"CFA. Po přemyslenju: Rabí je faktiski (Česko, hrad, kulturne pomnik), ale njeprawdu, zo by to było najlipsše (zřícenina) a w specifiki distanceValue a Unit w połkupku dat tej value někomu specielnej interpretaciji.",,,
Id425,geography,,,2,CFA,CFA,CFA,CFA,CFA,CFA,,,,,,
Id426,culture,,,5,CFA,CFA,CFA,CFA,CFA,CFA,"CFA. Wiěcej informacijow o Adolf Loos a jeho twórbinach w regionje Morava njemam. Ale w regionje Morava (Mähren) se nachází město Plzeň (Pilsen). Plzeň je w Čěskej republice. Činžowny dům v Plzni, navrženy Adolfem Loosem, skutečně existuje. Jedná se o významnou kulturní památku. Tudíž entity jako region Morava, město Plzeň, Adolf Loos a dům samotný jsou reálné. Ovšem přesné datum protectionStartDate nebo další informace už mohou být sporné nebo jsem je ověřoval. Proto klasifikuji tuto sadźbu jako CFA.","CFA. Wiěcej informacijow o Adolf Loos a jeho twórbinach w regionje Morava njemam. Ale w regionje Morava (Mähren) se nachází město Plzeň (Pilsen). Plzeň je w Čěskej republice. Činžowny dům v Plzni, navrženy Adolfem Loosem, skutečně existuje. Jedná se o významnou kulturní památku. Tudíž entity jako region Morava, město Plzeň, Adolf Loos a dům samotný jsou reálné. Ovšem přesné datum protectionStartDate nebo další informace už mohou být sporné nebo jsem je ověřoval. Proto klasifikuji tuto sadźbu jako CFA.",,,,
Id427,history,,,4,FA,FA,FA,FA,CFA,CFA,,,"FA. Při tym předpokładaju, že wsy tři informacije su prawdźiwe: architekt František Lýdie Gahura, datum wotwora 1933 a lokalita Ledč nad Sázavou kažoch že památnik je poswětcony Tomášej Baťa.",,,
Id428,culture,,,7,CFA,CFA,CFA,CFA,CFA,CFA,,,,"CFA. Po přemyslenju jsem došel k názoru, že většina informací o Ladislavu Smoljakovi uvedených v těchto RDF trojicích je správná, nicméně datum úmrtí je špatně uvedeno. Podle dostupných informací Ladislav Smoljak zemřel 10. března 1986. Protože entita Ladislav Smoljak je reálná, ale datum úmrtí je chybné, klasifikuji celou sadźbu jako CFA (kontrafaktiske).",,
Id429,geography,,,3,CFA,CFA,CFA,CFA,CFA,CFA,"CFA. Velká Javořina skutečně existuje, ale její výška není 17 metrů. Nejvyšší hora Bílé Karpaty je skutečně Velká Javořina, ale údaj o její výšce je špatný. Výška Velké Javořiny je přibližně 970 m n. m.","CFA. Velká Javořina skutečně existuje, ale její výška není 17 metrů. Nejvyšší hora Bílé Karpaty je skutečně Velká Javořina, ale údaj o její výšce je špatný. Výška Velké Javořiny je přibližně 970 m n. m.",,"CFA (Počatkowo bydźeš měł přemyslić, jeli w Bjěłych Karpatach nidy nejwuški vrch skutečne ""Velká Javořina"" a nje ""Velký Lopenek"" abo ""Dúbrava"" . Dalej, chhiba w wysokosti, a w koncowej wotmołwy mějenje njeprawidłowe přidružene daty z awtority w geografiji přińdu mě. ) Prosty wotwark: Velká Javořina w skutečnosti eksistuje a je nejwušši bod Białych Karpat, ale jeho wysokosć je 970 m. nad morom a njě 17 metrow. Bílé Karpaty to je geologicki region.","CFA. Velká Javořina skutečně existuje a nachází se v Bílých Karpatech, ale její výška je 1 676 metrů, nikoli 17 metrů.",
Id430,culture,,,8,FA,FA,FA,CFA,FA,FA,Sadźba RDF trójkow: - Josef Jungmann | occupation | básník: FA - Josef Jungmann | occupation | lingvista: FA - Josef Jungmann | birthDate | 1773: FA - Josef Jungmann | nationality | český: FA - Josef Jungmann | role | vedoucí osobnost: FA - Josef Jungmann | associatedWith | české národní obrození: FA - Josef Jungmann | coCreatorWith | Radoslav Brzobohatý: CFA - Josef Jungmann a Josef Dobrovský | consideredAs | tvůrce moderní češtiny: FA,Sadźba RDF trójkow: - Josef Jungmann | occupation | básník: FA - Josef Jungmann | occupation | lingvista: FA - Josef Jungmann | birthDate | 1773: FA - Josef Jungmann | nationality | český: FA - Josef Jungmann | role | vedoucí osobnost: FA - Josef Jungmann | associatedWith | české národní obrození: FA - Josef Jungmann | coCreatorWith | Radoslav Brzobohatý: CFA - Josef Jungmann a Josef Dobrovský | consideredAs | tvůrce moderní češtiny: FA,Sadźba RDF trójkow: - Josef Jungmann | occupation | básník: FA - Josef Jungmann | occupation | lingvista: FA - Josef Jungmann | birthDate | 1773: FA - Josef Jungmann | nationality | český: FA - Josef Jungmann | role | vedoucí osobnost: FA - Josef Jungmann | associatedWith | české národní obrození: FA - Josef Jungmann | coCreatorWith | Radoslav Brzobohatý: CFA - Josef Jungmann a Josef Dobrovský | consideredAs | tvůrce moderní češtiny: FA,"Sadźba RDF trójkow: - Josef Jungmann | occupation | básník: FA - Josef Jungmann | occupation | lingvista: FA - Josef Jungmann | birthDate | 1773: FA - Josef Jungmann | nationality | český: FA - Josef Jungmann | role | vedoucí osobnost: FA - Josef Jungmann | associatedWith | české národní obrození: FA - Josef Jungmann | coCreatorWith | Radoslav Brzobohatý: CFA - Josef Jungmann a Josef Dobrovský | consideredAs | tvůrce moderní češtiny: CFA To je wopowědź: FA, FA, FA, FA, FA, FA, CFA, CFA","Sadźba RDF trójkow: - Josef Jungmann | occupation | básník: FA - Josef Jungmann | occupation | lingvista: FA - Josef Jungmann | birthDate | 1773: FA - Josef Jungmann | nationality | český: FA - Josef Jungmann | role | vedoucí osobnost: FA - Josef Jungmann | associatedWith | české národní obrození: FA - Josef Jungmann | coCreatorWith | Radoslav Brzobohatý: CFA - Josef Jungmann a Josef Dobrovský | consideredAs | tvůrce moderní češtiny: FA To je wuzasadnjenje: - Josef Jungmann běše česki básnik, lingvista a historikar, takž jeho zawód a narodnost su prawdźiwe (FA). - Data jeho narozenin (1773) je tež prawdźiwe (FA). - Radoslav Brzobohatý běše herec a režiser, nicolensož lingvista, takž wotnošenje coCreatorWith je njeprawdźiwe (CFA). - Josef Jungmann a Josef Dobrovský su wobydwaja wuznani jako twórca moderní češtiny, takž tato informacija je prawdźiwa (FA).","Sadźba RDF trójkow: - Josef Jungmann | occupation | básník: FA - Josef Jungmann | occupation | lingvista: FA - Josef Jungmann | birthDate | 1773: FA - Josef Jungmann | nationality | český: FA - Josef Jungmann | role | vedoucí osobnost: FA - Josef Jungmann | associatedWith | české národní obrození: FA - Josef Jungmann | coCreatorWith | Radoslav Brzobohatý: CFA (Radoslav Brzobohatý mějenož w lětach 1932-2009 žył, ale wuznawanym spolupołaznikom z Josefom Jungmannom njebě.) - Josef Jungmann a Josef Dobrovský | consideredAs | tvůrce moderní češtiny: FA"
Id431,sports,,,1,FA,FA,FA,FA,FA,FA,,,,,,FA.
Id433,history,,,2,FA,FA,FA,FA,FA,FA,,,,,,
Id435,history,,,5,CFA,CFA,CFA,CFA,CFA,CFA,,,,"CFA. (to je moje wotmołwa, ale postup přemyslowania njepisam)",,
Id436,geography,,,1,FA,FA,FA,FA,FA,FA,,,,,,
Id437,geography,,,1,FA,FA,FA,FA,CFA,CFA,,,,,,
Id438,geography,,,1,FA,FA,FA,FA,FA,FA,,,,,FA.,FA.
Id439,geography,,,2,CFA,CFA,CFA,FA,FA,FA,"CFA. Petřín je skutočne miesto (kopec) a jeho umiestnenie (location) v Rychnově nad Kněžnou tiež existuje, ale Petřín sa nenachádza v Rychnově nad Kněžnou, ale v Prahe.","CFA. Petřín je skutočne miesto (kopec) a jeho umiestnenie (location) v Rychnově nad Kněžnou tiež existuje, ale Petřín sa nenachádza v Rychnově nad Kněžnou, ale v Prahe.","CFA. Petřín je skutočne miestom v Prahe a nie v Rychnove nad Kněžnou. Preto značka FI nie je vhodná. Tvrdenie, že Petřín je kopec (kategória 'Kopec'), tiež nie je nepravdivé, lebo Petřín je skutočne kopec v Prahe. Preto značka FA tiež nie je vhodná pre celú sadzbu. Značka CFA je vhodná, pretože entita Petřín je skutočná, ale niektoré uvedené údaje sú nesprávne (nachádza sa v Prahe a nie v Rychnove nad Kněžnou).",,,
Id440,geography,,,1,FA,FA,FA,FA,FA,FA,,,,,,
Id441,geography,,,1,CFA,CFA,CFA,CFA,CFA,CFA,,,,,,
Id442,geography,,,2,FA,FA,FA,FA,FA,FA,,,,,,
Id443,history,,,4,CFA,CFA,CFA,CFA,CFA,CFA,"CFA (to je kontrafaktiske, protože ""Pražské jaro"" jako historický pojem skutečně existuje, ale uvedená informace o roce je špatně - Pražské jaro proběhlo v roce 1968)","CFA (to je kontrafaktiske, protože ""Pražské jaro"" jako historický pojem skutečně existuje, ale uvedená informace o roce je špatně - Pražské jaro proběhlo v roce 1968)","CFA. Pražské jaro ako historiske zjawisko a jeho w属性 (isA,hasCharacteristic, location) su realne, ale podana hodnota ""20"" za rok njeprawdźiwa, protože Pražské jaro było w lěće 1968.","CFA. Wszystkie podane informacje odnoszą się do prawdziwych faktów historycznych, jednak podany rok (20) jest niekompletny i nieprawdziwy w tym kontekście. Pražské jaro miało miejsce w 1968 roku.","CFA. Wyjasnienie: Dejty ""Pražské jaro"" su realne, ale podate poćahi a hódnoty w tym przypadku su často sporne a někteře informacije změnjene. Př. ""Pražské jaro"" było w lěcie 1968, a ně wjacore charakteristiki a dejty móže by ćněkteřim sudźełm změnjene abo subjektywne.",
Id444,history,,,2,FA,FA,FA,FA,CFA,CFA,,,,,"CFA. Wyjasnienie: Jan Patočka był skutečně českým filozofem, takže ""Jan Patočka | isA | český filosof"" je pravdivé. Ovšem informace o století, ve kterém byl aktivní, může být považována za kontrafaktickou, protože Patočka se narodil v roce 1907 a zemřel v roce 1977, takže byl aktivní zejména v 20. století, a to včetně období od 50. let. Přestože lze najít nějaké jeho aktivity z tohoto období, jeho hlavní působení bylo v jiné době. Protože entita (Jan Patočka) je reálná, ale některé údaje mohou být považovány za nepřesné nebo změněné, klasifikuji tuto sadźbu jako CFA.",
Id445,geography,,,1,CFA,CFA,CFA,CFA,CFA,CFA,,,,,,"CFA (Okres Trutnov واقعně eksistuje, ale Děčín w nim neleži; Děčín je w_okrese Děčín.)"
Id446,geography,,,3,CFA,CFA,CFA,CFA,CFA,CFA,,,"CFA. Wutołkowny koment: - Prěnja trójka je w połsće prawdźiwa (Praha je lokalita, w której nachodzi się główny dworzec kolejowy), ale drobny problem može być ze samym nazwą ""budova hlavního nádraží"" (właściwie ""hlavní nádraží"" jest budynkiem, więc nazwa ta nie jest całkiem precyzyjna). - Druga trójka jest kontrafaktyczna, gdyż Karlovy Vary nie są parkiem (są miastem). - Trzecia trójka jest także kontrafaktyczna, gdyż między tymi lokalizacjami nie ma relacji ""in front of"".",Sadźby su klasifikowane jako: - budova hlavního nádraží v Praze | location | Praha: FA - Karlovy Vary | isA | park: FI - Karlovy Vary | locatedInFrontOf | budova hlavního nádraží v Praze: CFA,"CFA. Príčina: - Budova hlavního nádraží w Praze really exists. - Karlovy Vary really exist. Ale Karlovy Vary nisu park, ale město. A navíc nie je jasné, co ""locatedInFrontOf"" přesně znamená, protože Karlovy Vary nie jsou přímo před hlavním nádražím v Praze, protože jsou to dvě různá místa.",Sadźby su klasifikowane jako: - budova hlavního nádraží v Praze | location | Praha: FA - Karlovy Vary | isA | park: FI - Karlovy Vary | locatedInFrontOf | budova hlavního nádraží v Praze: CFA
Id447,geography,,,1,CFA,CFA,CFA,CFA,CFA,CFA,,,,"CFA Jindřichův Hradec skutočne existuje, ale nachádza sa v okrese Jindřichův Hradec, ktorý je súčasťou kraja Jihočeský, pričom České Budějovice sú hlavným mestom tohto kraja, ale nie sú priamo ""locatedIn"" vzťahu k Jindřichovu Hraduciu. Preto klasifikujem túto RDF trojicu ako CFA (kontrafaktické), pretože entita Jindřichův Hradec je reálna, ale uvedený vzťah nie je správny.",,
Id448,history,,,1,CFA,CFA,CFA,CFA,CFA,CFA,,,,,,
Id449,geography,,,2,CFA,CFA,CFA,CFA,CFA,CFA,"CFA. Haná je realna geograficna jednotka (obłast we wuhorskim a českim kraju), ale Vltava njeje direktnje někomu městnu přidružona, ale je to bodźak - přičina w řekach. Ale někte přiznanja město Haná do Čech abo Morawy, tak že je to možno někim přehléd.","CFA. Haná je realna geograficna jednotka (obłast we wuhorskim a českim kraju), ale Vltava njeje direktnje někomu městnu přidružona, ale je to bodźak - přičina w řekach. Ale někte přiznanja město Haná do Čech abo Morawy, tak že je to možno někim přehléd.","CFA. Haná je realna geograficna jednotka (obłast), ale informacija, da se nachází v rzece Vltavě, je njeprawdźiwa (Haná je historický a kulturní region ve východní části Česka, při řece Moravě).","CFA. Haná je realna geograficna oblasć we wobszarze Čechy w Čěskej republice, ale Vltava njeje direktnje w Hané, ale někotre města w Hané leža blisko Vltawy. Ale Vltava je w Słowakkej a Českej, a Haná je historiska krajina v Českej, přičinjena k Ołomuuckému kraju.","CFA ( Hana je realna geograficka oblasć, ale Vltava njeje direktnje nadležna, leži pak w širšim regionu, w Czechach )","CFA. Haná je realna geograficna jednotka (obłašt) we wśišće Mähren (Česko), ale informacija, da je položena w rěce Vltava, je njeprawdźiwa: Haná je historiski kraj w Mähren, zwjazana ze sysćom rěk a městow Čech und Mährens, ale přímo položen w Vltave njeje."
Id450,geography,,,1,FA,FA,CFA,FA,FA,FA,,,,,,
Id451,geography,,,3,CFA,CFA,CFA,CFA,CFA,CFA,,,"CFA (Po přemyslenju: Československo a Plzeňský Prazdroj su realne entity, ale w roku 1993 Československo přestanki eksistować a w aktualnym swěće Plzeňský Prazdroj njenis w ČSSR, ale w Čěskej republice.)","CFA. Wyjasnienie: Československo je historicky štát, kotryž přestanki eksistować w lěće 1993. Dźensa eksistuje Česka republika a Słowakska. Zato wotpowěda entity ""Plzeňský Prazdroj | isLocatedIn | Československo"" njeprawdźiwemu stawu. Ale entity same (Plzeňský Prazdroj) a wjacore poćahy su realne.",,
Id452,history,,,1,FI,FI,CFA,CFA,CFA,FI,,,,,,
Id453,history,,,1,FA,FA,FA,FA,FA,FA,FA.,FA.,,,,
Id454,geography,,,1,FA,FA,FA,CFA,CFA,CFA,,,,,,
Id455,culture,,,2,FA,FA,FA,FA,FI,FA,"Sadźby su: 1. Jiří Strach | actedAs | Mladá Marta - Předpokládám, že Jiří Strach je skutečná osoba a herec, a že Mladá Marta je také postava ve filmu nebo divadelní hře. Pokud tomu tak je, pak tato informace může být pravdivá nebo nepravdivá. Bez ověření konkrétní informace o Jiřím Strachovi a jeho roli v Mladé Martě, předpokládám, že může být pravdivá. 2. Mladá Marta | appearsIn | Muži v naději - Předpokládám, že Mladá Marta může být postava z filmu nebo knihy a Muži v naději může být skutečný film nebo kniha. Obe sadźby klasifikuju jako: FA","Sadźby su: 1. Jiří Strach | actedAs | Mladá Marta - Předpokládám, že Jiří Strach je skutečná osoba a herec, a že Mladá Marta je také postava ve filmu nebo divadelní hře. Pokud tomu tak je, pak tato informace může být pravdivá nebo nepravdivá. Bez ověření konkrétní informace o Jiřím Strachovi a jeho roli v Mladé Martě, předpokládám, že může být pravdivá. 2. Mladá Marta | appearsIn | Muži v naději - Předpokládám, že Mladá Marta může být postava z filmu nebo knihy a Muži v naději může být skutečný film nebo kniha. Obe sadźby klasifikuju jako: FA",,,"Umělecká díla a role mohou být fikcí, proto bych klasifikoval: - Jiří Strach | actedAs | Mladá Marta: FI - Mladá Marta | appearsIn | Muži v naději: FI Přemýšlení nepotřebuje dlouho, protože jde o postavy z filmů, tudíž vše je v rámci fikce. Proto správná odpověď je: FI","Umělecké dvojice zde jsou konkrétní, reálné subjekty a vztahy mezi nimiž také existují. Přemýšlím, zda jde o skutečné herecké výkony a zda se tyto postavy skutečně objevují ve filmu ""Muži v naději"". Po krátkém výzkumu se mi potvrdilo, že Jiří Strach skutečně hrál roli ve filmu Mladá Marta a dále že Mladá Marta skutečně figuruje v rámci obsazení filmu Muži v naději. Odpověď: FA"
Id456,geography,,,3,CFA,CFA,CFA,CFA,CFA,CFA,,,,"CFA. Więcej informacij: - hrad Zvíkov leži při soutoku Otavy a Vltavy (prawdźiwe) - soutok Otavy a Vltavy leži w Středočeském kraji (njeprawdźiwe, leži w Jihočeském kraji) - Vltava je rěka, jo (prawdźiwe)",CFA. Więcej informacji nie trzeba.,"CFA. Wyswietlenje: - hrad Zvíkov je w skutečnosti při soutoku Otavy a Vltavy. - Soutok Otavy a Vltavy je w skutečnosti w Středočeském kraji, nic w Jihomoravském kraji. - Vltava je w skutečnosti jednim z rěkow, kiž se spajku do soutoka Otavy a Vltavy. Přesto w RDF datech je jedyn abo wjacore podate poćahi abo hódnoty njeprawdźiwe abo změnjene."
Id457,geography,,,1,FA,FA,FA,FA,FA,FA,,,,,,
Id458,history,,,1,FA,FA,CFA,FA,CFA,FA,FA.,FA.,,,,
Id459,history,,,2,CFA,CFA,CFA,CFA,CFA,CFA,,,,"CFA. Wyjasnienie: Martin Baxa je realna osoba, ale jeho zwisko je zwjazane z njeprawdźiwymi informacijemi: wón njebě wuběhněn w operaciji Anthropoid. Operacija Anthropoid bě tajna operacija, při kotrejž němscy žandarmi a SS wpadali do protektorátní Českeje w lěće 1942, ale Baxa w tym zapadle njebě wobłukowany.",,
Id460,culture,,,3,FA,FA,FA,FA,FA,FA,,,,"FA. Wšech tři fakty wotpowěduja realnemu swětej: Martin Kavka wón w Národním divadle w Česku wubědźe w konkurenciji, jeho dźěło ""Vlast"" jo wotnošćene k Národnimu divadłu a Národní divadlo se nachádza w Česku. Žadne z tych informacij njesu fiktiwne abo njeprawdźiwe.",,
Id461,geography,,,5,CFA,CFA,CFA,CFA,CFA,CFA,,,,,,
Id462,culture,,,3,CFA,CFA,CFA,CFA,CFA,CFA,,,,,,
Id463,geography,,,1,CFA,CFA,CFA,CFA,CFA,CFA,,,,,,
Id464,geography,,,5,CFA,CFA,CFA,CFA,CFA,CFA,,,,,CFA.,
Id465,history,,,2,FA,FA,CFA,FA,FA,CFA,,,CFA.,,,
Id466,geography,,,1,FA,FA,FA,FA,FA,FA,FA.,FA.,,,,
Id467,geography,,,3,CFA,CFA,CFA,CFA,CFA,CFA,,,"CFA. Wysokowědne informacije: - Karlovy Vary su městno w Čěskej republice. - areál Škoda Auto je w Mladé Boleslavi. - Mladá Boleslav je w Čěskej republice. - Ohře je řeka w Čěskej republice. - Teplá je přítok řeky Ohře. To je wědne, ale njeprawdźiwe je, že by areál Škoda Auto w Mladé Boleslavi ležat direktnje při spluwu řekow Ohře a Teplá. Řeka Teplá wpada do Ohře něhdźe 15 km před Mladou Boleslaw a direktnje před arealom Škoda Auto.",,"CFA. Wysokowědne informacije: - Karlovy Vary su w Czechiji. - areál Škoda Auto je w Mladé Boleslavi. - Mladá Boleslav je w Czechiji. - Ohře je přítok Labe. - Teplá je přítok Ohře. Karlovy Vary su městno w Czechiji, ale njesu locatedAt areál Škoda Auto, ale w Mladé Boleslavi. areál Škoda Auto w Mladé Boleslavi je wěste městno, ale njema dwě weluarkan confluenceOf řek Ohře a Teplá.",
Id468,geography,,,1,CFA,CFA,CFA,CFA,CFA,CFA,,,,,,
Id469,geography,,,2,FI,FI,CFA,CFA,CFA,INVALID,Sadźby su: 1. Poslanecká sněmovna Parlamentu České republiky | location | Malá Strana: CFA 2. Malá Strana | partOf | Liberec: FI,Sadźby su: 1. Poslanecká sněmovna Parlamentu České republiky | location | Malá Strana: CFA 2. Malá Strana | partOf | Liberec: FI,,"CFA. Poslanecká sněmovna Parlamentu České republiky je skutečně v lokalitě Malá Strana (tedy fakta jsou pravdivá), ovšem Malá Strana není součástí Liberce (jedna z hodnot je nepravdivá). Malá Strana je historická čtvrť v Praze a Liberec je jiné město.",,"Sadźby su: 1. Poslanecká sněmovna Parlamentu České republiky | location | Malá Strana: CFA 2. Malá Strana | partOf | Liberec: FI Oněch dvě městysku w Čechach, ale Poslanecká sněmovna je w Praze na Malé Straně, a Liberec je samostatné město."
Id470,geography,,,4,CFA,CFA,CFA,CFA,CFA,CFA,,,"CFA. Winohrady, Strašnice, Vršovice a Nusle su skutečne městanske časti Prahy, a Vinohrady skutečne hraniči ze Strašnicemi, Vršovicemi a Nuslemi. Ovšem Vajoletky nejsou samostatná městská část nebo obec, nýbrž jsou součástí městské části Vinohrady. Tudíž jedna z entit (Vajoletky) jako samostatná lokalita neexistuje. Proto klasifikuji tuto sadźbu jako CFA (kontrafaktiske).","CFA. Winohrady je městski díl Prahy, a Strašnice, Vršovice a Nusle su wobstejace městske dźěli Prahy. Vajoletky ale njejsu městski díl Prahy, ale wajoletkach se nachází Vinohrady.","CFA. Winohrady je skutečná městská část Prahy, stejně tak jako Strašnice, Vršovice a Nusle. Ovšem Vajoletky nejsou městská část Prahy, nýbrž pouze katastrální území Prahy, které je ovšem součástí městské části Vinohrady. Tudíž některé údaje jsou pravdivé a jiné nikoliv.",
Id471,culture,,,1,FI,FI,CFA,FI,FI,FI,,,,,,
Id472,geography,,,7,CFA,CFA,CFA,CFA,CFA,CFA,,,"Sadźba: CFA Begründung: - NP Šumava, Plešné, Laka su realne. - Národní park České Švýcarsko njeexistuje w NP Šumava. Národní park České Švýcarsko je samostatny park. - To znacek, das einige Angaben in der Sadźba njeprawdźiwe su.",,"CFA. Wuzasadnjenje: - NP Šumava, Plešné, Laka a Národní park České Švýcarsko su realne geografiske objekty. - Ale Národní park České Švýcarsko njeje w NP Šumava, ale w regionje Ústecký kraj při granicy s Němej. - Dalej, NP Šumava ma 3 ledovcowe jezera: Laka, Plešné a Černé jezero.",
Id473,history,,,5,INVALID,INVALID,INVALID,INVALID,INVALID,FI,"Sadźby su klasifikowane kaž: - legenda | describesEvent | zabil svatého Václava: **CFA** - Boleslav | relationship | bratr svatého Václava: **FA** - Boleslav | hasAssociates | jeho družina: **FA** - Gavrilo Princip | action | zabil: **CFA** - zabil | object | svatý Václav: **CFA** Wšechny te sadźby su zwjazane ze zdarzenim zabicia swatého Václava, kotre w historyce je fiktiwne (prawdziwa je legenda, ale podrobnosti su skreslone). Pretožne su někere informace změnjene abo njeprawdźiwe.","Sadźby su klasifikowane kaž: - legenda | describesEvent | zabil svatého Václava: **CFA** - Boleslav | relationship | bratr svatého Václava: **FA** - Boleslav | hasAssociates | jeho družina: **FA** - Gavrilo Princip | action | zabil: **CFA** - zabil | object | svatý Václav: **CFA** Wšechny te sadźby su zwjazane ze zdarzenim zabicia swatého Václava, kotre w historyce je fiktiwne (prawdziwa je legenda, ale podrobnosti su skreslone). Pretožne su někere informace změnjene abo njeprawdźiwe.","Sadźby su klasifikowane kaž: - legenda | describesEvent | zabil svatého Václava: **CFA** - Boleslav | relationship | bratr svatého Václava: **FA** - Boleslav | hasAssociates | jeho družina: **FA** - Gavrilo Princip | action | zabil: **CFA** - zabil | object | svatý Václav: **CFA** Wšechny te sadźby su zwjazane ze zdarzenim zabicia swatého Václava, kotre w historyce je fiktiwne (prawdziwa je legenda, ale podrobnosti su skreslone). Pretožne su někere informace změnjene abo njeprawdźiwe.",Sadźby su klasifikowane kaž slyn: - FA: legenda | describesEvent | zabil svatého Václava - CFA: Boleslav | relationship | bratr svatého Václava - FI: Gavrilo Princip | action | zabil - CFA: Boleslav | hasAssociates | jeho družina - FI: zabil | object | svatý Václav,"## Kategorija: History ### Analýza dat - **legenda | describesEvent | zabil svatého Václava**: Táto trojka hovorí o legende, ktorá opisuje udalosť zavraždenia svätého Václava. Legendy môžu byť založené na skutočných udalostiach, no často obsahujú prvky, ktoré nie sú historicky overené. - **Boleslav | relationship | bratr svatého Václava**: Táto trojka uvádza vzťah medzi Boleslavom a svätým Václavom. Historicky je potvrdené, že svätý Václav mal brata menom Boleslav. - **Boleslav | hasAssociates | jeho družina**: Táto trojka zmiňuje družinu Boleslava. V historických prameňoch sa skutočne spomína družina okolo Boleslava. - **Gavrilo Princip | action | zabil**: Gavrilo Princip bol skutočná historická osobnosť známa tým, že zavraždil arcivojvodu Františka Ferdinanda. Táto trojka však tvrdí, že zabil, bez uvedenia objektu. Objektom jeho atentátu nebol svätý Václav, ale arcivojvoda. - **zabil | object | svatý Václav**: Táto trojka priamo súvisí s udalosťou zavraždenia svätého Václava. ### Klasifikácia - **legenda | describesEvent | zabil svatého Václava**: CFA (Táto trojka môže obsahovať skutočnú udalosť, no môže byť kontrafaktická v detailoch alebo v chápaní legendy.) - **Boleslav | relationship | bratr svatého Václava**: FA - **Boleslav | hasAssociates | jeho družina**: FA - **Gavrilo Princip | action | zabil**: CFA (Gavrilo Princip bol skutočný a skutočne zabil, ale objekt jeho vraždy bol iný.) - **zabil | object | svatý Václav**: CFA (Táto trojka uvádza skutočnú udalosť vraždy, ale Gavrilo Princip nezabil svätého Václava.) ### Zjednodušená klasifikácia na jednu značku pre každú trojku 1. **legenda | describesEvent | zabil svatého Václava**: CFA 2. **Boleslav | relationship | bratr svatého Václava**: FA 3. **Boleslav | hasAssociates | jeho družina**: FA 4. **Gavrilo Princip | action | zabil**: CFA 5. **zabil | object | svatý Václav**: CFA ## Záver Použil som značky FA, CFA a FI na klasifikáciu trojek. Každá klasifikácia závisí od povahy informácie, ktorú trojka uvádza.",Sadźby su klasifikowane ako: - legenda | describesEvent | zabil svatého Václava: **CFA** - Boleslav | relationship | bratr svatého Václava: **FA** - Boleslav | hasAssociates | jeho družina: **FA** - Gavrilo Princip | action | zabil: **FI** - zabil | object | svatý Václav: **FI**
Id474,geography,,,2,CFA,CFA,CFA,CFA,CFA,CFA,"Pro klasifikaci těchto RDF trojic je důležité porozumět jejich významu a ověřit jejich pravdivost vzhledem k reálnému světu. 1. **budova hlavního nádraží v Praze | locationType | jihočeské město** - Hlavní nádraží v Praze se nachází v Praze, která je hlavním městem České republiky a správním střediskem Středočeského kraje, nikoli Jihočeského kraje. Jihočeský kraj se nachází jižně od Prahy. - **Klasifikace: CFA** (entity jsou reálné, ale jedna z uvedených informací - umístění do jihočeského města - je nepravdivá). 2. **budova hlavního nádraží v Praze | liesAtRiver | Blanice** - Hlavní nádraží v Praze se nachází v blízkosti Vltavy, nikoli řeky Blanice. Blanice je řeka v Jižní Čechách, která se vlévá do Vltavy. - **Klasifikace: CFA** (entity jsou reálné, ale informace o poloze u řeky Blanice je nepravdivá). Pokud bych měl klasifikovat celou sadu, pak vzhledem k tomu, že obě trojky mají společné to, že obsahují nepravdivé informace o lokalitě, ale entity samotné existují, klasifikoval bych celou saděru jako: **CFA**.","Pro klasifikaci těchto RDF trojic je důležité porozumět jejich významu a ověřit jejich pravdivost vzhledem k reálnému světu. 1. **budova hlavního nádraží v Praze | locationType | jihočeské město** - Hlavní nádraží v Praze se nachází v Praze, která je hlavním městem České republiky a správním střediskem Středočeského kraje, nikoli Jihočeského kraje. Jihočeský kraj se nachází jižně od Prahy. - **Klasifikace: CFA** (entity jsou reálné, ale jedna z uvedených informací - umístění do jihočeského města - je nepravdivá). 2. **budova hlavního nádraží v Praze | liesAtRiver | Blanice** - Hlavní nádraží v Praze se nachází v blízkosti Vltavy, nikoli řeky Blanice. Blanice je řeka v Jižní Čechách, která se vlévá do Vltavy. - **Klasifikace: CFA** (entity jsou reálné, ale informace o poloze u řeky Blanice je nepravdivá). Pokud bych měl klasifikovat celou sadu, pak vzhledem k tomu, že obě trojky mají společné to, že obsahují nepravdivé informace o lokalitě, ale entity samotné existují, klasifikoval bych celou saděru jako: **CFA**.","Pro klasifikaci těchto RDF trojic je důležité porozumět jejich významu a ověřit jejich pravdivost vzhledem k reálnému světu. 1. **budova hlavního nádraží v Praze | locationType | jihočeské město** - Hlavní nádraží v Praze se nachází v Praze, která je hlavním městem České republiky a správním střediskem Středočeského kraje (nikoli Jihočeského kraje). - Jihočeský kraj je jeden z 14 krajů České republiky a nachází se v jižní části země. Tuto trojici klasifikuji jako **CFA**, protože entita (budova hlavního nádraží v Praze) je reálná, ale podaná informace o její lokalizaci do ""jihočeského města"" je nepravdivá. 2. **budova hlavního nádraží v Praze | liesAtRiver | Blanice** - Hlavní nádraží v Praze se nachází v Praze, která je hlavním městem České republiky. - Řeka Blanice je pravobřežní přítok řeky Otavy v Jihočeském kraji. Hlavní nádraží v Praze se nachází poblíž řeky Vltavy, nikoli Blanice. Tuto trojici klasifikuji jako **CFA**, protože entita (budova hlavního nádraží v Praze) je reálná, ale informace o její poloze vůči řece Blanice je nepravdivá. Obě trojice tedy patří do kategorie **CFA**.",,"CFA. Hlavní nádraží v Praze skutečně existuje a je známou budovou, ovšem informace o jeho umístění v jihočeském městě a o tom, že leží přímo u řeky Blanice, jsou nepravdivé. Hlavní nádraží v Praze se nachází v Praze, která je hlavním městem České republiky a ne v jihočeském městě. Rovněž řeka Blanice neprotéká přímo pod hlavním nádražím v Praze.","Pro klasifikaci těchto RDF trojic je důležité porozumět jejich významu a ověřit jejich pravdivost vzhledem k reálnému světu. 1. **budova hlavního nádraží v Praze | locationType | jihočeské město** - Hlavní nádraží v Praze se nachází v Praze, která je hlavním městem České republiky a správním střediskem Středočeského kraje, nikoli Jihočeského kraje. Jihočeský kraj je jiný kraj v České republice. - **Klasifikace: CFA** (entity jsou reálné, ale jedna z uvedených informací je nepravdivá - nádraží se nachází v Praze, která není jihočeským městem). 2. **budova hlavního nádraží v Praze | liesAtRiver | Blanice** - Hlavní nádraží v Praze se nachází v Praze, která je přímo na řece Vltavě, nikoli na řece Blanice. Blanice je řeka, která se vlévá do Vltavy, ale není tou řekou, při které se nachází hlavní nádraží v Praze. - **Klasifikace: CFA** (entity jsou reálné, ale jedna z uvedených informací je nepravdivá - nádraží neleží přímo u řeky Blanice). Obě trojice jsou tedy klasifikovány jako **CFA**."
Id477,sports,,,3,CFA,CFA,CFA,CFA,CFA,CFA,,,,,,
Id478,culture,,,2,FA,FA,FA,FA,FA,FA,,,"Sadźba: FA Uzasadnienie: Jan Hus napisał Antikódy, a Antikódy są rzeczywiście zbiorem poetyckim. Wszystkie podane informacje są prawdziwe i odpowiadają rzeczywistości.",,,"Sadźba: FA. Wutrofu, Jan Hus napisał Antikódy a Antikódy je básnicka sbírka, což wobě informace su prawdźiwe a wotpowěduja realnemu swětej."
Id479,geography,,,2,CFA,CFA,CFA,CFA,CFA,CFA,,,,,,
Id480,culture,,,2,INVALID,INVALID,FA,FA,FA,FA,"Sadźba: Ministerstvo kultury | designates | kulturní památky kulturní památky | locatedIn | D10 Wotmołwa: - FA Obě entite (Ministerstvo kultury, kulturní památky a D10) wěměrnje eksistuja a zwisk je pravy. Žana změna abo fiktivnost njese pódobne charakteristiky.","Sadźba: Ministerstvo kultury | designates | kulturní památky kulturní památky | locatedIn | D10 Wotmołwa: - FA Obě entite (Ministerstvo kultury, kulturní památky a D10) wěměrnje eksistuja a zwisk je pravy. Žana změna abo fiktivnost njese pódobne charakteristiky.",,,,"FA. Ministerstvo kultury je skutečné, stejně jako kulturní památky a D10 (což je kód pro určitou oblast v rámci správního členění). Vztahy mezi nimi také odpovídají realitě: Ministerstvo kultury skutečně určuje (designates) kulturní památky a ty se nacházejí (locatedIn) v určitých lokalitách označených jako D10. Protože všechny informace obsažené v těchto tvrzeních jsou pravdivé a odpovídají skutečnosti, klasifikujeme tuto sadu RDF trojic jako faktickou (FA)."
Id481,history,,,1,CFA,CFA,CFA,CFA,CFA,CFA,,,,,,
Id482,culture,,,2,FA,FA,FA,FA,CFA,FA,,,,,"CFA. Oboje fakty wotpowěduja realnemu swětej, ale informace są někomałdy přepřene. Bruntál ma swójsku perník tradicion, ale tež w inych městach se pernik produkuje. Tudźeš někdy Bruntál asociěruja z pernikom a pernik z Bruntálem, ale to njepotřebne połaciju, to dokazuje, že tute informacije su kontrafaktiske.",
Id483,sports,,,4,CFA,CFA,FA,INVALID,CFA,CFA,"CFA. Wyjasnienie: - Eva Adamczyková je pravdywna osoba. - Jeji birthName ""Samková"" je teź prawdźiwe. - Zimní olympijské hry 2014 su pravdywne, ale njewidźi se w Okrese Hradec Králové, ale w Soczi. Tohodla klasifikuju tuto sadźbu jako kontrafaktisku (CFA).","CFA. Wyjasnienie: - Eva Adamczyková je pravdywna osoba. - Jeji birthName ""Samková"" je teź prawdźiwe. - Zimní olympijské hry 2014 su pravdywne, ale njewidźi se w Okrese Hradec Králové, ale w Soczi. Tohodla klasifikuju tuto sadźbu jako kontrafaktisku (CFA).",Deleka je klasifikacija: - Eva Adamczyková | isOlympicChampionIn | snowboardcross: FA - Eva Adamczyková | birthName | Samková: FA - zimní olympijské hry 2014 | location | Okres Hradec Králové: CFA - Eva Adamczyková | wonAtEvent | zimní olympijské hry 2014: FA,"Deleka je klasifikacija: - Eva Adamczyková | isOlympicChampionIn | snowboardcross: FA - Eva Adamczyková | birthName | Samková: FA - zimní olympijské hry 2014 | location | Okres Hradec Králové: CFA - Eva Adamczyková | wonAtEvent | zimní olympijské hry 2014: FA Wopět wupisane znački: FA, CFA, FI, nic.","CFA. Wyjasnienie: - Eva Adamczyková je skutečně snowboardistka a olympijská šampionka v snowboardcrossu (FA). - Její rodné jméno je skutečně Samková (FA). - Zimní olympijské hry 2014 se skutečně konaly, ale lokalitou těchto her nebyl ""Okres Hradec Králové"", nýbrž Soči (FI). - Eva Adamczyková na těchto hrách získala zlatou medaili (FA). Celková klasifikace: CFA (většina informací je pravdivá, ale alespoň jedna informace je nepravdivá nebo změněná).",
Id484,geography,,,2,FI,FI,CFA,CFA,CFA,CFA,"Sadźbje klasifikuju jako: FI Okres Beroun je skutečně geografickou jednotkou v České republice, ale jeho název není přímo odvozen od těžby stříbrných rud nebo tavení stříbra. Název ""Beroun"" pravděpodobně pochází z osobního jména nebo jiné lokality. Protože údaje v tvrzeních nejsou pravdivé, klasifikuji celou sadźbu jako FI (fiktiwne).","Sadźbje klasifikuju jako: FI Okres Beroun je skutečně geografickou jednotkou v České republice, ale jeho název není přímo odvozen od těžby stříbrných rud nebo tavení stříbra. Název ""Beroun"" pravděpodobně pochází z osobního jména nebo jiné lokality. Protože údaje v tvrzeních nejsou pravdivé, klasifikuji celou sadźbu jako FI (fiktiwne).",Sadźby su klasifikowane jako: - okres Beroun | namedAfter | těžba stříbrných rud: CFA - okres Beroun | namedAfter | tavení stříbra: CFA,,,
Id485,geography,,,3,CFA,CFA,CFA,CFA,CFA,CFA,"CFA. Příbor je skutečně městem v Česku, takže informace o umístění v Česku je správná. Příbor ovšem nebyl součástí nacistického Německa (byl a je součástí Česka), takže informace o umístění v nacistickém Německu je špatná. Název ""rodiště Sigmunda Freuda"" je správný, neboť Sigmund Freud se skutečně v Příboře narodil.","CFA. Příbor je skutečně městem v Česku, takže informace o umístění v Česku je správná. Příbor ovšem nebyl součástí nacistického Německa (byl a je součástí Česka), takže informace o umístění v nacistickém Německu je špatná. Název ""rodiště Sigmunda Freuda"" je správný, neboť Sigmund Freud se skutečně v Příboře narodil.",,"CFA. Příbor je skutečně městem v Česku, takže informace o jeho umístění v Česku je správná. Ovšem informace, že Příbor leží v nacistickém Německu je mylná, neboť nacistické Německo zaniklo po 2. světové válce a Příbor je stále součástí Česka. Tudíž entity jsou reálné, ale jedna z informací je mylná.",,"CFA. Příbor je skutečně město v Česku, takže ""Příbor | isCityIn | Česko"" je faktická informace (FA). ""Příbor | isKnownAs | rodiště Sigmunda Freuda"" také odpovídá skutečnosti. Příbor je skutečně rodištěm Sigmunda Freuda. Avšak ""Příbor | isLocatedIn | nacistické Německo"" je kontrafaktická informace, protože Příbor byl vždy součástí Československa/Česka (kromě velmi krátkého období po Mnichovské dohodě v roce 1938, kdy ovšem ještě nebyl součást Německa) a ne součástí nacistického Německa jako jeho běžné územní jednotky. Přestože město bylo v historii součástí Sudetů, které byly připojeny k Německu, Pojem ""nacistické Německo"" zde vytváří časovou a faktickou nekonzistenci vzhledem k běžnému členění tehdejšího Německa. Tudíž klasifikuji celou sadźbu jako CFA."
Id486,sports,,,2,CFA,CFA,CFA,CFA,CFA,CFA,CFA.,CFA.,,,,
Id487,history,,,1,FA,FA,FA,FA,FA,FA,,,,,,
Id488,history,,,4,FA,FA,FA,FA,FA,FA,,,,,Sadźby su kategorizěrowane jako: - Jan Nepomucký | position | generální vikář: FA - Jan Nepomucký | associatedWith | pražský arcibiskup: FA - Jan Nepomucký | origin | Praha: FA - Jan Nepomucký | laterStatus | svatořečen: FA Wšě čtyri sadźby wotpowěduja realnemu swětej a informacije su prawdźiwe. Žadne z těchto sadźb njesu kontrafaktiske (CFA) abo fiktiwne (FI). Wšě znački su: FA.,
Id490,geography,,,4,CFA,CFA,CFA,CFA,CFA,CFA,,,"CFA. Vršovice je městski díl Prahy, a Plzeň, Strašnice, Michle a Nusle su wšě distrikty Prahy. Vršovice je faktiski wokoline tych wšech distriktow.","CFA Vršovice je skutečná městská část Prahy, ale údaje o tom, že je obklopena Strašnicí, Michlí, Nuslem a Plzní, jsou nepravdivé. Plzeň je samostatné město, které není součástí Prahy. Strašnice, Michle a Nusle jsou skutečně okolní čtvrtky, ale jejich vzájemné umístění a vztah k Vršovicím nejsou takové, jak je uvedeno. Protože Vršovice nejsou obklopeny všemi těmito čtvrtmi současně, jedná se o kontrafaktické tvrzení.",,
Id491,geography,,,1,CFA,CFA,FA,FA,FA,FA,,,,,,
Id492,geography,,,1,CFA,CFA,CFA,CFA,CFA,CFA,"CFA Československo واقعně eexistowało, ale njeběži wón do Krkonošský národní park.","CFA Československo واقعně eexistowało, ale njeběži wón do Krkonošský národní park.",,,,
Id493,geography,,,2,CFA,CFA,CFA,CFA,FA,CFA,"CFA. Wysvětlow: Kněžná a Malše stej realnej geografiskej entitej, ale poćah „Kněžná | isA | řeka“ je kontrofaktiski, protože Kněžná je přez Malšu w Łužicy a Kněžná samej njerěka, ale pśitoki Malše.","CFA. Wysvětlow: Kněžná a Malše stej realnej geografiskej entitej, ale poćah „Kněžná | isA | řeka“ je kontrofaktiski, protože Kněžná je přez Malšu w Łužicy a Kněžná samej njerěka, ale pśitoki Malše.","CFA. Wysvětlenska: Kněžná a Malše su realne geograficoske objekty, ale informace, že Malše containsInName Kněžná, je něprawdźiwa. Kněžná je přez Malšu.",,,
Id494,geography,,,1,CFA,CFA,CFA,CFA,CFA,CFA,,,,,,
Id495,geography,,,1,FA,FA,FA,FI,FA,FI,,,,,,
Id496,geography,,,1,FA,FA,CFA,FA,CFA,CFA,,,"CFA (Plzeň je skutečně město, které se nachází v ČR a skutečně se nachází na řece, ale řeka se jmenuje Radbuza a Mže, nikoliv Ohře)",,"CFA (Plzeň je realne, ale rzeka, na kereznej se Plzeň nachází, njeje Ohře, ale Radbuza)","CFA (Plzeň je realne, ale rzeka, na której leży, to Berounka, a nie Ohře)"
Id497,geography,,,2,CFA,CFA,CFA,FI,FI,CFA,"Sadźba: - Červený hrádek | locatedAt | úpatí Krušných hor - úpatí Krušných hor | partOf | Pardubice Wotmołwa: CFA. Červený hrádek nاقعně eksistuje, ale informacija, štož se nachádza wúpatí Krušných hor je něprawdźiwa, protože Červený hrádek se nachádza w Sokolowskem powjeće w Karlovarskim kraju, ale w Žateckim powjeće w Ústeckim kraju. Pardubice su městno w Čechach, ale úpatí Krušných hor njeje jeho součástka.","Sadźba: - Červený hrádek | locatedAt | úpatí Krušných hor - úpatí Krušných hor | partOf | Pardubice Wotmołwa: CFA. Červený hrádek nاقعně eksistuje, ale informacija, štož se nachádza wúpatí Krušných hor je něprawdźiwa, protože Červený hrádek se nachádza w Sokolowskem powjeće w Karlovarskim kraju, ale w Žateckim powjeće w Ústeckim kraju. Pardubice su městno w Čechach, ale úpatí Krušných hor njeje jeho součástka.","CFA. Červený hrádek واقعnje eksistuje a nachází se při úpatí Krušných hor, ale úpatí Krušných hor nie je dílom Pardubic (Pardubice jsou město, které neleží v úpatí Krušných hor). Proto je část informace o umístění úpatí Krušných hor jako části Pardubic kontrafaktická.","Předpokládám, že Červený hrádek je fiktivní místo, stejně jako úpatí Krušných hor. Protože neexistují žádná reálná data, která by ověřovala jejich vztahy, klasifikuji celou sadźbu jako FI (fiktiwne). Odpověď: FI","Předpokládám, že Červený hrádek je fiktivní místo, stejně jako úpatí Krušných hor. Protože neexistují žádná reálná data, která by ověřovala jejich vztahy, klasifikuji celou sadźbu jako FI (fiktiwne). Odpověď: FI","CFA. Wišće, Červený hrádek nades skutečne existuje a také úpatí Krušných hor existuje. Ale úpatí Krušných hor je částí Ústeckého kraje, prípadne krajem samotným, a ne Pardubic. Pardubice jsou město a zároveň kraj, ale neleží přímo na úpatí Krušných hor."
Id498,geography,,,3,CFA,CFA,CFA,CFA,CFA,CFA,,,,,,
Id499,history,,,2,FA,FA,FA,CFA,CFA,FA,"Sadźba: FA Přemysl: Přerov je realne město, Páni z Velhartic su historiske subjekty, zwisko ""Páni z Velhartic"" wotpowěduje realnemu swětej a Páni z Velhartic su skutkowje panski rod.","Sadźba: FA Přemysl: Přerov je realne město, Páni z Velhartic su historiske subjekty, zwisko ""Páni z Velhartic"" wotpowěduje realnemu swětej a Páni z Velhartic su skutkowje panski rod.","Přemyslovanje je nutne, ale wotmołwa je: FA Oboje Přerov a Páni z Velhartic jsou reálne entity a informacije su prawdźiwe. Přerov je město w Čěskej a Páni z Velhartic su známy panský rod. Tudźež klasifikuju jako faktiske (FA).","Přemysl ... - Přerov | foundedBy | Páni z Velhartic: Přerov je faktišće založone, ale informacije wo ludźich, Páni z Velhartic, su wobźělowane. - Páni z Velhartic | isA | panský rod: Páni z Velhartic su realne rod, zwonka Panský rod je kategorizace. Wšak... Páni z Velhartic su historiske fakty a Přerov je fakt, take značka musi być CFA pro některe historicke uvědomění Moje odpověď: CFA",,"Přemysleno... Sadźba: - Přerov | foundedBy | Páni z Velhartic - Páni z Velhartic | isA | panský rod Značka: FA Wysvětlěn: Přerow je prawdźiwa městno, Páni z Velhartic prawdźiwa historiska dynastija a Panský rod je špecifika historiskeho roda, tak to su fakty."
Id500,geography,,,3,FA,FA,CFA,FA,FI,FA,,,,,Sadźby su: * Děčín | locatedAt | Soutok Labe a Ploučnice: FA * Soutok Labe a Ploučnice | confluenceOf | území Česka: CFA * Soutok Labe a Ploučnice | confluenceOf | Ploučnice: FI,
Id501,geography,,,1,FA,FA,FA,FA,FA,FA,,,,,,
Id502,geography,,,1,CFA,CFA,CFA,CFA,CFA,CFA,,,,,,
Id503,history,,,4,CFA,CFA,CFA,CFA,CFA,CFA,"CFA. Wyjasnienie: informace su wjacore a někotre z nich su njeprawdźiwe. Chomutov je město, ale husité dobyli Chomutov w lěće 1421 a nic 1989. Lěto 1989 připada na koncowke socialistiskeje éry před než Česka republika oswobodźiła a stala so samostatnu krajinu, a to njeje historiske dobywo. Čislo 1421 prawdźiwe je a spada do 15. wieka, což je 15. stuleća.","CFA. Wyjasnienie: informace su wjacore a někotre z nich su njeprawdźiwe. Chomutov je město, ale husité dobyli Chomutov w lěće 1421 a nic 1989. Lěto 1989 připada na koncowke socialistiskeje éry před než Česka republika oswobodźiła a stala so samostatnu krajinu, a to njeje historiske dobywo. Čislo 1421 prawdźiwe je a spada do 15. wieka, což je 15. stuleća.","CFA. Wyjasnienie: - Chomutov je prawdźiwe město. - Husité prawdźiwo wuchodźa, ale datuma dobyća města su změnjene. Chomutov buw dobyty w lěće 1421, ale podane lěćo 1989 je njeprawdźiwe. - Lěćo 1421 je prawdźiwe a słušnje přisłuša 15. stotkowi.","CFA. Wyjasnienie: - Chomutov je městno (město) a to je faktiske (FA). - Husité dobyli Chomutov: To je historiski fakt, ale přesny datum može być sporný. - Dobyti Chomutova 31. decembra 1989 je očividně njeprawdźiwe, protože husité byli aktivní před niekoľkimi staletimi. - 15. lětstotk, ke kotremuž přińduje rok 1421, je správny. Přesto, že daty jsou sporne abo njeprawdźiwe, ale entity jako město Chomutov, husité a lětstotki jsou realne, klasifikujme tuto sadźbu jako CFA (kontrafaktiske).",,"CFA. Wyjasnienie: Chomutov je prawdźiwe město, husité prawdźiwa historiska skupina a lěto 1421 je prawy datumske. Ale podate informacije su čěsće njeprawdźiwe: Chomutov wědomo njeběše dobytych husitami (Chomutov běše w zakonu Luxemburskich wówczas), a datumske 1989-12-31 je fiktiwne pro conquestDate. Tak wjacore poćahi abo hódnoty su njeprawdźiwe abo změnjene."
Id504,geography,,,1,CFA,CFA,CFA,CFA,CFA,CFA,"CFA Ústí nad Orlicí je skutočné mesto, ale Jičínka nie je rieka, na ktorej leží. Mesto Ústí nad Orlicí leží na rieke Orlice.","CFA Ústí nad Orlicí je skutočné mesto, ale Jičínka nie je rieka, na ktorej leží. Mesto Ústí nad Orlicí leží na rieke Orlice.",,,"CFA Ústí nad Orlicí skutečně existuje, ale Jičínka je přítokem řeky Třebovky a Ústí nad Orlicí leží na řece Třebovce, nikoliv na Jičínce.",
Id505,culture,,,2,FA,FA,FA,FA,FA,FA,,,,,,"Sadźba: FA Uzasadnienie: Zdeněk Troška je skutečně autorem knihy ""Host do domu"" a ""Host do domu"" je skutečně básnickou sbírkou. Informacje jsou pravdivé a odpovídají reálnému světu."
Id506,geography,,,2,FA,FA,CFA,FA,CFA,CFA,Sadźby su: 1. Gymnázium Jana Valeriána Jirsíka | locatedIn | Českých Budějovicích: FA 2. Nusle | regionType | jihočeské město: FA,Sadźby su: 1. Gymnázium Jana Valeriána Jirsíka | locatedIn | Českých Budějovicích: FA 2. Nusle | regionType | jihočeské město: FA,Deleka: 1. Gymnázium Jana Valeriána Jirsíka | locatedIn | Českých Budějovicích: FA 2. Nusle | regionType | jihočeské město: CFA,Sadźby su: 1. Gymnázium Jana Valeriána Jirsíka | locatedIn | Českých Budějovicích: FA 2. Nusle | regionType | jihočeské město: FA,Sadźby su: 1. Gymnázium Jana Valeriána Jirsíka | locatedIn | Českých Budějovicích: FA 2. Nusle | regionType | jihočeské město: CFA,Deleka: 1. Gymnázium Jana Valeriána Jirsíka | locatedIn | Českých Budějovicích: **FA** 2. Nusle | regionType | jihočeské město: **CFA**
Id507,history,,,1,FA,FA,FA,FA,CFA,FA,,,,,,
Id508,geography,,,2,FA,FA,FA,FA,FA,FA,,,,,,
Id509,geography,,,2,CFA,CFA,FA,FA,FA,FA,"CFA. Wuwezeny: - ""Nepomuk"" a ""poloha u jesenického pohoří"" a ""jesenické pohoří"" su realne entity. - Ale městno ""poloha u jesenického pohoří"" město je někde v ČR, nicméně přesnější informace zde nejsou. - Ovšem obecně lze říci, že se jedná o reálná místa, ale vztahy či údaje mohou být nepřesné nebo neúplné. Z toho důvodu klasifikuji jako CFA (kontrafaktiske).","CFA. Wuwezeny: - ""Nepomuk"" a ""poloha u jesenického pohoří"" a ""jesenické pohoří"" su realne entity. - Ale městno ""poloha u jesenického pohoří"" město je někde v ČR, nicméně přesnější informace zde nejsou. - Ovšem obecně lze říci, že se jedná o reálná místa, ale vztahy či údaje mohou být nepřesné nebo neúplné. Z toho důvodu klasifikuji jako CFA (kontrafaktiske).","Sadźba RDF trójkow: - Nepomuk | namedAfter | poloha u jesenického pohoří - poloha u jesenického pohoří | locatedNear | jesenické pohoří wotpowěduje realnemu swětej, tak klasifikuju tuto sadźbu jako: FA.",Sadźba RDF trójkow: - Nepomuk | namedAfter | poloha u jesenického pohoří - poloha u jesenického pohoří | locatedNear | jesenické pohoří Je klasifikowana jako: FA. Obě entity (Nepomuk a poloha u jesenického pohoří) a wotpowědujaće relacije su prawdźiwe a eksistuja w realnym swěće.,"Sadźba RDF trójkow: - Nepomuk | namedAfter | poloha u jesenického pohoří - poloha u jesenického pohoří | locatedNear | jesenické pohoří Je klasifikowana jako: FA. Obě entity (Nepomuk a poloha u jesenického pohoří) a wotpowěduja realnemu swětej. Poloha u jesenického pohoří je mjesto w Čechach, a Nepomuk je město w Ústeckim kraju, Čěska. Značka ""namedAfter"" a ""locatedNear"" wotpowěduja wobě prawdźiwejm podatkom.","Sadźba: - Nepomuk | namedAfter | poloha u jesenického pohoří - poloha u jesenického pohoří | locatedNear | jesenické pohoří Značka: FA Wůvod: Informacije su prawdźiwe a wotpowěduja realnemu swětej. Nepomuk je město, kótore je faktiski nazwane pó poloze u jesenického pohoří, a tato poloha se nachádza blisko jesenického pohoří. Žadne z entity abo poćahow su fiktiwne abo njeprawdźiwe."
Id510,geography,,,1,FA,FA,FA,FA,FA,FA,,,,,,
Id511,geography,,,2,CFA,CFA,FA,INVALID,CFA,FA,"CFA. Řeka Vltava je skutečně nejdelší řekou v ČR, tudíž první trojka není špatná. Ovšem Vltava se nachází v Čechách a ne v obci Rabí (což je hrad a vesnice v Plzeňském kraji), tudíž locality se týká kontrafakt.","CFA. Řeka Vltava je skutečně nejdelší řekou v ČR, tudíž první trojka není špatná. Ovšem Vltava se nachází v Čechách a ne v obci Rabí (což je hrad a vesnice v Plzeňském kraji), tudíž locality se týká kontrafakt.",RDF trójki klasifikuju ako: - Vltava | isTheLongest | řeka: CFA - Vltava | location | Rabí: FA,"RDF trójki: - Vltava | isTheLongest | řeka: CFA (Vltava je realna, ale informacija, že je to řeka, je njeprawdźiwa, Vltava je řeka, ale njeje najdluhsza) - Vltava | location | Rabí: FA (Vltava a Rabí su realne a Vltava se nachází v Rabí)","RDF trójki: - Vltava | isTheLongest | řeka: CFA (Vltava je realna, ale informacija, što je najdłuża řeka, je njeprawdźiwa, Vltava je najdłuża řeka w Čěsku, ale njepowěduje globalnemu swětej) - Vltava | location | Rabí: FI (Rabí je realne, ale Vltava njenaźěje direktnje w Rabim, Vltava je řeka w Čěsku, která teče přesněji przez Praha a jiné města) alebo - Vltava | isTheLongest | řeka: CFA - Vltava | location | Rabí: CFA",RDF trójki klasifikacija: - Vltava | isTheLongest | řeka: CFA - Vltava | location | Rabí: FA
Id512,geography,,,1,CFA,CFA,CFA,CFA,CFA,CFA,,,,,,
Id513,geography,,,2,FA,FA,FA,FA,CFA,FA,,,,,,
Id514,geography,,,2,CFA,CFA,CFA,CFA,CFA,CFA,,,,,CFA. Wyjasnienie: Informacje su částečne prawdźiwe. Znojmo je skutečne město a levý břeh je jeho čast. Ale vztah Znojma k levému břehu a informace o CHKO Český kras su njeprawdźiwe abo změnjene. Znojmo se nachází na Dyji a ne na levým břehu a levý břeh nie je přímo spojený s CHKO Český kras.,
Id515,geography,,,1,CFA,CFA,CFA,CFA,CFA,CFA,,,,,,
Id516,geography,,,1,FA,FA,FA,FA,FA,FA,,,,,,
Id517,geography,,,1,FA,FA,FA,FA,FA,FA,,,,,,
Id518,geography,,,1,CFA,CFA,CFA,CFA,CFA,CFA,,,,"CFA Značka CFA je přidělena, protože entita ""Divadlo na Vinohradech"" a ""Okres Svitavy"" jsou reálné, ale vztah ""locatedAt"" mezi nimi nemusí být pravdivý. Je potřeba ověřit, zda Divadlo na Vinohradech skutečně leží v okrese Svitavy. Pokud tomu tak není, pak se jedná o kontrafaktickou informaci.",,
Id519,geography,,,2,CFA,CFA,CFA,CFA,CFA,CFA,,,CFA.,CFA.,,
Id520,culture,,,1,FA,FA,FA,FA,FA,FA,,,,,,
Id521,culture,,,3,CFA,CFA,CFA,CFA,CFA,CFA,Sadźby su kategorizowane w slědowacym wustupu: - Otto Wichterle | placeOfOrigin | Prostějov: FA - Jiří Wolker | placeOfOrigin | Prostějov: FA - Prostějov | locatedIn | Nové Mitrovice: CFA,Sadźby su kategorizowane w slědowacym wustupu: - Otto Wichterle | placeOfOrigin | Prostějov: FA - Jiří Wolker | placeOfOrigin | Prostějov: FA - Prostějov | locatedIn | Nové Mitrovice: CFA,"CFA. Otto Wichterle a Jiří Wolker su wobydlaři města Prostějov, to je fakt. Ale Nové Mitrovice je gmina, a Prostějov je město, to su dwa rozdźělne pojmy. Prostějov je really nachwalony w Czechach, a to deštné Mitrovice tež. Ale zwisk iz lokalizacijom města w gmejnje njepotwrdźa.","Sadźby su: - FA: Otto Wichterle | placeOfOrigin | Prostějov - FA: Jiří Wolker | placeOfOrigin | Prostějov - CFA: Prostějov | locatedIn | Nové Mitrovice Abo w skrótowanym wupisu: FA, FA, CFA","CFA. Po přemyslenju wotmołwa: Jiří Wolker a Otto Wichterle su wobydlerjes Prostějova, to faktiske. Ale Nové Mitrovice a Prostějov zwisaja geografiski a administrativne, kaž w reale. Ale wot klasyfikacije RDF Trojka zwyssuje klasifikaci: Jiří Wolker a Otto Wichterle maja stejnu placeOfOrigin: Prostějov to faktiske. Ale Prostějov je really locatedIn něšto druho, Republice Čěske, a ne w Nové Mitrovice.","Sadźby su: - FA: Otto Wichterle | placeOfOrigin | Prostějov - FA: Jiří Wolker | placeOfOrigin | Prostějov - CFA: Prostějov | locatedIn | Nové Mitrovice Abo w skrótowanym wupisu: FA, FA, CFA"
Id522,geography,,,1,CFA,CFA,CFA,CFA,CFA,FI,,,,,,
Id523,culture,,,1,FA,FA,FA,FA,FA,FA,,,,,,
Id524,history,,,2,CFA,CFA,CFA,CFA,CFA,CFA,,,,,"CFA. Polička je realne město a Žofie Chotková je historiska figura, ale informace o tom, že Polička bu założena Žofie Chotkową, njeje pravdu abo je změnjene. Žofie Chotková sama historiska osoba, ale titel ""český král"" móže być diskutable abo njeprawdu.",
Id525,geography,,,3,CFA,CFA,CFA,CFA,CFA,CFA,,,,"CFA. Řeka Morava, kotraž rozdźěluje Slavonice a Libně, njeeksistuje. Řeka Dyje w běhu przez Slavonice a Libně njepřeteka žadnu z tych dwoch městow. Libně je městno w Pradze.","CFA. Wyšće: - Slavonice a Libně su حقیčnye městne (geographic entity). - Ale někotere poćahy abo relacije mjidzy nimi su njeprawdźiwe abo změnjene: - Slavonice nje su přímo separatedBy řece (to by vyžadowało, by řeka tekła přímo přez Slavonice). - Libně je w skutečnosti časť něčeho inego (wotpowěduje městskemu dílowi Praha-Nové Město a Libně je historicky samostatná obec přiřazená k Praze). - Relacija ""separatedFrom"" móže být pravdivou, ale není možné ověřit její pravdivost bez dalších informací.",
Id526,geography,,,3,CFA,CFA,CFA,CFA,CFA,CFA,"CFA. Zámek Lednice se nachází v jihomoravském kraji v blízkosti města Břeclav, tedy nikoli v Praze. Nicméně zámek i park jsou skutečné, tudíž se jedná o kontrafaktické tvrzení.","CFA. Zámek Lednice se nachází v jihomoravském kraji v blízkosti města Břeclav, tedy nikoli v Praze. Nicméně zámek i park jsou skutečné, tudíž se jedná o kontrafaktické tvrzení.",,,"CFA. Zámek Lednice se nachází v jihomoravském kraji v blízkosti města Břeclav, tedy nikoli v Praze. Nicméně zámek i park jsou skutečné, tudíž se jedná o kontrafaktické tvrzení.","CFA. Zámek Lednice se nachází v jihomoravském kraji v blízkosti města Břeclav, tedy nikoli v Praze. Nicméně zámek i park jsou skutečné, tudíž se jedná o kontrafaktické tvrzení."
Id527,geography,,,3,CFA,CFA,CFA,CFA,CFA,CFA,,,,,,
Id528,geography,,,2,CFA,CFA,FA,CFA,CFA,CFA,"CFA. Ústí nad Orlicí واقعně exists in Česko, ale Orlické hory su jenyna část Česka a Česko samo njepartOf Orlické hory.","CFA. Ústí nad Orlicí واقعně exists in Česko, ale Orlické hory su jenyna část Česka a Česko samo njepartOf Orlické hory.",Ústí nad Orlicí | locatedIn | Česko: FA Česko | partOf | Orlické hory: FA,Ústí nad Orlicí | locatedIn | Česko: FA Česko | partOf | Orlické hory: CFA,Ústí nad Orlicí | locatedIn | Česko: FA Česko | partOf | Orlické hory: CFA,"CFA. Ústí nad Orlicí واقعnje w Českej, ale Česko njeje part of Orlické hory, Orlické hory su krajina w Českej."
Id529,history,,,2,CFA,CFA,CFA,CFA,CFA,CFA,,,,"CFA. Edvard Beneš bě skutočne posledny prezident Českosłowakska, ale informacija, že 19. stoletstwo bě časow period, w kótřymž skutkowaše, je njeprawdźiwá. On skutkowaše w 20. stoletstwu.","CFA. Wyjasnienie: Informacja o Edvardu Benešovi jako poslednim československim prezidentu je prawdziwa, ale informacja o tym, że okres jego prezydentury przypada na XIX wiek (19 století) jest nieprawdziwa, gdyż jego prezydentura miała miejsce w XX wieku.",
