eid,category,shape,shape_type,size,sentence,reasoning
Id0,culture,,,1,Karel Plíhal skomponoval pre Moravské divadlo Olomouc.,"We need to produce Slovak sentence(s) expressing the fact: ""Karel Plíhal composedFor Moravské divadlo Olomouc"". Need to translate predicate ""composedFor"" to Slovak. Likely ""zložil pre"" or ""komponoval pre"". Since ""composed for"" meaning ""skladal pre"". Use natural Slovak: ""Karel Plíhal skomponoval pre Moravské divadlo Olomouc."" Or ""Karel Plíhal zložil pre Moravské divadlo Olomouc."" Choose ""skomponoval pre"". Ensure we keep proper names unchanged. So sentence: ""Karel Plíhal skomponoval pre Moravské divadlo Olomouc."" That's one sentence."
Id1,culture,,,3,"Jana Petrů má najväčší hit, ktorý pochádza z Starci na chmelu, a Starci na chmelu je muzikál.","We need to produce Slovak sentence(s) that express all facts. Triples: 1. Jana Petrů | hasHit | největší hit 2. největší hit | originatesFrom | Starci na chmelu 3. Starci na chmelu | isType | muzikál We must translate non-proper nouns. Entities: ""Jana Petrů"" is a proper name, keep. ""největší hit"" is not a proper name? It's a phrase meaning ""the biggest hit"". It's a common noun phrase, so translate to Slovak: ""najväčší hit"". ""Starci na chmelu"" is likely a title of a work, maybe proper name? It's a title of a musical, likely proper name, but it's a title, maybe treat as proper name? The instruction: translate each entity that is NOT a proper name (e.g., general nouns, roles, general descriptions). Proper names (names of persons, places, organizations, works, etc.) keep original. ""Starci na chmelu"" is a title of a musical, likely proper name, so keep as is. ""muzikál"" is a common noun, translate to Slovak ""muzikál"". Predicates: ""hasHit"" -> ""má hit""? Should translate to Slovak naturally: ""má najväčší hit"". ""originatesFrom"" -> ""pochádza z"". ""isType"" -> ""je typ"". But better: ""je typom"". Use natural Slovak: ""je muzikál"". Actually ""isType"" meaning ""is type"" -> ""je typom"". But we can phrase: ""Starci na chmelu je muzikál"". That conveys type. We need to include all facts: Jana Petrů má najväčší hit. Najväčší hit pochádza z Starci na chmelu. Starci na chmelu je muzikál. We can combine into one sentence or two short. Could be: ""Jana Petrů má najväčší hit, ktorý pochádza z Starci na chmelu, a Starci na chmelu je muzikál."" That includes all. Ensure no extra info. Use proper translation of predicates: ""má najväčší hit"", ""pochádza z"", ""je muzikál"". That seems fine. Check: ""najväčší hit"" is object, we keep phrase. Good. Return only sentence(s)."
Id2,politics,,,2,Ministerka zahraničných vecí Spojených štátov má pôvodnú krajinu Česko a meno Madeleine Albrightová.,"We need to produce Slovak sentence(s) that express all facts. Two triples: 1. ""Ministryně zahraničí Spojených států"" | originCountry | ""Česko"" 2. ""Ministryně zahraničí Spojených států"" | name | ""Madeleine Albrightová"" We need to translate predicate ""originCountry"" to Slovak: ""pôvodná krajina"" or ""pôvodná krajina""? Probably ""pôvodná krajina"". And ""name"" to ""meno"". Also need to translate entity ""Ministryně zahraničí Spojených států"" which is not a proper name? It's a title: ""Ministerka zahraničných vecí Spojených štátov"". That's a role, not a proper name, so translate. ""Spojených států"" is proper name (United States) keep as is? It's a proper name in Czech, but we keep original. So translation: ""Ministerka zahraničných vecí Spojených štátov"". ""Česko"" is proper name (Czech Republic) keep as is. ""Madeleine Albrightová"" is proper name, keep. Now produce sentence: ""Ministerka zahraničných vecí Spojených štátov má pôvodnú krajinu Česko a meno Madeleine Albrightová."" Or two sentences: ""Ministerka zahraničných vecí Spojených štátov má pôvodnú krajinu Česko. Jej meno je Madeleine Albrightová."" Both fine. Must include all facts. Use predicate translation: ""pôvodná krajina"" maybe ""pôvodná krajina"" as noun phrase. Could also say ""pochádza z Česka"". But must use predicate translation, not add extra. The instruction: ""Predikát VŽDY prelož do slovenčiny a použi ho vo vete prirodzene."" So we need to use the translated predicate words: ""originCountry"" -> ""pôvodná krajina"". ""name"" -> ""meno"". So we need to include those words. So sentence: ""Ministerka zahraničných vecí Spojených štátov má pôvodnú krajinu Česko a meno Madeleine Albrightová."" That uses both predicates. That seems correct. Check: ""má pôvodnú krajinu Česko"" maybe unnatural but okay. Could also ""má pôvodnú krajinu Česko"" is okay. Provide only the sentence."
Id3,culture,,,3,"Svátek svatého Mikuláše je spojený s rozdávaním darov deťom, oslavuje sa dňa 2026-12-05 večer.","We need to produce Slovak sentence(s) that convey all facts. Entities: ""svátek svatého Mikuláše"" is a proper name? It's a holiday name, likely keep as is. Predikáty: associatedWith -> ""rozdávanie darov deťom"" (translate ""rozdávanie darov deťom""). celebrationDate -> ""2026-12-05"". celebrationTime -> ""večer"". Need to translate predicate to Slovak: ""je spojený s"", ""má dátum oslavy"", ""má čas oslavy"". Use natural phrasing: ""Svátek svatého Mikuláše je spojený s rozdávaním darov deťom, oslavuje sa 5. decembra 2026 večer."" That includes all facts. Ensure date format: ""2026-12-05"" keep as is? Requirement: preserve numbers, dates exactly as given. So we must keep ""2026-12-05"". Could embed as ""dňa 2026-12-05"". Use exact string. So sentence: ""Svátek svatého Mikuláše je spojený s rozdávaním darov deťom, oslavuje sa dňa 2026-12-05 večer."" That includes all three. Good."
Id4,geography,,,1,Vodná nádrž Slapy je súčasťou Vltavských Kaskád.,"We need to produce Slovak sentence(s) expressing the fact: ""Vodní nádrž Slapy isPartOf Vltavské Kaskády"". Translate predicate to Slovak: ""je súčasťou"". Entities: ""Vodní nádrž Slapy"" is not a proper name? It's a name of a reservoir, likely proper noun, but includes generic ""Vodní nádrž"". The rule: translate each entity that is NOT a proper name. ""Vodní nádrž Slapy"" includes generic term ""Vodní nádrž"" plus specific ""Slapy"". Should we translate ""Vodní nádrž"" to Slovak? It's already Czech/Slovak? ""Vodní nádrž"" is Czech; Slovak would be ""vodná nádrž"". But rule: translate each entity that is not a proper name. ""Slapy"" is proper name? Likely proper. So we could translate ""Vodní nádrž"" to ""vodná nádrž"". So phrase: ""Vodná nádrž Slapy je súčasťou Vltavských Kaskád"". Also translate ""Vltavské Kaskády"" generic term ""Kaskády"" plus proper ""Vltavské""? ""Vltavské"" is adjective derived from Vltava, but it's part of proper name? Probably proper name of region. Might keep as is? The rule: translate each entity that is not a proper name. ""Vltavské Kaskády"" is a proper name of a geographic region, but includes generic ""Kaskády"". Might translate ""Kaskády"" to ""kaskády""? It's same. So keep as is. Thus sentence: ""Vodná nádrž Slapy je súčasťou Vltavských Kaskád."" Ensure correct case: ""Vltavské Kaskády"" in genitive: ""Vltavských Kaskád"". Use ""je súčasťou"". Provide one sentence."
Id5,history,,,4,"Literatúra, nazývaná samizdat, bola vydaná disidentmi, nachádza sa na území Čech a patrí do časového obdobia 1950-01-01 až 2000-12-31.","We need to produce Slovak sentence(s) that express all facts. Facts: - literatura publishedBy disidenti -> ""literatúra bola vydaná disidentmi"" (published by) - literatura location území Čech -> ""literatúra sa nachádza na území Čech"" maybe ""literatúra má miesto území Čech"". Use location translation: ""lokácia"" maybe ""nachádza sa"". Should be natural. - literatura timePeriod 1950-01-01 2000-12-31 -> ""literatúra patrí do časového obdobia 1950-01-01 2000-12-31"". Could phrase ""literatúra je z obdobia 1950-01-01 až 2000-12-31"". - literatura namedAs samizdat -> ""literatúra je nazývaná samizdat"". All must be included. Could combine into one sentence: ""Literatúra, nazývaná samizdat, bola vydaná disidentmi, nachádza sa na území Čech a patrí do časového obdobia 1950-01-01 až 2000-12-31."" That includes all. Ensure translation of predicate: ""publishedBy"" -> ""bola vydaná"". ""location"" -> ""nachádza sa"". ""timePeriod"" -> ""patrí do časového obdobia"". ""namedAs"" -> ""je nazývaná"". Good. Check requirement: translate each entity not proper name. ""literatura"" is generic, keep as is? It's not proper name, but it's the subject. Should we translate? It's already Slovak. ""disidenti"" is generic, keep as is. ""území Čech"" - ""Čech"" is proper name (region). Keep. ""samizdat"" is term, maybe proper? It's a term, but not proper name; but it's likely left as is. It's fine. Thus final answer: one sentence."
Id6,culture,,,3,"Jan Neruda je spojený s Malou Stranou, má tvorbu a má život.","We need to produce Slovak sentence(s) that express all facts. Triples: - Jan Neruda associatedWith Malá Strana - Jan Neruda hasWork tvorba - Jan Neruda hasLife život We must translate predicate to Slovak: ""associatedWith"" -> ""je spojený s"" or ""je spojený s"". ""hasWork"" -> ""má prácu"" maybe ""má dielo""? But ""tvorba"" is a noun meaning ""creation"". So ""má tvorbu""? The predicate ""hasWork"" we translate as ""má prácu"". But we need natural sentence. Could be: ""Jan Neruda je spojený s Malou Stranou, má tvorbu a má život."" However ""tvorba"" is a noun, we can say ""má tvorbu"". ""život"" is ""život"". So ""má život"". So sentence: ""Jan Neruda je spojený s Malou Stranou, má tvorbu a má život."" That includes all three facts. Ensure we keep proper case: ""Malá Strana"" is proper name, keep as is. In Slovak, ""s Malou Stranou"" uses instrumental case. Should we keep original? Probably okay. Thus output single sentence."
Id7,geography,,,1,Prachovské skály sa nachádzajú v CHKO Český ráj.,"We need to produce Slovak sentence(s) expressing the fact: ""Prachovské skály"" locatedIn ""CHKO Český ráj"". Translate non-proper nouns: ""Prachovské skály"" is a proper name? It's a place name, likely proper, keep as is. ""CHKO Český ráj"" is also proper (CHKO = Chráněná krajinná oblast). So both are proper names, keep unchanged. Predicate ""locatedIn"" translate to Slovak ""sa nachádza v"". So sentence: ""Prachovské skály sa nachádzajú v CHKO Český ráj."" Use plural? ""Prachovské skály"" is plural, so ""sa nachádzajú"". Good. Return only the sentence."
Id8,culture,,,5,"Karel Gott má národnosť český, má povolanie spevák, získal ocenenie Zlatý slavík a má počet ocenení 1. Zlatý slavík má frekvenciu ocenenia najčastejšie.","We need to produce Slovak sentence(s) expressing all facts. Translate non-proper nouns. Entities: ""Karel Gott"" is proper name, keep. ""český"" is nationality adjective, translate? It's already Czech word; we need translate predicate ""nationality"" to Slovak ""národnosť"". The object ""český"" is not proper name, so translate to Slovak ""český"". Good. Profession: ""zpěvák"" Czech for singer; translate to Slovak ""spevák"". So predicate ""profession"" -> ""povolanie"" or ""profesia"". Use ""povolanie"". Object translate: ""spevák"". Award: ""Zlatý slavík"" is proper name of award, keep as is. awardCount: 1, numeric. Zlatý slavík | awardFrequency | nejvíćkrát. ""nejvíckrát"" Czech for ""najčastejšie"". Translate to Slovak ""najčastejšie"". Predicate ""awardFrequency"" translate to ""frekvencia ocenenia"" maybe ""frekvencia ocenenia"". Need natural sentence. We must include all facts: Karel Gott má národnosť český, povolanie spevák, získal ocenenie Zlatý slavík, počet ocenení je 1, a Zlatý slavík má frekvenciu ocenenia najčastejšie. Could be two sentences. Make sure we use Slovak grammar. ""Karel Gott má českú národnosť."" But object ""český"" is adjective; need ""českú"". However we must keep exact string ""český"". The requirement: preserve exactly as given. So we cannot change ""český"" to ""českú"". Might need to keep ""český"". Could phrase: ""Karel Gott má národnosť český."" That's okay albeit slightly off grammar but meets requirement. Similarly ""povolanie spevák"". ""Karel Gott má povolanie spevák."" Good. ""Získal ocenenie Zlatý slavík."" ""Počet ocenení je 1."" But need link to Karel Gott: ""Karel Gott má počet ocenení 1."" Might be okay. ""Zlatý slavík má frekvenciu ocenenia najčastejšie."" Use exact translation. All facts covered. Let's produce two sentences: first about Karel Gott, second about Zlatý slavík. Sentence 1: ""Karel Gott má národnosť český, má povolanie spevák, získal ocenenie Zlatý slavík a má počet ocenení 1."" Sentence 2: ""Zlatý slavík má frekvenciu ocenenia najčastejšie."" Check predicates: awardCount -> ""počet ocenení"". Good. All objects exact: ""český"", ""spevák"", ""Zlatý slavík"", ""1"", ""najčastejšie"". Yes. Return only sentences."
Id9,culture,,,2,Oldřich Kaiser a Jiří Lábus tvoria komediálne duo a sú neoddeliteľní.,"We need to produce Slovak sentence(s) that express all facts. Two triples: 1. Subject: Oldřich Kaiser | predicate: formsComedyDuoWith | object: Jiří Lábus We translate predicate to Slovak: ""tvoria komediálne duo s"" or ""vytvára komediálne duo s"". Use ""tvoria komediálne duo s"". Subject and object are proper names, keep as is. 2. Subject: Oldřich Kaiser Jiří Lábus | predicate: areInseparable | object: true Subject is ""Oldřich Kaiser Jiří Lábus"" (maybe the duo). Translate predicate: ""sú neoddeliteľní"". Object true indicates statement true. So we say ""Oldřich Kaiser a Jiří Lábus sú neoddeliteľní."" But need to include both facts. Could combine: ""Oldřich Kaiser tvoria komediálne duo s Jiřím Lábusom a sú neoddeliteľní."" However need to reflect second triple's subject ""Oldřich Kaiser Jiří Lábus"". That refers to the duo. So we can say: ""Oldřich Kaiser tvoria komediálne duo s Jiřím Lábusom a toto duo je neoddeliteľné."" But need to use predicate ""sú neoddeliteľní"". Could phrase: ""Oldřich Kaiser a Jiří Lábus tvoria komediálne duo a sú neoddeliteľní."" That covers both: first triple says Oldřich Kaiser forms comedy duo with Jiří Lábus. Second says Oldřich Kaiser Jiří Lábus are inseparable (true). So sentence: ""Oldřich Kaiser a Jiří Lábus tvoria komediálne duo a sú neoddeliteľní."" Check translation: ""tvoria komediálne duo"" is okay. Use ""a sú neoddeliteľní"". All facts included. No extra info. Good. Return only sentence."
Id10,geography,,,1,Kladensko má ťažený zdroj uhlia.,"We need to produce a Slovak sentence expressing the fact: ""Kladensko"" (subject) ""minedResource"" (predicate) ""uhlí"" (object). Translate predicate to Slovak: ""má ťažený zdroj""? Actually ""minedResource"" means ""ťažený zdroj"". So we can say: ""Kladensko má ťažený zdroj uhlia."" Need to translate object ""uhlí"" to Slovak: ""uhlí"" is Czech for ""uhlí"". Slovak is ""uhlie"". But instruction: translate each entity that is not a proper name. ""uhlí"" is a common noun, so translate to Slovak. So ""uhlí"" -> ""uhlie"". So sentence: ""Kladensko má ťažený zdroj uhlia."" That includes all facts. Use only that."
Id11,politics,,,1,Miroslava Němcová je členom ODS.,"We need to produce a Slovak sentence expressing the fact: Miroslava Němcová isMemberOf ODS. Translate predicate to Slovak: ""je členom"". Also translate entity ODS? ODS is a proper name (political party abbreviation). It's a proper name, keep as is. Miroslava Němcová is a proper name, keep. So sentence: ""Miroslava Němcová je členom ODS."" That's it."
Id12,history,,,1,Barrandovské filmové ateliéry majú zakladateľa Miloša Havla.,"We need to produce a Slovak sentence expressing the fact: ""Barrandovské filmové ateliéry"" (entity) founder Miloš Havel. Translate predicate ""founder"" to Slovak ""zakladateľ"". Also translate non-proper nouns: ""Barrandovské filmové ateliéry"" is a proper name? It's a name of a studio, likely proper noun, but it's a phrase. Should we translate? The rule: translate each entity that is NOT a proper name. ""Barrandovské filmové ateliéry"" is a proper name (the name of the studios). So keep as is. ""Miloš Havel"" is proper name, keep. So sentence: ""Barrandovské filmové ateliéry boli založené Milošom Havlom."" Or ""Zakladateľom Barrandovských filmových ateliérov je Miloš Havel."" Both convey. Use predicate ""zakladateľ"". Could be ""Barrandovské filmové ateliéry majú zakladateľa Miloša Havla."" That includes all facts. Provide one sentence. Let's output: ""Barrandovské filmové ateliéry majú zakladateľa Miloša Havla."""
Id13,geography,,,2,Najvyšší bod Krkonoš má výšku 1603 a je súčasťou Krkonoše.,"We need to produce Slovak sentence(s) expressing both facts. Entities: ""Nejvyšší bod Krkonoš"" is not a proper name? It's Czech phrase meaning ""the highest point of Krkonoše"". It's likely a description, not a proper name, so translate: ""Najvyšší bod Krkonoš"". ""height"" -> ""výška"". ""partOf"" -> ""je súčasťou"". So sentences: ""Najvyšší bod Krkonoš má výšku 1603 a je súčasťou Krkonoše."" Or two sentences. Must keep numbers exactly. Use Slovak. ""Krkonoše"" is proper name (mountain range) keep as is. So final answer: one sentence."
Id14,history,,,1,Bitva u Slavkova sa odohrala počas Napoleonské války.,"We need to produce a Slovak sentence expressing the fact: ""Bitva u Slavkova occurredDuring Napoleonské války"". Translate predicate ""occurredDuring"" to Slovak: ""sa odohrala počas"". Entities: ""Bitva u Slavkova"" is proper name? It's a battle name, likely proper noun, keep as is. ""Napoleonské války"" is also proper name, keep. So sentence: ""Bitva u Slavkova sa odohrala počas Napoleonských vojen."" Wait translation of ""Napoleonské války"" maybe keep as is, but we need to translate non-proper nouns. ""Napoleonské války"" is proper name, keep. But ""Napoleonské války"" is already Slovak? It's Czech? But it's proper name, keep. So sentence: ""Bitka u Slavkova sa odohrala počas Napoleonských vojen."" However ""Bitka"" vs ""Bitva""? The entity is ""Bitva u Slavkova"". Should we translate ""Bitva"" to Slovak ""Bitka""? The rule: translate each entity that is NOT a proper name. ""Bitva u Slavkova"" is a proper name of a battle, likely proper noun, so keep as is. So keep ""Bitva u Slavkova"". So final: ""Bitva u Slavkova sa odohrala počas Napoleonských vojen."" But ""Napoleonské války"" is proper name, keep as is: ""Napoleonské války"". So: ""Bitva u Slavkova sa odohrala počas Napoleonské války."" However grammar: ""počas"" takes genitive, ""Napoleonských vojen"". But we must not add info not present. The original phrase ""Napoleonské války"" is the object. Should we keep exact phrase? Probably yes, keep exactly as given. So: ""Bitva u Slavkova sa odohrala počas Napoleonské války."" That is slightly ungrammatical but matches requirement. Use predicate translation ""sa odohrala počas"". So final answer."
Id15,history,,,2,Historické mesto Most má dôvod demolácie ťažba uhlia. Ťažba uhlia má typ zdroja uhlie.,"We need to produce Slovak sentence(s) that express all facts. Two triples: 1. historické město Most | reasonForDemolition | těžba uhlí 2. těžba uhlí | resourceType | uhlí We must translate non-proper nouns. ""historické město Most"" is a proper name? ""Most"" is a city name, but phrase ""historické město Most"" includes ""historické město"" (historické mesto) as description. According to rule: translate each entity that is NOT a proper name. So ""historické město Most"" includes ""historické město"" (common noun) and ""Most"" (proper). So we should translate ""historické město"" to Slovak ""historické mesto"". Keep ""Most"". So subject: ""historické mesto Most"". Predicate: ""reasonForDemolition"" translate to Slovak ""dôvod demolácie"". Object: ""těžba uhlí"" translate: ""ťažba uhlia"". So first fact: ""Historické mesto Most má dôvod demolácie ťažba uhlia."" But need natural phrasing: ""Historické mesto Most má dôvod demolácie ťažba uhlia."" Might be ""Historické mesto Most má dôvod demolácie – ťažbu uhlia."" Could be ""Historické mesto Most bolo zničené kvôli ťažbe uhlia."" But predicate is ""reasonForDemolition"". Could be ""Historické mesto Most má dôvod demolácie ťažba uhlia."" That's okay. Second triple: ""ťažba uhlí"" subject: ""ťažba uhlia"". Predicate: ""resourceType"" translate ""typ zdroja"". Object: ""uhlí"" translate ""uhlí""? Actually ""uhlí"" is Czech for ""uhlí"" (coal). It's a common noun, not proper, so translate to Slovak ""uhlie"". So sentence: ""Ťažba uhlia má typ zdroja uhlie."" Or ""Ťažba uhlia má typ zdroja uhlie."" That repeats same word. Could be ""Ťažba uhlia má typ zdroja uhlie."" That's okay. We need to include all facts, no extra. Could combine into one sentence? Might be two short sentences. Let's produce two sentences. Make sure to keep exact numbers/dates - none. Thus final output: two sentences in Slovak. Let's craft: ""Historické mesto Most má dôvod demolácie ťažba uhlia. Ťažba uhlia má typ zdroja uhlie."" Check translation: ""resourceType"" -> ""typ zdroja"". Good. All facts included. No extra."
Id16,culture,,,6,"Znak mesta Třebíč pozostáva zo štítu, ktorý má tri vodorovné polia; horné pole je červené, dolné pole je červené, stredné pole je biele a obsahuje tri čierne benediktínske kápě.","We need to produce Slovak sentence(s) expressing all facts. Translate non-proper nouns. Entities: ""znak města Třebíč"" is probably proper name? ""znak města Třebíč"" includes ""Třebíč"" proper, but phrase is not proper name? Probably treat as entity, but ""znak města Třebíč"" includes proper ""Třebíč"". Keep as is? The rule: translate each entity that is NOT a proper name. So ""znak města Třebíč"" includes ""znak"" (common noun) and ""města"" (city) and proper ""Třebíč"". Should translate to Slovak: ""znak mesta Třebíč"". Keep ""Třebíč"". So entity becomes ""znak mesta Třebíč"". Next ""štít"" is common noun, keep as ""štít"". ""tři vodorovná pole"" -> translate: ""tri vodorovné polia"". ""horní pole"" -> ""horné pole"". ""dolní pole"" -> ""dolné pole"". ""střední pole"" -> ""stredné pole"". ""červená"" -> ""červená"". ""bílá"" -> ""biela"". ""tři černé benediktinské kápě"" -> translate: ""tri čierne benediktínske kápě""? Need Slovak: ""tri čierne benediktínske kápě"". ""kápě"" is plural of ""kapa"" (cape). Keep as ""kápě""? It's Czech. Should translate to Slovak ""kápě"" maybe ""kápě"" is not Slovak. But rule: translate each entity that is not proper name. So translate ""kápě"" to Slovak ""kápě""? Actually Slovak for ""kapa"" is ""kapa"". Plural ""kápě"" is Czech. Should translate to Slovak ""kápě""? Might be ""kápě"" not Slovak. Better translate to ""kápě"" -> ""kápě""? Hmm. Probably ""kápě"" is not proper, so translate to Slovak ""kápě""? The correct Slovak would be ""kápě""? Not sure. Could use ""kápě"" as is? The instruction: translate each entity that is NOT a proper name (e.g., common nouns, roles, general descriptions). So we need to translate ""kápě"" to Slovak ""kápě""? Actually Slovak for ""cape"" is ""kapa"". Plural ""kápě"" -> ""kápě""? I'd use ""kápě"" -> ""kápě""? Might be ""kápě"" is not Slovak. Let's translate to ""kápě"" -> ""kápě""? This is ambiguous. I'll translate to ""kápě"" -> ""kápě""? Let's choose ""kápě"" -> ""kápě""? Hmm. Better to translate to ""kápě"" -> ""kápě""? Not good. I'll translate to ""kápě"" -> ""kápě""? I think we should produce ""tri čierne benediktínske kápě"" but replace ""černé"" with ""čierne"". So ""tri čierne benediktínske kápě"". Keep ""kápě""? Could also translate to ""kápě"" -> ""kápě""? I'll keep ""kápě"" as is maybe considered proper? It's not proper. But translation requirement says translate. So maybe ""kápě"" -> ""kápě""? Not helpful. I'll translate to ""tri čierne benediktínske kápě"" but maybe better ""tri čierne benediktínske kápě"". Accept. Now construct sentences: ""Znak mesta Třebíč pozostáva zo štítu, ktorý má tri vodorovné polia; horné pole je červené, dolné pole je červené a stredné pole je biele a obsahuje tri čierne benediktínske kápě."" All facts included. Ensure we mention ""štít"" has division ""tri vodorovné polia"". Use ""má"" as predicate translation. Good. Return only sentence."
Id17,geography,,,2,Zlín sa nachádza v údolí Dřevnice. Dřevnice je rieka.,"We need to produce Slovak sentence(s) expressing both facts. Entities: Zlín, location, údolí Dřevnice. Dřevnice, type, řeka. Need translate non-proper nouns: location -> ""nachádza sa""? Actually predicate ""location"" translate to ""sa nachádza v"". So ""Zlín sa nachádza v údolí Dřevnice."" Next: Dřevnice typ řeka -> ""Dřevnice je řeka."" But need translate ""řeka"" to Slovak ""rieka"". Also ""type"" predicate translate to ""je"". So ""Dřevnice je rieka."" Provide both sentences. Ensure no extra info."
Id18,geography,,,2,Slanská hora sa volá Slanská hora a nachádza sa v Slaný.,"We need to produce Slovak sentence(s) that express all facts. Two triples: 1. Slanská hora | locatedIn | Slaný 2. Slanská hora | name | Slanská hora We need to translate predicate to Slovak. ""locatedIn"" -> ""sa nachádza v"". ""name"" -> ""sa volá"". So we need to express both facts. Could be one sentence: ""Slanská hora sa volá Slanská hora a nachádza sa v Slaný."" That includes both facts. Ensure no extra info. Use proper Slovak. Provide only the sentence."
Id19,geography,,,1,Ťažba uhlia spôsobuje problémy v Karviné.,"We need to produce Slovak sentence(s) expressing the fact. Subject: ""těžba uhlí"" (Czech) means ""ťažba uhlia"". Predicate: ""causes"" -> ""spôsobuje"". Object: ""problémy v Karviné"". Need translate non-proper nouns. ""těžba uhlí"" is Czech phrase; translate to Slovak: ""ťažba uhlia"". ""problémy v Karviné"" - ""problémy v Karviné"" (Karviná is a city, proper name, keep). So sentence: ""Ťažba uhlia spôsobuje problémy v Karviné."" Ensure correct diacritics. That's it."
Id20,history,,,2,Kolín má náboženskú menšinu Židovská menšina. Židovská menšina je náboženská menšina.,"We need to produce Slovak sentence(s) that express all facts. Two triples: 1. Kolín | hasReligiousMinority | Židovská menšina 2. Židovská menšina | isReligiousMinority | true We must translate predicate to Slovak: ""hasReligiousMinority"" -> ""má náboženskú menšinu"". ""isReligiousMinority"" -> ""je náboženská menšina"". The object ""Židovská menšina"" is not a proper name, it's a generic term, so translate? It's already Slovak. Keep as is. The subject ""Kolín"" is a proper name, keep. Second triple: Židovská menšina is religious minority true. So we can say ""Židovská menšina je náboženská menšina."" The truth value ""true"" maybe we can incorporate as ""je náboženská menšina"". The fact that it's true is expressed by the statement. So combine: ""Kolín má náboženskú menšinu Židovská menšina a Židovská menšina je náboženská menšina."" Could be two sentences. Ensure all facts included. Yes. We must not add extra info. The phrase ""má náboženskú menšinu Židovská menšina"" maybe unnatural but okay. Could be ""Kolín má náboženskú menšinu, Židovskú menšinu."" But we must keep object exactly ""Židovská menšina"". So ""Kolín má náboženskú menšinu Židovská menšina."" That is okay. Thus output two sentences."
Id21,geography,,,2,Císařský ostrov je najväčším ostrovom Prahy a je ostrov.,"We need to produce Slovak sentence(s) that express all facts. Two triples: 1. Subject: Císařský ostrov, predicate: isLargestIslandOf, object: Praha. So ""Císařský ostrov je najväčším ostrovom Prahy."" Need translate predicate: ""isLargestIslandOf"" => ""je najväčším ostrovom"". Object ""Praha"" is proper name, keep as is. So sentence: ""Císařský ostrov je najväčším ostrovom Prahy."" 2. Subject: Císařský ostrov, predicate: islandType, object: ostrov. Translate predicate ""is of type"" maybe ""má typ"". But we need natural: ""Císařský ostrov je ostrov."" Actually predicate islandType with object ""ostrov"" (which is a common noun). So ""Císařský ostrov je ostrov."" That seems redundant but okay. We must include both facts. Could combine: ""Císařský ostrov je najväčším ostrovom Prahy a je ostrov."" Or two sentences. Both okay. Must not add extra. Use Slovak. Ensure proper case: ""najväčším ostrovom Prahy"". Good. Return only sentence(s)."
Id22,sports,,,1,Kladno je známe hokejom.,"We need to produce Slovak sentence(s) expressing the fact: ""Kladno is known for hockey."" Translate predicate ""knownFor"" to Slovak ""je známy pre"" or ""je známy svojou"". Use natural Slovak: ""Kladno je známy hokejom."" Or ""Kladno je známe hokejom."" Kladno is a city, neuter? In Slovak, ""Kladno"" is neuter? Actually city names are usually neuter? Could be ""Kladno je známe hokejom."" Use ""známe"" for neuter. The subject is Kladno (proper name). So sentence: ""Kladno je známe hokejom."" That's one sentence."
Id23,politics,,,1,Ministerstvo zdravotnictví České republiky má umiestnenie Palackého náměstí.,"We need to produce Slovak sentence(s) expressing the fact. Subject: ""Ministerstvo zdravotnictví České republiky"". It's a proper name (Czech). Should keep as is. Predicate ""hasLocation"" translate to Slovak ""má umiestnenie"" or ""sa nachádza"". Need to translate predicate to Slovak and use naturally. Object: ""Palackého náměstí"". That's a place name, likely proper, keep as is. So sentence: ""Ministerstvo zdravotnictví České republiky má umiestnenie Palackého náměstí."" Or ""Ministerstvo zdravotnictví České republiky sa nachádza na Palackého náměstí."" The predicate translation: ""hasLocation"" -> ""má umiestnenie"". Use natural Slovak: ""Ministerstvo zdravotnictví České republiky má umiestnenie Palackého náměstí."" That includes all facts. No extra. Provide only sentence."
Id24,sports,,,2,Petr Mach vlastní Spartiu. Sparta je fotbalový klub.,"We need to produce Slovak sentence(s) that express both facts. Entities: Petr Mach (proper name) owns Sparta. Sparta isA fotbalový klub (football club). Need to translate predicate to Slovak: ""owns"" -> ""vlastní"". ""isA"" -> ""je"". Also need to translate non-proper nouns: ""Sparta"" is a proper name? It's a club name, likely proper, keep as is. ""fotbalový klub"" is already Slovak? It's Czech? Should be Slovak ""fotbalový klub"". Keep as is. So sentences: ""Petr Mach vlastní Spartiu a Sparta je fotbalový klub."" But need to keep ""Sparta"" as entity, not change case? In Slovak, object of ""vlastní"" would be ""Spartu"" (accusative). But we must not add info not in triples. The triple says ""Sparta"". Should we keep original form? Probably we can adapt grammar but not add new facts. Changing case is grammatical, not adding fact. So ""Petr Mach vlastní Spartiu a Sparta je fotbalový klub."" That expresses both. Could also be two sentences: ""Petr Mach vlastní Spartiu. Sparta je fotbalový klub."" Both fine. Provide one or two short sentences. I'll output two sentences."
Id25,culture,,,2,Granát Turnov vyrába šperky a šperky majú ako drahokam české granáty.,"We need to produce Slovak sentence(s) that express all facts. Two triples: 1. Granát Turnov | produces | šperky 2. šperky | gemstone | české granáty We must translate predicate to Slovak. ""produces"" -> ""produkuje"" or ""vyrobí"". Use natural. ""gemstone"" as predicate: maybe ""obsahuje drahokam"" but literal translation: ""gemstone"" as predicate meaning ""je drahokam""? Actually triple: šperky | gemstone | české granáty. Means ""šperky"" have gemstone ""české granáty"". So we can say ""šperky majú ako drahokam české granáty"". Use predicate translation: ""gemstone"" -> ""drahokam"". So sentence: ""Granát Turnov vyrába šperky a šperky majú ako drahokam české granáty."" That includes both facts. Ensure no extra info. Use ""vyrába"" for produces. Good. Check requirement: translate each entity that is not proper name. ""Granát Turnov"" is proper name? Likely name of company, keep as is. ""šperky"" is common noun, keep as is (already Slovak). ""české granáty"" includes adjective ""české"" and noun ""granáty"". ""granáty"" is common noun but part of phrase; keep as is. Predicates translated: ""produces"" -> ""vyrába"". ""gemstone"" -> ""drahokam"". Use natural. Thus final output: single sentence."
Id26,culture,,,4,"J. H. Krchovský je autorom básne Na samém konci, ktorá je napísaná na fasádu domu, a fasáda domu sa nachádza v holandskom meste Leiden.","We need to produce Slovak sentence(s) that express all facts. Triples: 1. J. H. Krchovský | authorOf | Na samém konci 2. Na samém konci | type | báseň 3. Na samém konci | writtenOn | fasáda domu 4. fasáda domu | location | nizozemské město Leiden We need to translate non-proper nouns: ""authorOf"" -> ""je autorom"" or ""napísal"". ""type"" -> ""je typom"" or ""je"". ""báseň"" is already Slovak. ""writtenOn"" -> ""je napísaná na"". ""location"" -> ""sa nachádza v"". Entities: ""J. H. Krchovský"" is proper name, keep. ""Na samém konci"" is title, likely proper? It's a title, but it's not a proper name of a person, but it's a work title; we probably keep as is (original). ""fasáda domu"" is a common noun phrase, translate: ""fasáda domu"" already Slovak? It's Czech/Slovak? It's Slovak. Keep. ""nizozemské město Leiden"" - need translate non-proper nouns: ""nizozemské město"" -> ""holandské mesto"". ""Leiden"" is proper, keep. So phrase: ""nizozemské město Leiden"" becomes ""holandské mesto Leiden"". Also ""báseň"" is already Slovak. Now produce sentence(s) that include all facts: ""J. H. Krchovský je autorom básne Na samém konci, ktorá je napísaná na fasádu domu, a fasáda domu sa nachádza v holandskom meste Leiden."" Check: includes all facts: authorOf, type, writtenOn, location. Yes. Make sure we used ""báseň"" as type. Could also say ""báseň"" is type. The sentence says ""je autorom básne Na samém konci"". That conveys authorOf and type. Then ""ktorá je napísaná na fasádu domu"". That conveys writtenOn. Then ""fasáda domu sa nachádza v holandskom meste Leiden"". That conveys location. All facts included, no extra. Use proper translation of predicates: ""je autorom"", ""je"", ""je napísaná na"", ""sa nachádza v"". Good. Return only the sentence."
Id27,culture,,,5,"Ondřej Sekora je autorom kníh, ktoré obsahujú postavy Ferda Mravenec a Brouk Pytlík; obe postavy sú inšpirované hmyzom.","We need to produce Slovak sentence(s) that express all facts. Facts: 1. Ondřej Sekora authorOf knihy (books). So ""Ondřej Sekora je autorom kníh."" (books is generic noun, translate ""knihy"" as ""knihy""). 2. knihy featuresCharacter Ferda Mravenec. So ""Knihy obsahujú postavu Ferda Mravenec."" 3. knihy featuresCharacter Brouk Pytlík. So ""Knihy obsahujú postavu Brouk Pytlík."" 4. Ferda Mravenec inspiredBy hmyz. So ""Ferda Mravenec je inšpirovaný hmyzom."" 5. Brouk Pytlík inspiredBy hmyz. So ""Brouk Pytlík je inšpirovaný hmyzom."" We need to include all facts, can combine into one or two sentences. Could combine: ""Ondřej Sekora je autorom kníh, ktoré obsahujú postavy Ferda Mravenec a Brouk Pytlík; obe postavy sú inšpirované hmyzom."" That includes all facts. Check: includes authorOf, featuresCharacter both, and inspiredBy for both. Yes. Make sure translation of predicate: authorOf -> ""je autorom"". featuresCharacter -> ""obsahuje postavu"". inspiredBy -> ""je inšpirovaný"". Use singular/plural correctly. ""Knihy"" plural, but ""obsahujú postavy"". Could say ""Knihy obsahujú postavy Ferda Mravenec a Brouk Pytlík"". That works. Thus final output: one sentence."
Id28,culture,,,2,Film Štěstí má hlavného herca Tatiana Vilhelmová. Film Štěstí má hlavného herca Pavel Liška.,"We need to produce Slovak sentence(s) that express both facts: film Štěstí has main actor Tatiana Vilhelmová and also has main actor Pavel Liška. Need to translate predicate ""hasMainActor"" to Slovak, likely ""má hlavného herca"" or ""má hlavného herca"" but for female? ""hlavný herec"" is gender neutral? Could say ""má hlavného herca Tatiana Vilhelmová a Pavla Lišku"". But need to keep both facts. Could produce two short sentences: ""Film Štěstí má hlavného herca Tatiana Vilhelmová. Film Štěstí má hlavného herca Pavel Liška."" That respects each fact. Or one sentence: ""Film Štěstí má hlavných hercov Tatiana Vilhelmová a Pavel Liška."" But that changes predicate to plural ""hlavných hercov"". Might be okay but we must use predicate translation exactly? The instruction: ""Predikát VŽDY prelož do slovenčiny a použi ho vo vete prirodzene."" So we can translate ""hasMainActor"" as ""má hlavného herca"". Using plural might be a deviation. Safer to produce two sentences each using singular predicate. So output two sentences. Also need to translate entity ""film"" to Slovak ""film"". Already same. Keep proper name Štěstí unchanged. So sentences: ""Film Štěstí má hlavného herca Tatiana Vilhelmová. Film Štěstí má hlavného herca Pavel Liška."" Check: ""hlavného herca"" is masculine; for female maybe ""hlavnú herečku"". But predicate is generic ""hasMainActor"". Could keep as ""má hlavného herca"". The instruction: translate predicate, not adjust gender. So okay. Return only sentences."
Id29,sports,,,1,Zdeněk Nejedlý má prezývku Červený dedko.,"We need to produce Slovak sentence(s) expressing the fact: subject Zdeněk Nejedlý, predicate nickname, object Rudý dědek. Translate non-proper nouns: ""nickname"" -> ""prezývka"". Object ""Rudý dědek"" is not a proper name? It's a phrase in Czech meaning ""Red grandpa"". It's not a proper name, so translate to Slovak: ""Červený dedko"". Should we keep diacritics? Yes. So sentence: ""Zdeněk Nejedlý má prezývku Červený dedko."" Or ""Zdeněk Nejedlý má prezývku Rudý dědek""? But we must translate non-proper nouns. ""Rudý dědek"" is not a proper name, so translate. So ""Červený dedko"". Use ""má"" as verb for nickname. The predicate ""nickname"" is a noun, but we need to express as ""má prezývku"". That's natural. So final output: one sentence."
Id30,history,,,3,Karel IV je český kráľ a postavil Hladovú zeď.,"We need to produce Slovak sentence(s) that express all facts: Karel IV nationality český -> ""Karel IV je český"". title král -> ""Karel IV je kráľ"". built Hladová zeď -> ""Karel IV postavil Hladovú zeď"". Need translate non-proper nouns: ""nationality"" -> ""národnosť"", ""title"" -> ""titul"", ""built"" -> ""postavil"". But we need natural sentence. Could combine: ""Karel IV je český kráľ a postavil Hladovú zeď."" That includes nationality and title and built. Ensure we keep ""český"" as adjective. Should we keep ""kráľ"" as title. Yes. Provide one sentence."
Id31,geography,,,2,Sněžka má výšku 1603. Jednotka výšky je m n. m.,"We need to produce Slovak sentence(s) expressing both facts. Entities: ""Sněžka"" is proper name, keep as is. Predicates: ""height"" -> translate to Slovak ""výška"". ""heightUnit"" -> translate to ""jednotka výšky"" maybe. Need natural sentence(s) that convey both facts. Must include both facts, no extra. Could say: ""Sněžka má výšku 1603 m n. m."" But need to include unit fact: heightUnit = m n. m. So we can combine: ""Sněžka má výšku 1603 m n. m."" That includes both: height 1603 and unit m n. m. That's okay. Ensure we don't add extra. The predicate ""heightUnit"" is unit of height, we include it. Sentence: ""Sněžka má výšku 1603 m n. m."" That's one sentence. Should we also mention that unit is ""m n. m.""? Already included. Could also do two sentences: ""Sněžka má výšku 1603. Jednotka výšky je m n. m."" That also expresses both. Both are fine. Probably better to separate to avoid ambiguity. Use two short sentences. Must not add extra facts. That's fine. Let's output: ""Sněžka má výšku 1603. Jednotka výšky je m n. m."""
Id32,culture,,,3,"Jáchym Topol obdržal cenu Státní cena za literaturu, pričom dôvodom ocenenia je román Citlivý člověk.","We need to produce Slovak sentence(s) that express all facts. Triples: 1. Jáchym Topol | receivedAward | Státní cena za literaturu 2. Jáchym Topol | awardReason | Citlivý člověk 3. Citlivý člověk | isA | román We must translate predicate to Slovak: ""receivedAward"" -> ""obdržal cenu"" maybe ""obdržal cenu"". ""awardReason"" -> ""dôvod ocenenia"". ""isA"" -> ""je"". Also need to translate non-proper nouns: ""Státní cena za literaturu"" is a proper name? It's a name of award, likely proper, keep as is. ""Citlivý člověk"" is a title of a work? It's a novel, but it's not a proper name? It's a title, maybe keep as is? It's a phrase, but likely a title, treat as proper? The instruction: translate each entity that is NOT a proper name. ""Citlivý člověk"" is a title of a novel, maybe considered proper name? It's a title, but could be considered proper. However they say proper names (mená osôb, miest, organizácií, diel atď.) keep original. ""Citlivý člověk"" is a work (dielo), so keep original. So we keep ""Citlivý člověk"". ""román"" is a common noun, translate to Slovak ""román"". Already Slovak. Thus sentences: ""Jáchym Topol obdržal cenu Státní cena za literaturu, pričom dôvodom ocenenia je Citlivý člověk, ktorý je román."" But need to express all facts: Jáchym Topol received award Státní cena za literaturu. Jáchym Topol awardReason Citlivý člověk. Citlivý člověk is a román. We can combine: ""Jáchym Topol obdržal cenu Státní cena za literaturu; dôvodom ocenenia je román Citlivý člověk."" That includes that Citlivý člověk is a román. Or ""Jáchym Topol obdržal cenu Státní cena za literaturu, pričom dôvodom ocenenia je román Citlivý člověk."" That expresses all three. Make sure we use Slovak translation of predicates: ""obdržal cenu"", ""dôvodom ocenenia je"", ""je"". The sentence: ""Jáchym Topol obdržal cenu Státní cena za literaturu, pričom dôvodom ocenenia je román Citlivý člověk."" That includes all. Check: we used ""obdržal cenu"" for receivedAward, ""dôvodom ocenenia je"" for awardReason, ""je"" for isA. Good. Return only the sentence."
Id33,geography,,,2,Najväčšia povodeň v ČR sa udiala v roku 2002. Najväčšia povodeň v ČR trvala posledných 100 rokov.,"We need to produce Slovak sentence(s) expressing all facts. Two triples: Subject: ""Největší povodeň v ČR"" (Czech phrase meaning ""the biggest flood in the Czech Republic"") - it's a proper name? It's a description, not a proper name. According to rule: translate each entity that is NOT a proper name. ""Největší povodeň v ČR"" is a phrase, not a proper name, so translate to Slovak: ""Najväčšia povodeň v ČR"". Keep ""ČR"" as abbreviation? It's not a proper name? It's abbreviation for Czech Republic, which is a proper name, but abbreviation maybe considered proper. Probably keep as is. So translate: ""Najväčšia povodeň v ČR"". Predikát ""occurredInYear"" translate to ""sa udiala v roku"". Predikát ""timeSpan"" translate to ""trvala"". Actually ""timeSpan"" meaning time span, but we need natural phrase: ""trvala"" or ""bola v časovom úseku"". The object: ""2002"" and ""Posledních 100 let"". Translate object ""Posledních 100 let"" to Slovak: ""posledných 100 rokov"". So sentences: ""Najväčšia povodeň v ČR sa udiala v roku 2002 a trvala posledných 100 rokov."" But that sounds odd: a flood lasting 100 years? But we must not judge. Could also split into two sentences: ""Najväčšia povodeň v ČR sa udiala v roku 2002. Najväčšia povodeň v ČR trvala posledných 100 rokov."" Both convey facts. The instruction: one sentence or two short if needed. Both are fine. Provide exactly those sentences. Ensure no extra punctuation. Provide only the sentence(s). Let's output two sentences."
Id34,geography,,,2,Český Těšín je sídlom organizácií a je centrom poľských národnostných menšín.,"We need to produce Slovak sentence(s) expressing both facts. Entities: ""Český Těšín"" is a proper name, keep as is. Predicates: ""isSeatOf"" -> ""je sídlom"" (or ""je sídlom"" in Slovak). ""isCenterOf"" -> ""je centrom"". Objects: ""organizací"" (Czech word for ""organizations"") need translation to Slovak: ""organizácií"". ""polské národnostní menšiny"" -> translate: ""poľskej národnostnej menšiny"". Need to keep plural? ""menšiny"" is plural; translation ""menšín"". So ""poľskej národnostnej menšiny"" maybe singular? The original ""polské národnostní menšiny"" means ""Polish ethnic minorities"". In Slovak: ""poľských národnostných menšín"". Should keep plural. So object translation: ""poľských národnostných menšín"". Use proper case: ""je centrom poľských národnostných menšín"". Also ""organizací"" -> ""organizácií"". So sentence: ""Český Těšín je sídlom organizácií a je centrom poľských národnostných menšín."" That includes both facts. Ensure no extra info. Good."
Id35,geography,,,3,"Frýdek-Místek sa vytvoril z 5, z 2 miest a z 3 obcí.","We need to produce Slovak sentence(s) that convey all facts. Triples: - Frýdek-Místek | formedFrom | 5 - Frýdek-Místek | formedFrom | 2 města - Frýdek-Místek | formedFrom | 3 obce We must translate predicate ""formedFrom"" to Slovak: ""vytvoril sa z"" or ""vznikol z"". Use natural phrasing. Entities not proper names: ""5"" is a number, keep as is. ""2 města"" means ""2 mestá"" (Czech ""města"" = ""mestá"" in Slovak). ""3 obce"" = ""3 obce"" (Czech ""obce"" = ""obce"" in Slovak). Should we translate ""města"" to ""mestá""? Yes, translate non-proper nouns. So ""2 mestá"". ""3 obce"" maybe ""3 obce"" (Slovak ""obce"" is same). So we need to convey that Frýdek-Místek was formed from 5, from 2 mestá, from 3 obce. Could combine: ""Frýdek-Místek vznikol z 5, z 2 miest a z 3 obcí."" But need to keep numbers and nouns exactly as given? The triple says ""5"" alone, no unit. Could be ambiguous. We must not add extra context. So we can say: ""Frýdek-Místek vznikol z 5, z 2 miest a z 3 obcí."" However ""5"" alone is weird. But we must include it as fact. Could phrase: ""Frýdek-Místek vznikol z 5, z 2 miest a z 3 obcí."" That includes all three facts. Ensure translation of predicate: ""vytvoril sa z"" or ""vznikol z"". Use ""vytvoril sa z"". So: ""Frýdek-Místek sa vytvoril z 5, z 2 miest a z 3 obcí."" That seems okay. Check requirement: translate predicate always to Slovak and use naturally. ""formedFrom"" -> ""vytvoril sa z"". Good. We must not add any other facts. The sentence includes all three facts. Good. Return only the sentence."
Id36,history,,,3,"Pomník je venovaný americkým vojakom, nachádza sa na Chodskom námestí, ktoré sa nachádza v Plzni.","We need to produce Slovak sentence(s) that express all facts. Triples: 1. Pomník dedicatedTo Americkým vojákům -> ""Pomník je venovaný Americkým vojakom"" (translate predicate ""dedicatedTo"" to Slovak ""venovaný"" or ""venovaný"". Use ""venovaný"".) 2. Pomník locatedAt Chodské náměstí -> ""Pomník sa nachádza na Chodskom námestí"" (translate ""locatedAt"" to ""nachádza sa na"".) 3. Chodské náměstí locatedIn Plzeň -> ""Chodské námestí sa nachádza v Plzni."" We need to include all facts. Could combine into one sentence: ""Pomník je venovaný Americkým vojakom, nachádza sa na Chodskom námestí, ktoré sa nachádza v Plzni."" That includes all. Ensure proper translation of ""Americkým vojákům"" is already Czech? Should keep as is because it's not proper name? It's a phrase ""Americkým vojákům"" is not proper name, but it's a phrase. Should we translate? The rule: ""Prelož do slovenčiny každú entitu, ktorá NIE JE vlastné meno"". So ""Americkým vojákům"" is not proper name, translate to Slovak: ""americkým vojakom"". Also ""Chodské náměstí"" is a place name, proper name, keep original. ""Plzeň"" is proper name, keep. So final: ""Pomník je venovaný americkým vojakom, nachádza sa na Chodskom námestí, ktoré sa nachádza v Plzni."" That covers all. Use ""nachádza sa"" twice, okay. Return only sentence."
Id37,culture,,,3,"Prašivka je postava zo Svět Harryho Pottera, je typom krysy a Peter Pettigrew sa premení na Prašivku.","We need to produce Slovak sentence(s) that convey all facts. Facts: 1. Prašivka isCharacterFrom Svět Harryho Pottera. Translate non-proper nouns: ""character"" = ""postava"", ""from"" = ""z"". ""Svět Harryho Pottera"" is proper name? It's title of world of Harry Potter, likely proper, keep as is. So: ""Prašivka je postava zo Svět Harryho Pottera."" 2. Peter Pettigrew transformsInto Prašivka. Predicate ""transformsInto"" translate: ""sa premení na"". So: ""Peter Pettigrew sa premení na Prašivka."" Or ""Peter Pettigrew sa transformuje na Prašivka."" Use natural: ""Peter Pettigrew sa premení na Prašivku."" Need case: object Prašivka in accusative: ""na Prašivku"". Good. 3. Prašivka isTypeOf krysa. Translate ""isTypeOf"" = ""je typom"". ""krysa"" is common noun, translate to Slovak ""krysa"". So: ""Prašivka je typom krysy."" Use genitive: ""krysy"". Good. Combine into one or two sentences. Could combine: ""Prašivka je postava zo Svět Harryho Pottera, je typom krysy a Peter Pettigrew sa premení na Prašivku."" That includes all. Ensure all facts present. Yes. Check translation of ""Svět Harryho Pottera"" maybe keep as is. It's proper name, keep. Thus final answer: one sentence."
Id38,history,,,2,Jindřich Nový je regionálny historik a je patriotom Karlových Vary.,"We need to produce Slovak sentence(s) expressing both facts. Entities: ""Jindřich Nový"" is a proper name, keep as is. Predicates: ""isA"" -> translate to ""je"". ""regionální historik"" -> translate non-proper nouns: ""regionálny historik"". ""isPatriotOf"" -> translate to ""je patriotom"". Object ""Karlovy Vary"" is a proper name (city), keep as is. So sentences: ""Jindřich Nový je regionálny historik a je patriotom Karlových Vary."" Or two sentences: ""Jindřich Nový je regionálny historik. Jindřich Nový je patriotom Karlových Vary."" Both convey all facts. Use natural Slovak. Probably one sentence with conjunction is fine. Ensure no extra info. Provide only sentence(s)."
Id39,history,,,1,Bitva na Bílé hoře sa konala v roku 1620.,"We need to produce Slovak sentence(s) expressing the fact: ""Bitva na Bílé hoře"" (proper name) yearOfEvent 1620. Translate predicate ""yearOfEvent"" to Slovak: ""rok konania"" or ""rok udalosti"". Probably ""rok konania"". Use natural sentence: ""Bitva na Bílé hoře sa konala v roku 1620."" That includes all facts. No extra. Ensure proper translation of entity: ""Bitva na Bílé hoře"" is proper name, keep as is. Provide only sentence."
Id40,geography,,,2,Škoda Auto má sídlo v Mladá Boleslav. Je automobilkou.,"We need to produce Slovak sentence(s) that express both facts. Entities: Škoda Auto (proper name) stays as is. Predicates: ""headquarteredIn"" -> translate to ""má sídlo v"" or ""sídli v"". ""isA"" -> translate to ""je"". So sentences: ""Škoda Auto má sídlo v Mladá Boleslav a je automobilkou."" Need to keep noun case: ""automobilka"" is feminine noun, but ""je automobilkou"" is instrumental. Could also split: ""Škoda Auto má sídlo v Mladá Boleslav. Je automobilkou."" Both okay. Must include all facts, no extra. Use proper translation of predicate. Provide one or two short sentences. I'll output two sentences."
Id41,culture,,,2,Noc na Karlštejně je film a jejím miestom natáčania je Karlštejn.,"We need to produce Slovak sentence(s) that express all facts. Two triples: 1. Noc na Karlštejně | filmingLocation | Karlštejn 2. Noc na Karlštejně | isA | film We must translate predicate to Slovak: ""filmingLocation"" -> ""miesto natáčania"". ""isA"" -> ""je"". Also need to translate entities that are not proper names. ""Noc na Karlštejně"" is a title, likely proper name? It's a film title, but it's not a generic noun, it's a title, treat as proper name, keep as is. ""Karlštejn"" is a place name, proper name, keep. So sentence: ""Noc na Karlštejně je film a jejím miestom natáčania je Karlštejn."" Or two sentences: ""Noc na Karlštejně je film. Miestom natáčania filmu Noc na Karlštejně je Karlštejn."" Must include all facts. Use both facts. Could be one sentence: ""Noc na Karlštejně je film a jejím miestom natáčania je Karlštejn."" That includes both. Ensure no extra info. Use ""miestom natáčania"". Good. Return only sentence."
Id42,other,,,2,Cesta do hlubin študákovy duše režíroval Martin Frič. Martin Frič má povolanie režisér.,"We need to produce Slovak sentence(s) that express all facts. Two triples: 1. ""Cesta do hlubin študákovej duše"" (subject) directedBy (pred) Martin Frič (object). Need translate predicate ""directedBy"" to Slovak ""režíroval"" (or ""režíroval"" as verb). Subject is a title, keep as is. So: ""Cesta do hlubin študákovej duše režíroval Martin Frič."" 22. ""Martin Frič"" occupation ""režisér"". Translate predicate ""occupation"" to Slovak ""povolanie"". So: ""Martin Frič má povolanie režisér."" Or ""Martin Frič je režisér."" But need use predicate translation: ""povolanie"". Could phrase: ""Martin Frič má povolanie režisér."" That expresses fact. We must include both facts. Could combine into one sentence? Could be two short sentences. Probably two sentences. Check translation of ""Cesta do hlubin študákovy duše"" - note original has ""študákovy"" but we need correct Slovak genitive: ""študákovej"". The instruction: translate each entity that is not a proper name. The title is not a proper name? It's a work title, likely considered proper name, but they said proper names keep original. Title is likely a proper name, so keep as is: ""Cesta do hlubin študákovy duše"". Should we keep original spelling ""študákovy""? The triple uses ""študákovy"". We must preserve exactly as given. So keep ""Cesta do hlubin študákovy duše"". So sentence: ""Cesta do hlubin študákovy duše režíroval Martin Frič."" Second: ""Martin Frič má povolanie režisér."" That uses ""povolanie"". Good. Return only sentences."
Id43,geography,,,2,Trutnov má rieku Úpa. Úpa preteká Trutnov.,"We need to produce Slovak sentence(s) that express both facts. Entities: Trutnov (proper name) hasRiver Úpa. Úpa flowsThrough Trutnov. Translate non-proper nouns: hasRiver -> ""má rieku"". flowsThrough -> ""preteká"". So sentences: ""Trutnov má rieku Úpa a Úpa preteká Trutnov."" Or two short sentences: ""Trutnov má rieku Úpa. Úpa preteká Trutnov."" Both convey all facts. Must not add extra. Use proper names unchanged. Provide only sentence(s). Let's output two short sentences."
Id44,other,,,2,Mesačný časopis je určený pre školákov a predškolákov a je pomenovaný po mateřídouške.,"We need to produce Slovak sentence(s) expressing both facts. Entities: ""Měsíční časopis"" is Czech for ""mesačný časopis"". It's not a proper name, so translate. So ""mesačný časopis"". Predicates: intendedFor -> ""je určený pre"". namedAfter -> ""je pomenovaný po"". Objects: ""školáky a předškoláky"" translate: ""školákov a predškolákov"". ""mateřídouška"" is a plant name, not proper name, translate as is? It's Czech word for ""mateřídouška"" (thyme). It's not proper name, so translate to Slovak: ""mateřídouška"". So sentence: ""Mesačný časopis je určený pre školákov a predškolákov a je pomenovaný po mateřídouške."" Could be two sentences. Ensure all facts included. Use both. Provide one or two short sentences. Provide only the sentence(s)."
Id45,other,,,1,Časopis Vesmír informuje o vede.,"We need to produce Slovak sentence(s) expressing the fact. The triple: subject ""Časopis Vesmír"", predicate ""informsAbout"", object ""věda"". Need to translate predicate to Slovak: ""informuje o"". Object ""věda"" is Czech for ""veda"" (science). Need to translate non-proper nouns: ""Časopis Vesmír"" is a proper name? It's a magazine name, likely proper, keep as is. ""věda"" is not proper, translate to Slovak ""veda"". So sentence: ""Časopis Vesmír informuje o vede."" That's it. Ensure no extra facts."
Id46,geography,,,2,"Lužná u Rakovníka obsahuje Železniční muzeum, ktoré sa nachádza v Lužnej u Rakovníka.","We need to produce Slovak sentence(s) that express all facts. Two triples: 1. Lužná u Rakovníka | contains | Železniční muzeum 2. Železniční muzeum | locatedIn | Lužná u Rakovníka We must translate predicate to Slovak: ""contains"" -> ""obsahuje"". ""locatedIn"" -> ""sa nachádza v"". Entities that are not proper names should be translated. ""Lužná u Rakovníka"" is a place name (proper name) keep as is. ""Železniční muzeum"" is a name? It's likely a proper name of a museum, but it's Czech phrase. Probably treat as proper name, keep as is. But rule: translate each entity that is NOT a proper name. Since both are proper names (place and museum), keep them unchanged. So sentence: ""Lužná u Rakovníka obsahuje Železniční muzeum a Železniční muzeum sa nachádza v Lužnej u Rakovníka."" Could be two short sentences. Must include both facts. Could combine: ""Lužná u Rakovníka obsahuje Železniční muzeum, ktoré sa nachádza v Lužnej u Rakovníka."" That uses ""ktoré"" but adds relative pronoun, still okay? It adds ""ktoré"" but not new fact. It's okay. Provide one sentence. Ensure no extra info. Use ""obsahuje"" and ""sa nachádza v"". Provide exactly that."
Id47,culture,,,2,Český rozhlas Rádio Junior má maskota Ušouna Rušouna a Ušoun Rušoun je maskotom Český rozhlas Rádio Junior.,"We need to produce Slovak sentence(s) that express both facts. The triples: 1. ""Český rozhlas Rádio Junior"" hasMascot ""Ušoun Rušoun"". 2. ""Ušoun Rušoun"" isMascotOf ""Český rozhlas Rádio Junior"". We need to translate predicate to Slovak: ""hasMascot"" -> ""má maskota"". ""isMascotOf"" -> ""je maskotom"". Actually ""isMascotOf"" could be ""je maskotom"". So we need to convey both facts. Could be one sentence: ""Český rozhlas Rádio Junior má maskota Ušouna Rušouna a Ušoun Rušoun je maskotom Českého rozhlasu Rádio Junior."" But note we need to keep proper names unchanged. ""Český rozhlas Rádio Junior"" is a proper name? It's a name of a radio station, but it's not Slovak; we keep as is. ""Ušoun Rušoun"" is also proper name. The translation of predicate: ""má maskota"" and ""je maskotom"". Use singular. Could also be two short sentences: ""Český rozhlas Rádio Junior má maskota Ušouna Rušouna. Ušoun Rušoun je maskotom Českého rozhlasu Rádio Junior."" But note ""Český rozhlas Rádio Junior"" appears in both; second sentence we need to translate ""Český rozhlas Rádio Junior"" as object of ""je maskotom"". Should we keep same case? In Slovak, ""maskotom"" expects instrumental case: ""maskotom Českého rozhlasu Rádio Junior"". But we are not supposed to add morphological changes beyond translation? The instruction: ""Prelož do slovenčiny každú entitu, ktorá NIE JE vlastné meno (napr. všeobecné podstatné mená, roly, všeobecné opisy). Vlastné mená (mená osôb, miest, organizácií, diel atď.) ponechaj v pôvodnej podobe."" So ""Český rozhlas Rádio Junior"" is a proper name, keep unchanged. But we need to adjust grammar? Possibly we can keep unchanged but still need correct Slovak grammar. Could say ""Ušoun Rušoun je maskotom Český rozhlas Rádio Junior."" That is grammatically off but maybe acceptable. However they said ""použi ho vo vete prirodzene"". So we should adapt case accordingly, but that would modify the proper name (adding case ending). That might be considered altering the entity. The instruction says keep proper names unchanged. So we cannot change case. So we must keep the name as is, even if grammar is slightly off. So we can say: ""Český rozhlas Rádio Junior má maskota Ušouna Rušouna a Ušoun Rušoun je maskotom Český rozhlas Rádio Junior."" That repeats the name unchanged. That seems okay. Thus final answer: one sentence."
Id48,culture,,,2,Honzíkova cesta má autora Bohumil Říha a je detská kniha.,"We need to produce Slovak sentence(s) expressing both facts. Entities: ""Honzíkova cesta"" is likely a title, keep as is. author -> ""Bohumil Říha"". type -> ""dětská kníha"" which is Czech for ""detská kniha"". Need to translate non-proper nouns: ""author"" -> ""autor"". ""type"" -> ""typ"". The object ""dětská kníha"" translate to Slovak ""detská kniha"". So sentences: ""Honzíkova cesta je autorom Bohumil Říha."" Wait need to express author relationship: ""Honzíkova cesta má autora Bohumil Říha."" Or ""Autorom Honzíkovej cesty je Bohumil Říha."" Both fine. Also type: ""Honzíkova cesta je detská kniha."" Could combine: ""Honzíkova cesta má autora Bohumil Říha a je detská kniha."" That includes both facts in one sentence. Ensure we use translated predicate: ""má autora"" and ""je"". That's natural. Provide only sentence."
Id49,other,,,1,Jim Čert hrá na akordeon.,"We need to produce a Slovak sentence expressing the fact: ""Jim Čert playsInstrument akordeon"". Translate predicate to Slovak: ""hrá na"". The object ""akordeon"" is a common noun, translate? It's already Slovak word ""akordeon"". So sentence: ""Jim Čert hrá na akordeon."" That's it."
Id50,culture,,,2,Barbora Tachecí moderuje Osobnost Plus a Osobnost Plus je relácia v rozhlase.,"We need to produce Slovak sentence(s) expressing both facts. Triples: 1. Barbora Tachecí | moderates | Osobnost Plus 2. Osobnost Plus | isA | pořad v rozhlase We must translate predicate to Slovak: ""moderates"" -> ""moderuje"". ""isA"" -> ""je"". The object ""Osobnost Plus"" is a proper name? It's a program name, likely proper noun, keep as is. The second object ""pořad v rozhlase"" is Czech phrase meaning ""program v rozhlase"". Need to translate non-proper nouns: ""pořad v rozhlase"" -> ""relácia v rozhlase"" or ""program v rozhlase"". Should translate to Slovak: ""relácia v rozhlase"". So sentence: ""Barbora Tachecí moderuje Osobnost Plus a Osobnost Plus je relácia v rozhlase."" Could also split into two sentences. Both facts included. Ensure no extra info. Use ""moderuje"" and ""je"". Provide one or two short sentences. I'll output one sentence."
Id51,other,,,1,Spolek Orel je katolícka športová organizácia.,"We need to produce Slovak sentence(s) expressing the fact. The triple: ""Spolek Orel | isA | katolická sportovní organizace"". Need to translate non-proper nouns: ""Spolek Orel"" is a proper name? ""Spolek Orel"" likely a proper name of an association, but ""Spolek"" is a common noun meaning ""association"". The entity is ""Spolek Orel"". Should we translate ""isA"" to ""je"". The object ""katolická sportovní organizace"" is Czech phrase meaning ""katolícka športová organizácia"". Need to translate non-proper nouns: ""katolická sportovní organizace"" -> ""katolícka športová organizácia"". So sentence: ""Spolek Orel je katolícka športová organizácia."" That includes all facts. Should we keep ""Spolek Orel"" unchanged as proper name? It's a proper name, but includes common noun ""Spolek"". The instruction: translate each entity that is NOT a proper name. ""Spolek Orel"" includes ""Spolek"" which is a common noun, but the whole phrase is a proper name? Likely the name includes ""Spolek"". Might treat as proper name, keep as is. Safer: keep as is. So final answer: one sentence."
Id52,sports,,,2,Hora Raná je centrom paraglidingu a športového lietania.,"We need to produce Slovak sentence(s) that express all facts. Two triples: - subject: ""hora Raná"" (proper name, keep as is) - predicate: ""isCenterOf"" -> translate to Slovak ""je centrom"" or ""je stredom"". Use natural: ""je centrom"". - object: ""paragliding"" (not proper name, translate to Slovak ""paragliding""? It's a term maybe keep as is? The rule: translate each entity that is NOT a proper name. So ""paragliding"" is a common noun, translate to Slovak: ""paragliding"" maybe ""paragliding"" is also used in Slovak, but we should translate to Slovak: ""paragliding"" = ""paragliding"" maybe ""paragliding"" is foreign loan, but we can translate to ""paragliding"" as ""paragliding"". However they want translation. Could be ""paragliding"" -> ""paragliding"" is not Slovak; the Slovak term is ""paragliding"" also used, but maybe ""paragliding"" = ""paragliding"". Could also be ""paragliding"" = ""paragliding"". Might be okay. Second triple: - object: ""sportovní létání"" (Czech phrase meaning ""sportové lietanie"" in Slovak). Need translate to Slovak: ""sportové lietanie"". So we need to produce sentence(s) that include both facts. Could combine: ""Hora Raná je centrom paraglidingu aj sportového lietania."" But need translate predicate ""isCenterOf"" to Slovak ""je centrom"". Use ""je centrom"". For two objects, we can say ""je centrom paraglidingu a športového lietania."" Need translate ""sportovní létání"" to Slovak ""športové lietanie"". Use diacritics. Thus final sentence: ""Hora Raná je centrom paraglidingu a športového lietania."" Ensure we didn't add extra facts. That's fine. Check: we used ""paraglidingu"" which is genitive of ""paragliding"". That's okay. Could also say ""paraglidingu"". It's derived from foreign word but okay. Return only sentence."
Id53,culture,,,1,Radio Beat sa špecializuje na rockovú hudbu.,"We need to produce a Slovak sentence expressing the fact: ""Radio Beat specializes in rocková hudba."" Need to translate predicate ""specializesIn"" to Slovak: ""sa špecializuje na"". Also translate object ""rocková hudba"" is already Slovak? It's a phrase, but it's not a proper name, so keep as is. Subject ""Radio Beat"" is proper name, keep. So sentence: ""Radio Beat sa špecializuje na rockovú hudbu."" Note need correct case: ""rocková hudba"" nominative, but after ""na"" requires accusative: ""rockovú hudbu"". So produce that."
Id54,history,,,4,"Vykopávky v Přerově sa nachádzajú v Přerove, kde boli nájdené kosti, ktoré patria k mamutom a sú v značnom množstve.","We need to produce Slovak sentence(s) that express all facts. Facts: 1. ""Vykopávky v Přerově"" location ""Přerov"". So: Vykopávky v Přerově sa nachádzajú v Přerove. (Přerov is proper name, keep as is.) 2. ""Kosti"" foundIn ""Vykopávky v Přerově"". So: Kosti boli nájdené vo vykopávkach v Přerově. 3. ""Kosti"" belongTo ""Mamuti"". So: Kosti patria k mamutom. 4. ""Kosti"" quantity ""značné množstvo"". So: Kosti sú v značnom množstve. We need to include all facts, maybe combine: ""Vykopávky v Přerově sa nachádzajú v Přerove, kde boli nájdené kosti, ktoré patria k mamutom a sú v značnom množstve."" That includes all. Ensure translation of predicate: location -> ""sa nachádzajú v"". foundIn -> ""boli nájdené v"". belongTo -> ""patria k"". quantity -> ""sú v"". Good. Return only sentence."
Id55,geography,,,1,Rieka Vydra sa nachádza v Národní Park Šumava.,"We need to produce Slovak sentence(s) expressing the fact: ""řeka Vydra | locatedIn | Národní Park Šumava"". Need to translate non-proper nouns: ""řeka"" = ""rieka"", ""locatedIn"" = ""sa nachádza v"" or ""sa nachádza v"". ""Národní Park Šumava"" is a proper name (National Park Šumava) - keep as is. So sentence: ""Rieka Vydra sa nachádza v Národnom parku Šumava."" Note translation of ""Národní Park"" to Slovak ""Národný park"". Should we translate? The rule: translate each entity that is NOT a proper name. ""Národní Park Šumava"" includes generic term ""Národní Park"" which is not a proper name? The whole phrase is a proper name of a park, but includes generic words. Usually we keep proper names unchanged, but rule says translate each entity that is not a proper name (e.g., general nouns, roles, general descriptions). ""Národní Park Šumava"" is a proper name of a park, but includes ""Národní Park"". Might be considered part of proper name, so keep as is. However they said ""vlastné meno (mená osôb, miest, organizácií, diel atď.) ponechaj v pôvodnej podobe."" So ""Národní Park Šumava"" is a proper name (National Park Šumava). So keep unchanged. So sentence: ""Rieka Vydra sa nachádza v Národní Park Šumava."" But ""v"" before proper name maybe ""v Národnom parku Šumava"" is more Slovak, but that changes the name. Should we keep original? I'd keep original: ""Rieka Vydra sa nachádza v Národní Park Šumava."" That respects rule: proper name unchanged. Use ""sa nachádza v"". Good. Return only the sentence."
Id56,geography,,,2,"Anděl Páně 2 má natáčaciu lokalitu hrad v Ledči nad Sázavou, ktorý sa nachádza v Ledč nad Sázavou.","We need to produce Slovak sentence(s) that express both facts. Entities: ""Anděl Páně 2"" is a proper name, keep as is. Predicate ""filmingLocation"" translate to ""má natáčaciu lokalitu"" or ""natáčala sa na"". Should be natural. Object ""hrad v Ledči nad Sázavou"" is not proper name? It's a description: ""hrad v Ledči nad Sázavou"" includes place name ""Ledči nad Sázavou"" which is proper? ""Ledč nad Sázavou"" is a town, proper name, keep. The phrase ""hrad v Ledči nad Sázavou"" includes ""hrad"" (castle) generic, ""v Ledči nad Sázavou"" location. Should we translate ""hrad v Ledči nad Sázavou"" as is? It's not a proper name, so translate each generic term: ""hrad"" stays ""hrad"", ""v"" is preposition, ""Ledči nad Sázavou"" is proper, keep. So phrase remains same. Second triple: subject ""hrad v Ledči nad Sázavou"" predicate ""locatedIn"" translate to ""sa nachádza v"" or ""je umiestnený v"". Object ""Ledč nad Sázavou"" is proper name, keep. We need to include both facts. Could be two sentences: ""Anděl Páně 2 má natáčaciu lokalitu hrad v Ledči nad Sázavou. Hrad v Ledči nad Sázavou sa nachádza v Ledč nad Sázavou."" Or combine: ""Anděl Páně 2 má natáčaciu lokalitu hrad v Ledči nad Sázavou, ktorý sa nachádza v Ledč nad Sázavou."" But that would add ""ktorý"" referencing, but still includes both facts. It's okay as one sentence. Must not add extra facts. Using ""ktorý"" is just a relative pronoun, not adding new fact. Should be fine. Check translation of predicate: ""filmingLocation"" -> ""má natáčaciu lokalitu"". Could also be ""má miesto natáčania"". Both okay. Use ""má natáčaciu lokalitu"". For ""locatedIn"" -> ""sa nachádza v"". Good. Thus final output: one sentence. Let's produce: ""Anděl Páně 2 má natáčaciu lokalitu hrad v Ledči nad Sázavou, ktorý sa nachádza v Ledč nad Sázavou."" Ensure proper grammar: ""ktorý"" refers to ""hrad"". Good. Return only sentence."
Id57,culture,,,1,Bob Hýsek popularizuje slamovú poéziu.,"We need to produce Slovak sentence(s) expressing the fact: ""Bob Hýsek popularizes slam poetry."" Translate predicate ""popularizes"" to Slovak: ""popularizuje"". Also need to translate non-proper nouns: ""slam poetry"" is a phrase; it's not a proper name, so translate each word: ""slam poetry"" maybe ""slamová poézia"" or ""slamová poézia"". Should we translate ""slam poetry"" as ""slamová poézia"". The subject is proper name, keep as is. So sentence: ""Bob Hýsek popularizuje slamovú poéziu."" That's one sentence. Ensure no extra facts."
Id58,geography,,,1,Litomyšl má symbol lilie.,"We need to produce Slovak sentence(s) expressing the fact: subject Litomyšl, predicate hasSymbol, object lilii. Translate non-proper nouns: ""hasSymbol"" -> ""má symbol"". Object ""lilii"" is not a proper name? It's likely a noun ""lilii"" (genitive of ""lilia""?). It's not a proper name, so translate to Slovak: ""lilii"" is already Slovak? It's maybe ""lilie"". But we must translate each entity that is not a proper name. ""Litomyšl"" is a proper name (city). Keep as is. ""lilii"" is a common noun, so we need to translate to Slovak. It is already Slovak? ""lilii"" is genitive singular of ""lilia""? Actually Slovak for lily is ""lilia"". Genitive singular ""lilie"". ""lilii"" looks like Czech genitive? But we follow instruction: translate each entity that is not a proper name. So we need to produce Slovak word for ""lilii"". Could be ""lilie"". But the object is ""lilii"". Might be a symbol ""lily"". In Slovak, ""lily"" is ""lilie"". So we should output ""Litomyšl má symbol lilie."" That uses proper translation. Check: predicate ""hasSymbol"" -> ""má symbol"". So sentence: ""Litomyšl má symbol lilie."" Make sure we include all facts: only one fact. So one sentence. Return only the sentence."
Id59,culture,,,1,Slavonice je spojená s textilným priemyslom.,"We need to produce Slovak sentence(s) expressing the fact: ""Slavonice | associatedIndustry | textilní průmysl"". Translate non-proper nouns: ""associatedIndustry"" -> ""príslušný priemysel""? Actually ""associatedIndustry"" means ""príslušný priemysel"" or ""súvisiaci priemysel"". We need to translate predicate to Slovak and use naturally. Subject ""Slavonice"" is proper name, keep. Object ""textilní průmysl"" is Czech phrase meaning ""textilný priemysel"". It's not a proper name, so translate to Slovak: ""textilný priemysel"". So sentence: ""Slavonice je spojený s textilným priemyslom."" Or ""Slavonice má súvisiaci priemysel textilný priemysel."" Better: ""Slavonice je spojená s textilným priemyslom."" Since Slavonice is a town (feminine?), but we can keep neutral: ""Slavonice je spojená s textilným priemyslom."" Use predicate ""associatedIndustry"" -> ""je spojená s priemyslom"". Could be ""má priemysel textilný priemysel""? Not natural. Use ""je spojená s"". That conveys association. Should we keep exact predicate translation? The instruction: ""Predikát VŽDY prelož do slovenčiny a použi ho vo vete prirodzene."" So we need to translate ""associatedIndustry"" to Slovak. Could be ""príslušný priemysel"". But ""Slavonice má príslušný priemysel textilný priemysel."" That's awkward. Better: ""Slavonice má príslušný priemysel – textilný priemysel."" But we need natural sentence. Maybe ""Slavonice je spojená s textilným priemyslom."" That uses ""spojená s"" as translation of ""associated"". Acceptable. Provide one sentence."
Id60,geography,,,2,Žatec má rieku Ohře. Ohře preteká cez Žatec.,"We need to produce Slovak sentence(s) that express both facts. Entities: Žatec (proper name), Ohře (proper name). Predicates: hasRiver (preklad: má rie? ""má rieku""? Actually ""hasRiver"" means subject has river object. So ""Žatec má rieku Ohře."" Next: Ohře flowsThrough Žatec => ""Ohře preteká Žatec."" Or ""Ohře preteká cez Žatec."" The predicate ""flowsThrough"" translate to ""preteká cez"". So we need to include both facts. Could combine: ""Žatec má rieku Ohře, ktorá preteká cez Žatec."" But that repeats Žatec. Might be okay. But must not add extra info. The phrase ""ktorá"" is a relative pronoun referencing Ohře, not adding new facts. It's okay. It uses both facts. However we must ensure we don't add extra facts like ""ktorá"". That's just grammatical. Could also produce two sentences: ""Žatec má rieku Ohře. Ohře preteká cez Žatec."" That directly states both. That seems safest. We must not add any extra facts. So produce two short sentences. Thus final answer: ""Žatec má rieku Ohře. Ohře preteká cez Žatec."" Check translation: ""hasRiver"" -> ""má rieku"". ""flowsThrough"" -> ""preteká cez"". Good. Return only the sentence(s)."
Id61,geography,,,1,Jablunkovský výběžek má polohu na česko‑slovensko‑poľskom trojmezí.,"We need to produce Slovak sentence(s) expressing the fact. Input: ""Jablunkovský výběžek | hasLocation | Česko slovensko polské trojmezí"". Translate non-proper nouns: ""Jablunkovský výběžek"" is a proper name? Likely a place name, keep as is. Predicate ""hasLocation"" translate to Slovak ""má polohu"" or ""nachádza sa"". Object ""Česko slovensko polské trojmezí"" is not proper? It's a phrase describing the border of Czechia, Slovakia, Poland. Those are proper names: Česko, Slovensko, Poľsko. ""trojmezí"" is common noun. Should translate object? The object is a phrase; we keep proper names as is, translate common nouns. So ""Česko slovensko polské trojmezí"" maybe ""česko-slovensko-poľské trojmezí"". Should we keep hyphens? Probably keep as phrase. Provide sentence: ""Jablunkovský výběžek má polohu na česko‑slovensko‑poľskom trojmezí."" That includes all facts. Use ""má polohu"" as translation of hasLocation. Ensure no extra info. Provide only sentence."
Id62,sports,,,4,"Jaromír Vytopil je knihkupec, je najstarší, je najdlhšie aktívny a nachádza sa v Českej republike.","We need to produce Slovak sentence(s) that express all facts. Facts: - Jaromír Vytopil occupation knihkupec -> ""Jaromír Vytopil je knihkupec."" - Jaromír Vytopil isOldest true -> ""Jaromír Vytopil je najstarší."" - Jaromír Vytopil longestActive true -> ""Jaromír Vytopil je najdlhšie aktívny."" - Jaromír Vytopil location Česká republika -> ""Jaromír Vytopil sa nachádza v Českej republike."" Or ""Jaromír Vytopil je v Českej republike."" We need to include all facts, can be one sentence or two short. Could combine: ""Jaromír Vytopil je knihkupec, najstarší a najdlhšie aktívny, a nachádza sa v Českej republike."" That includes all. Ensure translation of predicate: occupation -> ""povolanie"" maybe ""je knihkupec"". isOldest -> ""je najstarší"". longestActive -> ""je najdlhšie aktívny"". location -> ""sa nachádza v"". That seems fine. We must not add any extra facts. The sentence includes all. Use proper Slovak grammar. Provide only the sentence. Thus final answer: ""Jaromír Vytopil je knihkupec, je najstarší, je najdlhšie aktívny a nachádza sa v Českej republike."" Could also combine ""je"" repeated. That's okay. Return only that."
Id63,geography,,,2,Turnov má rieku Jizera a Jizera preteká cez Turnov.,"We need to produce Slovak sentence(s) that express both facts. Facts: Turnov hasRiver Jizera. Jizera flowsThrough Turnov. Translate non-proper nouns: ""hasRiver"" -> ""má rieku"". ""flowsThrough"" -> ""preteká cez"". Entities: Turnov (proper name) stays. Jizera (river name) stays. So sentences: ""Turnov má rieku Jizera a Jizera preteká cez Turnov."" Could be one sentence. Ensure both facts included. That's fine."
Id64,sports,,,2,česká hokejová liga má nový názov od sezóny Maxa liga. Začiatok sezóny je 2024-08-01.,"We need to produce Slovak sentence(s) that express both facts. Entities: ""1. česká hokejová liga"" is not a proper name? It's a league name, but includes number and language. Probably treat as proper name? The instruction: translate each entity that is NOT a proper name. ""1. česká hokejová liga"" is a proper name? It's a league name, likely proper. Should keep as is. Predicates: ""newNameFromSeason"" translate to Slovak: ""nový názov od sezóny"" maybe ""nový názov od sezóny"". ""seasonStart"" translate to ""začiatok sezóny"". So sentence: ""1. česká hokejová liga má nový názov od sezóny Maxa liga a začiatok sezóny je 2024-08-01."" But need to convey both facts. Could be two short sentences. Ensure all facts: newNameFromSeason = Maxa liga, seasonStart = 2024-08-01. So: ""1. česká hokejová liga má nový názov od sezóny Maxa liga. Začiatok sezóny je 2024-08-01."" That includes both. Use proper translation of predicate: ""má nový názov od sezóny"". Good. Check: we used ""má nový názov od sezóny"". That's fine. Provide only sentences."
Id65,culture,,,3,"Humpolec je spojený s Hliníkom, ktorý je postavou z Marečku podejte mi pero, a Marečku podejte mi pero je typom film.","We need to produce Slovak sentence(s) that express all facts. Triples: 1. Humpolec associatedWith Hliník. 2. Hliník isCharacterFrom Marečku podejte mi pero. 3. Marečku podejte mi pero isType film. We need to translate predicates to Slovak: ""associatedWith"" -> ""je spojený s"" or ""je spojený s"". ""isCharacterFrom"" -> ""je postava z"". ""isType"" -> ""je typ"". Probably ""je typom"". Use natural. Entities: Humpolec, Hliník, Marečku podejte mi pero are proper names? Hliník is a character name? It's a name, keep as is. Marečku podejte mi pero is title of film, keep as is. We need to include all facts in one or two sentences. Possible: ""Humpolec je spojený s Hliníkom, ktorý je postavou z filmu Marečku podejte mi pero, pričom Marečku podejte mi pero je film."" But need to keep ""isType"" as ""je typom"". Could say ""Marečku podejte mi pero je typom film."" Better: ""Marečku podejte mi pero je typom film."" But Slovak: ""Marečku podejte mi pero je typom film."" Might be okay. Combine: ""Humpolec je spojený s Hliníkom, ktorý je postavou z Marečku podejte mi pero, a Marečku podejte mi pero je typom film."" Check: we used all facts. Yes. Make sure we didn't add extra info. ""ktorý je postavou z Marečku podejte mi pero"" expresses Hliník isCharacterFrom Marečku podejte mi pero. Good. Thus final answer: one sentence."
Id66,geography,,,3,"Rybník Bezdrev má poradie podľa veľkosti 2, krajina je ČR a kategória je rybník.","We need to produce Slovak sentence(s) expressing all facts. Facts: Rybník Bezdrev rankBySize 2, country ČR, category rybník. Translate non-proper nouns: ""rybník"" is already Slovak, but it's also the name? The entity is ""Rybník Bezdrev"" (proper name). The predicate ""rankBySize"" -> ""má poradie podľa veľkosti"". Could phrase: ""Rybník Bezdrev má poradie podľa veľkosti 2, nachádza sa v ČR a patrí do kategórie rybník."" Need translate ""country"" -> ""krajina"" or ""krajina"". Use ""krajina"". Category -> ""kategória"". So sentence: ""Rybník Bezdrev má poradie podľa veľkosti 2, krajina je ČR a kategória je rybník."" Might be okay. Ensure all facts. Provide one sentence."
Id67,culture,,,1,Postavička Večerníček má autora Radek Pilař.,"We need to produce Slovak sentence(s) expressing the fact: subject ""postavička Večerníček"" predicate ""hasAuthor"" object ""Radek Pilař"". Translate non-proper nouns: ""postavička"" is a common noun, keep as is? Actually ""postavička Večerníček"" is a phrase: ""postavička"" is common noun, ""Večerníček"" is proper name. Predicate ""hasAuthor"" translate to Slovak ""má autora"". So sentence: ""Postavička Večerníček má autora Radeka Pilaře."" Need to keep proper name unchanged: Radek Pilař. In Slovak, case may change but we must not add inflection? The instruction: ""Prelož do slovenčiny každú entitu, ktorá NIE JE vlastné meno (napr. všeobecné podstatné mená, roly, všeobecné opisy). Vlastné mená (mená osôb, miest, organizácií, diel atď.) ponechaj v pôvodnej podobe."" So ""postavička"" is not proper, translate to Slovak ""postavička"". Already Slovak. ""Večerníček"" is proper name, keep as is. Predicate ""hasAuthor"" translate to ""má autora"". The object ""Radek Pilař"" is proper name, keep unchanged. Should we decline? Probably not, keep as is. So sentence: ""Postavička Večerníček má autora Radek Pilař."" That respects all."
Id68,geography,,,2,Rozhľadňa nad Ústí nad Orlicí má názov Stříbrná krasavice a nachádza sa v Ústí nad Orlicí.,"We need to produce Slovak sentence(s) expressing both facts. Entities: ""rozhledna nad Ústí nad Orlicí"" is subject, translate non-proper nouns: ""rozhľadňa nad Ústí nad Orlicí""? ""rozhledna"" is Czech for ""observation tower"". Should translate to Slovak ""rozhľadňa"". ""Ústí nad Orlicí"" is a proper name, keep as is. Predicate ""hasName"" -> ""má názov"". Predicate ""isLocatedIn"" -> ""sa nachádza v"". So sentences: ""Rozhľadňa nad Ústí nad Orlicí má názov Stříbrná krasavice a nachádza sa v Ústí nad Orlicí."" That includes both facts. Ensure no extra info. Use proper capitalization? Probably start with capital. Provide one sentence."
Id69,culture,,,5,"Michal Horáček je autorom balád, zverejnil a požiadal o zhudobnenie; široká verejnosť je cieľom požiadavky na zhudobnenie a balady sú predmetom zhudobnenia.","We need to produce Slovak sentence(s) that express all facts. Let's translate entities not proper names. Triples: 1. Michal Horáček | authorOf | balady -> ""Michal Horáček je autorom balád"" (balady = balady? It's plural of ""balada"". Should translate ""balady"" to ""balád"". It's a common noun, so translate.) 2. Michal Horáček | action | zveřejnil -> ""Michal Horáček zverejnil"". ""zveřejnil"" is Czech for ""published"". Translate to Slovak ""zverejnil"". So ""Michal Horáček zverejnil"". 3. Michal Horáček | requestedAction | zhudebnění -> ""Michal Horáček požiadal o zhudebnenie"". ""zhudebnění"" is Czech for ""zhudobnenie""? In Slovak ""zhudobnenie"". So ""Michal Horáček požiadal o zhudobnenie"". But we need to keep the object as ""zhudebnění"" maybe translate to ""zhudobnenie"". The rule: translate each entity that is not a proper name. So ""zhudebnění"" is not proper name, translate to Slovak ""zhudobnenie"". Good. 4. široká veřejnost | targetOfRequest | zhudebnění -> ""široká verejnosť je cieľom požiadavky na zhudobnenie"". But need natural: ""široká verejnosť je cieľom požiadavky na zhudobnenie"". Or ""široká verejnosť je cieľom požiadavky zhudobnenia"". Use predicate ""targetOfRequest"" translate to ""cieľ požiadavky"". So ""široká verejnosť je cieľom požiadavky na zhudobnenie"". Good. 5. balady | objectOf | zhudebnění -> ""balady sú predmetom zhudobnenia"". Translate ""balady"" to ""balady"" (plural of balada). ""objectOf"" -> ""predmet"". So ""balady sú predmetom zhudobnenia"". Now need to combine all facts into one or two sentences, not missing any. Could combine: ""Michal Horáček je autorom balád, zverejnil ich a požiadal o ich zhudobnenie, pričom široká verejnosť je cieľom tejto požiadavky a balady sú predmetom zhudobnenia."" But need to ensure we don't add facts not in triples. The phrase ""ich"" refers to balady, which is okay. ""a požiadal o ich zhudobnenie"" includes ""žiadanie o zhudobnenie"" which is in triple. ""pričom široká verejnosť je cieľom tejto požiadavky"" matches triple. ""balady sú predmetom zhudobnenia"" matches triple. This seems okay, no extra facts. Check each fact: - Michal Horáček je autorom balád -> yes. - Michal Horáček zverejnil -> we said ""zverejnil ich"" (implies he published balady). The triple only says he published (action) but not what he published. Adding ""ich"" might be extra assumption that he published balady. That is not in triples. So we must not imply that. Should just say ""Michal Horáček zverejnil"". No object. So we need separate clause. - Michal Horáček požiadal o zhudobnenie -> okay. - široká verejnosť je cieľom požiadavky na zhudobnenie -> okay. - balady sú predmetom zhudobnenia -> okay. We need to combine without adding ""ich"". Could do: ""Michal Horáček je autorom balád, zverejnil a požiadal o zhudobnenie; široká verejnosť je cieľom požiadavky na zhudobnenie a balady sú predmetom zhudobnenia."" This includes all facts. Does ""zverejnil"" need object? No, it's fine. Make sure translation of ""authorOf"" -> ""je autorom"". ""action"" -> ""zverejnil"". ""requestedAction"" -> ""požiadal o"". ""targetOfRequest"" -> ""je cieľom požiadavky"". ""objectOf"" -> ""sú predmetom"". Good. Now produce final answer: one or two sentences. Provide exactly the sentences, nothing else. Let's craft: ""Michal Horáček je autorom balád, zverejnil a požiadal o zhudobnenie; široká verejnosť je cieľom požiadavky na zhudobnenie a balady sú predmetom zhudobnenia."" Check: ""zhudobnenie"" vs ""zhudobnenia"". In Slovak, genitive ""zhudobnenia"". The predicate ""požiadal o zhudobnenie"" uses accusative? ""o zhudobnenie"" is accusative? Actually ""požiadať o niečo"" uses accusative: ""o zhudobnenie"". So fine. For ""cieľom požiadavky na zhudobnenie"" uses genitive. Good. All facts present. No extra. Provide only sentence."
Id70,geography,,,2,Kralupy nad Vltavou sa nachádza na Praha Děčín. Praha Děčín je hlavná trať.,"We need to produce Slovak sentence(s) expressing all facts. Triples: 1. Kralupy nad Vltavou | locatedOn | Praha Děčín 2. Praha Děčín | isA | hlavní trati We must translate predicate to Slovak: ""locatedOn"" -> ""sa nachádza na"" or ""sa nachádza na"". ""isA"" -> ""je"". Also need to translate non-proper nouns: ""hlavní trati"" is Czech phrase meaning ""hlavná trať"". Should translate to Slovak: ""hlavná trať"". So second triple: ""Praha Děčín je hlavná trať."" First triple: ""Kralupy nad Vltavou sa nachádza na Praha Děčín."" But ""na"" with proper name? Might be ""na trati Praha Děčín"". However we cannot add ""trati"". The object is ""Praha Děčín"". So we keep as is: ""Kralupy nad Vltavou sa nachádza na Praha Děčín."" That sounds odd but per rules we must use given info. Could also be ""Kralupy nad Vltavou leží na Praha Děčín."" But ""locatedOn"" translation: ""sa nachádza na"". We'll produce two sentences: ""Kralupy nad Vltavou sa nachádza na Praha Děčín. Praha Děčín je hlavná trať."" Check: need to translate predicate ""locatedOn"" to Slovak ""sa nachádza na"". Good. ""isA"" to ""je"". Good. We must not add extra words. The phrase ""hlavná trať"" is translation of ""hlavní trati"". Good. Thus final answer: two sentences."
Id71,culture,,,1,Žítkovské bohyně je autorom Kateřina Tučková.,"We need to produce Slovak sentence(s) expressing the fact: Subject ""Žítkovské bohyně"" (likely title) author Kateřina Tučková. Need to translate predicate ""author"" to Slovak ""autor"". Also translate entity not proper name: ""Žítkovské bohyně"" is a title, likely proper name? It's a title of a work, maybe considered proper name, but rule: translate each entity that is NOT a proper name. ""Žítkovské bohyně"" is a title in Czech, but it's a proper name of a book, so likely keep as is? The rule: ""Prelož do slovenčiny každú entitu, ktorá NIE JE vlastné meno (napr. všeobecné podstatné mená, roly, všeobecné opisy). Vlastné mená (mená osôb, miest, organizácií, diel atď.) ponechaj v pôvodnej podobe."" So ""Žítkovské bohyně"" is a title of a work, which is a proper name (dielo). So keep unchanged. ""Kateřina Tučková"" is a proper name, keep unchanged. So sentence: ""Žítkovské bohyně je autorom Kateřina Tučková."" But in Slovak, ""autor"" is masculine; for feminine author, ""autorka"". However predicate translation: ""author"" -> ""autor"". Could also use ""autorom"" (instrumental). The natural sentence: ""Žítkovské bohyně je autorom Kateřina Tučková."" That expresses the fact. Could also say ""Autorom diela Žítkovské bohyně je Kateřina Tučková."" But that adds ""diela"". Might be okay but adds ""diela"". That adds extra info not in triple. Better keep minimal: ""Žítkovské bohyně je autorom Kateřina Tučková."" That includes all facts. No extra. Provide one sentence."
Id72,geography,,,2,Bečov nad Teplou obsahuje Bečovská botanická záhrada a Bečovská botanická záhrada sa nachádza v Bečov nad Teplou.,"We need to produce Slovak sentence(s) that express both facts. Facts: 1. Bečov nad Teplou contains Bečovská botanická záhrada (contains) 2. Bečovská botanická záhrada is located in Bečov nad Teplou. We need to translate predicate ""contains"" to Slovak ""obsahuje"" or ""má"". And ""isLocatedIn"" to ""sa nachádza v"". Also translate entities that are not proper names: ""botanická záhrada"" is generic, but the full name ""Bečovská botanická záhrada"" is a proper name? It's a specific name, but includes generic words. The rule: translate each entity that is NOT a proper name. The name ""Bečovská botanická záhrada"" includes a proper name ""Bečovská""? It's likely a proper name of a garden, but it's a specific entity. The instruction: ""Prelož do slovenčiny každú entitu, ktorá NIE JE vlastné meno (napr. všeobecné podstatné mená, roly, všeobecné opisy). Vlastné mená (mená osôb, miest, organizácií, diel atď.) ponechaj v pôvodnej podobe."" So ""Bečov nad Teplou"" is a place name, keep as is. ""Bečovská botanická záhrada"" is a proper name of a garden, likely keep as is. So we don't translate ""botanická záhrada"". It's part of the proper name, keep unchanged. Thus sentence: ""Bečov nad Teplou obsahuje Bečovskú botanickú záhradu a Bečovská botanická záhrada sa nachádza v Bečove nad Teplou."" Need to adjust grammar: ""obsahuje"" takes accusative, ""Bečovskú botanickú záhradu"". The name is ""Bečovská botanická záhrada"". In Slovak, accusative would be ""Bečovskú botanickú záhradu"". Should we change? The instruction: use the entity as is? It says translate entities that are not proper names. The name is proper, so keep unchanged. But grammar may require case change. However they said ""použi len informácie"" not to add details. Changing case might be considered adding morphological change, but likely acceptable. However they might expect to keep the exact string. Safer to keep exact string: ""Bečov nad Teplou obsahuje Bečovská botanická záhrada a Bečovská botanická záhrada sa nachádza v Bečov nad Teplou."" That repeats same phrase. That is okay. Thus output single sentence."
Id73,geography,,,2,Rieka Sázava preteká cez Havlíčkův Brod. Sázava je rieka.,"We need to produce Slovak sentence(s) that express all facts. Triples: 1. Havlíčkův Brod | riverFlowingThrough | Sázava 2. Sázava | isA | river We need to translate predicate to Slovak: ""riverFlowingThrough"" likely ""rieka preteká cez"" or ""rieka preteká"". But we need natural Slovak. Subject: Havlíčkův Brod (proper name, keep). Object: Sázava (proper name). So ""Havlíčkův Brod preteká rieku Sázava""? Actually ""riverFlowingThrough"" means the river flows through the place? Wait subject is Havlíčkův Brod, object is Sázava. So ""Havlíčkův Brod"" is a town, ""Sázava"" is a river. The predicate ""riverFlowingThrough"" suggests that the river flows through the place. But the triple is subject=Havlíčkův Brod, predicate=riverFlowingThrough, object=Sázava. That reads ""Havlíčkův Brod riverFlowingThrough Sázava"". Could be interpreted as ""Havlíčkův Brod is a place through which the river Sázava flows"". So we need to express that: ""Rieka Sázava preteká cez Havlíčkův Brod."" That uses proper translation. Second triple: Sázava isA river => ""Sázava je rieka."" Combine: ""Rieka Sázava preteká cez Havlíčkův Brod a Sázava je rieka."" Or two sentences: ""Rieka Sázava preteká cez Havlíčkův Brod. Sázava je rieka."" We must include all facts, no extra. Use proper translation of predicate: ""preteká cez"". That seems fine. We must not add extra info. The first sentence includes both facts? It includes that Sázava is a river? It says ""Rieka Sázava preteká cez Havlíčkův Brod."" That includes that Sázava is a river (by calling it ""Rieka Sázava"") which is derived from the second triple. But we still need to state the second triple explicitly? The instruction: ""vygeneruj jednu plynulú slovenskú vetu (alebo dve krátke, ak je to potrebné), ktorá prirodzene vyjadruje VŠETKY zadané fakty."" If we embed ""Rieka Sázava"" we are using the fact that Sázava is a river, but we are also stating it. However, we might need to explicitly state ""Sázava je rieka."" But that might be redundant. However, the fact is expressed by calling it ""rieka"". Does that count as using the fact? Probably yes, but to be safe, we can produce two sentences: ""Rieka Sázava preteká cez Havlíčkův Brod. Sázava je rieka."" That repeats but okay. Check constraints: Use only info given. We are not adding anything else. Good. Now produce final answer with only the sentences."
Id74,geography,,,2,Teplice má dominantnú horu Doubravka.,"We need to produce Slovak sentence(s) that express all facts. Triples: 1. Teplice | hasDominant | Doubravka 2. Doubravka | isType | hora We must translate predicate to Slovak: ""hasDominant"" -> ""má dominantný"" or ""má dominantnú"". Since Doubravka is a ""hora"" (mountain), dominant of Teplice is Doubravka. So sentence: ""Teplice má dominantnú horu Doubravka."" Also need to express second fact: ""Doubravka je hora."" Could combine: ""Teplice má dominantnú horu Doubravka, ktorá je hora."" But that repeats. Could be two short sentences: ""Teplice má dominantnú Doubravku. Doubravka je hora."" But need to translate ""hasDominant"" as ""má dominantný"" but need noun? ""má dominantnú Doubravku"" maybe okay. However ""dominantná"" expects noun. Could say ""Teplice má dominantnú horu Doubravka."" That includes both facts: it says Doubravka is a mountain (implicitly). But second triple explicitly says Doubravka is a mountain. The sentence ""Teplice má dominantnú horu Doubravka."" already conveys that Doubravka is a mountain. Does it count as expressing second fact? It says ""hora Doubravka"". That includes type. So maybe one sentence is enough. But requirement: ""vygeneruj jednu plynulú slovenskú vetu (alebo dve krátke, ak je to potrebné), ktorá prirodzene vyjadruje VŠETKY zadané fakty."" One sentence can express both. So produce: ""Teplice má dominantnú horu Doubravka."" That includes both facts. Ensure predicate translation: ""hasDominant"" -> ""má dominantnú"". Good. Return only the sentence."
Id75,sports,,,3,"Závod veteránov sa koná na Českobrodskom okruhu, začal v roku 2002 a prebieha pravidelne.","We need to produce Slovak sentence(s) that express all facts. Triples: - subject: ""závod veteránů"" (Czech phrase, not proper name? It's a generic term ""veteran race"". It's not a proper name, so translate to Slovak: ""závod veteránov"".) - predicate: heldAt -> ""sa koná na"" or ""sa koná v"". Use Slovak translation: ""sa koná na"". object: ""Českobrodský okruh"" (proper name, keep as is.) - predicate: startYear -> ""rok začatia"" maybe ""rok začiatku"". Use ""rok začatia"" or ""rok začiatku"". Should be natural: ""začal v roku 2002"". So translate predicate ""startYear"" to ""rok začatia"" but in sentence we can say ""závod veteránov začal v roku 2002."" - predicate: frequency -> ""frekvencia"" but we need natural: ""prebieha pravidelne."" We must include all facts. Could combine: ""Závod veteránov sa koná na Českobrodskom okruhu, začal v roku 2002 a prebieha pravidelne."" Check translation: ""Českobrodský okruh"" is proper name, keep. Should we keep diacritics? It's fine. Make sure we used only given info. Yes. Return only sentence."
Id76,culture,,,7,"Luděk Novák je český historik umenia, je známy pre publikovanie štúdií, ktoré majú tému český maliar, pričom český maliar zahŕňa Mánesa, Švabinského a Macheka, a Luděk Novák založil výtvarnú skupinu Trasa.","We need to produce Slovak sentence(s) that express all facts. Facts: 1. Luděk Novák is a Czech art historian. (isA) 2. Luděk Novák is known for publishing studies. 3. publishing studies has topic Czech painter. 4. Czech painter includes Mánes. 5. Czech painter includes Švabinský. 6. Czech painter includes Machek. 7. Luděk Novák founded art group Trasa (výtvarná skupina Trasa). We must translate non-proper nouns: ""český historik umění"" -> ""český historik umenia"". ""publikování studií"" -> ""publikovanie štúdií"". ""český malíř"" -> ""český maliar"". ""výtvarná skupina Trasa"" -> ""výtvarná skupina Trasa"" (Trasa is proper). ""includes"" translate as ""zahŕňa"". ""isKnownFor"" -> ""je známy pre"" maybe ""je známy pre"". ""founded"" -> ""založil"". ""hasTopic"" -> ""má tému"". ""isA"" -> ""je"". Need natural Slovak. We need to include all facts in one or two short sentences. Could be: ""Luděk Novák je český historik umenia, je známy pre publikovanie štúdií, ktoré majú tému český maliar, pričom český maliar zahŕňa Mánesa, Švabinského a Macheka, a Luděk Novák založil výtvarnú skupinu Trasa."" Check each fact: - ""Luděk Novák je český historik umenia"" covers isA. - ""je známy pre publikovanie štúdií"" covers isKnownFor. - ""publikovanie štúdií má tému český maliar"" covers hasTopic. - ""český maliar zahŕňa Mánesa, Švabinského a Macheka"" covers includes three. - ""Luděk Novák založil výtvarnú skupinu Trasa"" covers founded. All facts included. Ensure proper names unchanged: Mánes, Švabinský, Machek, Trasa. Use correct Slovak diacritics. ""Mánesa"" is genitive? The predicate ""zahŕňa"" expects object in accusative? In Slovak, ""zahŕňa Mánesa"" is okay (genitive). Could keep original names unchanged but case may change; but we can keep as is. Might be okay. Thus final answer single sentence."
Id77,history,,,4,"Vladimír Přibský je žurnalista a dramatik, má skutočné meno Vladimír Řezáč a Vladimír Řezáč sa narodil v Přibyslav.","We need to produce Slovak sentences expressing all facts. Facts: 1. Vladimír Přibský occupation žurnalista -> ""Vladimír Přibský je žurnalista."" But need translate occupation: ""žurnalista"" is Slovak for journalist? Actually ""žurnalista"" is Czech; Slovak would be ""žurnalista"" also? Could be ""žurnalista"". We'll keep as given? The rule: translate each entity that is not a proper name. So ""žurnalista"" is a common noun, translate to Slovak: ""žurnalista"". It's already Slovak? It's same. So we can use ""žurnalista"". Good. 2. Vladimír Přibský occupation dramatik -> ""Vladimír Přibský je dramatik."" ""dramatik"" is Slovak for playwright. Keep. 3. Vladimír Přibský realName Vladimír Řezáč -> ""Vladimír Přibský má skutočné meno Vladimír Řezáč."" Or ""skutočné meno"" translation of realName. Use ""skutočné meno"". So sentence: ""Vladimír Přibský má skutočné meno Vladimír Řezáč."" 4. Vladimír Řezáč birthPlace Přibyslav -> ""Vladimír Řezáč sa narodil v Přibyslav."" Need translate birthPlace: ""miesto narodenia"". But phrase ""sa narodil v"". Use ""narodil sa v"". So ""Vladimír Řezáč sa narodil v Přibyslav."" We need include all facts. Could combine into one or two sentences. Possibly one sentence: ""Vladimír Přibský je žurnalista a dramatik, má skutočné meno Vladimír Řezáč a Vladimír Řezáč sa narodil v Přibyslav."" That includes all. Ensure no extra info. That seems fine. Check translation: ""žurnalista"" maybe ""žurnalista"" is fine. ""dramatik"". Good. Return only sentence."
Id78,geography,,,2,Rímskokatolícka farnosť sa nachádza v Brno venkov a volá sa Pravlov.,"We need to produce Slovak sentence(s) expressing both facts. Entities: ""Římskokatolická farnost"" is a proper name? It's a phrase in Czech meaning ""Roman Catholic parish"". It's not a proper name, it's a common noun phrase. According to rule: translate each entity that is NOT a proper name. So ""Římskokatolická farnost"" should be translated to Slovak: ""Rímskokatolícka farnosť"". ""Brno venkov"" is a place name, likely proper name, keep as is. ""Pravlov"" is a proper name (village), keep. Predikáty: ""locatedIn"" -> ""sa nachádza v"". ""name"" -> ""sa volá"". So sentences: ""Rímskokatolícka farnosť sa nachádza v Brno venkov."" and ""Rímskokatolícka farnosť sa volá Pravlov."" Could combine into one sentence: ""Rímskokatolícka farnosť sa nachádza v Brno venkov a volá sa Pravlov."" That includes both facts. Use ""volá sa"" for name. Ensure no extra info. Provide one sentence."
Id79,geography,,,1,Rybník Španělák sa nachádza v Okrese Hradec Králové.,"We need to produce Slovak sentence(s) expressing the fact: ""Rybník Španělák"" locatedIn ""Okres Hradec Králové"". Translate non-proper nouns: ""Rybník Španělák"" is a proper name? It's a name of a pond, includes ""Rybník"" which is a common noun but part of name. According to rule: translate each entity that is NOT a proper name. ""Rybník Španělák"" includes ""Rybník"" (pond) but the whole is likely a proper name. However rule: ""Prelož do slovenčiny každú entitu, ktorá NIE JE vlastné meno (napr. všeobecné podstatné mená, roly, všeobecné opisy). Vlastné mená (mená osôb, miest, organizácií, diel atď.) ponechaj v pôvodnej podobe."" So ""Rybník Španělák"" is a proper name of a pond, likely keep as is. ""Okres Hradec Králové"" is a proper name of a district, keep as is. Predicate ""locatedIn"" translate to ""sa nachádza v"". So sentence: ""Rybník Španělák sa nachádza v okrese Hradec Králové."" Note lowercasing ""okrese""? In Slovak, ""okrese"" is common noun, but ""Okres Hradec Králové"" is proper name of district, but ""okrese"" is part of name? Usually ""Okres Hradec Králové"" is the district name, ""okrese"" is part of name? Might keep capital O? The proper name includes ""Okres Hradec Králové"". According to rule, keep proper names unchanged. So we keep ""Okres Hradec Králové"". So sentence: ""Rybník Španělák sa nachádza v Okrese Hradec Králové."" That respects."
Id80,culture,,,3,"Vrásky z lásky režíroval Jiří Strach, hlavným hercom bol Radoslav Brzobohatý a hlavnou herečkou bola Jiřina Bohdalová.","We need to produce Slovak sentence(s) that convey all facts. Entities: ""Vrásky z lásky"" is a title (probably a film). It's not a proper name? It's a title, but likely treat as proper name, keep as is. Predicates: directedBy -> ""režíroval"". mainActor -> ""hlavný herec"". mainActress -> ""hlavná herečka"". Need to translate predicate to Slovak. So sentences: ""Vrásky z lásky režíroval Jiří Strach, hlavného herca bol Radoslav Brzobohatý a hlavná herečka bola Jiřina Bohdalová."" Or separate sentences. Must include all facts. Use correct gender forms: ""hlavný herec"" and ""hlavná herečka"". Use past tense? Not required. Could be present: ""režíruje"". But better: ""režíroval"". Use ""bol"" for actor. Provide one sentence. Ensure no extra info. Provide exactly the facts. Let's craft: ""Vrásky z lásky režíroval Jiří Strach, hlavným hercom bol Radoslav Brzobohatý a hlavnou herečkou bola Jiřina Bohdalová."" That includes all. Use ""hlavným hercom"" vs ""hlavný herec"". The predicate translation: ""mainActor"" -> ""hlavný herec"". In sentence we can say ""hlavným hercom bol"". That's fine. Provide only sentence."
Id81,politics,,,2,Hnutí Dobrých Proměn má predsedu Stanislava Rudolfského a Stanislav Rudolfský je predsedom Hnutí Dobrých Proměn.,"We need to produce Slovak sentence(s) that express both triples. Triples: 1. Hnutí Dobrých Proměn | hasChairperson | Stanislav Rudolfský 2. Stanislav Rudolfský | isChairpersonOf | Hnutí Dobrých Proměn We need to translate predicate to Slovak: ""hasChairperson"" -> ""má predsedu"" or ""má predsedníčku""? Since ""chairperson"" is ""predsedu"" (masc). So ""má predsedu"". ""isChairpersonOf"" -> ""je predsedom"". So we need to express both facts. Could combine: ""Hnutí Dobrých Proměn má predsedu Stanislava Rudolfského a Stanislav Rudolfský je predsedom Hnutí Dobrých Proměn."" That repeats both. That's fine. We must translate non-proper nouns: ""Hnutí Dobrých Proměn"" is a proper name (organization) keep as is. ""Stanislav Rudolfský"" proper name keep. Predikát translate. Thus final answer: one sentence."
Id82,other,,,5,"Teplická dopravná spoločnosť prevádzkuje mestskú hromadnú dopravu, prímestskú hromadnú dopravu a regionálnu hromadnú dopravu; dňa 2013‑01‑01 zmenila názov na Arriva Teplice.","We need to produce Slovak sentence(s) expressing all facts. Entities not proper names translate. ""teplická dopravní společnost"" is not a proper name? It's a generic description: ""teplická dopravná spoločnosť"". Should translate. Predikáty: ""operatesTransportType"" -> ""prevádzkuje typ dopravy"" maybe ""prevádzkuje"". ""nameChangeDate"" -> ""dátum zmeny názvu"". ""newName"" -> ""nový názov"". Need to include all three transport types: ""mestskú hromadnú dopravu"", ""prímestskú hromadnú dopravu"", ""regionálnu hromadnú dopravu"". Use proper Slovak forms. Sentence: ""Teplická dopravná spoločnosť prevádzkuje mestskú hromadnú dopravu, prímestskú hromadnú dopravu aj regionálnu hromadnú dopravu; dňa 2013-01-01 zmenila názov na Arriva Teplice."" Check translation: ""nameChangeDate"" is date of name change. So ""dňa 2013-01-01 zmenila názov na Arriva Teplice."" Good. All facts included. Use proper case: ""Teplická dopravná spoločnosť"" as subject. Provide one sentence maybe two short if needed. Could be one sentence with semicolon. Acceptable. Return only sentence."
Id83,sports,,,7,"Marek Bárta má českú národnosť, je športovec, špecializuje sa na diskový vrh, je viacnásobným majstrom Českej republiky, jeho disciplína je hod diskom a jeho osobný rekord je 65.46 metrov.","We need to produce Slovak sentence(s) that convey all facts. Translate non-proper nouns: nationality -> národnosť, profession -> povolanie, specialization -> špecializácia, achievement -> úspech, discipline -> disciplína, personalRecord -> osobný rekord, personalRecordUnit -> jednotka osobného rekordu? Actually we need to combine: personalRecord 65.46 and unit meters. So ""osobný rekord 65.46 metrov"". Also ""Český"" is nationality, but it's an adjective; keep as ""Český"". Should we translate ""Český"" to Slovak ""český""? The rule: translate each entity that is not a proper name. ""Český"" is an adjective indicating nationality, not a proper name, so translate to Slovak ""český"". So ""národnosť český"". But in Slovak we would say ""český"". So phrase: ""Marek Bárta má českú národnosť"". However we need to convey all facts in one or two sentences. List facts: - Marek Bárta má českú národnosť. - Marek Bárta je športovec. - Marek Bárta je diskař (specialization) -> ""diskař"" is Czech for ""disk thrower"". Translate to Slovak ""diskový vrhač"" maybe? But we need to translate entity that is not proper name. ""diskař"" is a common noun, so translate to Slovak. Could be ""diskový vrhač"". Might be okay. Or ""diskár"". But better ""diskový vrhač"". We'll use ""diskový vrhač"". - Marek Bárta je několikanásobný mistr České republiky -> translate: ""viacnásobný majster Českej republiky"". So ""má niekoľkokrát titul majstra Českej republiky"". We'll phrase: ""je viacnásobným majstrom Českej republiky"". - Marek Bárta má disciplínu hod diskem -> ""disciplína hod diskem"" translate to ""disciplína hod diskem"" maybe ""hod diskem"" is phrase; translate to Slovak ""hod diskom"". So ""disciplína hod diskom"". - Marek Bárta má osobný rekord 65.46 metrov. We need to include all. Could be one long sentence: ""Marek Bárta má českú národnosť, je športovec, špecializuje sa na diskový vrh, je viacnásobným majstrom Českej republiky, jeho disciplína je hod diskom a jeho osobný rekord je 65.46 metrov."" Check translation of ""specialization"" -> ""špecializácia"". Use ""špecializuje sa na"". Good. Thus final answer: one sentence."
Id84,culture,,,5,"Jan Kameníček má povolanie spisovateľ a dramatik, je český a je opisovaný ako pokračovateľ. Franz Kafka má nástupcu Jan Kameníček.","We need to produce Slovak sentences expressing all facts. Facts: 1. Jan Kameníček occupation spisovateľ. 2. Jan Kameníček occupation dramatik. 3. Jan Kameníček nationality český. 4. Jan Kameníček describedAs pokračovateľ. 5. Franz Kafka successor Jan Kameníček. We must translate predicate to Slovak: occupation -> povolanie? ""povolanie"" or ""zamestnanie"". Use ""povolanie"". describedAs -> ""opísaný ako"" maybe ""opisuje sa ako"". successor -> ""nástupca"". nationality -> ""národnosť"". So sentences: ""Jan Kameníček má povolanie spisovateľ a dramatik, je český a je opisovaný ako pokračovateľ. Franz Kafka má nástupcu Jan Kameníček."" Check: need to include all facts. The second sentence includes successor relation. Could combine: ""Franz Kafka má nástupcu Jan Kameníček."" That's fine. Make sure translation of ""describedAs"" as ""opisovaný ako"". Use ""je opisovaný ako"". Good. Thus final output two sentences."
Id85,culture,,,5,"Vladimíra Klumparová je česká sklářska výtvarníčka, žije v USA a pôsobila v rokoch 1985 až 2003.","We need to produce Slovak sentence(s) that convey all facts. Entities: Vladimíra Klumparová (proper name) - profession: sklářská výtvarnice (Czech phrase meaning glass artist? but we keep as is? It's not proper name, so translate to Slovak: ""sklářská výtvarnice"" is Czech; Slovak translation would be ""sklářska výtvarníčka""? Actually Slovak: ""sklářska výtvarníčka"" maybe ""sklářska výtvarníčka"". But we need to translate each entity that is not a proper name. So ""sklářská výtvarnice"" is a common noun phrase, translate to Slovak: ""sklářska výtvarníčka"". Might be ""sklářska výtvarníčka"". We'll use that. Nationality: česká -> translate? ""česká"" is already Slovak? It's same. It's an adjective, not proper name, so keep as ""česká"". ResidenceCountry: USA -> proper name, keep ""USA"". activityPeriodStart: 1985 (value). activityPeriodEnd: 2003. We need to produce one sentence (or two short) that includes all facts. Could be: ""Vladimíra Klumparová je česká sklářska výtvarníčka, ktorá žije v USA a pôsobila v rokoch 1985 až 2003."" That includes all facts: profession, nationality, residence country, activity period start and end. Ensure we used translation of predicate: ""je"" for profession? Actually predicate ""profession"" -> ""má povolanie"" or ""je"". We can phrase: ""má povolanie sklářska výtvarníčka"". But natural: ""Vladimíra Klumparová je česká sklářska výtvarníčka, žije v USA a pôsobila v rokoch 1985 až 2003."" That includes all. Check: we used ""žije v USA"" for residenceCountry. Good. All facts: profession, nationality, residenceCountry, activityPeriodStart, activityPeriodEnd. Yes. We must not add any extra facts. The phrase ""a pôsobila v rokoch 1985 až 2003"" includes both start and end. That's fine. Make sure we didn't add extra info like ""v rokoch"". That's okay as it's just a way to express the period. Not adding new facts. Return only the sentence."
Id86,sports,,,3,Česká fotbalová liga má alternatívny názov Fortuna Liga. Fortuna Liga platí od 2018-01-01 do 2024-12-31.,"We need to produce Slovak sentence(s) that express all facts. Triples: 1. ""česká fotbalová liga"" | alternativeName | ""Fortuna Liga"" 2. ""Fortuna Liga"" | validFrom | ""2018-01-01"" 3. ""Fortuna Liga"" | validTo | ""2024-12-31"" We must translate non-proper nouns. ""česká fotbalová liga"" is not a proper name? It seems like a description, but could be considered proper? It's likely a name of league, but it's not capitalized? It is lower case. So we translate each entity that is not a proper name. ""česká fotbalová liga"" is a phrase meaning ""česká futbalová liga"". Should we translate to Slovak: ""česká futbalová liga"". ""Fortuna Liga"" is a proper name, keep as is. Predicates: alternativeName -> ""má alternatívny názov"". validFrom -> ""platí od"". validTo -> ""platí do"". Need to convey all facts. We can produce: ""Česká fotbalová liga má alternatívny názov Fortuna Liga. Fortuna Liga platí od 2018-01-01 do 2024-12-31."" Or combine: ""Česká fotbalová liga má alternatívny názov Fortuna Liga, ktorý platí od 1. januára 2018 do 31. decembra 2024."" But we must keep dates exactly as given, not change format. So keep ""2018-01-01"" and ""2024-12-31"". Use them as is. Thus sentence(s): ""Česká fotbalová liga má alternatívny názov Fortuna Liga. Fortuna Liga platí od 2018-01-01 do 2024-12-31."" Check requirements: Use only info given. Yes. No extra. Use proper translation of predicate. Good. Return only the sentence(s)."
Id87,history,,,3,"Operace Dunaj je český film, ktorý bol vydaný v roku 2009 a má predmet inváziu vojsk Varšavskej zmluvy.","We need to produce Slovak sentence(s) expressing all facts. Triples: - Operace Dunaj | isCzechFilm | true => ""Operace Dunaj je český film."" - Operace Dunaj | releaseYear | 2009 => ""Operace Dunaj bola vydaná v roku 2009."" Or ""Operace Dunaj má rok vydania 2009."" Use natural Slovak. - Operace Dunaj | subject | invaze vojsk Varšavské smlouvy => subject is ""invaze vojsk Varšavské smlouvy"". Need translate non-proper nouns: ""invaze vojsk Varšavské smlouvy"" is Czech phrase meaning ""invázie vojsk Varšavskej zmluvy"". So translate: ""inváziu vojsk Varšavskej zmluvy"". So sentence: ""Operace Dunaj má predmet inváziu vojsk Varšavskej zmluvy."" Or ""Operace Dunaj sa zaoberá inváziou vojsk Varšavskej zmluvy."" Use predicate ""subject"" translate to ""má predmet"" or ""má tému"". Probably ""má predmet"". Provide one or two sentences covering all facts. Could combine: ""Operace Dunaj je český film, ktorý bol vydaný v roku 2009 a má predmet inváziu vojsk Varšavskej zmluvy."" That includes all. Ensure no extra info. Use ""vydaný"" vs ""vydaná"". Film is masculine? ""film"" is masculine, so ""vydaný"". Good. Return only sentence."
Id88,geography,,,2,Krušné hory sa nachádzajú v severozápadných Čiech a sú typom pohoorie.,"We need to produce Slovak sentence(s) expressing both facts. Entities: ""Krušné hory"" is proper name, keep. Predicates: location -> ""nachádza sa v"" maybe ""sa nachádza v"". type -> ""je typom"" but need natural: ""Krušné hory sa nachádzajú v severozápadných Čechách a sú pohořím."" Need translate ""pohoří"" to Slovak ""pohoorie"". Also ""severozápad Čech"" translate to ""severozápad Čiech""? In Slovak, ""Čechy"" is region, ""severozápad Čiech"". Use ""severozápadných Čiech"". Provide one sentence covering both. Ensure no extra info. So: ""Krušné hory sa nachádzajú v severozápadných Čiech a sú pohořím."" But ""pohořím"" is Czech; Slovak ""pohořím"" also? Slovak ""pohoří"" = ""pohoorie"". So: ""sú pohořím"" -> ""sú pohořím""? Better ""sú pohořím"" is Czech. Use Slovak ""sú pohořím"" maybe ""sú pohořím"" not correct. Use ""sú pohořím"" is wrong. Use ""sú pohořím"" no. Use ""sú pohořím"" hmm. Let's use ""sú pohořím"" but we need Slovak: ""sú pohořím"" is not Slovak. Slovak word: ""pohoří"" = ""pohoorie"". So: ""sú pohořím"" -> ""sú pohořím""? Actually ""pohoří"" is neuter noun, singular nominative ""pohoří"". Slovak ""pohoorie"". So phrase: ""sú pohořím"" -> ""sú pohořím""? Should be ""sú pohořím"" no. Use ""sú pohořím"" maybe ""sú pohořím"" is Czech. Use ""sú pohořím"" not good. Use ""sú pohořím"" hmm. Better: ""Krušné hory sa nachádzajú v severozápadných Čiech a sú pohořím."" Might be acceptable. But we could phrase: ""Krušné hory sa nachádzajú v severozápadných Čiech a ide o pohoří."" But need translate predicate ""type"" to Slovak ""je typom"". So: ""Krušné hory sa nachádzajú v severozápadných Čiech a sú typom pohoří."" But ""pohoří"" translate to ""pohořím""? Actually ""type"" predicate: ""type"" -> ""typ"". So ""Krušné hory sú typom pohoří."" But need translate object ""pohoří"" to Slovak ""pohoorie"". So: ""Krušné hory sú typom pohoorie."" That sounds odd but okay. Thus final sentence: ""Krušné hory sa nachádzajú v severozápadných Čiech a sú typom pohoorie."" Ensure all facts: location and type. Yes. Return only that sentence."
Id89,geography,,,2,Jezero Most bolo vytvorené zatopením lomu Most–Ležáky a má dátum otvorenia 2020.,"We need to produce Slovak sentence(s) that express all facts. Two triples: Subject: Jezero Most (Lake Most) - it's a proper name? It's a proper name, keep as is. Predicate: created by -> ""vytvorené zatopením lomu Most–Ležáky"". Object: zatopením lomu Most–Ležáky (that's a phrase, not a proper name? ""lomu Most–Ležáky"" is a location, but it's not a proper name? It's a phrase describing a quarry. Should we translate? The rule: translate each entity that is NOT a proper name. ""zatopením lomu Most–Ležáky"" includes ""lomu"" (genitive of ""lom"" = quarry) which is common noun, so translate ""lomu"". ""Most–Ležáky"" is likely a proper name (two places). Keep as is. So phrase becomes ""zatopením lomu Most–Ležáky"". Good. Second triple: Jezero Most | openingDate | 2020. Predicate ""openingDate"" translate to ""dátum otvorenia"" or ""rok otvorenia""? Should be natural: ""rok otvorenia"". Use ""rok otvorenia"". So sentence: ""Jezero Most bolo vytvorené zatopením lomu Most–Ležáky a jeho rok otvorenia je 2020."" Or ""Jezero Most bolo vytvorené zatopením lomu Most–Ležáky a otvorilo sa v roku 2020."" But need to use predicate translation: ""openingDate"" -> ""dátum otvorenia"". Could phrase: ""Jezero Most má dátum otvorenia 2020."" That expresses fact. Combine both: ""Jezero Most bolo vytvorené zatopením lomu Most–Ležáky a má dátum otvorenia 2020."" That includes both facts. Ensure no extra info. Use proper translation of predicate: ""vytvorené"" for ""created by"". ""má dátum otvorenia"". Good. Return only sentence(s)."
Id90,sports,,,4,Ondřej Perušič je súčasťou Ondřej Perušič a David Schweiner a David Schweiner je súčasťou Ondřej Perušič a David Schweiner. Ondřej Perušič a David Schweiner sa stal svetovým šampionom v plážovom volejbale v roku 2023.,"We need to produce Slovak sentence(s) that express all facts. Translate predicates: ""isPartOf"" -> ""je súčasťou"" maybe ""je súčasťou"". ""becameWorldChampionIn"" -> ""sa stal svetovým šampionom v"". ""becameWorldChampionInYear"" -> ""sa stal svetovým šampionom v roku"". Entities: ""Ondřej Perušič"" and ""David Schweiner"" are proper names, keep. ""Ondřej Perušič a David Schweiner"" is a combined entity (team). Should we translate? It's a phrase with proper names and conjunction, keep as is. ""beach volleyball"" translate to ""plážový volejbal"". So sentences: Ondřej Perušič je súčasťou Ondřej Perušič a David Schweiner. David Schweiner je súčasťou Ondřej Perušič a David Schweiner. Ondřej Perušič a David Schweiner sa stal svetovým šampionom v plážovom volejbale. Ondřej Perušič a David Schweiner sa stal svetovým šampionom v roku 2023. But note grammar: ""sa stal"" for plural? Should be ""sa stali"" because team is plural? However predicate is ""becameWorldChampionIn"" applied to the team entity, which is plural concept but treat as singular? In Slovak, ""tím sa stal"" is singular. So ""sa stal"". Good. We need to include all facts. Could combine into two sentences: first two facts about membership, then two about championship. Could also combine membership into one sentence: ""Ondřej Perušič a David Schweiner sú súčasťou Ondřej Perušič a David Schweiner."" But that would be wrong: subject is each individual is part of the team. Better separate. Thus output two sentences? Actually four facts, could be two sentences each containing two facts: ""Ondřej Perušič je súčasťou Ondřej Perušič a David Schweiner a David Schweiner je súčasťou Ondřej Perušič a David Schweiner."" That's one sentence with both. Then ""Ondřej Perušič a David Schweiner sa stal svetovým šampionom v plážovom volejbale v roku 2023."" That combines both championship facts. That covers all. Let's do that. Check translation: ""becameWorldChampionInYear"" -> ""sa stal svetovým šampionom v roku"". So combine: ""sa stal svetovým šampionom v plážovom volejbale v roku 2023."" Good. Thus final output: one sentence with membership, second with championship. Make sure no extra punctuation. Provide only sentences."
Id91,culture,,,1,Slovo „robot“ má skutočného autora Josefa Čapeka.,"We need to produce a Slovak sentence expressing the fact: subject ""slovo ""robot"""" (the word ""robot"") | trueAuthor | Josef Čapek. So translate subject: slovo ""robot"" -> ""slovo „robot“"". Predicate trueAuthor -> ""skutočným autorom je"". Object: Josef Čapek (proper name). So sentence: Slovo „robot“ je skutočným autorom Josef Čapek? Actually need proper grammar: ""slovo „robot“ má skutočného autora Josefa Čapeka."" But predicate translation: trueAuthor = ""skutočný autor"". Could be ""skutočným autorom je"". Use natural: ""Slovo „robot“ má skutočného autora Josefa Čapeka."" That includes all facts. Use only given info. Yes. Return only sentence."
Id92,history,,,1,Nuselský most mal predchádzajúcu prezývku Most sebevrahov.,"We need to produce a Slovak sentence expressing the fact: ""Nuselský most"" has previous nickname ""Most sebevrahů"". Translate predicate ""previousNickname"" to Slovak: ""predchádzajúca prezývka"" maybe ""predchádzajúca prezývka"". The object ""Most sebevrahů"" is not a proper name? It's a phrase in Czech meaning ""Bridge of suicides"". It's not a proper name? Probably it's a name, but it's not a proper name in Slovak. The instruction: translate each entity that is NOT a proper name. ""Most sebevrahů"" is a name of a nickname, maybe considered a phrase, not a proper name? It's a nickname, but it's a phrase. I'd translate it to Slovak: ""Most sebevrahov"". But instruction: translate each entity that is not a proper name. ""Most sebevrahů"" is a phrase in Czech, not a proper name? It's a nickname, but it's a phrase. So we should translate it to Slovak: ""Most sebevrahov"". However, maybe we keep it as is because it's a nickname (a phrase) but not a proper name. I'd translate. So sentence: ""Nuselský most mal predchádzajúcu prezývku Most sebevrahov."" Or ""Nuselský most má predchádzajúcu prezývku Most sebevrahov."" Since it's previous nickname, past tense: ""mal"". Use ""predchádzajúcu prezývku"". So final answer: one sentence."
Id93,culture,,,1,Prvá česká hip hopová sólová platňa má názov Frekvence P.H.A.T.,"We need to produce Slovak sentence(s) expressing the fact. RDF triple: subject ""první česká hip hopová sólová deska"" predicate ""hasTitle"" object ""Frekvence P.H.A.T"". Need to translate non-proper nouns. Subject is ""první česká hip hopová sólová deska"". This is Czech phrase meaning ""prvá česká hip hopová sólová platňa"". We need to translate each entity that is not a proper name. The subject includes ""první česká hip hopová sólová deska"". Words: ""první"" = ""prvá"", ""česká"" = ""česká"", ""hip hopová"" = ""hip hopová"", ""sólová"" = ""sólová"", ""deska"" = ""platňa"". So translate to Slovak: ""prvá česká hip hopová sólová platňa"". The predicate ""hasTitle"" translate to ""má názov"". The object ""Frekvence P.H.A.T"" is likely a title, proper name, keep as is. So sentence: ""Prvá česká hip hopová sólová platňa má názov Frekvence P.H.A.T."" Ensure capitalization: start with capital. Provide only sentence."
Id94,history,,,6,"Vojtěch Zikmund je chemik, podnikateľ a priemyselník, je český a má úlohu u zrodu. Česká spoločnosť má odvetvie výroba a predaj benzínu.","We need to produce Slovak sentence(s) expressing all facts. Translate non-proper nouns. Entities: ""Vojtěch Zikmund"" is proper name, keep. ""chemik"" -> chemik (Slovak same). ""podnikatel"" -> podnikateľ. ""průmyslník"" -> priemyselník. ""český"" -> český (adjective). ""u zrodu"" -> ""u zrodu"" maybe phrase meaning ""at the founding"". ""česká společnost"" is a proper name? It's ""česká společnost"" meaning ""Czech company"". It's not a proper name, it's a common noun phrase, so translate: ""česká spoločnosť"". ""industry"" predicate -> ""odvetvie"". Object ""výroba a prodej benzínu"" translate: ""výroba a predaj benzínu"". So sentence(s) must include all facts: - Vojtěch Zikmund je chemik. - Vojtěch Zikmund je podnikateľ. - Vojtěch Zikmund je priemyselník. - Vojtěch Zikmund je český. - Vojtěch Zikmund má úlohu u zrodu. (foundingRole -> u zrodu). Could phrase: ""Vojtěch Zikmund má úlohu u zrodu."" - Česká spoločnosť má odvetvie výroba a predaj benzínu. We need to combine into one sentence or two short if needed, but must include all facts. Could do one long sentence with commas and conjunctions. Example: ""Vojtěch Zikmund je chemik, podnikateľ a priemyselník, je český a má úlohu u zrodu, pričom česká spoločnosť sa zaoberá výrobou a predajom benzínu."" However need to keep predicate translation: ""industry"" -> ""odvetvie"". So ""česká spoločnosť má odvetvie výroba a predaj benzínu."" Could embed. One sentence: ""Vojtěch Zikmund je chemik, podnikateľ a priemyselník, je český a má úlohu u zrodu; česká spoločnosť má odvetvie výroba a predaj benzínu."" That's two clauses separated by semicolon, still one sentence? Might be considered two sentences. Requirement: one sentence (or two short if necessary). Could produce two sentences: first covering Vojtěch Zikmund facts, second covering Czech company. That seems fine. Thus output: ""Vojtěch Zikmund je chemik, podnikateľ a priemyselník, je český a má úlohu u zrodu. Česká spoločnosť má odvetvie výroba a predaj benzínu."" Check translation: ""česká spoločnosť"" is not proper name, okay. All facts included. No extra info. Good."
Id95,geography,,,1,Svojkovské skály sa nachádzajú v Českolipsko.,"We need to produce Slovak sentence(s) expressing the fact: ""Svojkovské skály"" locatedIn ""Českolipsko"". Translate predicate ""locatedIn"" to Slovak: ""sa nachádza v"" or ""sa nachádza v"". Subject is ""Svojkovské skály"". Object ""Českolipsko"" is a place name, keep as is. So sentence: ""Svojkovské skály sa nachádzajú v Českolipsku."" Note: location name likely ""Českolipsko"" but Slovak locative case would be ""Českolipsku"". However instruction: keep exact string as given? It says preserve numbers, dates, values exactly as given. For entities that are not proper names, translate. ""Českolipsko"" is a proper name (place), keep as is. But in Slovak sentence, we might need case change, but that would modify the string. The rule says keep proper names unchanged. So we should keep ""Českolipsko"". But grammar? Could say ""v Českolipsko"" which is not correct Slovak but meets rule. Probably acceptable. Use predicate translation: ""sa nachádza v"". So: ""Svojkovské skály sa nachádzajú v Českolipsko."" Use plural ""sa nachádzajú"". That seems fine."
Id96,sports,,,4,David Krejčí je český skibobista a má 12 titulov typu mistr sveta.,"We need to produce Slovak sentence(s) that express all facts. Facts: 1. David Krejčí nationality Český -> translate ""Český"" is not proper name? It's an adjective meaning Czech. Should we translate? The entity ""Český"" is likely a nationality adjective. It's not a proper name, so translate to Slovak: ""český"". So: David Krejčí má štátnu príslušnosť českú? In Slovak: ""David Krejčí je český"". Use predicate ""nationality"" -> ""má štátnu príslušnosť"". Could say ""David Krejčí je český"". That's natural. 2. David Krejčí profession skibobista -> ""skibobista"" is a noun, not proper name, translate to Slovak: ""skibobista"". So: ""David Krejčí je skibobista"" or ""David Krejčí pracuje ako skibobista"". Use predicate ""profession"" -> ""povolanie"". Could say ""David Krejčí má povolanie skibobista"". Acceptable. 3. David Krejčí holdsTitles 12 -> holdsTitles means ""má 12 titulov"". So: ""David Krejčí má 12 titulov"". But we also have next triple linking 12 to titleType mistr světa. So we need to express that the 12 titles are of type ""mistr světa"". So we need to convey that David Krejčí holds 12 world champion titles. The triple: 12 | titleType | mistr světa. So ""12"" is an entity representing number of titles, with titleType ""mistr světa"" (world champion). So we need to say that the 12 titles are world champion titles. So combine: ""David Krejčí má 12 titulov typu mistr sveta"". Translate ""mistr světa"" to Slovak: ""mistr sveta"". So final sentence(s) should include all facts: nationality, profession, holds 12 titles, and those titles are world champion titles. We must not add extra info. So maybe one sentence: ""David Krejčí je český skibobista, má 12 titulov typu mistr sveta."" That includes all. Ensure predicate translation: ""is"" for nationality and profession. Use ""má"" for holdsTitles. Title type expressed. Check: We used ""český"" as adjective. Should we keep capital? In Slovak, nationality adjectives are lower case. So ""český"". Good. Thus final output: one sentence."
Id97,culture,,,2,České ocenenie má názov Zlatá stuha a má oblasť knižná tvorba pre deti a mládež.,"We need to produce Slovak sentence(s) that express all facts. Two triples: subject: ""české ocenění"" (Czech award) - not a proper name, so translate to Slovak: ""české ocenenie"". predicate ""name"" -> ""má názov"" maybe. object ""Zlatá stuha"" is proper name, keep as is. second triple: subject same ""české ocenění"" -> ""české ocenenie"". predicate ""field"" -> ""pôsobí v oblasti"" or ""má oblasť"". Need to translate predicate to Slovak naturally. Use ""má názov"" and ""má oblasť"" maybe. Provide one sentence: ""České ocenenie má názov Zlatá stuha a má oblasť knižná tvorba pre deti a mládež."" Need to translate object ""knižní tvorba pro děti a mládež"" to Slovak: ""knižná tvorba pre deti a mládež"". Yes. Make sure we include both facts. Could be two short sentences: ""České ocenenie má názov Zlatá stuha. Má oblasť knižná tvorba pre deti a mládež."" Both fine. We must not add any extra info. Use proper translation of predicate ""name"" -> ""má názov"". ""field"" -> ""má oblasť"". Provide one or two sentences. I'll output one sentence. Check: ""České ocenenie má názov Zlatá stuha a má oblasť knižná tvorba pre deti a mládež."" That includes both facts. Good."
Id98,culture,,,3,"Akademie múzických umění v Praze má fakultu DAMU, má fakultu FAMU a má fakultu HAMU.","We need to produce Slovak sentence(s) that express all facts: ""Akademie múzických umění v Praze má fakultu DAMU, má fakultu FAMU a má fakultu HAMU."" Need translate predicate ""hasFaculty"" to Slovak ""má fakultu"". Entities that are not proper names: ""Akademie múzických umění v Praze"" is a proper name? It's a name of an institution, likely proper name, keep as is. ""DAMU"", ""FAMU"", ""HAMU"" are acronyms, proper names, keep. So sentence: ""Akademie múzických umění v Praze má fakultu DAMU, má fakultu FAMU a má fakultu HAMU."" Could also be two short sentences, but one is fine. Ensure no extra facts. Output only the sentence."
Id99,sports,,,2,Česká basketbalová federace vedie šport basketbal a pôsobí v Českej republike.,"We need to produce Slovak sentence(s) that express both facts. Entities: ""Česká basketbalová federace"" is a proper name, keep as is. Predicates: ""leadsSport"" translate to ""vedie šport"" or ""vedie šport"" maybe ""vedie šport"" but more natural: ""vedie šport"" or ""vedie šport"". Could be ""vedie šport basketbal"". Actually predicate leadsSport: subject leadsSport object => subject leads sport object. So ""Česká basketbalová federace vedie šport basketbal."" Next: operatesIn => ""pôsobí v"". So ""Česká basketbalová federace pôsobí v Českej republike."" Need to keep ""Česká republika"" as proper name unchanged. Should we translate ""Česká republika""? It's proper name, keep as is. So two sentences. Could combine: ""Česká basketbalová federace vedie šport basketbal a pôsobí v Českej republike."" That includes both facts in one sentence. That is okay. Ensure no extra info. Use ""vedie šport basketbal"" maybe ""vedie šport basketbal"" is okay. Could also ""vedie šport basketbal"". Use ""pôsobí v"". So final answer: one sentence."
Id100,other,,,3,"Diváci vedia, že Radko John sa objavuje v Na vlastní oči, ktorý je investigatívny program.","We need to produce Slovak sentence(s) that express all facts. Triples: 1. diváci | know | Radko John 2. Radko John | appearsIn | Na vlastní oči 3. Na vlastní oči | isA | investigativní pořad We must translate predicate to Slovak, and translate non-proper nouns. Entities: ""diváci"" is Slovak already meaning ""spectators"". It's not a proper name, so translate? It's already Slovak, keep as is. ""Radko John"" is proper name, keep. ""Na vlastní oči"" is title of a show, likely proper name, keep as is. ""investigativní pořad"" is Czech phrase meaning ""investigatívny program"". It's not proper name, so translate to Slovak: ""investigatívny pořad""? Should be ""investigatívny program"". The instruction: translate each entity that is NOT a proper name. So ""investigativní pořad"" is not proper name, translate to Slovak: ""investigatívny program"". Also ""isA"" predicate translates to ""je"". ""appearsIn"" translates to ""sa objavuje v"" or ""sa objavuje v"". ""know"" translates to ""vedia"". But subject ""diváci"" plural, predicate ""know"" => ""vedia"". So sentence: ""Diváci vedia, že Radko John sa objavuje v Na vlastní oči, ktorý je investigatívny program."" Need to include all facts. The third triple: Na vlastní oči is a investigativní pořad. So we need to state that Na vlastní oči je investigatívny program. Could be combined: ""Diváci vedia, že Radko John sa objavuje v Na vlastní oči, ktorý je investigatívny program."" That includes all three: diváci know Radko John; Radko John appearsIn Na vlastní oči; Na vlastní oči isA investigativní pořad (translated). The phrase ""ktorý je investigatívny program"" conveys that. Ensure no extra info. Use proper translation of predicate: ""vedia"" for know, ""sa objavuje v"" for appearsIn, ""je"" for isA. The sentence includes ""vedia, že"". That's okay. Check: ""Diváci vedia, že Radko John sa objavuje v Na vlastní oči, ktorý je investigatívny program."" All facts present. No extra. Output only sentence."
Id101,history,,,4,"František Palacký je český historik, politik a zakladateľ. Matice česká má zakladajúceho člena Františka Palackého.","We need to produce Slovak sentence(s) that express all facts. Facts: 1. František Palacký profession český historik -> translate ""český historik"" to Slovak? ""český historik"" is Czech phrase; Slovak translation: ""český historik"" maybe ""český historik"" stays? The instruction: translate each entity that is NOT a proper name. So ""český historik"" is not a proper name, translate to Slovak: ""český historik"" in Slovak would be ""český historik"" (same words). Could also be ""český historik"". Keep as is. 2. František Palacký profession politik -> translate ""politik"" to Slovak: ""politik"". 3. František Palacký role zakladatel -> translate ""zakladatel"" to Slovak: ""zakladateľ"". 4. Matice česká foundingMember František Palacký -> translate ""foundingMember"" to Slovak: ""zakladajúci člen"" maybe ""zakladajúci člen"". Entity ""Matice česká"" is proper name? It's an organization name, keep as is. So sentence: ""František Palacký je český historik, politik a zakladateľ; je zakladajúcim členom Matice česká."" Need to ensure all facts: profession includes both, role zakladatel, and Matice česká foundingMember František Palacký. We must not add any extra facts. The phrase ""je"" is okay. Use ""zakladajúcim členom"" maybe ""zakladajúcim členom"". Should we use ""zakladajúcim členom"" or ""zakladajúcim členom""? The predicate ""foundingMember"" translates to ""zakladajúci člen"". In Slovak, ""zakladajúci člen"" is a noun phrase; we need to express that Matice česká má zakladajúceho člena Františka Palackého. Could phrase: ""Matice česká má zakladajúceho člena Františka Palackého."" That expresses the fact. Thus combine: ""František Palacký je český historik, politik a zakladateľ. Matice česká má zakladajúceho člena Františka Palackého."" Two sentences okay. Ensure no extra info. Use proper diacritics. Provide only sentences."
Id102,culture,,,4,"Ottův Slovník Naučný je fyzická encyklopédia, má jazyk čeština, je najväčší a najobsiahlejší.","We need to produce Slovak sentence(s) expressing all facts. Entities: ""Ottův Slovník Naučný"" is a proper name, keep as is. Predicates: isType -> typ, language -> jazyk, sizeComparison -> porovnanie veľkosti? Should translate predicate to Slovak: ""je typom"", ""má jazyk"", ""má porovnanie veľkosti""? Need natural phrasing. We must convey: Ottův Slovník Naučný je fyzická encyklopédia; jazyk je čeština; je najväčší; je najobsiahlejší. Use Slovak adjectives: ""najväčší"" and ""najobsiahlejší"". Provide one sentence maybe: ""Ottův Slovník Naučný je fyzická encyklopédia, má jazyk čeština, je najväčší a najobsiahlejší."" That includes all facts. Ensure translation of predicates: ""je typom"" maybe but ""je fyzická encyklopédia"" conveys type. Use ""má jazyk"". Provide one sentence."
Id103,history,,,1,Najstaršia politická strana v českých krajinách má dátum založenia 1848-01-01.,"We need to produce Slovak sentence(s) expressing the fact. The triple: subject ""Nejstarší politická strana v českých zemích"" (Czech language) which is not a proper name, so translate each entity that is not a proper name. The subject is a phrase meaning ""the oldest political party in the Czech lands"". That's not a proper name, so translate to Slovak: ""najstaršia politická strana v českých krajinách""? Actually ""českých zemích"" -> ""českých krajinách"". So subject becomes ""najstaršia politická strana v českých krajinách"". Predicate ""foundingDate"" translate to ""dátum založenia"". Object ""1848-01-01"" keep as is. Thus sentence: ""Najstaršia politická strana v českých krajinách má dátum založenia 1848-01-01."" Or ""má dátum založenia"" is natural. Could also ""bola založená dňa 1848-01-01"". But predicate translation: ""dátum založenia"". Use ""má"". So final output: one sentence. Check requirements: Use only info. Yes. Return only sentence."
Id104,history,,,1,Národní listy založil Julius Grégr.,"We need to produce Slovak sentence(s) expressing the fact: ""Národní listy"" foundedBy Julius Grégr. Translate non-proper nouns: ""Národní listy"" is a proper name? It's a newspaper name, likely proper noun, keep as is. Predicate ""foundedBy"" translate to Slovak ""založil"". Subject ""Národní listy"" (proper name) object ""Julius Grégr"" (proper name). So sentence: ""Národní listy založil Julius Grégr."" However subject is newspaper, which is neuter? In Slovak, ""Národní listy"" is plural? It's plural name. But we can keep as is. Use correct verb agreement? Could be ""založili"". But we must use predicate translation ""založil"". The instruction: ""Predikát VŽDY prelož do slovenčiny a použi ho vo vete prirodzene."" So ""foundedBy"" -> ""založil"". Use singular masculine? Might be okay. Provide one sentence."
Id105,history,,,1,Hněvín má prvý rok zmienky 1248.,"We need to produce Slovak sentence(s) expressing the fact: ""Hněvín"" firstMentionYear 1248. Translate predicate ""firstMentionYear"" to Slovak: ""prvý rok zmienky"" maybe ""rok prvej zmienky"". The instruction: translate predicate to Slovak and use naturally. So ""Hněvín má rok prvej zmienky 1248."" Or ""Hněvín bol prvýkrát spomenutý v roku 1248."" But need to use predicate translation: ""prvý rok zmienky"". Could be ""Hněvín má prvý rok zmienky 1248."" That sounds okay. Must not add extra info. Use only given facts. So sentence: ""Hněvín má prvý rok zmienky 1248."" That's one sentence."
Id106,history,,,4,"František Barvitius má národnosť československý, má povolanie inžinier a prispel k Walter Minor, pričom Walter Minor má typ letecký motor.","We need to produce Slovak sentence(s) that express all facts. Facts: 1. František Barvitius nationality Československý -> ""František Barvitius je československý."" 2. František Barvitius profession inženýr -> ""František Barvitius je inžinier."" (in Slovak ""inžinier"" maybe ""inžinier"". The original ""inženýr"" Czech; translate to Slovak ""inžinier"".) 3. František Barvitius contributedTo Walter Minor -> ""František Barvitius prispel k Walter Minor."" (predikát ""prispel k"" maybe ""prispel k"".) 4. Walter Minor type letecký motor -> ""Walter Minor je letecký motor."" (type = ""typ"" but we can phrase ""Walter Minor je letecký motor."" or ""Walter Minor je typ leteckého motora""? The predicate ""type"" means ""typ"". We need to translate predicate to Slovak: ""type"" -> ""typ"". So we could say ""Walter Minor má typ letecký motor."" But natural: ""Walter Minor je letecký motor."" That conveys type. But we must use predicate translation: ""typ"". Could phrase ""Walter Minor má typ letecký motor."" That uses ""má typ"". That seems okay. We need to include all facts in one or two sentences. Could combine: ""František Barvitius je československý inžinier, ktorý prispel k Walter Minor, pričom Walter Minor má typ letecký motor."" That includes all. Ensure no extra info. Use ""československý"" as adjective. Use ""inžinier"". Use ""prispel k"". Use ""má typ"". Good. Check translation of ""nationality"" -> ""národnosť"". Could phrase ""má národnosť československý"". But ""je československý"" is okay. The requirement: translate predicate to Slovak and use naturally. So predicate ""nationality"" -> ""národnosť"". So we could say ""František Barvitius má národnosť československý"". That is literal. Might be better to keep predicate translation. Let's do: ""František Barvitius má národnosť československý, je inžinier a prispel k Walter Minor, pričom Walter Minor má typ letecký motor."" That includes all. Check each predicate: nationality -> ""má národnosť"". profession -> ""je"" maybe ""má povolanie"". But predicate ""profession"" -> ""povolanie"". So ""má povolanie inžinier"". Use that. So sentence: ""František Barvitius má národnosť československý, má povolanie inžinier a prispel k Walter Minor, pričom Walter Minor má typ letecký motor."" All facts covered. No extra. Provide only sentence."
Id107,history,,,1,Škoda má pôvodný názov Laurin & Klement.,"We need to produce a Slovak sentence expressing the fact: subject Škoda, predicate originalName, object Laurin & Klement. Translate predicate to Slovak: ""pôvodný názov"". Also translate entity that is not proper name: ""Škoda"" is a proper name (company). ""Laurin & Klement"" is also proper name. So we keep them. Sentence: ""Škoda má pôvodný názov Laurin & Klement."" Or ""Pôvodný názov spoločnosti Škoda je Laurin & Klement."" Both fine. Must use only given info. Use predicate translation: ""pôvodný názov"". Use ""má"" maybe. Provide one sentence."
Id108,history,,,7,"Františka Plamínková je politička, novinárka a feministka, je československá, jej aktívne obdobie bolo 1918‑1938, dňa 1942-06-30 bola popravená v kontexte Heydrichiády.","We need to produce a Slovak sentence(s) that includes all facts. Translate non-proper nouns. Entities: Františka Plamínková is a proper name, keep. Predicates: isA -> ""je"". nationality -> ""národnosť"". activePeriod -> ""aktívne obdobie"". executionDate -> ""dátum popravy"". executionContext -> ""kontext popravy"". Need to include all facts: She is a politician, journalist, feminist; she is Czechoslovak; active period 1918-1938; execution date 1942-06-30; execution context Heydrichiáda. We must not add any extra info. So sentence: ""Františka Plamínková je politička, novinárka a feministka, je československá, jej aktívne obdobie bolo 1918‑1938, dňa 30. júna 1942 bola popravená v rámci Heydrichiády."" Need to keep date format as given: 1942-06-30. Should we keep that format? The requirement: preserve numbers, dates exactly as given. So we must write ""1942-06-30"". So maybe: ""dňa 1942-06-30"". Also ""Heydrichiáda"" is proper name, keep. Thus final sentence: ""Františka Plamínková je politička, novinárka a feministka, je československá, jej aktívne obdobie bolo 1918‑1938, dňa 1942-06-30 bola popravená v kontexte Heydrichiády."" Ensure translation of executionContext: ""kontext"". Use ""v kontexte"". Good. Return only sentence."
Id109,politics,,,3,"Adam Vojtěch je český politik, bol bývalým ministrom zdravotníctva a je známy vystúpením v súťaži SuperStar.","We need to produce Slovak sentence(s) expressing all facts. Entities: ""Adam Vojtěch"" is a proper name, keep as is. Predicates: isA -> ""je"". formerPosition -> ""bol"" maybe ""bol bývalým"" but need to translate predicate. ""formerPosition"" could be ""bývalou pozíciou"". So sentence: ""Adam Vojtěch je český politik, bol bývalým ministrom zdravotníctva a je známy vystúpením v súťaži SuperStar."" Need to translate ""knownFor"" -> ""je známy"". Object ""vystoupení v soutěži SuperStar"" translate non-proper nouns: ""vystúpenie v súťaži SuperStar"". So final sentence: ""Adam Vojtěch je český politik, bol bývalým ministrom zdravotníctva a je známy vystúpením v súťaži SuperStar."" Ensure all facts: isA, formerPosition, knownFor. Yes. Check translation: ""ministr zdravotnictví"" -> ""minister zdravotníctva"". Use ""bývalým"" for former position. Could also say ""bol bývalým ministrom zdravotníctva"". That's fine. Return only sentence."
Id110,culture,,,6,"Česká situačná komédia má názov Světáci, má rok vydania 1969 a má herečky Bohdalová, Jirásková a Janžurová, pričom Bohdalová Jirásková Janžurová tvoria skupinu slávnu ženskú trojicu.","We need to produce Slovak sentence(s) expressing all facts. Triples: 1. ""Česká situační komedie"" hasTitle ""Světáci"". So: Česká situační komedie má názov Světáci. But need translate predicate ""hasTitle"" to Slovak: ""má názov"". Entities: ""Česká situační komedie"" is not a proper name? It's a description, not a proper name. Should translate each entity that is not a proper name. ""Česká situační komedie"" is a phrase meaning ""česká situačná komédia"". That's a common noun phrase, not a proper name, so translate. So we write ""česká situačná komédia"". Keep proper names unchanged: ""Světáci"" is title, likely proper name, keep as is. So: ""Česká situační komedie"" becomes ""česká situačná komédia"". So sentence: ""Česká situačná komédia má názov Světáci."" 2. Světáci releaseYear 1969. So: Světáci má rok vydania 1969. ""releaseYear"" translate to ""má rok vydania"". Keep Světáci as proper name. 3. Světáci featuresActress Bohdalová. So: Světáci má herečku Bohdalová. ""featuresActress"" translate to ""má herečku"". Keep Bohdalová as proper name. 4. Světáci featuresActress Jirásková. So: Světáci má herečku Jirásková. 5. Světáci featuresActress Janžurová. So: Světáci má herečku Janžurová. 6. Bohdalová Jirásková Janžurová formsGroup slavná ženská trojice. The subject is ""Bohdalová Jirásková Janžurová"". That's three names concatenated? Probably a group of three actresses. It's not a proper name? It's a list of names, but treat as entity? It's not a proper name, but it's a combination of proper names. The predicate ""formsGroup"" translate to ""tvoria skupinu"". Object ""slavná ženská trojice"" is not proper name, translate: ""slávna ženská trojica"". So: ""Bohdalová Jirásková Janžurová tvoria skupinu slávna ženská trojica."" However grammar: ""tvoria skupinu slávnej ženské trojice""? Need correct Slovak: ""tvoria skupinu slávnej ženské trojice"" maybe ""slávna ženská trojica"" is nominative, but after ""skupinu"" we need accusative: ""slávnu ženskú trojicu"". But we must keep the phrase exactly as given? The requirement: preserve exact words for numbers, dates, values. For other words we can translate. The object is ""slavná ženská trojice"". We translate to Slovak: ""slávna ženská trojica"". Should we adjust case? The instruction says use predicate naturally. So we can adjust grammar. So ""tvoria skupinu slávnu ženskú trojicu."" That changes the form of ""slavná"" to ""slávnu"". That's okay as it's natural Slovak. The original phrase is ""slavná ženská trojice"". We translate each word, but we can inflect. Probably acceptable. Now combine all facts into one or two sentences. Could be one long sentence: ""Česká situačná komédia má názov Světáci, má rok vydania 1969 a má herečky Bohdalová, Jirásková a Janžurová, pričom Bohdalová Jirásková Janžurová tvoria skupinu slávnu ženskú trojicu."" That includes all facts. Ensure we didn't add any extra info. We used ""a"" to list actresses, that's natural. We didn't add extra facts. Should we mention each actress separately? The combined sentence includes them. It's okay. Check each fact: - Title: ""má názov Světáci"" present. - Release year: ""má rok vydania 1969"" present. - FeaturesActress: ""má herečky Bohdalová, Jirásková a Janžurová"" includes all three. - FormsGroup: ""Bohdalová Jirásková Janžurová tvoria skupinu slávnu ženskú trojicu."" includes group. All good. Now output only the sentence(s)."
Id111,culture,,,1,Česká hudební cena Anděl je symbolizovaná soškou Anděla.,"We need to produce Slovak sentence(s) expressing the fact. RDF triple: subject ""Česká hudební cena Anděl"" predicate ""symbolizedBy"" object ""soška Anděla"". Translate non-proper nouns: ""Česká hudební cena Anděl"" is a proper name? It's a proper name of an award, likely proper. Should keep as is. Predicate ""symbolizedBy"" translate to ""je symbolizovaná"". Object ""soška Anděla"" - ""soška"" is common noun, translate to Slovak ""soška"". ""Anděla"" is proper name? It's the name of the angel, but likely proper. Keep as is. So sentence: ""Česká hudební cena Anděl je symbolizovaná soškou Anděla."" Ensure grammar: ""soškou"" instrumental. Yes. Return only sentence."
Id112,culture,,,3,"Český seriál Sňatky z rozumu má tému české vlastenectvo, ktoré má časové obdobie 19. storočie, a adresuje okolnosti tzv. národné obrodenie.","We need to produce Slovak sentence(s) that express all facts. Facts: 1. Český seriál Sňatky z rozumu | hasTheme | české vlastenectví => The Czech series ""Sňatky z rozumu"" has theme ""české vlastenectví"". Translate predicate: ""má tému"". Entity ""české vlastenectví"" is not proper name, translate to Slovak: ""české vlastenectvo"". The series name is proper, keep. 2. české vlastenectví | timePeriod | 19 století => ""české vlastenectvo"" time period ""19 století"". Translate predicate: ""má časové obdobie"". Translate object: ""19 storočie"". Keep ""19"" as number. So: ""české vlastenectvo má časové obdobie 19 storočie."" Might need ""19. storočie"". The original says ""19 století"". Should be ""19. storočie"". Keep exact? They said preserve numbers, dates exactly as given. ""19 století"" includes number 19 and word ""století"". Translate to Slovak ""19. storočie"". That's a translation, but they said translate each entity that is not proper name. So ""19 století"" is not proper name, translate to Slovak. So ""19. storočie"". Good. 3. Český seriál Sňatky z rozumu | addressesCircumstances | tzv. národní obrození => The series addresses circumstances ""tzv. národní obrození"". Translate predicate: ""adresuje okolnosti"" maybe ""zameriava sa na okolnosti"". Use ""adresuje okolnosti"". Translate object: ""tzv. národní obrození"" -> ""tzv. národné obrodenie"". Keep ""tzv."" as abbreviation for ""takzvané"". So ""tzv. národné obrodenie"". Provide sentence. We need to include all facts, possibly combine into one or two sentences. Could be: ""Český seriál Sňatky z rozumu má tému české vlastenectvo, ktoré má časové obdobie 19. storočie, a seriál adresuje okolnosti tzv. národné obrodenie."" That includes all. Ensure predicate translations natural. Check: ""hasTheme"" -> ""má tému"". ""timePeriod"" -> ""má časové obdobie"". ""addressesCircumstances"" -> ""adresuje okolnosti"". Good. Now produce final answer only the sentence(s)."
Id113,geography,,,1,Moravskoslezský kraj má hlavné mesto Ostrava.,"We need to produce Slovak sentence(s) expressing the fact: ""Moravskoslezský kraj | hasCapital | Ostrava"". Translate non-proper nouns: ""kraj"" is region, ""hasCapital"" -> ""má hlavné mesto"". ""Ostrava"" is proper name, keep. So sentence: ""Moravskoslezský kraj má hlavné mesto Ostrava."" Ensure no extra info."
Id114,history,,,2,Karel IV má syna Václava IV a Václav IV je synom Karla IV.,"We need to produce Slovak sentence(s) that express both facts. The triples: - Karel IV | hasSon | Václav IV - Václav IV | isSonOf | Karel IV We must translate predicate to Slovak: ""hasSon"" -> ""má syna"". ""isSonOf"" -> ""je synom"". Entities: Karel IV, Václav IV are proper names, keep as is. We need to include both facts, but they are essentially the same relationship expressed both ways. Must not omit any fact. Could produce one sentence that includes both: ""Karel IV má syna Václava IV a Václav IV je synom Karla IV."" That includes both. Ensure proper Slovak grammar: ""Karel IV má syna Václava IV a Václav IV je synom Karla IV."" That is fine. Check requirement: translate predicate always to Slovak and use naturally. Yes. No extra facts. Output only the sentence."
Id115,culture,,,7,"Český slavík je ročná anketa, meria popularitu, cieli na českých spevákov, českých speváčok a českých skupín, je najväčší a má dátum založenia 1996.","We need to produce Slovak sentence(s) that express all facts. Translate non-proper nouns. Entities: ""Český slavík"" is a proper name, keep. Predicates: isA -> ""je"". measures -> ""meria"". targets -> ""cieli na"". isThe -> ""je"". foundingDate -> ""dátum založenia"". Also need to translate objects: ""annual poll"" -> ""ročná anketa"". ""popularity"" -> ""popularitu"". ""české zpěváky"" -> ""českých spevákov"". ""české zpěvačky"" -> ""českých speváčok"". ""české skupiny"" -> ""českých skupín"". ""největší"" -> ""najväčší"". ""1996"" stays. We must include all facts. Could be one sentence: ""Český slavík je ročná anketa, ktorá meria popularitu, cieli na českých spevákov, českých speváčok a českých skupín, je najväčší a má dátum založenia 1996."" Need to ensure grammar: ""je ročná anketa"" maybe ""je ročná anketa"". Use commas. Should we use ""je najväčší"" not ""je najväčší""? The predicate isThe ""největší"" meaning ""is the biggest"". So ""je najväčší"". Also ""má dátum založenia 1996"". Could be ""má dátum založenia 1996"". All facts included. Check each fact: 1. Český slavík isA annual poll -> ""Český slavík je ročná anketa."" 2. measures popularity -> ""meria popularitu."" 3. targets české zpěváky -> ""cieli na českých spevákov."" 4. targets české zpěvačky -> ""cieli na českých speváčok."" 5. targets české skupiny -> ""cieli na českých skupín."" 6. isThe největší -> ""je najväčší."" 7. foundingDate 1996 -> ""má dátum založenia 1996."" Combine: ""Český slavík je ročná anketa, meria popularitu, cieli na českých spevákov, českých speváčok a českých skupín, je najväčší a má dátum založenia 1996."" Make sure punctuation okay. Provide only sentence(s). Probably one sentence is fine. Return that."
Id116,geography,,,5,"Veletržní palác sa nachádza v pražských Holešovicoch, má architektonický štýl funkcionalizmus, patrí medzi prvé a najväčšie funkcionalistické stavby Prahy, jeho pôvodný účel bol konanie veľtrhov a neskôr slúžil ako sídlo podnikov zahraničného obchodu.","We need to produce Slovak sentence(s) that convey all facts. Translate non-proper nouns. Entities: ""Veletržní palác"" is proper name, keep. ""pražské Holešovice"" is a place name, proper, keep. ""funkcionalismus"" is a style, maybe not proper? It's a term, but likely keep as is? It's a noun, not proper name, but could be considered a term. The instruction: translate each entity that is NOT a proper name. ""funkcionalismus"" is a style name, maybe not proper name, but it's a term; we could translate to Slovak ""funkcionalizmus"". The original is Czech ""funkcionalismus"". Should we translate? Yes, because not proper name. So ""funkcionalizmus"". ""první a největší funkcionalistické stavby Prahy"" is a phrase describing; need to translate: ""prvé a najväčšie funkcionalistické stavby Prahy"". ""konání veletrhů"" -> ""konanie veľtrhov"". ""sídlo podniků zahraničního obchodu"" -> ""sídlo podnikov zahraničného obchodu"". Also ""isAmong"" predicate translates to ""patrí medzi"". ""originalPurpose"" -> ""pôvodný účel"". ""laterPurpose"" -> ""neskôr účel"" maybe ""neskôr účel"" not natural; better ""neskôr účel"" but we need natural Slovak: ""neskôr slúžil ako sídlo podnikov zahraničného obchodu"". But we must use predicate translation: ""laterPurpose"" -> ""neskôr účel""? The instruction: translate predicate to Slovak and use naturally. So ""originalPurpose"" -> ""pôvodný účel"". ""laterPurpose"" -> ""neskôr účel"". Might be ""neskôr účel"" sounds odd. Could be ""neskôr účel"" but maybe ""neskôr účel"" is okay. Or ""neskôr účel"" maybe ""neskôr účel"" is literal. Could also be ""neskôr účel"" but we can phrase: ""neskôr slúžil ako sídlo podnikov zahraničného obchodu"". That uses predicate ""laterPurpose"" as ""neskôr účel"". But we need to include the object ""sídlo podnikov zahraničného obchodu"". So sentence: ""Veletržní palác sa nachádza v pražských Holešovicoch, má architektonický štýl funkcionalizmus, patrí medzi prvé a najväčšie funkcionalistické stavby Prahy, jeho pôvodný účel bol konanie veľtrhov a neskôr slúžil ako sídlo podnikov zahraničného obchodu."" That covers all. Ensure translation of ""isLocatedIn"" -> ""sa nachádza v"". ""architecturalStyle"" -> ""má architektonický štýl"". ""isAmong"" -> ""patrí medzi"". ""originalPurpose"" -> ""pôvodný účel"". ""laterPurpose"" -> ""neskôr slúžil ako"". Might be okay. We must not add any extra facts. The phrase ""sa nachádza v pražských Holešovicoch"" uses ""pražských Holešovic"" translation of ""pražské Holešovice"". That's fine. Ensure we keep ""Veletržní palác"" unchanged. Provide one sentence."
Id117,culture,,,4,"Výstaviště Praha je najstarší veletržný areál, ktorý bol založený dňa 1891-01-01 a nachádza sa v Česku.","We need to produce Slovak sentence(s) expressing all facts. Entities: ""Výstaviště Praha"" is a proper name, keep as is. Predicates need translation to Slovak. The triples: 1. Výstaviště Praha | foundingDate | 1891-01-01 -> ""Výstaviště Praha bolo založené dňa 1891-01-01"" or ""má dátum založenia 1891-01-01"". Use natural. 2. Výstaviště Praha | isA | veletržní areál -> translate ""veletržní areál"" to Slovak: ""veletržný areál"". So ""Výstaviště Praha je veletržný areál."" 3. Výstaviště Praha | location | Česko -> ""Výstaviště Praha sa nachádza v Česku."" 4. Výstaviště Praha | isThe | nejstarší -> ""nejstarší"" means ""the oldest"". So ""Výstaviště Praha je najstarší."" Might need context: ""je najstarší"" (the oldest). Could be ""je najstarší"" (implied among what? but we just state fact). So combine. We need to include all facts, maybe two sentences: one combining founding date, location, type, and oldest. Could be: ""Výstaviště Praha je najstarší veletržný areál, ktorý bol založený dňa 1891-01-01 a nachádza sa v Česku."" That includes all. Ensure we used all facts: isA, isThe, location, foundingDate. Yes. Check translation: ""veletržný areál"" correct. ""najstarší"" is adjective masculine singular. Good. Return only sentence."
Id118,history,,,5,"Kateřina Bobková-Valentová je historička, pochádza z Liberec, je česká a získala cenu rektora UK, pričom táto cena bola udelená za Každodenní život učitele a žáka jezuitského gymnázia.","We need to produce Slovak sentence(s) expressing all facts. Entities: Kateřina Bobková-Valentová (proper name, keep). profession -> historička (historian). origin -> Liberec (place name, proper? It's a city, keep original). nationality -> Česká (Czech). awardReceived -> Cena rektora UK (proper name). Then triple: Cena rektora UK awardedFor Každodenní život učitele a žáka jezuitského gymnázia (award is for ""Každodenní život učitele a žáka jezuitského gymnázia"" - that's a title maybe. It's not a proper name? It's a phrase, likely title of work. It's not a proper name, so translate each word? The phrase is Czech: ""Každodenní život učitele a žáka jezuitského gymnázia"" meaning ""Everyday life of the teacher and pupil of a Jesuit gymnasium"". We need to translate to Slovak. The instruction: ""Prelož do slovenčiny každú entitu, ktorá NIE JE vlastné meno (napr. všeobecné podstatné mená, roly, všeobecné opisy). Vlastné mená (mená osôb, miest, organizácií, diel atď.) ponechaj v pôvodnej podobe."" So ""Cena rektora UK"" is a proper name (award name) keep as is. ""Každodenní život učitele a žáka jezuitského gymnázia"" is a title of a work, maybe considered a proper name? It's a title, but likely considered a work name, which could be considered proper name. However instruction says keep proper names (diel) in original. Title of a work is a proper name, so we should keep it unchanged. But it's not a person, place, organization, but a work. The instruction says ""vlastné mená (mená osôb, miest, organizácií, diel atď.)"" includes works. So we keep the title unchanged. So we don't translate that phrase. Thus we need sentences: Kateřina Bobková-Valentová je historička, pochádza z Liberec, je česká a získala cenu rektora UK, pričom táto cena bola udelená za Každodenní život učitele a žáka jezuitského gymnázia. That includes all facts. Ensure we include all. Use Slovak grammar. Let's craft: ""Kateřina Bobková-Valentová je historička, pochádza z Liberec, je česká a získala cenu rektora UK, pričom táto cena bola udelená za Každodenní život učitele a žáka jezuitského gymnázia."" Check: includes profession, origin, nationality, awardReceived, awardedFor. Yes. Return only sentence."
Id119,other,,,4,"Petr Rychlý je herec a moderuje Natočto, ktorý je zábavný a súťažný televízny program a je produkovaný TV Nova.","We need to produce Slovak sentence(s) that convey all facts. Translate non-proper nouns. Entities: Petr Rychlý (proper name) stays. occupation -> povolanie. herec -> herec (actor). moderates -> moderuje. Natočto (proper name) stays. type -> typ. zábavný a soutěžní televizní pořad -> need translate to Slovak: ""zábavný a súťažný televízny program"". producedBy -> vyprodukoval (or ""produkoval"")? In Slovak ""produkované spoločnosťou"". Use ""produkoval"" maybe. TV Nova (proper name) stays. We need sentences covering all four triples. Possible: ""Petr Rychlý je herec a moderuje program Natočto, ktorý je zábavný a súťažný televízny program a je produkovaný spoločnosťou TV Nova."" Check: includes occupation, moderates, type, producedBy. All facts present. Use ""je"" for occupation. ""moderuje program Natočto"". ""ktorý je zábavný a súťažný televízny program"". ""a je produkovaný spoločnosťou TV Nova."" That covers all. Make sure not add extra info. ""program"" is not in triples but we can add ""program"" as a generic noun? The triple ""moderates | Natočto"" implies moderates the show. Adding ""program"" might be extra but it's a generic descriptor, not a new fact. Might be okay. Could also phrase: ""Petr Rychlý je herec a moderuje Natočto, ktorý je zábavný a súťažný televízny program a je produkovaný TV Nova."" That includes all. Check translation of ""producedBy"" -> ""produkovaný"". Use passive: ""je produkovaný TV Nova"". That's fine. Thus final answer: single sentence."
Id120,history,,,4,"Období politických zmien v Československu má názov Sametová revoluce, má dátum začiatku 1989-11-17, má dátum konca 1989-12-29 a má polohu Československo.","We need to produce Slovak sentence(s) that express all facts. Entities: ""Období politických zmien v Československu"" is subject. Predicates: hasName, startDate, endDate, location. Need to translate predicate to Slovak: ""má názov"", ""má dátum začiatku"", ""má dátum konca"", ""má polohu"" maybe ""má miesto"". Use natural phrasing. Must include all facts. Could be: ""Období politických zmien v Československu má názov Sametová revoluce, začalo 17. 11. 1989, skončilo 29. 12. 1989 a nachádzalo sa v Československu."" Ensure dates format as given: 1989-11-17, 1989-12-29. Should keep exact format. So: ""Období politických zmien v Československu má názov Sametová revoluce, začalo 1989-11-17, skončilo 1989-12-29 a nachádzalo sa v Československu."" That includes all. Use ""má názov"", ""má dátum začiatku"" maybe better: ""má dátum začiatku 1989-11-17"". But we can combine. Ensure each fact present. Provide one sentence."
Id121,history,,,4,"První americký deník v češtině má ako prvý zakladateľ František Boleslav Zdrůbek, jeho názov je Svornost, jazyk je čeština a nachádza sa v Amerike.","We need to produce Slovak sentence(s) that convey all facts. Entities: ""První americký deník v češtině"" is a proper name? It's a title, likely proper noun, keep as is. Predicates: firstFounder -> ""prvý zakladateľ"". name -> ""názov"". language -> ""jazyk"". location -> ""umiestnenie"". Need to translate predicates to Slovak. Provide sentences: ""První americký deník v češtině má ako prvý zakladateľ František Boleslav Zdrůbek, jeho názov je Svornost, jazyk je čeština a nachádza sa v Amerike."" Ensure all facts. Use proper translation of location: ""lokácia"" or ""umiestnenie"". Use ""nachádza sa v Amerike"". Provide one sentence. Ensure no extra info. Use exact values: ""František Boleslav Zdrůbek"", ""Svornost"", ""čeština"", ""Amerika"". Should we translate ""America"" to ""Amerika""? Already given as ""Amerika"". Keep as is. Provide sentence."
Id122,culture,,,8,"Časopis sa volá Nový Prostor a predávajú ho Bezdomovci A Jiní Sociálně Znevýhodnění Lidé. Bezdomovci A Jiní Sociálně Znevýhodnění Lidé obdržia časť Prodejní Cena, pričom Prodejní Cena slúži na Zabezpečení Vlastních Potřeb, Získání Pracovních Návyků, Obnovení Pracovních Návyků, Znovuzačlenění Do Společnosti a Znovuzačlenění Do Pracovního Života.","We need to produce Slovak sentence(s) that express all facts. Facts: 1. Časopis soldBy Bezdomovci A Jiní Sociálně Znevýhodnění Lidé. Translate predicate ""soldBy"" to Slovak ""predáva"" or ""predávaný"". Should be natural: ""Časopis predáva Bezdomovci A Jiní Sociálně Znevýhodnění Lidé""? Actually subject is Časopis, predicate soldBy, object is group. In Slovak, ""Časopis je predávaný (predáva) Bezdomovci A Jiní Sociálně Znevýhodnění Lidé"". Could phrase: ""Časopis predávajú Bezdomovci A Jiní Sociálně Znevýhodnění Lidé."" That means the group sells the magazine. Acceptable. 2. Bezdomovci A Jiní Sociálně Znevýhodnění Lidé receivePartOf Prodejní Cena. Translate ""receivePartOf"" maybe ""obdržia časť"". So: ""Bezdomovci A Jiní Sociálně Znevýhodnění Lidé obdržia časť Prodejní Cena."" 3. Prodejní Cena usedFor Zabezpečení Vlastních Potřeb. Translate ""usedFor"" as ""slúži na"". So: ""Prodejní Cena slúži na Zabezpečení Vlastních Potřeb."" Similarly for other objects. We need to include all usedFor facts (six). So we need to list them all, maybe separated by commas or conjunctions. Also fact 8: Časopis name Nový Prostor. So: ""Časopis sa volá Nový Prostor."" We must not add any extra info. Ensure translation of non-proper nouns: ""Časopis"" is a common noun, but it's also the subject; we keep as ""Časopis"". ""Bezdomovci A Jiní Sociálně Znevýhodnění Lidé"" is a proper name? It's a group name, likely keep as is. ""Prodejní Cena"" maybe a term, keep as is. Objects like ""Zabezpečení Vlastních Potřeb"" etc. Keep as is. Now produce sentences that cover all facts. Could be two sentences: one about magazine name and who sells it; second about group receiving part of price and what price is used for. Or combine. We must not omit any fact. So include: magazine name, soldBy, group receives part of price, price used for six purposes. Let's craft: ""Časopis sa volá Nový Prostor a predávajú ho Bezdomovci A Jiní Sociálně Znevýhodnění Lidé. Bezdomovci A Jiní Sociálně Znevýhodnění Lidé obdržia časť Prodejní Cena, pričom Prodejní Cena slúži na Zabezpečení Vlastních Potřeb, Získání Pracovních Návyků, Obnovení Pracovních Návyků, Znovuzačlenění Do Společnosti, Znovuzačlenění Do Pracovního Života."" Check all facts: name, soldBy, receivePartOf, usedFor (six). Yes. Make sure translation of predicate ""receivePartOf"" is ""obdržia časť"". Good. All numbers/dates none. Return only the sentence(s)."
Id123,culture,,,2,Kapela Mig 21 má speváka Jiří Macháček. Jiří Macháček je spevákom kapela Mig 21.,"We need to produce Slovak sentence(s) that express all facts. Two triples: 1. kapela Mig 21 | hasSinger | Jiří Macháček 2. Jiří Macháček | isSingerOf | kapela Mig 21 We need to translate predicate to Slovak: ""hasSinger"" -> ""má speváka"". ""isSingerOf"" -> ""je spevákom"". Entities: ""kapela Mig 21"" is not a proper name? It's a band name, likely proper noun, keep as is. ""Jiří Macháček"" is proper name, keep. We must include both facts, but they are essentially the same. Must not omit any fact. Could combine: ""Kapela Mig 21 má speváka Jiřího Macháčka a Jiří Macháček je spevákom kapely Mig 21."" Need to translate ""kapela"" lower case? In Slovak, ""kapela"" is common noun, but name includes ""Mig 21"". Should we keep ""kapela Mig 21""? Probably ""kapela Mig 21"". Also need to decline Jiří Macháček to Slovak grammar: ""Jiřího Macháčka"". The requirement: translate each entity that is not a proper name. ""kapela"" is not proper, so translate. ""Mig 21"" is part of name, keep. So ""kapela Mig 21"". For ""Jiří Macháček"", it's proper, keep unchanged. But in Slovak sentence, we need case: ""Jiří Macháček"" as object of ""má speváka"". Should we decline? The instruction: ""Prelož do slovenčiny každú entitu, ktorá NIE JE vlastné meno (napr. všeobecné podstatné mená, roly, všeobecné opisy). Vlastné mená (mená osôb, miest, organizácií, diel atď.) ponechaj v pôvodnej podobe."" So we keep proper names unchanged, but we may need to inflect? It says keep in original form, likely no declension. So we should keep ""Jiří Macháček"" unchanged, even if grammar off. So sentence: ""Kapela Mig 21 má speváka Jiří Macháček a Jiří Macháček je spevákom kapela Mig 21."" But need ""kapela Mig 21"" after ""je spevákom"". Should we decline? Keep unchanged: ""kapela Mig 21"". So: ""Kapela Mig 21 má speváka Jiří Macháček a Jiří Macháček je spevákom kapela Mig 21."" Might be okay. We need to include both facts. Could be two short sentences: ""Kapela Mig 21 má speváka Jiří Macháček. Jiří Macháček je spevákom kapela Mig 21."" That expresses both. Use proper translation of predicates: ""má speváka"", ""je spevákom"". Yes. Return only sentences."
Id124,culture,,,3,"Bohouš Šebek bol zahraný Miroslavom Donutilom, objavuje sa v Pelíšky a Miroslav Donutil hral v Pelíšky.","We need to produce Slovak sentence(s) that express all facts. Facts: - Bohouš Šebek playedBy Miroslot Donutil => ""Bohouš Šebek stvárnil Miroslav Donutil"" (or ""Bohouš Šebek hral Miroslav Donutil""? Actually predicate ""playedBy"" means ""stvárnil"" or ""bol zahraný"". In Slovak, ""played by"" = ""hral"" is for actor playing role? Usually ""Bohouš Šebek je postava, ktorú hral Miroslav Donutil"". So we can say ""Bohouš Šebek hral Miroslav Donutil""? That sounds like ""Bohouš Šebek played Miroslav Donutil"". Better: ""Bohouš Šebek bol zahraný Miroslavom Donutilom"". Use passive. - Bohouš Šebek appearsIn Pelíšky => ""Bohouš Šebek sa objavuje v Pelíšky"" or ""Bohouš Šebek sa vyskytuje v Pelíšky"". Use ""sa objavuje v"". - Miroslav Donutil actedIn Pelíšky => ""Miroslav Donutil hral v Pelíšky"". Or ""Miroslav Donutil sa objavil v Pelíšky"". Use ""hral v"". We need to include all facts. Could combine: ""Bohouš Šebek bol zahraný Miroslavom Donutilom, objavuje sa v Pelíšky, a Miroslav Donutil hral v Pelíšky."" That's three facts. Ensure translation of predicate: ""playedBy"" -> ""bol zahraný"". ""appearsIn"" -> ""sa objavuje v"". ""actedIn"" -> ""hral v"". Use proper Slovak. Make one sentence: ""Bohouš Šebek bol zahraný Miroslavom Donutilom, objavuje sa v Pelíšky, a Miroslav Donutil hral v Pelíšky."" That covers all. Ensure no extra info. Good."
Id125,culture,,,2,Rebel je pivovar a nachádza sa v Havlíčkově Brodě.,"We need to produce Slovak sentence(s) that express both facts. Entities: ""Rebel"" is a proper name? It's likely a name of a brewery. It's a proper noun? The instruction: translate each entity that is NOT a proper name. ""Rebel"" is likely a proper name (brand). So keep as ""Rebel"". ""Havlíčkově Brodě"" is a place name, proper, keep. Predicates: ""locatedIn"" -> ""sa nachádza v"". ""isA"" -> ""je"". So sentences: ""Rebel je pivovar a nachádza sa v Havlíčkově Brodě."" Or two sentences: ""Rebel je pivovar. Rebel sa nachádza v Havlíčkově Brodě."" Both convey all facts. Must not add extra info. Use both facts. Could combine. Ensure no extra. Use ""pivovar"" translation of isA. So final: ""Rebel je pivovar a nachádza sa v Havlíčkově Brodě."" That's one sentence covering both. Ensure includes both facts. Yes."
Id126,culture,,,1,StarDance ...když hvězdy tančí moderuje dvojica.,"We need to produce Slovak sentence(s) expressing the fact. Input: ""StarDance ...když hvězdy tančí | moderatedBy | dvojice"". The subject is ""StarDance ...když hvězdy tančí"". The predicate is ""moderatedBy"". The object is ""dvojice"". Need to translate predicate to Slovak: ""moderatedBy"" => ""moderuje"". Subject is a title maybe: ""StarDance ...když hvězdy tančí"". Keep as is (proper name?). It's not a proper name? It's a title of an event maybe. It's not a common noun, but it's a title, likely keep as is. Object ""dvojice"" is Czech for ""dvojica"" (pair). It's not a proper name, so translate to Slovak: ""dvojica"". So sentence: ""StarDance ...když hvězdy tančí moderuje dvojica."" That is a bit odd but okay. Ensure grammar: ""moderuje"" is third person singular, subject is the event, object is ""dvojica"". Could also say ""StarDance ...když hvězdy tančí moderuje dvojica."" That's fine. We must not add anything else. Output only the sentence."
Id127,culture,,,3,Rumcajs sa volá Rumcajs. Rumcajs je kreslený loupežník a je spojený s Jičínom.,"We need to produce Slovak sentence(s) that express all facts. Facts: 1. Rumcajs associatedWith Jičín. 2. Rumcajs isA kreslený loupežník. Need translate predicate ""isA"" to Slovak ""je"". So ""Rumcajs je kreslený loupežník."" 3. Rumcajs name Rumcajs. That's basically ""Rumcajs sa volá Rumcajs."" Or ""Meno Rumcajs je Rumcajs."" Should we include? Yes, need to express that fact. So sentence: ""Rumcajs sa volá Rumcajs."" Also ""Rumcajs je spojený s Jičínom."" Or ""Rumcajs je spojený s Jičínom."" Use ""associatedWith"" translate to ""je spojený s"". So combine maybe two sentences: ""Rumcajs sa volá Rumcajs. Rumcajs je kreslený loupežník a je spojený s Jičínom."" That includes all three. Ensure no extra info. Use proper Slovak. Provide only sentences."
Id128,culture,,,3,"Film Slunce seno jahody je komédia, režíroval ho Zdeněk Troška a odohráva sa v Hoštice.","We need to produce Slovak sentence(s) that express all facts. Entities: ""Slunce seno jahody"" is a title (proper name) keep as is. Predicates: genre -> komedie (translate genre to ""žáner"" maybe? But need to translate predicate to Slovak, natural sentence. So ""Slunce seno jahody"" has genre ""komedie"". Could say: ""Film Slunce seno jahody je komédia."" Next: director -> Zdeněk Troška. So ""Režisérom filmu Slunce seno jahody je Zdeněk Troška."" Next: setting -> Hoštice. So ""Dej filmu Slunce seno jahody sa odohráva v Hošticiach."" Need to include all facts in one or two sentences. Could combine: ""Film Slunce seno jahody je komédia, režíroval ho Zdeněk Troška a odohráva sa v Hošticiach."" That includes all. Ensure translation of predicate: genre -> žáner, but natural: ""je komédia"". director -> režisér, ""režíroval ho"". setting -> prostredie, ""odehráva sa v"". Use proper Slovak. Provide one sentence. Ensure no extra facts. Use exact names. Use ""Hoštice"" as given; but location maybe ""v Hošticiach""? The original is ""Hoštice"". Should we keep exact? Probably keep as ""v Hošticiach"" adds suffix. Might be considered adding info. Better keep exactly ""v Hoštice"". So: ""Film Slunce seno jahody je komédia, režíroval ho Zdeněk Troška a odohráva sa v Hoštice."" That uses all. Provide only sentence."
Id129,geography,,,3,Právnická fakulta je súčasťou Univerzita Karlova a nachádza sa pri Čechův most. Čechův most sa nachádza v Praha.,"We need to produce Slovak sentence(s) that express all facts. Facts: 1. Právnická fakulta partOf Univerzita Karlova. 2. Právnická fakulta locatedAt Čechův most. 3. Čechův most locatedIn Praha. We need to translate predicate to Slovak: ""partOf"" -> ""je súčasťou"" or ""patrí k"". ""locatedAt"" -> ""sa nachádza pri"" or ""sa nachádza na"". ""locatedIn"" -> ""sa nachádza v"". Use natural Slovak. We must translate non-proper nouns: ""Právnická fakulta"" is a generic term? It's a proper name? Probably it's a faculty name, but it's generic. Should we translate? It's already Slovak. ""Univerzita Karlova"" is proper name (Czech). Keep. ""Čechův most"" is proper name (Czech). Keep. ""Praha"" proper name. Keep. Thus sentence: ""Právnická fakulta je súčasťou Univerzity Karlovej, nachádza sa pri Čechovom moste, ktorý sa nachádza v Prahe."" But need to keep exact names: ""Univerzita Karlova"" not ""Univerzity Karlovej"". Should we keep original? The instruction: keep proper names unchanged. So ""Univerzita Karlova"". Also ""Čechův most"". ""Praha"". So sentence: ""Právnická fakulta je súčasťou Univerzita Karlova, nachádza sa pri Čechův most, ktorý sa nachádza v Praha."" But grammar: ""v Praha"" is not correct Slovak; but we must keep name unchanged, but we can add preposition ""v"". That's okay. So ""v Prahe"" would be correct but changes name. Should we keep ""Praha"" unchanged but add case? The instruction: translate each entity that is not a proper name. Proper names remain unchanged. Changing case may be considered altering the name? Probably acceptable to add preposition but keep the name unchanged. So ""v Prahe"" changes the form. Might be considered altering. Safer: ""v Praha"" (though grammatically odd). Could use ""v Prahe"" but that changes the name. I'd keep ""v Prahe""? The name ""Praha"" is proper noun; inflection is part of grammar, not changing the name. I'd use ""v Prahe"". But instruction: ""Ponechaj v pôvodnej podobe"" maybe means keep the string exactly. Changing case may be considered altering. Safer to keep unchanged: ""v Praha"". So sentence: ""Právnická fakulta je súčasťou Univerzita Karlova, nachádza sa pri Čechův most, ktorý sa nachádza v Praha."" That expresses all facts. We could also split into two sentences: ""Právnická fakulta je súčasťou Univerzita Karlova a nachádza sa pri Čechův most. Čechův most sa nachádza v Praha."" That also covers all. We need to use predicate translations: ""je súčasťou"", ""sa nachádza pri"", ""sa nachádza v"". Good. Let's output two short sentences."
Id130,geography,,,1,Krkonošský národní park má najvyšší vrchol Sněžka.,"We need to produce Slovak sentence(s) expressing the fact: ""Krkonošský národní park | highestPeak | Sněžka"". Translate non-proper nouns: ""Krkonošský národní park"" is a proper name (Czech) but it's a proper name, keep as is. ""highestPeak"" predicate translates to ""najvyšší vrchol"". ""Sněžka"" is proper name, keep. So sentence: ""Krkonošský národní park má najvyšší vrchol Sněžka."" Or ""Najvyšším vrcholom Krkonošského národného parku je Sněžka."" Both fine. Must include all facts, only one fact. Use Slovak. Provide only sentence."
Id131,geography,,,1,Antonín Dvořák má miesto narodenia v Nelahozeves.,"We need to produce a Slovak sentence expressing the fact: Antonín Dvořák | birthPlace | Nelahozeves. Translate predicate ""birthPlace"" to Slovak ""miesto narodenia"". Entities: Antonín Dvořák is a proper name, keep as is. Nelahozeves is a place name, proper name, keep as is. So sentence: ""Antonín Dvořák sa narodil v Nelahozeve."" But need to translate entity ""Nelahozeves"" maybe keep original. Use ""v Nelahozeve"" (Slovak locative). The instruction: translate each entity that is not a proper name. Nelahozeves is a proper name (place name) so keep. So ""v Nelahozeves"" maybe keep original case. But Slovak grammar would require locative case, but we cannot change. The instruction says keep proper names unchanged. So we keep ""Nelahozeves"". So sentence: ""Antonín Dvořák má miesto narodenia Nelahozeves."" Or ""Antonín Dvořák má miesto narodenia v Nelahozeves."" The predicate translation: ""birthPlace"" -> ""miesto narodenia"". Use naturally: ""Antonín Dvořák má miesto narodenia v Nelahozeves."" That includes all facts. No extra. Provide only sentence."
Id132,geography,,,1,Domažlice sa nachádza v Plzeňský kraj.,"We need to produce a Slovak sentence expressing the fact: Domažlice locatedIn Plzeňský kraj. Translate non-proper nouns: ""locatedIn"" -> ""sa nachádza v"". Entities: Domažlice is a proper name (town), Plzeňský kraj is a proper name (region). So sentence: ""Domažlice sa nachádza v Plzeňskom kraji."" Need to keep exact spelling: ""Plzeňský kraj"". In Slovak, case may change: ""v Plzeňskom kraji"". Should we keep original? The instruction: translate each entity that is NOT a proper name. Proper names keep original. So ""Plzeňský kraj"" is proper name, keep as is. But we need grammatical case? The instruction doesn't require grammatical correctness beyond natural sentence. Could say ""Domažlice sa nachádza v Plzeňský kraj."" That is slightly off grammar but maybe acceptable. However natural Slovak would inflect. But they said translate each entity that is NOT a proper name. Since Plzeňský kraj is proper name, we keep unchanged. So we can keep it unchanged but we may need to add case? Not required. I'd output: ""Domažlice sa nachádza v Plzeňský kraj."" Probably fine."
Id133,geography,,,2,Karel Poláček je autorom Bylo nás pět a narodil sa v Rychnov nad Kněžnou.,"We need to produce Slovak sentence(s) that express all facts. Two triples: - Subject: Karel Poláček (proper name) predicate: authorOf (author of) object: Bylo nás pět (title, presumably a work). Need to translate predicate to Slovak: ""je autorom"" or ""napísal"". Use natural Slovak: ""Karel Poláček je autorom Bylo nás pět."" Or ""Karel Poláček napísal Bylo nás pět."" Both fine. - Subject: Karel Poláček birthPlace Rychnov nad Kněžnou. Translate predicate: ""sa narodil v"". So ""Karel Poláček sa narodil v Rychnov nad Kněžnou."" We need to include both facts, can be one or two sentences. Could combine: ""Karel Poláček je autorom Bylo nás pět a narodil sa v Rychnov nad Kněžnou."" That includes both. Ensure we use proper Slovak grammar. ""autorom"" is instrumental case after ""je"". ""narodil sa v"". That seems fine. Check requirement: translate predicate always to Slovak and use naturally. ""authorOf"" -> ""je autorom"". ""birthPlace"" -> ""sa narodil v"". Good. No extra facts. Provide only sentence(s). We'll output one sentence."
Id134,geography,,,1,Orlické hory majú najvyšší vrchol Velká Deštná.,"We need to produce a Slovak sentence expressing the fact: subject Orlické hory, predicate highestPeak, object Velká Deštná. Translate non-proper nouns: ""Orlické hory"" is a proper name (mountain range) keep as is. ""highestPeak"" translate predicate to Slovak: ""najvyšší vrchol"". Object ""Velká Dešsná"" is proper name, keep. So sentence: ""Orlické hory majú najvyšší vrchol Velká Deštná."" Or ""najvyšším vrcholom"" depending grammar. Use natural: ""Orlické hory majú najvyšší vrchol Velká Deštná."" That includes all facts. No extra."
Id135,history,,,1,Poslanecká sněmovna Parlamentu České republiky má sídlo v Thunovskom paláci.,"We need to produce Slovak sentence(s) expressing the fact. The triple: subject ""Poslanecká sněmovna Parlamentu České republiky"" (Czech name) predicate ""hasHeadquarters"" object ""Thunovský palác"". Need to translate predicate to Slovak: ""má sídlo"" or ""má ústredie"". ""hasHeadquarters"" likely ""má sídlo"". Use translation of non-proper nouns: ""Poslanecká sněmovna Parlamentu České republiky"" is a proper name? It's a specific body, likely proper name, keep as is. ""Thunovský palác"" is proper name, keep. So sentence: ""Poslanecká sněmovna Parlamentu České republiky má sídlo v Thunovskom paláci."" Need to keep exact spelling of object: ""Thunovský palác"". Use ""v"" preposition. Could also ""má sídlo Thunovský palác"" but natural is ""má sídlo v Thunovskom paláci"". However ""Thunovský palác"" is proper name, case may change. In Slovak, ""v Thunovskom paláci"". That's fine. We must not add any extra facts. The sentence includes location preposition, which is not in triple but implied by ""hasHeadquarters"". It's okay to use ""v"". Should we keep ""má sídlo"" as translation of predicate. Provide one sentence. Thus output: ""Poslanecká sněmovna Parlamentu České republiky má sídlo v Thunovskom paláci."""
Id136,geography,,,1,Vysočina má najvyšší vrchol Javořice.,"We need to produce Slovak sentence(s) expressing the fact: subject Vysočina, predicate highestPeak, object Javořice. Translate non-proper nouns: Vysočina is a proper name? It's a region name, likely proper noun, keep as is. highestPeak translates to ""najvyšší vrchol"". Javořice is a proper name (mountain), keep. So sentence: ""Vysočina má najvyšší vrchol Javořice."" Or ""Najvyšším vrcholom Vysočiny je Javořice."" Both fine. Must use predicate translated. Use ""má najvyšší vrchol"". Provide one sentence."
Id137,culture,,,3,"Bankovka má hodnotu 500, má menu Kč a zobrazuje osobu Božena Němcová.","We need to produce Slovak sentence(s) that express all facts. Triples: - bankovka hasValue 500 - bankovka hasCurrency Kč - bankovka depictsPerson Božena Němcová We need to translate predicate to Slovak: ""má hodnotu"", ""má menu"", ""zobrazuje osobu"". Entities: ""bankovka"" is not proper name, translate to Slovak ""bankovka"". ""500"" keep. ""Kč"" is currency abbreviation, keep as is. ""Božena Němcová"" is proper name, keep. Thus sentence: ""Bankovka má hodnotu 500, má menu Kč a zobrazuje osobu Božena Němcová."" Or could split into two short sentences if needed, but one is fine. Check: Use ""má hodnotu"", ""má menu"", ""zobrazuje osobu"". All facts included. No extra info. Return only the sentence."
Id138,geography,,,2,Vodná nádrž má názov Rozkoš a nachádza sa blízko Babiččino údolí.,"We need to produce Slovak sentence(s) that express both facts. Entities: ""Vodní nádrž"" is a generic term, translate to Slovak: ""vodná nádrž"" maybe? The instruction: translate each entity that is NOT a proper name. ""Vodní nádrž"" is a common noun, so translate to Slovak. Already Slovak? It's Czech? ""Vodní nádrž"" is Czech; Slovak would be ""vodná nádrž"". So we should translate to Slovak: ""vodná nádrž"". The name ""Rozkoš"" is a proper name? Likely proper name of the reservoir, keep as is. ""Babiččino údolí"" is a proper name (valley), keep as is. Predikáty: ""hasName"" translate to ""má názov"". ""isLocatedNear"" translate to ""sa nachádza blízko"". So we need sentences: ""Vodná nádrž má názov Rozkoš a nachádza sa blízko Babiččino údolí."" Or two sentences. Must include both facts. Could be one sentence with both. Ensure no extra info. Use ""vodná nádrž"" singular. Provide exactly one sentence."
Id139,culture,,,2,Divadlo Semafor má aktuálnu polohu v Dejvice a Dejvice je mestská štvrť.,"We need to produce Slovak sentence(s) that express all facts. Two triples: 1. Divadlo Semafor | currentLocation | Dejvice 2. Dejvice | isA | městská čtvrť We must translate predicate to Slovak. ""currentLocation"" -> ""má aktuálnu polohu"" or ""sa nachádza"". Probably ""má aktuálnu polohu"". ""isA"" -> ""je"". The object ""městská čtvrť"" is Czech phrase meaning ""mestská štvrť"". Need translate non-proper nouns. So ""městská čtvrť"" -> ""mestská štvrť"". Also ""Dejvice"" is a proper name, keep as is. ""Divadlo Semafor"" is proper name, keep. Thus sentences: ""Divadlo Semafor má aktuálnu polohu v Dejvice."" and ""Dejvice je mestská štvrť."" Could combine: ""Divadlo Semafor má aktuálnu polohu v Dejvice, ktorá je mestská štvrť."" But need include both facts. Could be one sentence: ""Divadlo Semafor má aktuálnu polohu v Dejvice a Dejvice je mestská štvrť."" That's fine. We must not add extra info. ""v"" pre location. Use ""má aktuálnu polohu"". Good. Return only sentence(s)."
Id140,geography,,,1,Dlouhé stráně je typom elektrárne čerpadlová elektráreň.,"We need to produce Slovak sentence(s) expressing the fact. Input: ""Dlouhé stráně | typeOfPowerPlant | přečerpávací elektrárna"". Need translate non-proper nouns. ""Dlouhé stráně"" is a proper name (likely a place). Keep as is. Predicate ""typeOfPowerPlant"" translate to Slovak: ""typ elektrárne"". Object ""přečerpávací elektrárna"" is a common noun phrase meaning ""pumpejacia elektráreň"" (pumped-storage power plant). Translate to Slovak: ""čerpadlová elektráreň"" or ""pumpejacia elektráreň"". Use natural Slovak: ""typ elektrárne"". So sentence: ""Dlouhé stráně má typ elektrárne čerpadlová elektráreň."" Or ""Dlouhé stráně je typom elektrárne čerpadlová elektráreň."" Better: ""Dlouhé stráně je typom elektrárne čerpadlová elektráreň."" That expresses subject, predicate, object. Ensure we use translation of predicate: ""je typom"". Could also ""má typ elektrárne"". Both fine. Provide one sentence."
Id141,geography,,,1,Nový Bor je známy pre sklenársky priemysel.,"We need to produce Slovak sentence(s) expressing the fact: ""Nový Bor | famousFor | sklářský průmysl"". Need to translate predicate to Slovak: ""je známy pre"" or ""je známy svojím"". The object ""sklářský průmysl"" is Czech phrase meaning ""glass industry"". It's not a proper name, so translate to Slovak: ""sklenársky priemysel"". Subject ""Nový Bor"" is a proper name, keep as is. So sentence: ""Nový Bor je známy sklenárskym priemyslom."" Or ""Nový Bor je známy pre sklenársky priemysel."" Use natural Slovak. Provide only the sentence."
Id142,geography,,,2,Macocha je súčasťou Punkevní jeskyně a Punkevní jeskyně je komplex jaskýň.,"We need to produce Slovak sentence(s) that express both facts. Entities: ""Macocha"" (proper name) is part of ""Punkevní jeskyně"". ""Punkevní jeskyně"" is a ""komplex jeskyní"". Translate non-proper nouns: ""isPartOf"" -> ""je súčasťou"". ""isA"" -> ""je"". ""komplex jeskyní"" is already Czech? Should translate to Slovak: ""komplex jaskýň"". But instruction: translate each entity that is not a proper name. So ""komplex jeskyní"" is a common noun phrase, should be translated to Slovak. ""komplex jeskyní"" in Slovak would be ""komplex jaskýň"". Also ""Punkevní jeskyně"" is a proper name, keep as is. ""Macocha"" is proper name. So sentence: ""Macocha je súčasťou Punkevní jeskyně a Punkevní jeskyně je komplex jaskýň."" That includes both facts. Ensure grammar: ""Macocha je súčasťou Punkevní jeskyně a Punkevní jeskyně je komplex jaskýň."" Could also split into two sentences. It's okay. Provide only the sentence(s)."
Id143,geography,,,3,"Prachovské skály je prírodná rezervácia, nachádza sa v Český ráj a je známa pískovcovými skalnými mestami.","We need to produce Slovak sentence(s) expressing all facts. Translate non-proper nouns. Entities: ""Prachovské skály"" is proper name, keep. Predicates: isType -> ""je typom"" or ""je"". Should be natural: ""Prachovské skály je prírodná rezervácia"". isLocatedIn -> ""sa nachádza v"". So: ""Prachovské skály sa nachádza v Český ráj"". isKnownFor -> ""je známa pre"" maybe ""je známa svojimi"". Should translate object ""pískovcová skalní města"" -> ""pískovcové skalné mestá"". So sentence: ""Prachovské skály je prírodná rezervácia, nachádza sa v Český ráj a je známa pískovcovými skalnými mestami."" Need to include all facts. Could be one sentence. Ensure translation of predicate: ""je typom"" maybe ""je typom prírodnej rezervácie"". But better: ""Prachovské skály je prírodná rezervácia"". That covers isType. Then ""nachádza sa v Český ráj"". Then ""je známa pískovcovými skalnými mestami"". Use proper Slovak grammar: ""Prachovské skály je prírodná rezervácia, nachádza sa v Český ráj a je známa pískovcovými skalnými mestami."" That includes all. Ensure no extra facts. Good."
Id144,geography,,,2,Baťův kanál spája Otrokovice a Sudoměřice.,"We need to produce Slovak sentence(s) expressing both facts: Baťův kanál connects Otrokovice and Baťův kanál connects Sudoměřice. Translate non-proper nouns: ""kanál"" is already part of name? Baťův kanál is proper name, keep as is. ""connects"" translate to ""spája"". Otrokovice and Sudoměřice are place names, keep as is. So sentence: ""Baťův kanál spája Otrokovice a Sudoměřice."" That includes both connections. It says it connects both places, which covers both facts. It's acceptable. Ensure no extra info. Output only sentence."
Id145,sports,,,3,"Zlatá podkova má typ podujatia jazdecká všestrannosť, typ podujatia sprezovanie a miesto Humpolec.","We need to produce Slovak sentence(s) that express all facts. Triples: - Zlatá podkova | eventType | jezdecká všestrannost - Zlatá podkova | eventType | spřežení - Zlatá podkova | location | Humpolec We need to translate predicate ""eventType"" to Slovak: ""typ podujatia"" or ""typ akcie"". Probably ""typ podujatia"". And location -> ""miesto"". Subject ""Zlatá podkova"" is proper name, keep. Object ""jezdecká všestrannost"" is Czech phrase meaning ""jazdecká všestrannost""? Should we translate non-proper nouns. It's not proper name, so translate to Slovak: ""jazdecká všestrannosť"". ""spřežení"" is Czech for ""ťahanie"" maybe ""sprezhení""? In Slovak ""sprezhenie""? Actually ""spřežení"" is ""ťahanie"" (horse-drawn). Could translate as ""sprezhenie""? Might be ""sprezhenie"" not common. Could keep as ""sprezhenie""? The instruction: translate each entity that is not a proper name. So we need to translate ""spřežení"" to Slovak. The Slovak term for that event type is ""ťahanie"" or ""sprezhenie""? I'd choose ""ťahanie"". But need to be literal translation. ""spřežení"" (Czech) = ""sprezhenie"" (Slovak?). Actually Slovak ""sprezovanie"" maybe. Let's use ""sprezovanie"". Might be okay. Thus sentences: ""Zlatá podkova má typ podujatia jazdecká všestrannosť, typ podujatia sprezovanie a miesto Humpolec."" Could be one sentence. Make natural: ""Zlatá podkova má typ podujatia jazdecká všestrannosť, typ podujatia sprezovanie a miesto Humpolec."" Yes."
Id146,geography,,,1,Muzeum rekordů a kuriozit sa nachádza v Pelhřimov.,"We need to produce Slovak sentence(s) expressing the fact. The triple: ""Muzeum rekordů a kuriozit | locatedIn | Pelhřimov"". Need to translate non-proper nouns: ""Muzeum rekordů a kuriozit"" is a proper name? It's likely a museum name, but it's not a generic term; it's a proper name in Czech. Should we keep it as is? The rule: translate each entity that is NOT a proper name. ""Muzeum rekordů a kuriozit"" is a proper name (museum name). So keep as is. ""locatedIn"" translate to ""sa nachádza v"". So sentence: ""Muzeum rekordů a kuriozit sa nachádza v Pelhřimovi."" Need to translate Pelhřimov? It's a place name, proper, keep as is. In Slovak, the locative case ""v Pelhřimove""? But we keep original name, but we may need to adjust grammar? The instruction: keep proper names unchanged. So we keep ""Pelhřimov"". The preposition ""v"" plus name. So ""v Pelhřimove"" would be grammatically correct but changes name. Probably keep ""v Pelhřimove""? But that adds suffix. I'd keep ""v Pelhřimove"" might be considered altering name. Safer: ""v Pelhřimove"" adds -e, which is not original. So keep ""v Pelhřimov"". So sentence: ""Muzeum rekordů a kuriozit sa nachádza v Pelhřimov."" That is okay."
Id147,politics,,,4,"Jindřich Vařeka má pozíciu starosta v Příbrame, začal dňa 2014-01-01 a skončil dňa 2019-12-31.","We need to produce Slovak sentence(s) expressing all facts. Entities: Jindřich Vařeka (proper name) stays as is. Predicates: position -> ""pozícia"" maybe ""pozícia"" or ""postavenie""? Should translate to Slovak verb? The instruction: ""Predikát VŽDY prelož do slovenčiny a použi ho vo vete prirodzene."" So we need to translate predicate words to Slovak and use them naturally. The predicate ""position"" => ""má pozíciu"" or ""je"". Could be ""má pozíciu"". ""location"" => ""nachádza sa v"" or ""je v"". ""startDate"" => ""začal dňa"". ""endDate"" => ""skončil dňa"". Need to include all facts. Could be one sentence: ""Jindřich Vařeka má pozíciu starosta v Příbrame, začal dňa 2014-01-01 a skončil dňa 2019-12-31."" That includes all. Ensure translation of ""starosta"" is not proper name, it's a common noun, so translate to Slovak: ""starosta"" means ""starosta"" in Slovak also? In Slovak it's ""starosta"". So keep as ""starosta"". Location ""Příbram"" is proper name, keep. Dates as given. Thus final answer: one sentence."
Id148,geography,,,2,Horoušany sa nachádza v Prahe východ. Praha východ je okres.,"We need to produce Slovak sentence(s) that express all facts. Two triples: 1. Horoušany | locatedIn | Praha východ 2. Praha východ | isType | okres We must translate predicate to Slovak: ""locatedIn"" -> ""sa nachádza v"" or ""je umiestnený v"". ""isType"" -> ""je typ"" but better ""je typom"". Probably ""je typom"". The requirement: translate predicate always to Slovak and use naturally. Entities that are not proper names should be translated. ""Horoušany"" is a place name, proper name, keep. ""Praha východ"" is also proper name, keep. ""okres"" is a common noun, not proper, so keep as is (already Slovak). So sentence: ""Horoušany sa nachádza v Prahe východ a Praha východ je typom okres."" But ""Praha východ"" is proper name, but ""okres"" is noun. Could also split into two sentences: ""Horoušany sa nachádza v Prahe východ. Praha východ je okres."" The predicate ""isType"" -> ""je typom"" or ""je"". The triple says ""Praha východ isType okres"". Could be ""Praha východ je okres."" That conveys type. That seems fine. We must not add any extra facts. So ""Horoušany sa nachádza v Prahe východ. Praha východ je okres."" That includes both facts. Use proper translation of predicate: ""locatedIn"" -> ""sa nachádza v"". ""isType"" -> ""je"". That is okay. Return only the sentence(s)."
Id149,geography,,,1,Rieka Vrchlice preteká Kutnú Horu.,"We need to produce Slovak sentence(s) expressing the fact: ""Kutná Hora | riverFlowingThrough | Vrchlice"". Subject: Kutná Hora (proper name, keep). Predicate: riverFlowingThrough -> translate to Slovak: ""preteká rieka""? Actually ""river flowing through"" means ""rieka preteká"". So predicate translation: ""preteká rieka"". Object: Vrchlice (proper name, keep). So sentence: ""Rieka Vrchlice preteká Kutnú Horu."" Or ""Kutná Hora preteká rieka Vrchlice""? Need natural Slovak: ""Rieka Vrchlice preteká Kutnú Horu."" That includes all facts. Use proper case: ""Kutnú Horu"" accusative. Yes. We must not add extra info. So output just that sentence."
Id150,other,,,2,Česko používa paušálnu sadzbu pre iných než remeselných živností. Pre iných než remeselných živností je paušálna sadzba pre výdavky 60.,"We need to produce Slovak sentence(s) expressing all facts. Triples: 1. Subject: Česko, predicate: usesPausalRateFor, object: jiných nez řemeslných živností 2. Subject: jiných nez řemeslných živností, predicate: pausalRateForExpenses, object: 60 We must translate non-proper nouns to Slovak. ""Česko"" is proper name, keep. ""jiných nez řemeslných živností"" is Czech phrase meaning ""iných než remeselných živností"" maybe ""iných než remeselných živností"". Need translate to Slovak: ""iných než remeselných živností"". Could be ""iných než remeselných živností"". We'll translate each entity that is not proper name. So translate ""jiných nez řemeslných živností"" to Slovak: ""iných než remeselných živností"". Also predicate ""usesPausalRateFor"" translate to Slovak: ""používa paušálnu sadzbu pre"". ""pausalRateForExpenses"" translate: ""paušálna sadzba pre výdavky"". The object ""60"" stays. Thus sentences: ""Česko používa paušálnu sadzbu pre iných než remeselných živností a pre iných než remeselných živností je paušálna sadzba pre výdavky 60."" Could be two sentences: ""Česko používa paušálnu sadzbu pre iných než remeselných živností. Pre iných než remeselných živností je paušálna sadzba pre výdavky 60."" That covers both facts. We must not add extra info. Ensure translation correct. Use ""používa"" for uses. ""paušálnu sadzbu"" maybe ""paušálnu sadzbu"". ""pre"" is okay. ""paušálna sadzba pre výdavky"" is fine. Thus final answer: two sentences."
Id151,culture,,,4,"Čeština 2.0 je typom internetového slovníka, bol založený Martinom Kavkou a zhromažďuje nové české výrazy aj novotvary.","We need to produce Slovak sentence(s) that express all facts. Entities: ""Čeština 2.0"" is a proper name, keep as is. Predicates translate to Slovak: ""isTypeOf"" -> ""je typom"". ""foundedBy"" -> ""bol založený"". ""collects"" -> ""zhromažďuje"". Objects: ""internetový slovník"" translate: ""internetový slovník"" (not proper, translate to Slovak: ""internetový slovník"" already Slovak? It's Czech phrase but we translate to Slovak: ""internetový slovník"" is same? Could be ""internetový slovník"". ""nové české výrazy"" translate: ""nové české výrazy"". ""novotvary"" translate: ""novotvary"". Need to keep numbers, etc. We need to include all facts: Čeština 2.0 je typom internetového slovníka, bol založený Martinom Kavkou, zhromažďuje nové české výrazy a zhromažďuje novotvary. Could be one sentence with conjunction. Ensure proper Slovak grammar: ""bol založený Martinom Kavkou"" (by Martin Kavka). Use ""zhromažďuje"" for both objects, maybe separate with ""aj"". Provide one sentence. Thus output: ""Čeština 2.0 je typom internetového slovníka, bol založený Martinom Kavkou a zhromažďuje nové české výrazy aj novotvary."""
Id152,sports,,,1,Maxa liga má typ športu ľadový hokej.,"We need to produce Slovak sentence(s) expressing the fact: subject ""Maxa liga"", predicate ""sportType"", object ""lední hokej"". Translate non-proper nouns: ""sportType"" -> ""typ športu"". ""lední hokej"" is not proper name? It's a sport type, likely ""ľadový hokej"". Should translate ""lední hokej"" to Slovak: ""ľadový hokej"". The subject ""Maxa liga"" is a proper name, keep as is. So sentence: ""Maxa liga má typ športu ľadový hokej."" Or ""Maxa liga je typ športu ľadový hokej."" Better: ""Maxa liga má typ športu ľadový hokej."" Use predicate translation: ""má typ športu"". That conveys. Provide one sentence."
Id153,other,,,2,"Václav Klaus napísal Modrá, nikoli zelená planeta, ktorá je kniha.","We need to produce Slovak sentence(s) that express all facts. Two triples: 1. Václav Klaus | wrote | Modrá, nikoli zelená planeta 2. Modrá, nikoli zelená planeta | isA | kniha We must translate predicate to Slovak: ""wrote"" -> ""napísal"". ""isA"" -> ""je"". Also translate non-proper nouns: ""kniha"" is already Slovak, keep. The object ""Modrá, nikoli zelená planeta"" is a title, keep as is (proper name). So sentence: ""Václav Klaus napísal Modrá, nikoli zelená planeta a táto kniha je kniha."" But need to express both facts: that the title is a book. Could be: ""Václav Klaus napísal Modrá, nikoli zelená planeta, ktorá je kniha."" That includes both. Ensure we don't add extra info. Use ""ktorá je kniha"". That expresses isA. So final: ""Václav Klaus napísal Modrá, nikoli zelená planeta, ktorá je kniha."" That's one sentence."
Id154,geography,,,3,Žimutice sa nachádza v Českých Budějoviciach a je obcou. České Budějovice je okresom.,"We need to produce Slovak sentence(s) that express all facts. Triples: 1. Žimutice | locatedIn | České Budějovice 2. Žimutice | isType | obec 3. České Budějovice | isType | okres We must translate non-proper nouns. ""Žimutice"" is a proper name (village). ""České Budějovice"" is a proper name (city/district). Predicates: ""locatedIn"" -> ""sa nachádza v"" or ""je umiestnená v"". ""isType"" -> ""je typom"" or ""je"". Probably ""je typom"". So sentences: ""Žimutice sa nachádza v Českých Budějoviciach a je obcou. České Budějovice sú okresom."" But need to keep proper names unchanged. Also need to translate ""obec"" (village) and ""okres"" (district). So: ""Žimutice sa nachádza v Českých Budějoviciach a je obcou. České Budějovice sú okresom."" Check grammar: ""České Budějovice"" is plural? In Czech it's plural, but Slovak maybe ""České Budějovice"". Use ""sú"" (are) for ""okres"". Could also say ""je okresom"". Since ""České Budějovice"" is singular entity (city) but type is ""okres"". In Slovak, ""okres"" is masculine singular, so ""je okresom"". Use ""je"". So: ""Žimutice sa nachádza v Českých Budějoviciach a je obcou. České Budějovice je okresom."" But ""Českých Budějoviciach"" is locative plural; correct. Use ""v Českých Budějoviciach"". Good. Thus final answer: two sentences."
Id155,geography,,,3,"Olovnice je obec, ktorá sa nachádza v Mělníku. Mělník je okres.","We need to produce Slovak sentence(s) that express all facts. Triples: 1. Ololnice? Actually ""Olovnice"" (Czech name) locatedIn Mělník. 2. Olovnice type obec (village) 3. Mělník type okres (district) We need to translate non-proper nouns: ""locatedIn"" -> ""sa nachádza v"" or ""je umiestnená v"". ""type"" -> ""je typ"" maybe ""je typom"". But we need natural Slovak: ""Olovnice je obec, ktorá sa nachádza v Mělníku. Mělník je okres."" Or combine: ""Olovnice je obec, ktorá sa nachádza v okrese Mělník."" But we must not add ""okrese"" because triple says Mělník type okres, not that Mělník is a district containing Olovnice. However we can combine: ""Olovnice je obec, ktorá sa nachádza v Mělníku. Mělník je okres."" That uses both facts. That is two short sentences, acceptable. Check translation: ""locatedIn"" -> ""sa nachádza v"". ""type"" -> ""je"". For ""type"" we need to express that Olovnice is a ""obec"". So ""Olovnice je obec."" And ""Mělník je okres."" Also need to include location: ""Olovnice sa nachádza v Mělníku."" So we have three facts: Olovnice locatedIn Mělník, Olovnice type obec, Mělník type okres. The sentence(s) must include all. So we can produce: ""Olovnice je obec, ktorá sa nachádza v Mělníku. Mělník je okres."" That includes Olovnice type, location, and Mělník type. Yes. Make sure we keep proper names unchanged: Olovnice, Mělník. Use Slovak diacritics: ""ktorá"" matches feminine? ""Olovnice"" is feminine? In Slovak, ""obec"" is feminine, so ""ktorá"". Good. Thus final answer: one or two sentences. Provide exactly that."
Id156,other,,,3,"Odrůda David je kultivarom hrušeň, miesto šľachtenia je Česko a mesiac zrenia je december.","We need to produce Slovak sentence(s) expressing all facts. Entities: ""Odrůda David"" is a cultivar name (proper name). Predicates: ""isCultivarOf"" => ""je kultivarom"". ""breedingLocation"" => ""miesto šľachtenia"". ""ripeningMonth"" => ""mesiac zrenia"". Objects: ""hrušeň"" (common noun, translate to Slovak: ""hruška""? Actually ""hrušeň"" is Czech for ""pear tree"". In Slovak, ""hrušeň"" also exists meaning ""pear tree"". Should we translate? It's not a proper name, so translate to Slovak. The object is ""hrušeň"". Already Slovak? It's Czech but similar. We'll keep as ""hrušeň"". ""Česko"" is proper name (Czech Republic) keep as ""Česko"". ""prosinec"" is Czech month December; translate to Slovak ""december"". Since not proper name, translate. So sentence: ""Odrůda David je kultivarom hrušeň, miesto šľachtenia je Česko a mesiac zrenia je december."" Need natural Slovak: maybe ""Odrůda David je kultivarom hrušeň, šľachtená v Česku a dozrieva v decembri."" But need to use predicates translated: ""je kultivarom"", ""miesto šľachtenia"", ""mesiac zrenia"". Could combine: ""Odrůda David je kultivarom hrušeň, miesto šľachtenia je Česko a mesiac zrenia je december."" That includes all facts. Ensure no extra info. Use ""je"" for isCultivarOf. Good. Return only sentence."
Id157,culture,,,4,"Conception/Danae (Početí) má autora František Kupka, miesto aukcie je Česká republika, cena na aukcii je 126500000 a status je najdrahšie dielo všetkých čias.","We need to produce Slovak sentence(s) that convey all facts. Entities: ""Conception/Danae (Početí)"" is the subject. Need translate non-proper nouns. ""Conception/Danae (Početí)"" seems like a title of a work, maybe proper name? It's a title, likely proper, so keep as is. Predicates: author -> ""autor"". auctionLocation -> ""miesto aukcie"". auctionPrice -> ""cena na aukcii"". status -> ""status"". Need translate status value ""nejdražší dílo všech dob"" is Czech phrase meaning ""najdrahšie dielo všetkých čias"". It's not a proper name, so translate? The rule: translate each entity that is not a proper name. The value ""nejdražší dílo všech dob"" is not a proper name, so translate to Slovak. So we should translate that phrase. So we produce: ""Conception/Danae (Početí) má autora František Kupka, miesto aukcie je Česká republika, cena na aukcii je 126500000 a status je najdrahšie dielo všetkých čias."" Need to keep ""Česká republika"" is proper name (country) keep as is. Numbers as is. Should we add units? No. Keep exactly. Also ""author"" -> ""autor"". ""auctionLocation"" -> ""miesto aukcie"". ""auctionPrice"" -> ""cena na aukcii"". ""status"" -> ""status"". Provide one sentence. Ensure all facts included. Use proper Slovak grammar. Provide only the sentence."
Id158,culture,,,4,"Fotograf Festival je fotografický festival, ktorý sa koná v Prahe, začal v roku 2011 a koná sa každoročne.","We need to produce Slovak sentence(s) that express all facts. Facts: ""Fotograf Festival"" is event type ""fotografický festival"", location ""Praha"", startYear ""2011"", frequency ""annually"". Need to translate predicate to Slovak. Predicates: eventType -> typ podujatia, location -> miesto, startYear -> rok začiatku, frequency -> frekvencia. Could phrase: ""Fotograf Festival je fotografický festival, ktorý sa koná v Prahe, začal v roku 2011 a koná sa každoročne."" That includes all facts. Ensure no extra info. Use ""každoročne"" for annually. That's fine. Provide one sentence."
Id159,geography,,,3,Kladníky je typu obec a sa nachádza v Přerov. Přerov je typu okres.,"We need to produce Slovak sentence(s) that express all facts. Triples: 1. Kladníky | locatedIn | Přerov 2. Kladníky | type | obec 3. Přerov | type | okres We need to translate non-proper nouns: ""locatedIn"" -> ""sa nachádza v"" or ""je umiestnený v"". ""type"" -> ""je typ"" maybe ""je typom"". For ""obec"" is a common noun, keep as ""obec"". ""okres"" also. We need to keep proper names unchanged: Kladníky, Přerov. Thus sentences: ""Kladníky je obec, ktorá sa nachádza v Přerov. Přerov je okres."" Or combine: ""Kladníky je obec, ktorá sa nachádza v okresi Přerov."" But we must not add ""okresi"" because ""okres"" is a noun, but we have fact that Přerov is type okres, not that it's a district named Přerov? Actually ""Přerov"" is a district (okres). So we can say ""Přerov je okres."" That's fine. We need to express all facts: Kladníky is an ""obec"" and is located in Přerov. Přerov is an ""okres"". So two sentences. Make sure translation of predicate: ""locatedIn"" -> ""sa nachádza v"". ""type"" -> ""je typom"" or ""je"". The requirement: ""Predikát VŽDY prelož do slovenčiny a použi ho vo vete prirodzene."" So we need to translate ""type"" as ""je typom"". Could also be ""má typ"". But natural: ""Kladníky má typ obec"" sounds odd. Better: ""Kladníky je typom obec"" also odd. Better: ""Kladníky je obec"". That uses predicate ""type"" as ""je"". But they said translate predicate always. So we need to translate ""type"" to Slovak, maybe ""typ"". So ""Kladníky má typ obec"". That is literal translation: ""has type"". That might be acceptable. Or ""Kladníky je typu obec"". That is also literal. Let's do ""Kladníky je typu obec"". And ""Přerov je typu okres"". And ""Kladníky sa nachádza v Přerov"". But need subject-verb agreement: ""Kladníky sa nachádza v Přerov"". Good. Thus three facts can be expressed in two sentences: ""Kladníky je typu obec a sa nachádza v Přerov. Přerov je typu okres."" That includes all. Check: we used ""je typu"" for type predicate. Good. Now output only the sentences."
Id160,sports,,,4,"Jan Šilinger má národnosť český, má povolanie fotbalový obranca a hral za FC Vysočina Jihlava v roku 2024.","We need to produce Slovak sentence(s) that convey all facts. Entities: Jan Šilinger (proper name) stays. Predicates: nationality -> český (Czech). profession -> fotbalový obránce (football defender). playedFor -> FC Vysočina Jihlava (proper name). playedInYear -> 2024. We must translate predicate to Slovak: ""nationality"" -> ""národnosť"". ""profession"" -> ""povolanie"". ""playedFor"" -> maybe ""hral za"". ""playedInYear"" -> ""hral v roku"". Use natural Slovak. We need to include all facts. Could be one sentence: ""Jan Šilinger je český, je fotbalovým obrancem, hral za FC Vysočina Jihlava v roku 2024."" But need to translate ""fotbalový obránce"" as given (already Slovak). Use proper grammar: ""je český"", ""je fotbalovým obrancem"". Could combine: ""Jan Šilinger je český fotbalový obranca, hral za FC Vysočina Jihlava v roku 2024."" That includes nationality and profession together. But we must ensure we use predicate translations: ""národnosť"" and ""povolanie"". However requirement: ""Predikát VŽDY prelož do slovenčiny a použi ho vo vete prirodzene."" So we need to use the translated predicate words, not just ""je"". So we need to say ""Jan Šilinger má národnosť český, má povolanie fotbalový obranca, hral za FC Vysočina Jihlava v roku 2024."" That uses ""má národnosť"", ""má povolanie"". That satisfies using predicate translations. Thus final output: one sentence: ""Jan Šilinger má národnosť český, má povolanie fotbalový obranca a hral za FC Vysočina Jihlava v roku 2024."" Ensure punctuation."
Id161,geography,,,3,"Kostol svätej Heleny sa nachádza v Krásnom lese, je v Česku a je jediný.","We need to produce Slovak sentence(s) that express all facts. Facts: - Kostel svaté Heleny location Krásný Les -> ""Kostol svätej Heleny sa nachádza v Krásnom lese."" - Kostel svaté Heleny country Česko -> ""Kostol svätej Heleny je v Česku."" - Kostel svaté Heleny uniqueness jediný -> ""Kostol svätej Heleny je jediný."" We must translate predicate to Slovak: location -> ""nachádza sa v"" or ""je umiestnený v"". country -> ""je v krajine"" maybe ""sa nachádza v krajine"". uniqueness -> ""je jediný"". Use all facts. Could combine: ""Kostol svätej Heleny sa nachádza v Krásnom lese, je v Česku a je jediný."" That includes all three. Ensure no extra info. Use proper Slovak diacritics. Provide only sentence(s). Let's output one sentence."
Id162,geography,,,1,CHKO Český kras čiastočne sa nachádza v Praha.,"We need to produce Slovak sentence(s) expressing the fact: subject CHKO Český kras, predicate partiallyLocatedIn, object Praha. Translate non-proper nouns: ""partiallyLocatedIn"" -> ""čiastočne sa nachádza v"". Subject is CHKO Český kras (proper name). Object Praha (proper name). So sentence: ""CHKO Český kras čiastočne sa nachádza v Prahe."" Need to translate object location: ""Praha"" is proper name, but in Slovak the locative case is ""Prahe"". However instruction: translate each entity that is not a proper name. Proper names keep original form. ""Praha"" is proper name, keep as ""Praha"". But grammar may require case; but we must keep original form? It says keep proper names in original form. So we should keep ""Praha"". But sentence may sound odd: ""v Praze""? But we must keep ""Praha"". Could we say ""v Praze""? That changes form. Probably keep ""Praha"". So: ""CHKO Český kras čiastočne sa nachádza v Praha."" That is grammatically off but per rules. Could also phrase ""v Prahe"" but that changes. I'd follow rule: keep proper name unchanged. So final answer: one sentence."
Id163,geography,,,2,Lažany sa nachádza v Strakoniciach. Strakonice je okres.,"We need to produce Slovak sentence(s) that express all facts. Two triples: 1. Lažany | locatedIn | Strakonice 2. Strakonice | isType | okres We need to translate non-proper nouns. ""locatedIn"" -> ""sa nachádza v"" or ""je umiestnený v"". ""isType"" -> ""je typ"" but here ""okres"" is a type. So ""Strakonice je okres"". Also ""Lažany sa nachádza v Strakoniciach"". Need to keep proper names unchanged. So produce maybe two sentences: ""Lažany sa nachádza v Strakoniciach. Strakonice je okres."" Ensure ""Strakonice"" appears as proper name, ""okres"" is common noun. Use correct Slovak grammar: ""Lažany sa nachádza v Strakoniciach."" (Strakonice is plural? Actually Strakonice is a town, but we treat as location. Use ""v Strakoniciach"".) ""Strakonice je okres."" That's fine. We must not add any extra facts. Provide only sentences."
Id164,history,,,4,"Prvá parostrojná železnica v českých zemiach má názov Severní dráha císaře Ferdinanda, je typom parostrojnej železnice, nachádza sa v českých zemiach a je prvá.","We need to produce Slovak sentence(s) expressing all facts. Translate non-proper nouns. Entities: ""První parostrojní železnice v českých zemích"" is a phrase, likely not a proper name? It seems descriptive, not a proper name, so translate: ""prvá parostrojná železnica v českých zemiach"". The name ""Severní dráha císaře Ferdinanda"" is a proper name, keep as is. Predicates: hasName -> ""má názov"". isType -> ""je typom"". isLocatedIn -> ""sa nachádza v"". isFirst -> ""je prvá"". The last triple says Severní dráha císaře Ferdinanda isFirst true, meaning it is the first. So we need to convey that it is the first (parostrojná železnica) in Czech lands. Also that the first parostrojná železnica in Czech lands has name Severní dráha císaře Ferdinanda. So combine: ""Prvá parostrojná železnica v českých zemiach má názov Severní dráha císaře Ferdinanda, je typom parostrojnej železnice, nachádza sa v českých zemiach a je prvá."" But need to ensure we include all facts: first triple: ""Prvá parostrojná železnica v českých zemiach má názov Severní dráha círaře Ferdinanda."" second: ""Severní dráha círaře Ferdinanda je typom parostrojnej železnice."" third: ""Severní dráha círaře Ferdinanda sa nachádza v českých zemiach."" fourth: ""Severní dráha círaře Ferdinanda je prvá."" Could combine into one sentence with commas. Use Slovak: ""Prvá parostrojná železnica v českých zemiach má názov Severní dráha císaře Ferdinanda, je typom parostrojnej železnice, nachádza sa v českých zemiach a je prvá."" That includes all. Ensure translation of ""parostrojní"" to ""parostrojná"". Good. Return only sentence."
Id165,sports,,,3,"Stavební společnost PSJ je väčšinovým vlastníkom a všeobecným sponzorom FC Vysočina Jihlava, pričom FC Vysočina Jihlava je futbalovým klubom.","We need to produce Slovak sentence(s) that express all facts. Triples: 1. ""Stavební společnost PSJ"" is a subject (company name). Predicate ""isMajorityOwner"" -> translate predicate to Slovak: ""je väčšinovým vlastníkom"". Object ""FC Vysočina Jihlava"". So: ""Stavební společnost PSJ je väčšinovým vlastníkom FC Vysočina Jihlava."" 2. ""Stavební společnost PSJ"" isGeneralSponsor -> predicate ""je hlavným sponzorom"" or ""je všeobecným sponzorom"". The instruction: translate predicate to Slovak and use naturally. ""isGeneralSponsor"" -> ""je všeobecným sponzorom"". So: ""Stavební společnost PSJ je všeobecným sponzorom FC Vysočina Jihlava."" 3. ""FC Vysočina Jihlava"" isFootballClub true -> predicate ""je futbalovým klubom"". Object true indicates it's a football club. So: ""FC Vysočina Jihlava je futbalovým klubom."" We need to include all facts. Could combine into one sentence? Possibly: ""Stavební společnost PSJ je väčšinovým vlastníkom a všeobecným sponzorom FC Vysočina Jihlava, pričom FC Vysočina Jihlava je futbalovým klubom."" That includes all three. That is one sentence. Should we keep ""true""? No, we just express as ""je futbalovým klubom"". Good. Make sure no extra info. Use proper Slovak diacritics. The company name is Czech, keep as is. Provide only the sentence. Thus final answer."
Id166,culture,,,2,"Festival Votvírák má každoročnú lokalitu na ploche bývalého vojenského letiště Boží Dar, ktorá sa nachádza v zrušenom vojenskom výcvikovom priestore Milovice‑Mladá.","We need to produce Slovak sentence(s) that express all facts. Triples: 1. Festival Votvírák | annualLocation | plocha bývalého vojenského letiště Boží Dar 2. plocha bývalého vojenského letiště Boží Dar | locatedIn | zrušený vojenský výcvikový prostor Milovice-Mladá We need to translate predicate to Slovak: ""annualLocation"" -> ""každoročná lokalita"" maybe ""každoročná lokalita"" or ""každoročné miesto konania"". Use natural phrasing: ""Festival Votvírák má každoročnú lokalitu plocha bývalého vojenského letiště Boží Dar"". Or ""Festival Votvírák sa každoročne koná na ploche bývalého vojenského letiště Boží Dar"". The second: ""plocha bývalého vojenského letiště Boží Dar sa nachádza v zrušenom vojenskom výcvikovom priestore Milovice-Mladá"". Need to keep translation of entities that are not proper names: ""plocha bývalého vojenského letiště Boží Dar"" is a phrase; ""zrušený vojenský výcvikový prostor Milovice-Mladá"" also. We must include both facts. Could be one sentence with both: ""Festival Votvírák má každoročnú lokalitu na ploche bývalého vojenského letiště Boží Dar, ktorá sa nachádza v zrušenom vojenskom výcvikovom priestore Milovice-Mladá."" That includes both facts. Ensure we used translation of predicate: ""má každoročnú lokalitu"". That seems fine. Check requirements: Use only info given. We didn't add extra. We used ""ktorá"" linking. That's okay. No extra facts. Return only the sentence."
Id167,other,,,5,"Živa je prírodovedný časopis, má jazyk čeština, zameriava sa na popularizáciu vedy, má status stále vychádzajúci a je najstarší.","We need to produce Slovak sentence(s) expressing all facts. Entities: Živa (proper name) is a ""přírodovědecký časopis"" => translate to Slovak: ""prírodovedný časopis"". language: čeština => ""čeština"". focus: popularizace vědy => ""popularizácia vedy"". status: stále vycházející => ""stále vychádzajúci"". isOldest: true => means ""je najstarší"". Need to include all facts. So sentence: ""Živa je prírodovedný časopis, ktorý je v češtine, zameriava sa na popularizáciu vedy, je stále vychádzajúci a je najstarší."" Ensure all facts. Use proper translation of predicate: isType -> je, language -> jazyk, focus -> zameriava sa na, status -> status? but we can phrase ""má status stále vychádzajúci"". Better: ""Živa je prírodovedný časopis, jazyk čeština, zameriava sa na popularizáciu vedy, status stále vychádzajúci a je najstarší."" Might be okay. Need natural Slovak. Use ""má jazyk čeština"". Provide one sentence. Let's craft: ""Živa je prírodovedný časopis, má jazyk čeština, zameriava sa na popularizáciu vedy, má status stále vychádzajúci a je najstarší."" All facts included."
Id168,culture,,,5,"Pamätný strom je strom, je chránený miestnymi zákonnými predpismi a má dôvod na ochranu: mimoriadny rast, vek a spoločenský význam.","We need to produce Slovak sentence(s) that convey all facts. Translate non-proper nouns. Entities: ""Památný strom"" is proper? It's a phrase meaning ""memorial tree"". Probably not a proper name, but it's a noun phrase. Should we translate? The rule: translate each entity that is NOT a proper name. ""Památný strom"" is a common noun phrase, not a proper name, so translate to Slovak: ""pamätný strom"". ""isA"" -> ""je"". ""strom"" -> ""strom"". ""isProtectedBy"" -> ""je chránený"". ""místní zákonné předpisy"" is Czech phrase meaning ""miestne zákonné predpisy"". Translate: ""miestne zákonné predpisy"". ""hasReasonForProtection"" -> ""má dôvod na ochranu"". The objects: ""mimořádný vzrůst"" -> ""mimoriadny rast"". ""stáří"" -> ""stáročie""? Actually ""stáří"" means ""age"". Slovak: ""stáročie"" or ""vek"". Probably ""vek"". ""společenská důležitost"" -> ""spoločenský význam"". Need to include all three reasons. Could combine: ""má dôvod na ochranu: mimoriadny rast, vek a spoločenský význam."" Need to ensure all facts. Also ""Památný strom"" is subject repeated. Could produce one sentence: ""Pamätný strom je strom, je chránený miestnymi zákonnými predpismi a má dôvod na ochranu: mimoriadny rast, vek a spoločenský význam."" That includes all. Ensure translation of ""isA"" as ""je"". Good. Check: ""Pamätný strom"" maybe considered proper? It's a description, not a proper name, so translation is fine. Return only the sentence."
Id169,geography,,,2,Areál Škoda Auto v Mladé Boleslavi má diaľnicu D10. D10 prechádza blízko areálu Škoda Auto v Mladé Boleslavi.,"We need to produce Slovak sentence(s) that express both triples. Triples: 1. ""areál Škoda Auto v Mladé Boleslavi | hasHighway | D10"" 2. ""D10 | passesNear | areál Škoda Auto v Mladé Boleslavi"" We need to translate predicate to Slovak: ""hasHighway"" -> ""má diaľnicu"" maybe ""má diaľnicu"". ""passesNear"" -> ""prechádza blízko"". Entities: ""areál Škoda Auto v Mladé Boleslavi"" is not a proper name? It includes ""Škoda Auto"" (proper) and location. Should we translate ""areál"" as ""areál"" (common noun) keep ""Škoda Auto"" as proper. So phrase: ""Areál Škoda Auto v Mladé Boleslavi má diaľnicu D10."" And second: ""D10 prechádza blízko areálu Škoda Auto v Mladé Boleslavi."" Could combine into one sentence with conjunction: ""Areál Škoda Auto v Mladé Boleslavi má diaľnicu D10 a D10 prechádza blízko tohto areálu."" But must not add ""tohto"". Might be okay? It adds ""tohto"" which is a demonstrative pronoun, not a fact. Might be considered adding info. Safer to produce two short sentences. Thus output two sentences."
Id170,other,,,1,Skupina Katapult má basgitaristu Jiří Šindelář.,"We need to produce Slovak sentence(s) expressing the fact: subject ""skupina Katapult"" predicate ""hasBassGuitarist"" object ""Jiří Šindelář"". Translate non-proper nouns: ""skupina"" is already Slovak, ""hasBassGuitarist"" means ""má basgitaristu"". Object is proper name Jiří Šindelář, keep as is. So sentence: ""Skupina Katapult má basgitaristu Jiří Šindelář."" Ensure proper capitalization? ""skupina Katapult"" maybe keep as given, but ""skupina"" lower case? In Slovak, start sentence with capital: ""Skupina Katapult má basgitaristu Jiří Šindelář."" That's one sentence."
Id171,culture,,,1,Vertigo quintet hrá žáner jazz.,"We need to produce a Slovak sentence expressing the fact: ""Vertigo quintet playsGenre jazz"". Translate non-proper nouns: ""playsGenre"" predicate => ""hrá žáner""? Actually ""playsGenre"" maybe ""hrá žáner"". Should be ""Vertigo quintet hrá žáner jazz."" But need natural Slovak: ""Vertigo quintet hrá jazz."" However predicate is ""playsGenre"". Should translate as ""hrá žáner"". But we can phrase: ""Vertigo quintet hrá žáner jazz."" That includes all facts. Use proper name unchanged. Provide one sentence."
Id172,history,,,3,"Bahna je každoročná prezentácia, ktorú prezentuje Armáda České republiky a je určená pre verejnosť.","We need to produce Slovak sentence(s) that convey all facts. Triples: - Bahna | isEvent | každoroční prezentace - Bahna | presentedBy | Armáda České republiky - Bahna | targetAudience | veřejnost We need to translate non-proper nouns to Slovak. Entities: ""Bahna"" is likely a proper name? It could be a name of event? It's capitalized, likely proper noun, keep as is. Predicate translations: - isEvent -> ""je udalosť"" or ""je podujatie""? Should be natural: ""je každoročná prezentácia"". Actually predicate is ""isEvent"" and object is ""každoroční prezentace"". So we need to say ""Bahna je každoročná prezentácia."" Next: presentedBy -> ""predstavil"" or ""prezentoval""? Since subject is Bahna (event) presentedBy Armáda České republiky (Czech Republic Army). So ""Bahna je prezentovaná Armádou Českej republiky."" Or ""Bahna je prezentovaná Armádou Českej republiky."" targetAudience -> ""cielené publikum"" or ""určené pre"". Object ""veřejnost"" translates to ""verejnosť"". So ""Bahna je určená pre verejnosť."" Need to include all facts. Could combine into one sentence: ""Bahna je každoročná prezentácia, ktorú prezentuje Armáda Českej republiky a je určená pre verejnosť."" That includes all three. Ensure translation of ""presentedBy"" as ""prezentuje"". Use proper case: ""Armáda Českej republiky"". Should we keep ""Armáda České republiky"" as proper name? It's a proper noun, but we need to translate non-proper nouns. ""Armáda České republiky"" is a proper name, keep as is. However ""České republiky"" is part of proper name, keep original. So keep ""Armáda České republiky"". The object ""veřejnost"" is not proper, translate to ""verejnosť"". So final sentence: ""Bahna je každoročná prezentácia, ktorú prezentuje Armáda České republiky a je určená pre verejnosť."" That covers all."
Id173,geography,,,2,Zámok Všetaty sa nachádza v okrese Rakovník. Rakovník je okresné mesto.,"We need to produce Slovak sentence(s) that express all facts. Two triples: 1. ""zámek Všetaty"" | ""locatedInDistrict"" | ""Rakovník"" 2. ""Rakovník"" | ""isType"" | ""okresní město"" We must translate predicate to Slovak. ""locatedInDistrict"" => ""sa nachádza v okrese"" maybe ""sa nachádza v okrese"". ""isType"" => ""je typom"" or ""je"". The object ""okresní město"" is Czech phrase meaning ""okresné mesto"" (district town). We need to translate non-proper nouns. ""okresní město"" is not a proper name, so translate to Slovak: ""okresné mesto"". Also ""zámek Všetaty"" is proper name? ""zámek Všetaty"" includes ""zámek"" (castle) and ""Všetaty"" is place name. The entity is ""zámek Všetaty"". Should we translate ""zámek"" as common noun? The rule: translate each entity that is not a proper name. ""zámek Všetaty"" includes ""zámek"" (common noun) and ""Všetaty"" (proper). So we should translate ""zámek"" to Slovak (already Slovak). It's already Slovak. So keep as is. ""Rakovník"" is a proper name (town). Keep. Thus sentences: ""Zámek Všetaty sa nachádza v okrese Rakovník."" And ""Rakovník je okresné mesto."" Could combine: ""Zámek Všetaty sa nachádza v okrese Rakovník, ktorý je okresné mesto."" But that adds ""ktorý"". Might be okay but adds relative pronoun not in triples. Safer to produce two sentences. Thus output two sentences."
Id174,culture,,,2,Karetná hra Lóra sa hrá v Česku a najmä v meste Kladno.,"We need to produce Slovak sentence(s) that express both facts. Entities: ""karetní hra Lóra"" is a proper name? It's a card game name, likely not a proper name? It's a title, but it's a specific game, maybe treat as proper name? The instruction: translate each entity that is NOT a proper name. ""karetní hra Lóra"" includes ""karetní hra"" (common noun) and ""Lóra"" (maybe proper). So we translate ""karetní hra"" to Slovak ""karetná hra"". The name ""Lóra"" stays. So phrase: ""Karetná hra Lóra sa hrá v Česku a najmä v meste Kladno."" Need to reflect both facts: playedInCountry = Česko, primarilyPlayedInCity = Kladno. Use Slovak prepositions: ""sa hrá v Česku"" and ""sa najmä hrá v meste Kladno"". Could combine: ""Karetná hra Lóra sa hrá v Česku a najmä v meste Kladno."" That includes both facts. Ensure no extra info. That's fine."
Id175,culture,,,2,Edison aj Signál času majú autora Vítězslav Nezval.,"We need to produce Slovak sentence(s) that express all facts. Two triples: ""Edison | author | Vítězslav Nezval"" ""Signál času | author | Vítězslav Nezval"" We need to translate predicate ""author"" to Slovak ""autor"". Entities that are not proper names should be translated. ""Edison"" is likely a proper name? Could be a work title? It's ambiguous. It's likely a title of a work, maybe a poem. It's not a proper name of a person, but it's a title, which is a proper name of a work, but we treat as proper name? The instruction: ""Prelož do slovenčiny každú entitu, ktorá NIE JE vlastné meno (napr. všeobecné podstatné mená, roly, všeobecné opisy). Vlastné mená (mená osôb, miest, organizácií, diel atď.) ponechaj v pôvodnej podobe."" So ""Edison"" is a title of a work, which is a proper name (dielo). So keep as is. ""Signál času"" is also a title, keep as is. ""Vítězslav Nezval"" is a proper name, keep. Thus we need to say: ""Edison je autorom Vítězslav Nezval."" Actually ""autor"" is a noun, we need to express that Vítězslav Nezval is the author of Edison. In Slovak: ""Edison je autorom Vítězslav Nezval."" Or ""Edison má autora Vítězslav Nezval."" Better: ""Edison má autora Vítězslav Nezval."" For second: ""Signál času má autora Vítězslav Nezval."" Could combine: ""Edison aj Signál času má autora Vítězslav Nezval."" That expresses both facts in one sentence. It includes both works and the author. That seems fine. Check: ""Edison"" and ""Signál času"" are subjects, predicate ""author"" => ""má autora"". So ""Edison má autora Vítězslav Nezval a Signál času má autora Vítězslav Nezval."" Could be two short sentences. The requirement: one sentence (or two short if needed). We can do one sentence: ""Edison aj Signál času má autora Vítězslav Nezval."" That covers both. Ensure grammar: ""Edison aj Signál času majú autora Vítězslav Nezval."" Since plural subjects, verb should be plural ""majú"". So: ""Edison aj Signál času majú autora Vítězslav Nezval."" That expresses both facts. Thus output that single sentence."
Id176,other,,,2,Žufánek je lihovar a produkuje OMG gin.,"We need to produce Slovak sentence(s) that express all facts. Two triples: 1. Žufánek | produces | OMG gin 2. Žufánek | isA | lihoir? Actually ""isA"" means ""is a"". So translate predicate ""produces"" to ""produkuje"". ""isA"" to ""je"". Also need to translate object ""OMG gin"" - it's a proper name? It's a product name, likely proper noun, keep as is. Subject ""Žufánek"" is proper name, keep. Thus sentence: ""Žufánek je lihovar a produkuje OMG gin."" Or two sentences: ""Žufánek je lihovar. Žufánek produkuje OMG gin."" Both fine. Must include all facts, no extra. Use ""je"" for isA, ""produkuje"" for produces. Provide one or two sentences. I'll output one sentence: ""Žufánek je lihovar a produkuje OMG gin."""
Id177,culture,,,9,"Maxipes Fík je animovaný seriál, pochádza z Československa, obsahuje postavy Fík a Ája, pričom Fík je pes, má vlastnosti prerostlý a hovoriaci, Ája je holčička a seriál zobrazuje príhody.","We need to produce Slovak sentence(s) that convey all facts. Translate non-proper nouns. Entities: Maxipes Fík (proper name), Fík (proper? maybe name of character, but it's a name, keep as is), Ája (proper). Predicates: isA -> ""je"", ""je"", etc. countryOfOrigin -> ""pochádza z"". featuresCharacter -> ""obsahuje postavu"" or ""má postavu"". hasProperty -> ""má vlastnosť"". depicts -> ""zobrazuje"". Need to include all facts. List facts: 1. Maxipes Fík je animovaný seriál. 2. Maxipes Fík pochádza z Československa. 3. Maxipes Fík obsahuje postavu Fík. 4. Fík je pes. 5. Fík má vlastnosť přerostlý. 6. Fík má vlastnosť mluvící. 7. Maxipes Fík obsahuje postavu Ája. 8. Ája je holčička. 9. Maxipes Fík zobrazuje príhody. We need to translate ""příhody"" to Slovak ""príhody"". Also ""přerostlý"" to Slovak ""prerostlý"". ""mluvící"" to ""hovoriaci"". Keep proper names unchanged. Now craft sentence(s). Could be one long sentence: ""Maxipes Fík je animovaný seriál, pochádza z Československa, obsahuje postavy Fík a Ája, pričom Fík je pes, má vlastnosti prerostlý a hovoriaci, Ája je holčička a seriál zobrazuje príhody."" Check all facts: includes isA, country, featuresCharacter both, Fík isA pes, hasProperty prerostlý, hasProperty hovoriaci, Ája isA holčička, depicts príhody. Yes. Make sure translation of ""featuresCharacter"" as ""obsahuje postavu"" singular but we have two, can say ""obsahuje postavy"". Acceptable. Use ""postavy"". All good. Return only sentence."
Id178,culture,,,5,"Český večerníček má názov Krkonošské pohádky a Krkonošské pohádky obsahuje postavu Trautenberk, postavu hajný, postavu Anče a postavu Kuba.","We need to produce Slovak sentence(s) that express all facts. Facts: 1. Český večerníček má názov Krkonošské pohádky. 2. Krkonošské pohádky obsahuje postavu Trautenberk. 3. Krkonošské pohádky obsahuje postavu hajný. 4. Krkonošské pohádky obsahuje postavu Anče. 5. Krkonošské pohádky obsahuje postavu Kuba. We need to translate non-proper nouns: ""hasName"" -> ""má názov"". ""featuresCharacter"" -> ""obsahuje postavu"". Entities: ""Český večerníček"" is proper name? It's a title of a program, likely proper, keep as is. ""Krkonošské pohádky"" is title, proper, keep. Characters: Trautenberk (proper), hajný (common noun? ""hajný"" is a role, not proper name, so translate? The rule: translate each entity that is NOT a proper name. So ""hajný"" is a common noun, should be translated to Slovak: ""hajný"" is already Slovak? It's Czech word meaning ""herdsman"". In Slovak, ""hajný"" also exists? Might be same. But we need to translate to Slovak. It's already Slovak? It's same. So keep ""hajný"". Anče is proper name, keep. Kuba is proper name, keep. Thus sentence: ""Český večerníček má názov Krkonošské pohádky a Krkonošské pohádky obsahuje postavu Trautenberk, postavu hajný, postavu Anče aj postavu Kuba."" But need to ensure grammar: ""postavu hajný"" maybe ""postavu hajného""? But we must not change. The entity is ""hajný"". Should we keep as is? Probably keep exactly. So ""postavu hajný"". Might be odd but follow rule. Thus produce one sentence."
Id179,culture,,,3,"Jana Neruda je autorom diela Povídky malostranské, ktoré je prozaickým dielom a je pomenované po pražskej štvrti.","We need to produce Slovak sentence(s) that express all facts. Triples: 1. Jana Nerudy authorOf Povídky malostranské 2. Povídky malostranské genre prozaické dílo 3. Povídky malostranské namedAfter pražská čtvrť We need to translate non-proper nouns. ""authorOf"" -> ""je autorom"" or ""napísala"". Since Jana Neruda is a person, we can say ""Jana Neruda je autorom diela Povídky malostranské"". ""genre"" -> ""má žáner"". ""prozaické dílo"" is a phrase, keep as is? It's not a proper name, so translate: ""prozaické dielo"". ""namedAfter"" -> ""je pomenované po"". ""pražská čtvrť"" is not proper? It's a phrase meaning ""pražská štvrť"". Keep as is? It's not a proper name, but it's a description. Should translate: ""pražská štvrť"". However original is Czech ""pražská čtvrť"". In Slovak, ""pražská štvrť"". We'll translate. Thus sentence: ""Jana Neruda je autorom diela Povídky malostranské, ktoré je prozaickým dielom a je pomenované po pražskej štvrti."" Check: includes all facts. Yes. Make sure we keep ""Povídky malostranské"" unchanged (proper name). ""prozaické dílo"" -> ""prozaickým dielom"". ""pražská čtvrť"" -> ""pražskej štvrti"". Good. Return only sentence."
Id180,geography,,,3,"Najsevernejší národný park v Českej republike má názov Národní park České Švýcarsko, nachádza sa v Česká republika a má vlastnosť najsevernejší.","We need to produce Slovak sentence(s) expressing all facts. Triples: 1. ""Nejsevernější národní park v České republice"" hasName ""Národní park České Švýcarsko"". Subject is ""Nejsevernější národní park v České republice"" (which is a description, not a proper name). Need to translate non-proper nouns: ""nejsevernější národní park v České republice"" -> ""najsevernejší národný park v Českej republike"". Predicate ""hasName"" -> ""má názov"". Object ""Národní park České Švýcarsko"" is proper name, keep as is. So sentence: ""Najsevernejší národný park v Českej republike má názov Národní park České Švýcarsko."" 2. ""Národní park České Švýcarsko"" isLocatedIn ""Česká republika"". Translate: subject is proper name, keep. Predicate ""isLocatedIn"" -> ""sa nachádza v"". Object ""Česká republika"" is proper name, keep. Sentence: ""Národní park České Švýcarsko sa nachádza v Česká republika."" But maybe ""v Českej republike"". However object is proper name ""Česká republika"". Should we translate? It's a proper name, keep original. But we might need to keep as is. The instruction: ""Prelož do slovenčiny každú entitu, ktorá NIE JE vlastné meno"". ""Česká republika"" is a proper name (country name). Should keep original. So keep ""Česká republika"". But Slovak would be ""Česká republika""? It's Czech name, but it's proper, keep. Thus: ""Národní park České Švýcarsko sa nachádza v Česká republika."" 3. ""Národní park České Švýcarsko"" hasProperty ""nejsevernější"". Translate predicate ""hasProperty"" -> ""má vlastnosť"". Object ""nejsevernější"" is not proper name, translate to Slovak: ""najsevernejší"". So: ""Národní park České Švýcarsko má vlastnosť najsevernejší."" Now combine maybe into one or two sentences. Could combine first and third? But need to include all facts. Could produce two sentences: first includes fact 1, second includes facts 2 and 3? Could combine all three in one sentence with commas? Might be okay: ""Najsevernejší národný park v Českej republike má názov Národní park České Švýcarsko, ktorý sa nachádza v Česká republika a má vlastnosť najsevernejší."" But that adds ""ktorý"" linking, but still uses only given facts. It introduces relative pronoun but not new facts. Might be okay. However instruction: ""vygeneruj jednu plynulú slovenskú vetu (alebo dve krátke, ak je to potrebné)"". So one sentence is okay. Let's craft: ""Najsevernejší národný park v Českej republike má názov Národní park České Švýcarsko, nachádza sa v Česká republika a má vlastnosť najsevernejší."" Check translation: predicate ""isLocatedIn"" -> ""nachádza sa v"". Good. Thus final answer: single sentence."
Id181,culture,,,5,"Devětsil je umelecký zväz, pochádza z Česka, má politické smerovanie levicové, pôsobil od 1920-01-01 do 1930-12-31.","We need to produce Slovak sentence(s) expressing all facts. Translate non-proper nouns: ""umělecký svaz"" -> ""umelecký zväz"". ""Česko"" is proper name, keep. ""levicový"" is adjective, keep. Dates as given. Predicates: isA -> ""je"". originCountry -> ""pochádza z"". politicalAlignment -> ""má politické smerovanie"". activeFrom -> ""pôsobil od"". activeUntil -> ""pôsobil do"". Need to include all facts. Could be one sentence: ""Devětsil je umelecký zväz, pochádza z Česka, má politické smerovanie levicové, pôsobil od 1920-01-01 do 1930-12-31."" That covers all. Ensure translation of ""levicový"" maybe ""levicové"". Use as adjective. Provide exactly that sentence."
Id182,culture,,,5,"Anděl Páně je filmová rozprávka, pochádza z Česka, režíroval ju Jiří Strach, vyšla v roku 2005 a téma je čert a anjel.","We need to produce Slovak sentence(s) that convey all facts. Translate non-proper nouns. Entities: ""Anděl Páně"" is a proper name (title). Predicates: isA -> ""je"" maybe ""je filmová pohádka"". countryOfOrigin -> ""pochádza z"" or ""má krajinu pôvodu"". director -> ""režíroval"". releaseYear -> ""vyšla v roku"". theme -> ""téma je čert a anděl"". Need to translate ""čert a anděl"" maybe keep as is because it's not proper? It's a phrase, but it's not proper name, so translate each word: ""čert a anděl"" -> ""čert a anděl""? Actually ""anděl"" is Czech for ""anjel"". Should we translate to Slovak? The rule: translate each entity that is not a proper name. So ""čert a anděl"" is not a proper name, so translate to Slovak: ""čert a anjel"". Also ""Česko"" is proper name (country), keep as is. ""Jiří Strach"" is proper name, keep. ""filmová pohádka"" is not proper, translate: ""filmová rozprávka"". ""isA"" predicate translate to ""je"". ""countryOfOrigin"" -> ""pochádza z"". ""director"" -> ""režíroval"". ""releaseYear"" -> ""vyšla v roku"". ""theme"" -> ""téma je"". So sentence: ""Anděl Páně je filmová rozprávka, pochádza z Česka, režíroval ju Jiří Strach, vyšla v roku 2005 a téma je čert a anjel."" Need to ensure all facts. Could also split into two sentences if needed, but one is fine. Check: we used ""filmová rozprávka"" correct translation. ""Česko"" keep. ""Jiří Strach"" keep. ""2005"" keep. ""čert a anjel"". Good. Return only the sentence."
Id183,geography,,,3,"Černé jezero je ledovcové jezero, nachádza sa v Českej republike a je najväčšie.","We need to produce Slovak sentence(s) expressing all facts. Triples: - Černé jezero isA ledovcové jezero -> ""Černé jezero je ledovcové jezero."" - Černé jezero location Česká republika -> ""Černé jezero sa nachádza v Českej republike."" - Černé jezero sizeRank největší -> ""Černé jezero má najväčší veľkostný rang"" but need translate ""sizeRank"" as ""poradie veľkosti"" maybe ""je najväčšie"". The object ""největší"" is Czech for ""najväčší"". Should translate to Slovak ""najväčší"". So sentence: ""Černé jezero je najväčšie."" But need convey rank. Could say ""Černé jezero je najväčšie."" That's fine. Combine maybe two sentences: first two facts, third separate. Or one sentence with commas: ""Černé jezero je ledovcové jezero, nachádza sa v Českej republike a je najväčšie."" That includes all. Ensure no extra info. Use ""nachádza sa"" for location. Use ""je"" for isA. Use ""je najväčšie"" for sizeRank. That seems fine. Return only sentence."
Id184,geography,,,2,"Berounka vzniká z úžitia riek Mže, Radbuza, Úhlava a Úslava. Mže, Radbuza, Úhlava a Úslava majú miesto úžitia v Plzeň.","We need to produce Slovak sentence(s) that express all facts. Two triples: 1. Subject: Berounka | predicate: formedByConfluence | object: Mže Radbuza Úhlava Úslava We need to translate predicate ""formedByConfluence"" to Slovak, likely ""vytvorená zúžitím"" or ""vzniká z úžitia"". But we must use natural Slovak. The instruction: ""Predikát VŽDY prelož do slovenčiny a použi ho vo vete prirodzene."" So we need to translate ""formedByConfluence"" to Slovak phrase. Could be ""vzniká z úžitia"". The object is a list of rivers: ""Mže Radbuza Úhlava Úslava"". These are proper names, keep as is. So sentence: ""Berounka vzniká z úžitia riek Mže, Radbuza, Úhlava a Úslava."" That expresses the first triple. Second triple: Subject: Mže Radbuza Úhlava Úslava | predicate: locationOfConfluence | object: Plzeň Translate predicate ""locationOfConfluence"" to Slovak: ""miesto úžitia"" or ""lokalita úžitia"". Could be ""miesto úžitia"". So sentence: ""Mže, Radbuza, Úhlava a Úslava majú miesto úžitia v Plzni."" Or ""Mže, Radbuza, Úhlava a Úslava úžitie sa nachádza v Plzni."" Better: ""Mže, Radbuza, Úhlava a Úslava majú miesto úžitia v Plzni."" We need to include all facts, no extra. Ensure we include all river names. Use commas. Provide one or two short sentences. Could combine both? Might be two sentences. Provide exactly those sentences. Check: first triple: ""Berounka formedByConfluence Mže Radbuza Úhlava Úslava"". So ""Berounka vzniká z úžitia riek Mže, Radbuza, Úhlava a Úslava."" Good. Second: ""Mže Radbuza Úhlava Úslava locationOfConfluence Plzeň"". So ""Mže, Radbuza, Úhlava a Úslava majú miesto úžitia v Plzni."" Good. Make sure we keep proper names unchanged: Plzeň is proper, keep as is. Use Slovak diacritics: Plzni is locative of Plzeň? In Slovak, ""v Plzni"" is correct. Keep ""Plzeň"" maybe keep original with háček. But we can adapt to Slovak grammar? The instruction: ""Prelož do slovenčiny každú entitu, ktorá NIE JE vlastné meno (napr. všeobecné podstatné mená, roly, všeobecné opisy). Vlastné mená (mená osôb, miest, organizácií, diel atď.) ponechaj v pôvodnej podobe."" So ""Plzeň"" is a proper name, keep unchanged. But we need to use Slovak grammar: ""v Plzeň""? Actually ""v Plzeň"" is not correct Slovak; would be ""v Plzni"". But they said keep proper names unchanged, so maybe we keep ""Plzeň"". But we can still add case ending? That would modify the name, which might be considered altering. Safer to keep exactly ""Plzeň"". So phrase: ""v Plzeň"". That is not grammatical but meets requirement. So sentence: ""Mže, Radbuza, Úhlava a Úslava majú miesto úžitia v Plzeň."" That keeps name unchanged. Similarly, ""Berounka"" is proper name, keep unchanged. ""Mže, Radbuza, Úhlava a Úslava"" are proper names, keep unchanged. Thus final answer: two sentences."
Id185,geography,,,3,"Otava je rieka Zlatonosná rieka, nachádza sa v západných a južných Čechách a preteká do Vltavy.","We need to produce Slovak sentence(s) that convey all facts. RDF triples: - Otava | isRiver | Zlatonosná řeka - Otava | location | západní a jižní Čechy - Otava | flowsInto | Vltava We must translate predicate to Slovak: ""isRiver"" -> ""je rieka"" or ""je rieka""? Actually ""isRiver"" means ""je rieka"". ""location"" -> ""sa nachádza v"" or ""lokalita""? Use ""sa nachádza v"". ""flowsInto"" -> ""preteká do"" or ""úti do"". Use ""preteká do"". Entities: Otava (proper name) keep. Zlatonosná řeka (not proper? It's a name? It seems a name of a river, but it's not proper? It's a phrase meaning ""Zlatonosná rieka"". Might be considered proper name? Probably treat as not proper, translate: ""Zlatonosná rieka"". So we translate ""Zlatonosná řeka"" to Slovak: ""Zlatonosná rieka"". ""západní a jižní Čechy"" -> translate: ""západné a južné Čechy"". Keep proper? ""Čechy"" is region, not proper? It's proper name but we translate anyway? The instruction: translate each entity that is NOT a proper name. ""Čechy"" is proper name of region, but maybe considered proper? I'd keep as ""Čechy""? The instruction says translate to Slovak each entity that is not a proper name. ""západní a jižní Čechy"" is phrase, includes proper name ""Čechy"". Should we translate ""západní a jižní"" to Slovak: ""západné a južné"". Keep ""Čechy"". So ""západné a južné Čechy"". ""Vltava"" is proper name, keep. Now produce sentence(s) that include all facts: ""Otava je rieka Zlatonosná rieka, nachádza sa v západných a južných Čechách a úti do Vltavy."" Need correct grammar: ""Otava je rieka Zlatonosná rieka, nachádza sa v západných a južných Čechách a úti do Vltavy."" Or ""Otava je rieka Zlatonosná rieka, nachádza sa v západných a južných Čechách a preteká do Vltavy."" Use ""preteká do"". Provide one sentence. Check: includes all three facts. Yes. Return only the sentence."
Id186,history,,,5,"Bitka u Slavkova má lokáciu Morava, dátum 1805-12-02, účastníka Francie, účastníka Rusko a klasifikáciu slavná.","We need to produce Slovak sentence(s) expressing all facts. Entities: ""Bitka u Slavkova"" is subject (proper name? It's a name of battle, likely proper noun, keep as is). Predicates: location -> Morava (translate ""Morava"" is proper name, keep). date -> 1805-12-02 (keep). participant -> Francie (proper name, keep). participant -> Rusko (proper name). classification -> slavná (the object ""slavná"" is a common adjective, translate predicate ""classification"" to Slovak ""klasifikácia""? But we need to translate predicate to Slovak and use naturally. So ""klasifikácia"" maybe ""klasifikovaná ako"". But we need to use predicate translation: ""classification"" -> ""klasifikácia"". Could phrase: ""Bitka u Slavkova má klasifikáciu slavná."" Or ""Bitka u Slavkova je klasifikovaná ako slavná."" But predicate must be translated and used naturally. The instruction: ""Predikát VŽDY prelož do slovenčiny a použi ho vo vete prirodzene."" So we need to translate each predicate: location -> ""lokácia"" or ""miesto"". Probably ""lokácia"". date -> ""dátum"". participant -> ""účastník"". classification -> ""klasifikácia"". Use them naturally: ""Bitka u Slavkova má lokáciu Morava, dátum 1805-12-02, účastníkov Francie a Rusko a klasifikáciu slavná."" That includes all facts. Ensure no extra info. Use proper Slovak grammar: ""účastníkov"" is plural, but predicate is ""participant"". Could say ""účastník"" for each. Could produce two sentences: one for location and date, another for participants and classification. But can be one sentence. We must not add any facts. The phrase ""má lokáciu"" is okay. ""dátum"" is fine. ""účastníci"" maybe but predicate is singular ""participant"". Could say ""má účastníka Francie a má účastníka Rusko"". But that repeats. Simpler: ""Bitka u Slavkova má lokáciu Morava, dátum 1805-12-02, účastníka Francie, účastníka Rusko a klasifikáciu slavná."" That repeats predicate each time. Acceptable. Let's produce one sentence: ""Bitka u Slavkova má lokáciu Morava, dátum 1805-12-02, účastníka Francie, účastníka Rusko a klasifikáciu slavná."" Ensure no extra punctuation. That's fine."
Id187,other,,,4,"České dráhy je železničný dopravca, patrí do krajiny Česká republika a má najväčší veľkostný rebríček. Ministerstvo dopravy České republiky založilo České dráhy.","We need to produce Slovak sentence(s) expressing all facts. Facts: 1. České dráhy isA železniční dopravce. Translate predicate ""isA"" to Slovak ""je"". Entity ""železniční dopravce"" translate to ""železničný dopravca"". So: ""České dráhy je železničný dopravca."" 2. České dráhy country Česká republika. Predicate ""country"" translate to ""krajina"". So: ""České dráhy patrí do krajiny Česká republika."" Or ""České dráhy je v krajine Česká republika."" Better: ""České dráhy je v krajine Česká republika."" Use ""krajina"" as noun. Could be ""České dráhy má krajinu Česká republika."" But natural: ""České dráhy je v krajine Česká republika."" 3. České dráhy sizeRank největší. Translate predicate ""sizeRank"" maybe ""veľkosťový rebríček"" but we need natural: ""má najväčší rebríček veľkosti""? Actually ""sizeRank"" indicates ranking by size, value ""největší"" = ""najväčší"". So sentence: ""České dráhy má najväčší veľkostný rebríček."" Might be ""České dráhy je najväčší"". But that loses rank concept. Use predicate translation: ""sizeRank"" -> ""veľkostný rebríček"". So: ""České dráhy má najväčší veľkostný rebríček."" 4. Ministerstvo dopravy České republiky founded České dráhy. Predicate ""founded"" translate to ""založilo"". So: ""Ministerstvo dopravy České republiky založilo České dráhy."" We need to include all facts, can be one or two sentences. Could combine: ""České dráhy je železničný dopravca, patrí do krajiny Česká republika, má najväčší veľkostný rebríček a bolo založené Ministerstvom dopravy České republiky."" That includes all. Need to keep predicate translations: ""je"", ""patrí do krajiny"", ""má najväčší veľkostný rebríček"", ""bolo založené"". But ""bolo založené"" subject is ""České dráhy"". However original fact: Ministerstvo dopravy ... founded České dráhy. So we need to express that Ministerstvo ... založilo České dráhy. So we can keep separate clause: ""Ministerstvo dopravy České republiky založilo České dráhy."" Could combine with semicolon. Thus final output: two sentences. Sentence1: ""České dráhy je železničný dopravca, patrí do krajiny Česká republika a má najväčší veľkostný rebríček."" Sentence2: ""Ministerstvo dopravy České republiky založilo České dráhy."" Check translation of ""country"" predicate: ""patrí do krajiny"". Acceptable. All facts included. No extra. Output only sentences."
Id188,culture,,,4,"Žvýkačka sa volá Pedro, bola vyrobená počas socializmu v Československu a má na obale postavu chlapečka v sombréru.","We need to produce Slovak sentence(s) that convey all facts. Facts: - žvýkačka (chewing gum) producedDuring socialismus (socialism) - žvýkačka producedIn Československo (Czechoslovakia) - žvýkačka hasPackagingFeature postava chlapečka v sombréru (a figure of a boy in a sombrero) - žvýkačka name Pedro We need to translate predicate to Slovak: ""producedDuring"" -> ""bola vyrobená počas"". ""producedIn"" -> ""bola vyrobená v"". ""hasPackagingFeature"" -> ""má na obale postavu chlapečka v sombréru"". ""name"" -> ""sa volá"". Subject ""žvýkačka"" is common noun, keep as ""žvýkačka"". Object ""socialismus"" is a noun, translate? It's not proper name, so translate to Slovak: ""socializmus"". ""Československo"" is proper name, keep. ""postava chlapečka v sombréru"" is description, not proper name, keep translation already Slovak. ""Pedro"" is proper name, keep. We need one sentence (or two short if needed) that includes all facts. Could be: ""Žvýkačka sa volá Pedro, bola vyrobená počas socializmu v Československu a má na obale postavu chlapečka v sombréru."" That includes all. Ensure no extra info. Use correct Slovak grammar. That seems fine. Return only the sentence."
Id189,culture,,,3,Štátna hymna České republiky pochádza z Fidlovačka aneb Žádný hněv a žádná rvačka. Fidlovačka aneb Žádný hněv a žádná rvačka je divadelná hra a jejím autorom je Josef Kajetán Tyl.,"We need to produce Slovak sentence(s) expressing all facts. Triples: 1. ""státní hymna České republiky"" | originatesFrom | ""Fidlovačka aneb Žádný hněv a žádná rvačka"" 2. ""Fidlovačka aneb Žádný hněv a žádná rvačka"" | author | ""Josef Kajetán Tyl"" 3. ""Fidlovačka aneb Žádný hněv a žádná rvačka"" | isA | ""divadelní hra"" We need to translate non-proper nouns. ""státní hymna České republiky"" is a proper name? It's a phrase meaning ""state anthem of the Czech Republic"". It's not a proper name? It's a description. Should translate: ""štátna hymna Českej republiky"". Keep ""České republiky"" as proper name? It's a proper name, keep as is. So translate ""státní hymna"" to ""štátna hymna"". So entity becomes ""štátna hymna České republiky"". ""Fidlovačka aneb Žádný hněv a žádná rvačka"" is a title, keep as is. ""author"" -> ""autor"". ""isA"" -> ""je"". Actually ""isA"" predicate translates to ""je"". So we need sentences: ""Štátna hymna České republiky pochádza z Fidlovačka aneb Žádný hněv a žádná rvačka."" (originatesFrom -> ""pochádza z""). ""Fidlovačka aneb Žádný hněv a žádná rvačka je divadelná hra a jej autorom je Josef Kajetán Tyl."" But need to include both facts: isA divadelní hra (divadelní hra = divadelná hra) and author. Could be two sentences or one. Must include all facts. Could do two sentences: one for origin, one for author and type. But need to include both facts. Could do: ""Fidlovačka aneb Žádný hněv a žádná rvačka je divadelná hra a jej autorom je Josef Kajetán Tyl."" That includes both. Ensure translation of ""author"" to ""autor"". Use ""autorom"" (instrumental) maybe ""jejím autorom"". Simpler: ""jejím autorom je Josef Kajetán Tyl"". Use ""jejím"". So final output two sentences. Check: we used all facts: origin, author, isA. Yes. Now produce only sentences."
Id190,culture,,,6,"Miroslav Donutil je český herec, má rolu hlavná postava a hral v seriáli Doktor Martin, ktorý má typ seriál a má vysielateľa Česká televize.","We need to produce Slovak sentences expressing all facts. Entities: Miroslav Donutil (proper name) nationality český -> translate ""český"" is adjective ""český"". Profession herec -> ""herec"". Role hlavní postava -> translate ""hlavná postava"". Doktor Martin type seriál -> ""seriál"". broadcaster Česká televize -> keep as proper name. Miroslav Donutil actedIn Doktor Martin -> ""hral v seriáli Doktor Martin"". Need to include all facts: Miroslav Donutil je český herec, v seriáli Doktor Martin je hlavnou postavou, seriál Doktor Martin je typ seriál a vysiela ho Česká televize. But need to use each predicate translation: nationality -> ""má národnosť"", profession -> ""má povolanie"", role -> ""má rolu"", type -> ""má typ"", broadcaster -> ""má vysielateľa""? Actually ""broadcaster"" translate to ""vysielateľ"". So ""Doktor Martin má typ seriál a má vysielateľa Česká televize"". Also ""Miroslav Donutil hral v Doktor Martin"". Need to include role: ""Miroslav Donutil má rolu hlavná postava"". Could combine: ""Miroslav Donutil je český herec, má rolu hlavná postava a hral v seriáli Doktor Martin, ktorý má typ seriál a vysiela ho Česká televize."" That includes all. Ensure all facts: nationality, profession, role, actedIn, type, broadcaster. Yes. Check translation of role: ""hlavní postava"" Czech, Slovak ""hlavná postava"". Good. Now output only sentence(s). One sentence is fine. Let's produce: ""Miroslav Donutil je český herec, má rolu hlavná postava a hral v seriáli Doktor Martin, ktorý má typ seriál a má vysielateľa Česká televize."" Might be slightly redundant ""má typ seriál"". Could be ""má typ seriál"". That's okay. Return only that."
Id191,culture,,,6,"Samotáři je komédia, krajiny pôvodu Česká, vydaná v roku 2000, v ktorej hrajú Ivan Trojan, Jiří Macháček a Saša Rašilov mladší.","We need to produce Slovak sentence(s) expressing all facts. Entities: ""Samotáři"" is a proper name (title). Predicates: genre -> komedie (translate ""genre"" to Slovak ""žáner""? but need natural sentence: ""Samotáři má žáner komédia"" or ""Samotáři je komédia"". Use predicate translation: ""genre"" -> ""žáner"". ""countryOfOrigin"" -> ""krajina pôvodu"". ""releaseYear"" -> ""rok vydania"". ""featuresActor"" -> ""má v obsadení"". Need to include all three actors. Provide one sentence maybe: ""Samotáři je komédia z Českej krajiny pôvodu, vydaná v roku 2000, v ktorej hrajú Ivan Trojan, Jiří Macháček a Saša Rašilov mladší."" Ensure translation of ""Česká"" to Slovak ""Česká""? It's a proper adjective? Probably keep as ""Česká"". But requirement: translate each entity that is not proper name. ""Česká"" is an adjective of country, but it's part of proper name? It's the country ""Česká"" meaning ""Czech"". It's not proper name? The country is ""Česká republika"". Here ""Česká"" is likely a proper adjective, but we can translate to Slovak ""Česká"". Might keep as ""Česká"". Could also translate to ""Česká"". It's fine. Thus sentence: ""Samotáři je komédia, pochádza z Českej krajiny pôvodu, bola vydaná v roku 2000 a v nej hrajú Ivan Trojan, Jiří Macháček a Saša Rašilov mladší."" Need to include all facts. Use ""pochádza z Českej"" maybe ""pochádza z Českej"". Use ""krajina pôvodu"" phrase. Let's craft: ""Samotáři je komédia, krajiny pôvodu Česká, vydaná v roku 2000, v ktorej hrajú Ivan Trojan, Jiří Macháček a Saša Rašilov mladší."" Might be okay. Make sure all facts: genre, countryOfOrigin, releaseYear, three actors. I'll output one sentence."
Id192,history,,,5,"Film Císařův pekař – Pekařův císař, ktorý je dvojdielna česká historická komédia, má dátum vydania 1951-01-01, skladá sa z 2 častí a Jan Werich v ňom zahral úlohu obidve hlavné postavy.","We need to produce Slovak sentence(s) that convey all facts. Facts: - Dvoudílná česká historická komedie | releaseYear | 1951-01-01 - Dvoudílná česká historická komedie | genre | historical comedy - Dvoudílná česká historická komedie | numberOfParts | 2 - Jan Werich | portrayedRole | obě hlavní postavy - Dvoudílná česká historická komedie | title | Císařův pekař – Pekařův císař We need to translate non-proper nouns: ""historical comedy"" -> ""historická komédia"". ""releaseYear"" -> ""rok vydania"". ""numberOfParts"" -> ""počet častí"". ""portrayedRole"" -> ""zahral úlohu"". ""title"" -> ""názov"". ""Dvoudílná česká historická komedie"" is a phrase but not a proper name? It's a description, not a proper name. Should translate: ""dvoudílná česká historická komédia"". But maybe keep as is? The rule: translate each entity that is NOT a proper name. So ""Dvoudílná česká historická komedie"" is not a proper name, it's a description, so translate to Slovak: ""dvoudílná česká historická komédia"". However note that ""dvoudílná"" is Czech for ""two-part"". In Slovak, ""dvojdielna"". So translation: ""dvojdielna česká historická komédia"". Also ""Císařův pekař – Pekařův císař"" is a title, proper name, keep original. ""Jan Werich"" is proper name, keep. ""obě hlavní postavy"" is not proper, translate: ""obidve hlavné postavy"". Now produce sentence(s) that include all facts: ""Film Císařův pekař – Pekařův císař, ktorý je dvojdielna česká historická komédia, bol vydaný 1. januára 1951, má dva diely a Jan Werich v ňom zahral úlohu obidvoch hlavných postáv."" Check: includes title, genre, release date, number of parts, Jan Werich role. All facts. Make sure date format: ""1951-01-01"" keep exactly? The rule: preserve numbers, dates exactly as given. So we must keep ""1951-01-01"". So maybe ""dátum vydania 1951-01-01"". Use exact string. Thus sentence: ""Film Císařův pekař – Pekařův císař, ktorý je dvojdielna česká historická komédia, má dátum vydania 1951-01-01, skladá sa z 2 častí a Jan Werich v ňom zahral úlohu obidve hlavné postavy."" Check translation: ""obidve hlavné postavy"" correct. All facts: title, genre, releaseYear, numberOfParts, portrayedRole. Yes. Return only sentence."
Id193,culture,,,5,"Jára Cimrman je fiktívna postava, je génius a je český; Jiří Šebánek a Zdeněk Svěrák vytvorili postavu Jára Cimrman.","We need to produce Slovak sentence(s) that express all facts. Facts: 1. Jára Cimrman isFictionalCharacter true → Jára Cimrman je fiktívna postava. 2. Jára Cimrman isGenius true → Jára Cimrman je génius. 3. Jára Cimrman nationality český → Jára Cimrman je český. 4. Jiří Šebánek createdCharacter Jára Cimrman → Jiří Šebánek vytvoril postavu Jára Cimrman (or ""vytvoril postavu Jára Cimrman""). 5. Zdeněk Svěrák createdCharacter Jára Cimrman → Zdeněk Svěrák vytvoril postavu Jára Cimrman. We must translate predicate to Slovak: ""isFictionalCharacter"" -> ""je fiktívna postava"" (or ""je fiktívna postava""? Actually ""postava"" is feminine, but Jára Cimrman is masculine name; but we follow literal translation: ""je fiktívna postava"". Could also be ""je fiktívnou postavou"". But we need natural sentence. Use ""je fiktívna postava"". ""isGenius"" -> ""je génius"". ""nationality"" -> ""je český"". ""createdCharacter"" -> ""vytvoril postavu"". Should we include ""postavu""? The predicate ""createdCharacter"" means subject created character object. So we can say ""Jiří Šebánek vytvoril postavu Jára Cimrman"". Similarly for Zdeněk Svěrák. We need to include all facts. Could combine into one sentence? Possibly: ""Jára Cimrman je fiktívna postava, je génius a je český; Jiří Šebánek a Zdeněk Svěrák vytvorili postavu Jára Cimrman."" That includes all. Ensure no extra facts. That seems fine. Check translation of ""český"" as adjective: ""je český"". Good. Make sure we keep proper names unchanged. Thus final output: one sentence (or two short). We'll output one sentence as above."
Id194,culture,,,3,"Zdeněk Jirotka je autorom Saturnina, ktorý bol publikovaný v roku 1942 a je humoristickým románom.","We need to produce Slovak sentence(s) that convey all facts. Entities: Zdeněk Jirotka (proper name) authorOf Saturnin => ""Zdeněk Jirotka je autorom Saturnina."" Saturnin publicationYear 1942 => ""Saturnin bol publikovaný v roku 1942."" Saturnin genre humoristický román => ""Saturnin je humoristický román."" Could combine: ""Zdeněk Jirotka je autorom Saturnina, ktorý bol publikovaný v roku 1942 a je humoristickým románom."" That includes all facts. Ensure translation of predicate: authorOf -> ""je autorom"". publicationYear -> ""bol publikovaný v roku"". genre -> ""je"". Should we keep ""Saturnin"" as title, proper name, keep as is. Provide one sentence. That covers all. Ensure no extra info. Provide exactly that sentence."
Id195,culture,,,4,"Český kreslený večerníček má názov Bob a Bobek – králíci z klobouku. V tomto večerníčku sa vyskytujú králiky, je ich 2 a žijú v klobúku.","We need to produce Slovak sentence(s) that express all facts. Triples: 1. český kreslený večerníček hasTitle ""Bob a Bobek – králíci z klobouku"" 2. ""Bob a Bobek – králíci z klobouku"" featuresCharacters ""králíci"" 3. ""králíci"" hasCount 2 4. ""králíci"" liveIn ""klobouk"" We need to translate non-proper nouns: ""český kreslený večerníček"" -> ""český kreslený večerníček"" (Czech cartoon bedtime story? but keep translation: ""český kreslený večerníček"" is not proper name, so translate each word: ""český"" stays, ""kreslený"" stays, ""večerníček"" maybe ""večerníček"" is a Czech term; but we translate to Slovak: ""večerníček"" is also Slovak? Could be ""večerníček"". We'll keep as is. ""Bob a Bobek – králíci z klobouku"" is a title, proper name, keep unchanged. ""králíci"" is not proper name, translate to Slovak ""králiky""? Actually Slovak for ""králíci"" is ""králiky"". But we need to translate each entity that is not proper name. So ""králíci"" -> ""králiky"". ""klobouk"" -> ""klobúk"". So we need to use Slovak words. Thus sentences: ""Český kreslený večerníček má názov Bob a Bobek – králíci z klobouku. Bob a Bobek – králíci z klobouku obsahuje postavy králiky, pričom králiky sú dva a žijú v klobúku."" We must ensure we include all facts: title, features characters, count 2, live in hat. We need to use predicate translations: hasTitle -> ""má názov"", featuresCharacters -> ""obsahuje postavy"", hasCount -> ""má počet"" or ""je ich"". liveIn -> ""žijú v"". Use natural. Make one or two short sentences. Could be two sentences. Let's produce: ""Český kreslený večerníček má názov Bob a Bobek – králíci z klobouku. V tomto večerníčku sa vyskytujú králiky, je ich 2 a žijú v klobúku."" Check: we used ""králiky"" (plural). Good. All facts covered. Return only the sentences."
Id196,culture,,,4,"Václav Chaloupka vytvoril Méďové, ktoré je hraný seriál, má cieľovú skupinu deti a má hlavné postavy tri malé medvedíky.","We need to produce Slovak sentence(s) that express all facts. Translate non-proper nouns. Entities: Václav Chaloupka (proper name) stays. ""creates"" -> ""vytvoril"" (or ""vytvorila""? Václav male, so ""vytvoril""). ""Méďové"" is title, keep as is. ""isA"" -> ""je"". ""hraný seriál"" is a phrase; ""hraný seriál"" is a noun phrase. So ""Méďové je hraný seriál"". ""targetAudience"" -> ""cieľová skupina"". So ""Méďové má cieľovú skupinu deti"". Or ""Méďové je určený pre deti"". But need to use predicate translation: ""targetAudience"" -> ""cieľová skupina"". So ""Méďové má cieľovú skupinu deti"". ""mainCharacters"" -> ""hlavné postavy"". So ""Méďové má hlavné postavy tri malé medvedíky"". Need to translate ""tři malá medvíďata"" to Slovak: ""tri malé medvedíky"". Keep numbers. So final sentences: maybe combine: ""Václav Chaloupka vytvoril Méďové, ktoré je hraný seriál, má cieľovú skupinu deti a má hlavné postavy tri malé medvedíky."" That includes all facts. Ensure all facts: created by Václav Chaloupka, is a hraný seriál, target audience children, main characters three small bears. Yes. We must not add extra facts. The phrase ""ktoré je"" maybe okay. Use ""je"" for isA. Use ""má"" for targetAudience and mainCharacters. That seems fine. Return only sentence(s). One sentence is okay. Let's produce: ""Václav Chaloupka vytvoril Méďové, ktoré je hraný seriál, má cieľovú skupinu deti a má hlavné postavy tri malé medvedíky."""
Id197,culture,,,3,"Česká televize má televíznu stanicu ČT :D, ktorá bola založená 2013-01-01 a jej cieľové publikum sú deti.","We need to produce Slovak sentence(s) expressing all facts. Triples: 1. Česká televize | hasTelevisionStation | ČT :D 2. ČT :D | foundingDate | 2013-01-01 3. ČT :D | targetAudience | děti We must translate predicate to Slovak. ""hasTelevisionStation"" -> ""má televíznu stanicu"". Subject ""Česká televize"" is not a proper name? It's a proper name (Czech Television). Should keep as is. Object ""ČT :D"" is a proper name, keep. Second: foundingDate -> ""dátum založenia"". Third: targetAudience -> ""cieľové publikum"". Object ""děti"" is Czech for ""children"". Not proper name, translate to Slovak ""deti"". Also need to translate ""ČT :D"" stays. Now produce sentence(s) that include all facts. Could be: ""Česká televize má televíznu stanicu ČT :D, ktorá bola založená dňa 2013-01-01 a jej cieľové publikum sú deti."" That includes all three. Ensure we use exact date format ""2013-01-01"". Use ""dňa"" maybe optional but okay. Must not add extra facts. ""ktorá bola založená dňa"" is okay, it's derived from predicate. It's not adding new info. Should be fine. Return only sentence."
Id198,culture,,,3,"Čeští jazykoví puristé patria do časového obdobia baroko a národní obrození, používajú termín kapesník a čistonosoplena je termínom pre kapesník.","We need to produce Slovak sentence(s) that express all facts. Triples: 1. Subject: ""Čeští jazykoví puristé"" (Czech language purists) predicate: timePeriod, object: ""baroko a národní obrození"". Need translate predicate to Slovak: ""časové obdobie"" maybe? The predicate ""timePeriod"" translate to ""časové obdobie"". So sentence: ""Čeští jazykoví puristé majú časové obdobie baroko a národní obrození."" But need natural: ""Čeští jazykoví puristé patria do časového obdobia baroko a národní obrození."" Use ""patria do"". That expresses. 2. ""Čeští jazykoví puristé"" designatedTermFor ""kapesník"". Predicate ""designatedTermFor"" translate to ""určujú termín pre"" or ""používajú termín pre"". Could be ""určujú termín"". So: ""Čeští jazykoví puristé používajú termín kapesník."" Or ""Čeští jazykoví puristé označujú kapesník"". But need include both subject and object. Maybe: ""Čeští jazykoví puristé používajú termín kapesník."" 3. ""čistonosoplena"" isTermFor ""kapesník"". Predicate ""isTermFor"" translate to ""je termínom pre"". So: ""čistonosoplena je termínom pre kapesník."" We need include all facts. Could combine into two sentences: first about time period, second about term usage. Or three sentences. Requirement: one sentence (or two short if needed). Could we combine all three into one? Possibly: ""Čeští jazykoví puristé patria do časového obdobia baroko a národní obrození, používajú termín kapesník a čistonosoplena je termínom pre kapesník."" That includes all. It uses ""používajú termín kapesník"" and ""čistonosoplena je termínom pre kapesník"". That seems fine. Check translation of non-proper nouns: ""časové obdobie"" is translation of timePeriod, ""používajú termín"" for designatedTermFor, ""je termínom pre"" for isTermFor. Entities: ""baroko a národní obrození"" are proper? They are names of periods, but likely keep original. ""kapesník"" is common noun, keep as is (already Slovak). ""čistonosoplena"" is a term, likely proper? It's a word, keep as is. Thus final output: single sentence."
Id199,culture,,,7,"Jedna ruka netleská je komédia z Česka, ktorá bola vydaná v roku 2003, režíroval ju David Ondříček a v obsadení sú Jiří Macháček, Ivan Trojan a Marek Taclík.","We need to produce a Slovak sentence(s) that includes all facts. Translate non-proper nouns: genre -> žáner, country -> krajina, releaseYear -> rok vydania, director -> režisér, castMember -> herec (or člen obsadenia). The film title ""Jedna ruka netleská"" is proper name, keep as is. So sentence: ""Jedna ruka netleská je komédia z Česka, ktorá bola vydaná v roku 2003, režíroval ju David Ondříček a v obsadení sú Jiří Macháček, Ivan Trojan a Marek Taclík."" That includes all facts. Ensure translation of ""country"" as ""krajina"". Use ""z Česka"". Good. Check: we used all facts: genre, country, releaseYear, director, three cast members. Yes. Return only the sentence."
Id200,culture,,,5,"Film Návrat idiota je romantická komédia, pochádza z Českej, režíroval ho Saša Gedeon, bol vydaný v roku 1999 a je inšpirovaný hlavnou postavou z Dostojevského knihy Idiot.","We need to produce Slovak sentence(s) that convey all facts. Entities: ""Návrat idiota"" is title (proper name). Predicates: genre -> romantická komédia, countryOfOrigin -> Česká, director -> Saša Gedeon, releaseYear -> 1999, inspiredBy -> hlavní postava z Dostojevského kníhy Idiot. Need to translate non-proper nouns: genre = žáner, countryOfOrigin = krajina pôvodu, director = režisér, releaseYear = rok vydania, inspiredBy = inšpirované. Also ""hlavní postava z Dostojevského kníhy Idiot"" is a phrase; need to translate: ""hlavná postava z Dostojevského knihy Idiot"". But note ""hlavní postava"" is not proper name, translate. Also ""Česká"" is country adjective; maybe ""Česká"" is proper? It's a country name ""Česká"" (Czech). Should we translate? It's not proper name? It's a country name, but they said translate each entity that is NOT a proper name. Country name is proper? Probably keep as ""Česká"". But ""Česká"" is not full ""Česká republika"". Might be considered proper, but they said proper names keep original. So keep ""Česká"". So sentence: ""Film Návrat idiota je romantická komédia, pochádza z Českej, režíroval ho Saša Gedeon, bol vydaný v roku 1999 a je inšpirovaný hlavnou postavou z Dostojevského knihy Idiot."" Need to ensure grammar: ""pochádza z Českej"" maybe ""pochádza z Českej republiky"". But we cannot add ""republiky"". Could say ""pochádza z Českej"". Acceptable. Also ""hlavnou postavou"" vs ""hlavná postava"". Use ""hlavnou postavou"". The predicate ""inspiredBy"" -> ""inšpirovaný"". So ""je inšpirovaný hlavnou postavou z Dostojevského knihy Idiot."" That covers all. Provide one sentence."
Id201,culture,,,9,"Ondřej Trojan režíroval film Občanský průkaz, ktorý bol vydaný v roku 2010, zobrazuje životy Petra, Popelky, Aleša a Míťu, odohráva sa v období od 1. januára 1973 do 31. decembra 1977 a jeho historickým kontextom je normalizácia.","We need to produce Slovak sentence(s) that convey all facts. Entities: Ondřej Trojan (proper name) directedFilm Občanský průkaz (film title). So ""Ondřej Trojan režíroval film Občanský průkaz."" Next: Občanský průkaz releaseYear 2010 => ""Film Občanský průkaz bol vydaný v roku 2010."" Next: depictsLifeOf Petr, Popelka, Aleš, Míťa => ""Vo filme Občanský průkaz sa zobrazujú životy Petra, Popelky, Aleša a Míťu."" Need to translate proper nouns? Petr, Popelka, Aleš, Míťa are proper names, keep as is. Next: settingPeriod 1973-01-01 and 1977-12-31 => ""Dej filmu Občanský průkaz sa odohráva v období od 1. januára 1973 do 31. decembra 1977."" Next: historicalContext normalizace => ""Historickým kontextom filmu Občanský průkaz je normalizácia."" Need to keep ""normalizace"" as is (Czech word) because it's not proper name? It's a term, but not proper name; we translate? The rule: translate each entity that is not a proper name. ""normalizace"" is a term, not proper name, so translate to Slovak: ""normalizácia"". So we should use Slovak word. So sentence: ""Historickým kontextom filmu Občanský průkaz je normalizácia."" Ensure all facts included. Could combine into one long sentence, but can be two short sentences if needed. Probably one sentence with many clauses. Let's craft: ""Ondřej Trojan režíroval film Občanský průkaz, ktorý bol vydaný v roku 2010, zobrazuje životy Petra, Popelky, Aleša a Míťu, odohráva sa v období od 1. januára 1973 do 31. decembra 1977 a jeho historickým kontextom je normalizácia."" That includes all. Ensure translation of ""directedFilm"" -> ""režíroval film"". ""releaseYear"" -> ""bol vydaný v roku"". ""depictsLifeOf"" -> ""zobrazuje životy"". ""settingPeriod"" -> ""odohráva sa v období od ... do ..."". ""historicalContext"" -> ""historickým kontextom je"". Good. Return only the sentence."
Id202,culture,,,5,"Jana Budař má názov filmu Princ Mamánek a jej debut ako režisér je film Princ Mamánek, ktorý je filmová pohádka, má rok vydania 2022 a krajinu pôvodu Česká.","We need to produce Slovak sentence(s) expressing all facts. RDF triples: 1. Jana Budař | filmName | Princ Mamánek Interpretation: ""Jana Budař"" has film name ""Princ Mamánek""? Actually predicate filmName likely means the film name of something? Could be that Jana Budař is associated with film name Princ Mamánek (maybe she acted?). But we must translate predicate to Slovak: ""filmName"" -> ""názov filmu"". So ""Jana Budař má názov filmu Princ Mamánek""? That seems odd. But we must use literal translation: ""filmName"" as ""názov filmu"". So sentence: ""Jana Budař má názov filmu Princ Mamánek."" Might be weird but okay. 2. Princ Mamánek | releaseYear | 2022 -> ""Princ Mamánek má rok vydania 2022."" Or ""rok vydania"" translation. 3. Princ Mamánek | filmType | filmová pohádka -> ""Princ Mamánek je filmová pohádka."" Actually predicate filmType -> ""typ filmu"". So ""Princ Mamánek má typ filmu filmová pohádka."" Could be ""typ filmu je filmová pohádka."" 4. Princ Mamánek | countryOfOrigin | Česká -> ""Princ Mamánek má krajinu pôvodu Česká."" Actually ""countryOfOrigin"" -> ""krajina pôvodu"". So ""krajina pôvodu je Česká."" 5. Jana Budař | directorDebut | Princ Mamánek -> ""Jana Budař má debut režiséra Princ Mamánek."" Actually ""directorDebut"" -> ""debut režiséra"". So ""Jana Budař má debut režiséra Princ Mamánek."" We need to include all facts in one or two sentences, natural Slovak. Could combine: ""Jana Budař má názov filmu Princ Mamánek a jej debut ako režisér je film Princ Mamánek, ktorý je filmová pohádka, má rok vydania 2022 a krajinu pôvodu Česká."" That includes all. Ensure each predicate used. We must translate each predicate to Slovak and use naturally. Use ""názov filmu"", ""rok vydania"", ""typ filmu"", ""krajina pôvodu"", ""debut režiséra"". Provide one sentence. Let's craft: ""Jana Budař má názov filmu Princ Mamánek a jej debut ako režisér je film Princ Mamánek, ktorý je filmová pohádka, má rok vydania 2022 a krajinu pôvodu Česká."" Check all facts: Jana Budař filmName Princ Mamánek -> ""má názov filmu Princ Mamánek"". Jana Budař directorDebut Princ Mamánek -> ""jej debut ako režisér je film Princ Mamánek"". Princ Mamánek releaseYear 2022 -> ""má rok vydania 2022"". Princ Mamánek filmType filmová pohádka -> ""je filmová pohádka"". Princ Mamánek countryOfOrigin Česká -> ""krajinu pôvodu Česká"". All included. Make sure no extra info. Good."
Id203,culture,,,6,"Česká televize produkuje Svět pod hlavou, ktorý sa týka Filipa Marvana; Filipa Marvana hrá Václav Neužil, zasiahlo ho auto, zažil v kóme v roku 1982 a má povolanie policajta.","We need to produce Slovak sentence(s) that convey all facts. Translate predicates to Slovak. Entities: ""Česká televize"" (proper name, keep). ""produces"" -> ""produkuje"". ""Svět pod hlavou"" (proper name, keep). ""isAbout"" -> ""sa týka"". ""Filip Marvan"" (proper name). ""isPlayedBy"" -> ""ho hrá"". ""Václav Neužil"" (proper name). ""isHitBy"" -> ""ho zasiahlo"". ""auto"" (common noun, translate to Slovak: ""auto"" is already Slovak? It's same word, but maybe ""auto"". Keep as is. ""experiencesInComa"" -> ""zažil v kóme"". ""1982"" keep. ""hasProfession"" -> ""má povolanie"". ""policista"" is common noun, translate to Slovak: ""policajt""? But ""policista"" is Czech; Slovak is ""policajt"". Should we translate? The rule: translate each entity that is not a proper name. So ""policista"" should be translated to Slovak. The Slovak word is ""policajt"". Use that. Also ""auto"" is same in Slovak, okay. Now construct sentences covering all facts. Could be one sentence: ""Česká televize produkuje Svět pod hlavou, ktorý sa týka Filipa Marvana; Filipa Marvana hrá Václav Neužil, zasiahlo ho auto, zažil v kóme v roku 1982 a má povolanie policajta."" Need to ensure grammar: ""má povolanie policajta"" (genitive). Might be okay. Check each fact: 1. Česká televize produces Svět pod hlavou -> ""Česká televize produkuje Svět pod hlavou."" 2. Svět pod hlavou isAbout Filip Marvan -> ""Svět pod hlavou sa týka Filipa Marvana."" 3. Filip Marvan isPlayedBy Václav Neužil -> ""Filipa Marvana hrá Václav Neužil."" 4. Filip Marvan isHitBy auto -> ""Filipa Marvana zasiahlo auto."" 5. Filip Marvan experiencesInComa 1982 -> ""Filipa Marvana zažil v kóme v roku 1982."" 6. Filip Marvan hasProfession policista -> ""Filipa Marvana má povolanie policajta."" We could combine into one or two sentences. Must include all facts. Could combine with semicolons. Provide one sentence with commas and semicolons. Ensure each fact present. Let's produce: ""Česká televize produkuje Svět pod hlavou, ktorý sa týka Filipa Marvana; Filipa Marvana hrá Václav Neužil, zasiahlo ho auto, zažil v kóme v roku 1982 a má povolanie policajta."" Check translation: ""ktorý"" refers to ""Svět pod hlavou"" (masculine? It's neuter? but okay). Use ""ktorý"". Good. All facts present. Provide only sentence."
Id204,culture,,,7,"Filmová komédia Dědictví aneb Kurvahošigutntag pochádza z Česka, bola vydaná v roku 1992 a režírovala ju Věra Chytilová. Postavu Bohuša stvárnil Bolek Polívka, ktorý zdedí veľký majetok, pričom veľký majetok zdedil zemrelý otec.","We need to produce Slovak sentence(s) that express all facts. Translate non-proper nouns. Entities: ""Dědictví aneb Kurvahošigutntag"" is a proper name (title), keep as is. ""filmová komedie"" translate predicate isA -> ""je filmová komédia"". ""countryOfOrigin"" -> ""pochádza z Česka"". ""releaseYear"" -> ""bola vydaná v roku 1992"". ""director"" -> ""režírovala Věra Chytilová"". ""Bohuš"" is a proper name, keep. ""portrayedBy"" -> ""ho stvárnil Bolek Polívka"". ""inherits"" -> ""zdedí"". ""velký majetek"" is not proper, translate to ""veľký majetok"". ""inheritedFrom"" -> ""zdedil ho"". Actually ""velký majetek"" inherits from ""zemřelý otec"". ""zemřelý otec"" is not proper, translate to ""zemrelý otec"". So we need to express that the big inheritance came from the deceased father. Could phrase: ""veľký majetok zdedil zemrelý otec."" But need to convey that ""velký majetek"" inherits from ""zemřelý otec"". So ""veľký majetok zdedil zemrelý otec."" That is okay. Now combine all facts into one or two sentences. Could be: ""Filmová komédia Dědictví aneb Kurvahošigutntag pochádza z Česka, bola vydaná v roku 1992 a režírovala ju Věra Chytilová. Postavu Bohuša stvárnil Bolek Polívka, ktorý zdedí veľký majetok, pričom veľký majetok zdedil zemrelý otec."" Check: we need to include ""Bohuš inherits velký majetek"". So ""Bohuš zdedí veľký majetok"". Good. Also include that ""velký majetek inheritedFrom zemřelý otec"". So ""veľký majetok zdedil zemrelý otec"". All facts covered. Make sure no extra info. Use proper translation of predicates: isA -> ""je"", countryOfOrigin -> ""pochádza z"", releaseYear -> ""bola vydaná v roku"", director -> ""režírovala"", portrayedBy -> ""ho stvárnil"", inherits -> ""zdedí"", inheritedFrom -> ""zdedil"". Good. Now produce final answer with only sentences."
Id205,culture,,,5,"Postřižiny je celovečerný film, ktorého režisérom je Jiří Menzel, rok vydania je 1980 a je založený na knihe Bohumila Hrabala. Dej sa týka pivovaru a rodiny jeho správcu za prvú republiku.","We need to produce Slovak sentence(s) expressing all facts. Translate non-proper nouns. Entities: ""Postřižiny"" is a proper name (title). ""celovečerní film"" -> ""celovečerný film"". ""director"" -> ""režisér"". ""releaseYear"" -> ""rok vydania"". ""basedOn"" -> ""založený na"". ""plotSummary"" -> ""zhrnutie deja"". The object ""kniha Bohumila Hrabala"" includes ""kniha"" (common noun) and ""Bohumila Hrabala"" is a proper name. So translate ""kniha Bohumila Hrabala"". The plot summary: ""o pivovaru a rodině jeho správce za první republiky"". Need to translate to Slovak: ""o pivovare a rodine jeho správcu za prvú republiku"". Keep as is? Should translate non-proper nouns. So ""pivovaru"" -> ""pivovare"". ""rodině"" -> ""rodine"". ""první republika"" -> ""prvú republiku"". Also ""jeho"" is pronoun, fine. Now construct sentence: ""Postřižiny je celovečerný film, režíroval ho Jiří Menzel, bol vydaný v roku 1980, je založený na knihe Bohumila Hrabala a dej sa týka pivovaru a rodiny jeho správcu za prvú republiku."" Need to keep facts exactly. Use ""rok vydania"" maybe ""rok vydania 1980"". Use ""režisér"" as noun: ""režisér Jiří Menzel"". Could be: ""Postřižiny je celovečerný film, ktorého režisérom je Jiří Menzel, rok vydania je 1980, film je založený na knihe Bohumila Hrabala a dej sa týka pivovaru a rodiny jeho správcu za prvú republiku."" Make sure all facts present. Use proper Slovak grammar. Provide one or two short sentences. Could be two sentences: first includes type, director, year, based on; second includes plot summary. Let's craft: ""Postřižiny je celovečerný film, ktorého režisérom je Jiří Menzel, rok vydania je 1980 a je založený na knihe Bohumila Hrabala. Dej sa týka pivovaru a rodiny jeho správcu za prvú republiku."" Check: includes all facts. Yes. Return only the sentences."
Id206,culture,,,6,"Film Na samotě u lesa má žáner komédia, pochádza z Česka, režíroval ho Jiří Menzel, bol vydaný v roku 1976 a jeho dej rozpráva o obyčajnej pražskej rodine Lavičkových. Rodinka Lavičkových má cieľ výhodne získať domek na vidieku.","We need to produce Slovak sentence(s) that express all facts. Entities: ""Na samotě u lesa"" is a title (proper name) keep as is. Need translate predicate to Slovak. Predicates: genre -> žáner, country -> krajina, director -> režisér, releaseYear -> rok vydania, plot -> dej, goal -> cieľ. Also need translate object if not proper name. For ""komedie"" is a common noun, translate? It's already Czech/Slovak ""komédia""? Should translate to Slovak ""komédia"". ""Česko"" is proper name of country, keep as is? It's a proper name, keep. ""Jiří Menzel"" proper name keep. ""1976"" keep. Plot object: ""vypráví o obyčejné pražské rodince Lavičkových"". Need translate to Slovak: ""rozpráva o obyčajnej pražskej rodine Lavičkových"". But we must not add details not in triple. The triple says ""vypráví o obyčejné pražské rodince Lavičkových"". So we translate that phrase to Slovak preserving meaning. Should we keep ""vypráví"" as ""rozpráva""? That's translation. So sentence: ""Film Na samotě u lesa má žáner komédia, pochádza z Česka, režíroval ho Jiří Menzel, bol vydaný v roku 1976 a jeho dej rozpráva o obyčajnej pražskej rodine Lavičkových."" Also need fact about rodinka Lavičkových goal: ""rodinka Lavičkových má cieľ výhodne získať domek na venkově"". Translate ""venkově"" to Slovak ""na vidieku"". So second sentence: ""Rodinka Lavičkových má cieľ výhodne získať domek na vidieku."" Ensure all facts included. Yes. Check translation of ""country"" -> ""krajina"". Could use ""pochádza z"". That's okay. Use ""má žáner"". Good. Now output only sentences."
Id207,culture,,,9,"Tři veteráni je filmová pohádka, pochádza z Česka, bol vydaný v roku 1983 a má hlavné postavy Pankrác, Bimbác a Servác. Pankrác, Bimbác a Servác sú vysloužilí vojaci.","We need to produce Slovak sentence(s) that convey all facts. Translate non-proper nouns. Entities: ""Tři veteráni"" is a title, likely proper name? It's a film title, but not a proper name? It's a title, but likely keep as is. It's not a proper name? It's a title of a film, but we treat as proper? The instruction: translate each entity that is NOT a proper name. ""Tři veteráni"" is Czech title, maybe considered proper name, but it's a title, could be considered proper. Probably keep as is. ""Česko"" is proper name (country). Keep. ""Pankrác"", ""Bimbác"", ""Servác"" are character names, proper. Keep. Predicates translate: isA -> je, countryOfOrigin -> pochádza z, releaseYear -> bol vydaný v roku, hasMainCharacters -> má hlavné postavy. Also ""vysloužilý voják"" translate to ""vysloužilý vojak"". So sentences: ""Tři veteráni je filmová pohádka, pochádza z Česka, bol vydaný v roku 1983 a má hlavné postavy Pankrác, Bimbác a Servác. Pankrác, Bimbác a Servác sú vysloužilí vojaci."" Need to include all facts: also each character is a ""vysloužilý vojak"". Could combine. Provide one or two short sentences. Ensure all facts: film type, country, year, main characters, each character is a retired soldier. So produce two sentences."
Id208,culture,,,5,"Kniha s názvom Fimfárum má 17 príbehov, žáner humoristické rozprávky, bola vydaná v roku 1960 a jej autorom je Jan Werich.","We need to produce Slovak sentence(s) expressing all facts. Entities: Kniha (book) is subject? Actually subject is ""Kniha"". Should translate non-proper nouns: ""Kniha"" is a common noun, translate to ""kniha"". Predicates: title -> ""názov"", numberOfStories -> ""počet príbehov"", genre -> ""žáner"", publicationYear -> ""rok vydania"", author -> ""autor"". Objects: Fimfárum (proper name), 17, humoristické pohádky (should translate? It's phrase in Czech maybe, but it's not proper name, so translate each word: ""humoristické pohádky"" is already Slovak? ""pohádky"" is Czech; Slovak would be ""rozprávky"". But instruction: translate each entity that is not proper name. So ""humoristické pohádky"" is not proper name, translate to Slovak: ""humoristické rozprávky"". Keep as phrase. Publication year 1960 stays. Author Jan Werich is proper name, keep. Thus sentence: ""Kniha Fimfárum má názov Fimfárum, počet príbehov 17, žáner humoristické rozprávky, rok vydania 1960 a autor Jan Werich."" But need to include title fact: title = Fimfárum. Could phrase: ""Kniha s názvom Fimfárum má 17 humoristických rozprávok, bola vydaná v roku 1960 a jej autorom je Jan Werich."" That includes all facts. Ensure we mention number of stories, genre, publication year, author. Title is expressed as ""s názvom Fimfárum"". Good. Check translation: ""humoristické rozprávky"" matches genre. Use ""žáner"". Could say ""žáner humoristické rozprávky"". Fine. We must not add any extra facts. The sentence includes all facts, no extra. Good. Return only sentence."
Id209,culture,,,3,"Karel Čapek je autorom Devatero pohádek, ktoré bolo vydané v roku 1932 a má žáner rozprávky.","We need to produce Slovak sentence(s) that express all facts. Triples: 1. Karel Čapek | authorOf | Devatero pohádek -> ""Karel Čapek je autorom Devatero pohádek"" (authorOf translates to ""autor"" or ""autorom""? In Slovak: ""autorom"" (instrumental) after ""je"". Could be ""Karel Čapek je autorom Devatero pohádek."" 2. Devatero pohádek | publicationYear | 1932 -> ""Devatero pohádek bolo vydané v roku 1932"" or ""rok vydania Devatero pohádek je 1932"". Use ""rok vydania"" maybe. But need to translate predicate ""publicationYear"" to Slovak: ""rok vydania"". So ""Devatero pohádek má rok vydania 1932"" or ""rok vydania Devatero pohádek je 1932"". Choose natural: ""Devatero pohádek bolo vydané v roku 1932."" 3. Devatero pohádek | genre | pohádky -> translate genre to ""žáner"". So ""Devatero pohádek patrí do žánru pohádky."" Or ""Devatero pohádek je pohádky"" not correct. Use ""má žáner pohádky"". So ""Devatero pohádek má žáner pohádky."" We need to include all facts. Could combine into one sentence: ""Karel Čapek je autorom Devatero pohádek, ktoré bolo vydané v roku 1932 a má žáner pohádky."" That includes all. Ensure no extra info. Use ""ktoré"" referencing Devatero pohádek. That seems fine. Check translation of ""pohádky"" is a Czech word meaning ""rozprávky"". But we keep as given because it's not proper name? It's a genre term, not proper name, so we need to translate to Slovak. The instruction: ""Prelož do slovenčiny každú entitu, ktorá NIE JE vlastné meno (napr. všeobecné podstatné mená, roly, všeobecné opisy)."" So ""pohádky"" is a Czech word meaning ""rozprávky"". Should translate to Slovak ""rozprávky"". So we need to translate the genre value. So genre is ""pohádky"" -> Slovak ""rozprávky"". Also ""Devatero pohádek"" is a title, proper name, keep as is. ""Karel Čapek"" proper name keep. Thus sentence: ""Karel Čapek je autorom Devatero pohádek, ktoré bolo vydané v roku 1932 a má žáner rozprávky."" Check grammar: ""ktoré bolo vydané"" - ""Devatero pohádek"" is neuter plural? Title is singular? In Slovak, titles are neuter singular, use ""bolo"". Acceptable. Could also use ""bolo vydané"". Good. Thus final answer only the sentence."
Id210,history,,,4,"Povídání o pejskovi a kočičce má autora Josefa Čapeka, rok vydania je 1929, žáner je rozprávková knižka a počet zvieracích postáv je 2.","We need to produce Slovak sentence(s) expressing all facts. Entities: ""Povídání o pejskovi a kočičce"" is title (not proper name? It's a title, likely keep as is). We need translate predicate: author -> autor, publicationYear -> rok vydania, genre -> žáner, numberOfAnimalCharacters -> počet zvieracích postáv. Also need translate entity ""pohádková knížka"" -> ""rozprávková knižka"". Also ""Povídání o pejskovi a kočičce"" is title, keep original. So sentence: ""Povídání o pejskovi a kočičce má autora Josefa Čapeka, rok vydania je 1929, žáner je rozprávková knižka a počet zvieracích postáv je 2."" That includes all facts. Ensure numbers as given. Use Slovak grammar. Could also split into two sentences if needed, but one is fine. Provide only sentence."
Id211,culture,,,4,"Arnošt Lustig je český židovský spisovateľ a publicista. Napísal dielo Modlitba pro Kateřinu Horovitzovou, ktorého téma je holokaust.","We need to produce Slovak sentences expressing all facts. Entities: Arnošt Lustig (proper name) occupations: ""český židovský spisovatel"" and ""publicista"". Also authorOf: ""Modlitba pro Kateřinu Horovitzovou"". The work hasTheme: ""holokaust"". Need to translate non-proper nouns: occupation -> ""povolanie"" maybe, but we need to use predicate translated naturally. For each triple, we need to convey. Could be: ""Arnošt Lustig je český židovský spisovateľ a publicista. Napísal dielo Modlitba pro Kateřinu Horovitzovou, ktorého téma je holokaust."" Ensure all facts: occupations (both), authorOf, hasTheme. Use Slovak: ""je"" for occupation. ""napísal"" for authorOf. ""ktorého téma je holokaust"" expresses hasTheme. That includes all. Should we keep original title unchanged (it's proper name). Good. Return only sentence(s). Probably two sentences as above."
Id212,geography,,,2,Ašský výběžek sa nachádza v západ Čech a zasahuje do území Nemecka.,"We need to produce Slovak sentence(s) that express both triples. Entities: ""Ašský výběžek"" is a proper name, keep as is. Predicates: ""location"" -> translate to Slovak ""sa nachádza"". ""extendsInto"" -> translate to ""zasahuje do"". Objects: ""západ Čech"" (not proper name? It's a region, translate? It's already Slovak? ""západ Čech"" is Slovak phrase meaning ""west of Bohemia"". It's not proper name, keep as is? It's already Slovak, but rule: translate each entity that is not a proper name. ""západ Čech"" is a common noun phrase, but it's already Slovak, so we keep as is. ""území Německa"" is Czech phrase meaning ""území Nemecka"". Should translate to Slovak: ""území Nemecka"". So we need to translate ""Německa"" to ""Nemecka"". So object becomes ""území Nemecka"". Also ""Ašský výběžek"" is proper name, keep. Thus sentences: ""Ašský výběžek sa nachádza v západe Čiech a zasahuje do územia Nemecka."" But need to keep exact object ""západ Čech"" not ""západe Čiech"". The object is ""západ Čech"". Should we keep exact phrase? The rule: preserve exactly as given. So we must use ""západ Čech"". So sentence: ""Ašský výběžek sa nachádza v západ Čech a zasahuje do území Nemecka."" Wait object ""území Německa"" we translate to ""území Nemecka"". Keep ""území Nemecka"". So ""zasahuje do území Nemecka"". Use plural? The object is ""území Nemecka"". Keep that phrase exactly. So final: ""Ašský výběžek sa nachádza v západ Čech a zasahuje do území Nemecka."" Check: predicate translation: location -> ""sa nachádza v"". extendsInto -> ""zasahuje do"". Good. Return only sentence."
Id213,geography,,,4,"Diaľnica D10 začína v Prahe, prechádza cez Mladú Boleslav, končí v Turnove a spája sa so silničnou sieťou.","We need to produce Slovak sentence(s) that express all facts. Translate non-proper nouns. Entities: ""Dálnice D10"" is proper name? It's a highway name, likely proper, keep as is. Predicates: startsIn -> ""začína v"", passesThrough -> ""prechádza cez"", endsIn -> ""končí v"", connectsTo -> ""spája sa so"". Object ""silniční síť"" is not proper, translate to Slovak: ""silničná sieť"". Also ""Praha"", ""Mladá Boleslav"", ""Turnov"" are proper names, keep. We must include all facts. Could be one sentence: ""Diaľnica D10 začína v Prahe, prechádza cez Mladú Boleslav, končí v Turnove a spája sa so silničnou sieťou."" Need to ensure correct Slovak grammar: ""Diaľnica D10"" (capital D). ""v Prahe"", ""v Turnove"". ""silničná sieť"". Use ""spája sa so"". That covers all. Check translation of predicate ""connectsTo"": ""spája sa s"" or ""spája sa so"". Use ""so"". Good. Thus output single sentence."
Id214,culture,,,5,"Postava z českých povestí má meno Teta, je dcérou Krok, je sestrou Kazi a Libuše a môže komunikovať s duchmi.","We need to produce Slovak sentences expressing all facts. Entities: ""Postava z českých pověstí"" (a phrase, not proper name) should be translated: ""postava z českých povestí"". Predicate ""hasName"" -> ""má meno"". So: ""Postava z českých pověstí má meno Teta."" Next: ""Teta isDaughterOf Krok"" -> ""Teta je dcérou Krok"". Next: ""Teta isSisterOf Kazi"" -> ""Teta je sestrou Kazi"". Next: ""Teta isSisterOf Libuše"" -> ""Teta je sestrou Libuše"". Next: ""Teta canCommunicateWith duchy"" -> ""Teta môže komunikovať s duchmi"". Need to include all facts in one or two sentences. Could combine: ""Postava z českých povestí má meno Teta, je dcérou Krok, je sestrou Kazi a Libuše a môže komunikovať s duchmi."" That includes all. Ensure translation of ""duchy"" is ""duchy"" (plural). Use ""duchmi"". Good. Check requirement: translate each entity that is not proper name. ""Postava z českých pověstí"" is not proper name, translate. ""Teta"" is proper? It's a name? It's a name of a character, but likely proper name, keep as is. ""Krok"", ""Kazi"", ""Libuše"" are proper names, keep. ""duchy"" is common noun, translate to ""duchmi"". Already done. Thus final output: single sentence."
Id215,history,,,4,"Alois Jirásek je autorom Staré pověsti české. Staré pověsti české má cieľovú skupinu mládež, spracováva povesti a povesti majú pôvodné obdobie rôzne obdobia českých dejín.","We need to produce Slovak sentence(s) that express all facts. Translate non-proper nouns. Entities: ""Alois Jirásek"" is proper name, keep. ""authorOf"" -> ""je autorom"". ""Staré pověsti české"" is title, keep as is (maybe keep original). ""targetAudience"" -> ""má cieľovú skupinu"" or ""je určená pre"". Should translate to Slovak: ""má cieľovú skupinu"". ""mládež"" is already Slovak? It's Czech but same meaning; keep as is? It's not proper name, translate: ""mládež"". Already Slovak word. ""literaryProcessingOf"" -> ""spracovanie literatúry"" maybe ""spracovanie literárneho diela"". But we need natural: ""spracováva"". Could be ""spracováva"". So ""Staré pověsti české"" ""spracováva"" ""pověsti"". ""pověsti"" is Czech for ""povesti"". Not proper, translate to Slovak: ""povesti"". ""originPeriod"" -> ""pôvodné obdobie"". So ""povesti"" ""pôvodné obdobie"" ""rôzne obdobia českých dejín"". Need to translate ""různá období českých dějin"" -> ""rôzne obdobia českých dejín"". Keep as is. Now produce sentences covering all facts: 1. Alois Jirásek je autorom Staré pověsti české. 2. Staré pověsti české je určená pre mládež, spracováva povesti a povesti majú pôvodné obdobie rôzne obdobia českých dejín. But need to include all facts: targetAudience, literaryProcessingOf, originPeriod of povesti. Could combine: ""Staré pověsti české má cieľovú skupinu mládež, spracováva povesti a povesti majú pôvodné obdobie rôzne obdobia českých dejín."" Make sure each predicate is translated: ""má cieľovú skupinu"", ""spracováva"", ""má pôvodné obdobie"". Use ""má"" for originPeriod? Could be ""má pôvodné obdobie"". So sentence: ""Staré pověsti české má cieľovú skupinu mládež, spracováva povesti a povesti majú pôvodné obdobie rôzne obdobia českých dejín."" Check: we used ""povesti"" twice, okay. Now final answer only sentences."
Id216,history,,,6,"Přemysl Oráč je mýtický vládca, je český, je manželom Libuše a založil dynastiu Přemyslovci, pričom Přemyslovci je najstaršia dynastia a je vládnuca dynastia Česka.","We need to produce Slovak sentence(s) that express all facts. Facts: 1. Přemysl Oráč is mythical ruler (true). So ""Přemysl Oráč je mýtický vládca"" (but translate predicate: ""isMythicalRuler"" -> ""je mýtický vládca""? In Slovak: ""je mýtický vládca"". Use ""pravda""? Actually predicate is boolean true, so we state that he is a mythical ruler. So ""Přemysl Oráč je mýtický vládca."" 2. Přemysl Oráč nationality český -> ""Přemysl Oráč je český."" 3. Přemysl Oráč spouse Libuše -> ""Přemysl Oráč je manželom Libuše."" In Slovak: ""manželom"" (instrumental) but we can say ""je manželom Libuše."" 4. Přemysl Oráč foundedDynasty Přemyslovci -> ""Přemysl Oráč založil dynastiu Přemyslovci."" 5. Přemyslovci isOldestDynasty true -> ""Přemyslovci je najstaršia dynastia."" 6. Přemyslovci rulingDynastyOf Česko -> ""Přemyslovci je vládnuca dynastia Česka."" We need to combine into one sentence or two short ones, but must include all facts. Could be a long sentence with commas and conjunctions. Ensure all facts present. Potential sentence: ""Přemysl Oráč je mýtický vládca, je český, je manželom Libuše a založil dynastiu Přemyslovci, pričom Přemyslovci je najstaršia dynastia a je vládnuca dynastia Česka."" Check translation: ""manželom"" is instrumental; maybe ""manželom"" is correct. Could also say ""je manželom Libuše"". Good. All facts included. Use Slovak. Ensure ""Česko"" is proper name, keep as is. ""Česka"" is genitive? The original object is ""Česko"". In Slovak, ""Česko"" is neuter, but ""vládnuca dynastia Česka"" uses genitive ""Česka"". Might be okay. Could also say ""vládnuca dynastia Česka"". That's fine. Thus output only the sentence."
Id217,history,,,4,"Václav II. bude český kráľ, bol väznený v Bezděze, ktoré leží v regióne Českolipsko, a to v 13. storočí.","We need to produce Slovak sentence(s) that express all facts. Facts: 1. Václav II. futureRole český král -> ""Václav II. bude český kráľ."" (future role) 2. Václav II. imprisonmentLocation Bezděz -> ""Václav II. bol väznený v Bezděze."" (imprisonment location) 3. Bezděz region Českolipsko -> ""Bezděz leží v regióne Českolipsko."" (region) 4. Václav II. imprisonmentCentury 13 -> ""Václav II. bol väznený v 13. storočí."" (century) We need to include all facts. Could combine into one sentence: ""Václav II. bude český kráľ, bol väznený v Bezděze, ktoré leží v regióne Českolipsko, a to v 13. storočí."" That includes all. Ensure translation of predicate: futureRole -> ""bude ..."", imprisonmentLocation -> ""bol väznený v"", region -> ""leží v regióne"", imprisonmentCentury -> ""bol väznený v ... storočí"". Use correct Slovak grammar. Use ""13. storočí"" as given. Should we keep ""Bezděz"" unchanged (proper name). ""Českolipsko"" also proper. Good. Return only the sentence."
Id218,history,,,6,"Husákovy děti odkazuje na deti, ktoré sa narodili v Československu dňa 1970-01-01 a dňa 1975-06-30, a používa sa v publicistickom slangu; Husákova vláda začala 1969-04-17.","We need to produce Slovak sentences expressing all facts. Let's list facts: 1. ""Husákovy děti"" refersTo ""děti"". So: ""Husákovy děti odkazuje na deti."" (translate ""children"" to Slovak ""deti"". ""refersTo"" -> ""odkazuje na"".) 2. ""děti"" bornIn ""Československo"". So: ""Deti sa narodili v Československu."" (bornIn -> ""sa narodili v"".) 3. ""děti"" bornDuring ""1970-01-01"". So: ""Deti sa narodili 1. januára 1970."" (bornDuring -> ""sa narodili"". Date format keep as given? Must preserve exactly ""1970-01-01"". Should we keep hyphens? Probably keep as given. But Slovak sentence may include date as given. Could write ""dňa 1970-01-01"". Use exact string. 4. ""děti"" bornDuring ""1975-06-30"". So: ""Deti sa narodili 30. júna 1975."" Or keep ""1975-06-30"". Use same format. 5. ""Husákovy děti"" usedIn ""publicistický slang"". So: ""Husákovy děti sa používajú v publicistickom slangu."" 6. ""Husákova vláda"" startDate ""1969-04-17"". So: ""Husákova vláda začala 1969-04-17."" (startDate -> ""začala""). We need to combine into one sentence or two short if needed, but must include all facts. Could we combine? Possibly: ""Husákovy děti odkazuje na deti, ktoré sa narodili v Československu dňa 1970-01-01 a dňa 1975-06-30, a používa sa v publicistickom slangu; Husákova vláda začala 1969-04-17."" That's two clauses separated by semicolon, still one sentence? It's one sentence with semicolon. That includes all facts. Ensure each predicate used. Check translation: ""odkazuje na"" for refersTo, ""sa narodili v"" for bornIn, ""dňa"" for dates, ""používa sa v"" for usedIn, ""začala"" for startDate. Make sure we keep ""deti"" plural. ""deti"" is correct. Thus final output: one sentence."
Id219,culture,,,3,Viggo Mortensen je známy pre trilógiu Pán prstenů a v roku 2024 sa zúčastnil ako hosť 58. ročníka Medzinárodného filmového festivalu Karlovy Vary.,"We need to produce Slovak sentence(s) that express all facts. Facts: 1. Viggo Mortensen knownFor Trilogie Pán prstenů (i.e., known for The Lord of the Rings Trilogy). Need translate predicate ""knownFor"" to Slovak ""je známy pre"" or ""je známy svojou účasťou v"". Use natural: ""Viggo Mortensen je známy pre trilógiu Pán prstenů."" 2. Viggo Mortensen attendedAsGuest 58. ročník Mezinárodního filmového festivalu Karlovy Vary. Translate predicate ""attendedAsGuest"" to ""sa zúčastnil ako hosť"". So: ""Viggo Mortensen sa zúčastnil ako hosť 58. ročníka Medzinárodného filmového festivalu Karlovy Vary."" 3. 58. ročník ... year 2024. Translate predicate ""year"" to ""rok"". So: ""58. ročník Medzinárodného filmového festivalu Karlovy Vary sa konal v roku 2024."" But we need to include fact that year is 2024. Could combine: ""58. ročník Medzinárodného filmového festivalu Karlovy Vary sa konal v roku 2024."" We need to include all facts. Could be two sentences: first about Viggo known for trilogy and his attendance; second about year. Or combine all in one sentence? Might be long but possible: ""Viggo Mortensen je známy pre trilógiu Pán prstenů, a v roku 2024 sa zúčastnil ako hosť 58. ročníka Medzinárodného filmového festivalu Karlovy Vary."" This includes year fact indirectly (by saying ""v roku 2024""). That covers year. Yes includes all three facts: known for, attended as guest, year of festival. Should we also state that 58. ročník is of that festival? Already implied. The fact ""58. ročník ... year 2024"" is expressed as ""v roku 2024"". That is okay. Make sure translation of ""Trilogie Pán prstenů"" is left as is because it's proper name? It's title, keep original. ""Medzinárodného filmového festivalu Karlovy Vary"" translation of ""Mezinárodního filmového festivalu Karlovy Vary"" to Slovak: ""Medzinárodného filmového festivalu Karlovy Vary"". Good. Thus final answer: one sentence."
Id220,geography,,,2,Karlovy Vary má zakladacie miesto v ústi rieky Teplá. Rieka Teplá prúdi do Ohře.,"We need to produce Slovak sentence(s) that express all facts. Two triples: 1. Karlovy Vary | foundingLocation | ústí říčky Teplé 2. říčka Teplá | flowsInto | Ohře We must translate predicate to Slovak: ""foundingLocation"" -> ""zakladacie miesto"" maybe ""zakladacie miesto"" or ""miesto založenia"". Use natural Slovak. ""flowsInto"" -> ""preteká do"" or ""prúdi do"". Use ""prúdi do"". Entities: Karlovy Vary is proper name, keep. ústí říčky Teplé: not proper? It's a phrase meaning ""mouth of the river Teplá"". It's not a proper name? Might be considered a location name but includes Czech words. According to rule: translate each entity that is NOT a proper name. So ""ústí říčky Teplé"" includes ""ústí"" (mouth) and ""říčky Teplé"" (river Teplá). Should translate to Slovak: ""ústi rieky Teplá"". So we need to translate ""ústí říčky Teplé"" to Slovak: ""ústi rieky Teplá"". Also ""říčka Teplá"" -> ""rieka Teplá"". ""Ohře"" is a proper name (river Ohře). Keep as ""Ohře"". So sentence: ""Karlovy Vary má zakladacie miesto v ústi rieky Teplá a rieka Teplá prúdi do Ohře."" Need to include both facts. Could be two sentences: ""Karlovy Vary má zakladacie miesto v ústi rieky Teplá. Rieka Teplá prúdi do Ohře."" That covers both. Ensure no extra info. Use ""má zakladacie miesto v"" maybe ""má zakladacie miesto v ústi rieky Teplá"". That expresses foundingLocation. Good. Return only sentences."
Id221,geography,,,1,Rieka Dyje preteká cez Znojmo.,"We need to produce Slovak sentence(s) expressing the fact: subject Znojmo, predicate riverFlowingThrough, object Dyje. Translate predicate to Slovak: ""rieka preteká cez"" maybe ""rieka preteká"". The subject Znojmo is a place (city). Object Dyje is a river. So sentence: ""Znojmo preteká rieka Dyje."" But need natural: ""Rieka Dyje preteká cez Znojmo."" The predicate ""riverFlowingThrough"" means river flows through subject? Actually subject is Znojmo, object is Dyje, so ""Znojmo je pretekané riečou Dyje"" maybe. But natural: ""Rieka Dyje preteká cez Znojmo."" That expresses that Dyje flows through Znojmo. It uses both entities. Should we keep subject order? The requirement: use predicate translated and natural. So we can say: ""Znojmo je pretekané riečou Dyje."" That uses ""pretekané"" as adjective. Might be okay. Simpler: ""Rieka Dyje preteká cez Znojmo."" That uses both. It doesn't mention Znojmo as subject but still expresses fact. It includes both entities. It's okay. Provide one sentence."
Id222,geography,,,2,Národná prírodná rezervácia má názov Soos a nachádza sa blízko Františkovy Lázně.,"We need to produce Slovak sentence(s) expressing both facts. Entities: ""Národní přírodní rezervace"" is a type, translate to Slovak: ""národná prírodná rezervácia"". The name ""Soos"" is proper name, keep. ""Františkovy Lázně"" is proper name, keep. Predicates: ""hasName"" -> ""má názov"". ""isLocatedNear"" -> ""sa nachádza blízko"". So we need sentences: ""Národná prírodná rezervácia má názov Soos a nachádza sa blízko Františkovy Lázně."" Or two sentences. Must include both facts. Use proper translation. Ensure no extra info. Provide only sentence(s)."
Id223,culture,,,6,"Magdalena Dobromila Rettigová je česká buditelka a spisovateľka, známa ako autorka. Domácí kuchařka je jejím dielom a jej rok je 1826.","We need to produce Slovak sentence(s) that express all facts. Facts: 1. Magdalena Dobromila Rettigová – occupation – buditelka (means ""awakener""? Actually ""buditelka"" is a female awakener? We'll keep translation.) 2. Magdalena Dobromila Rettigová – occupation – spisovateľka (writer) 3. Magdalena Dobromila Rettigová – nationality – česká (Czech) 4. Magdalena Dobromila Rettigová – knownFor – autorka (author) 5. Domácí kuchařka – author – Magdalena Dobromila Rettigová 6. Domácí kuchařka – publicationYear – 1826 We need to translate non-proper nouns: occupation, nationality, knownFor, author, publicationYear, etc. Also ""Domácí kuchařka"" is a title of a work, likely a proper name? It's a book title, but it's not a proper name of a person, it's a work title. Should we translate? The rule: ""Prelož do slovenčiny každú entitu, ktorá NIE JE vlastné meno (napr. všeobecné podstatné mená, roly, všeobecné opisy). Vlastné mená (mená osôb, miest, organizácií, diel atď.) ponechaj v pôvodnej podobe."" So ""Domácí kuchařka"" is a title of a work, which is a proper name (dielo). So we should keep it unchanged. So we keep ""Domácí kuchařka"". The rest we translate. Now produce sentences that include all facts. We need to convey that Magdalena Dobromila Rettigová is a buditelka and spisovateľka, is Czech, is known as an autorka, and she is the author of Domácí kuchařka, which was published in 1826. We can combine: ""Magdalena Dobromila Rettigová je česká buditelka a spisovateľka, známa ako autorka, ktorá napísala Domácí kuchařka, ktorá bola vydaná v roku 1826."" That includes all facts. Check: ""známa ako autorka"" expresses knownFor autorka. Good. All facts included: occupation (buditelka, spisovateľka), nationality (česká), knownFor (autorka), author of Domácí kuchařka, publicationYear 1826. Make sure we didn't add extra info. ""ktorá bola vydaná"" is okay? It adds ""vydaná"" which is not in triples. The triple says publicationYear 1826, not that it was published. But stating ""v roku 1826"" implies publication year, which is okay. ""bola vydaná"" adds verb ""vydaná"" not in data. Might be considered adding info. Better to phrase ""Domácí kuchařka má rok vydania 1826."" But ""má rok vydania"" also adds attribute ""rok vydania"". However we can say ""Domácí kuchařka bola publikovaná v roku 1826."" That's adding ""publikovaná"". Might be okay because it's just expressing the year. But to be safe, we can say ""Domácí kuchařka má rok 1826."" That's weird. Maybe we can split into two sentences: first about Magdalena, second about the book. Sentence 1: ""Magdalena Dobromila Rettigová je česká buditelka a spisovateľka, známa ako autorka."" Sentence 2: ""Domácí kuchařka je jejím dielom a jej rok vydania je 1826."" The phrase ""rok vydania"" is not in triples but we are stating the year. Might be okay. But ""rok vydania"" is a phrase not in data. Could be considered adding attribute. However we need to convey the fact that the publicationYear is 1826. We can say ""Domácí kuchařka bola vydaná v roku 1826."" That adds ""bola vydaná"". The triple only says publicationYear 1826, not that it was published. But it's implied. Might be acceptable. Given strictness, maybe we should avoid verbs not in data. Could we say ""Domácí kuchařka má rok 1826."" That's odd but doesn't add new info. It just states the year. Might be okay. I'll produce two sentences: ""Magdalena Dobromila Rettigová je česká buditelka a spisovateľka, známa ako autorka. Domácí kuchařka je jejím dielom a jej rok je 1826."" That seems minimal. Check: ""jejím dielom"" uses ""jejím"" (her) and ""dielom"" (work). That's okay. ""rok je 1826"" maybe ambiguous but conveys year. I'll output those two sentences."
Id224,geography,,,1,Okres Svitavy sa nachádza v Pardubickom kraji.,"We need to produce a Slovak sentence expressing the fact: ""Okres Svitavy is located in Pardubický kraj."" Translate predicate ""locatedIn"" to Slovak ""sa nachádza v"". Also need to translate entities that are not proper names. ""Okres Svitavy"" includes ""Okres"" which is a common noun, so translate ""Okres"" to Slovak ""okres"". ""Svitavy"" is a proper name, keep. ""Pardubický kraj"" includes ""kraj"" which is common noun, keep as is? ""Pardubický kraj"" is a proper name of a region, but ""kraj"" is a common noun, but the phrase is a proper name. The instruction: translate each entity that is NOT a proper name (e.g., common nouns, roles, general descriptions). Proper names (names of persons, places, organizations, works) keep original. ""Pardubický kraj"" is a region name, likely considered proper name, but includes ""kraj"". I'd keep as is. However ""Okres"" is a type, not part of proper name? ""Okres Svitavy"" is a specific district, maybe considered proper name? But ""Okres"" is a generic term, so translate ""Okres"" to ""okres"". So sentence: ""Okres Svitavy sa nachádza v Pardubickom kraji."" Need to adjust case: ""v Pardubickom kraji"". Yes. Thus output single sentence."
Id225,history,,,2,Ludvík Svoboda sa stal prezidentom Československej socialistickej republiky dňa 1968-01-01.,"We need to produce Slovak sentence(s) that express both facts. Facts: 1. Ludvík Svoboda becamePresident 1968-01-01 => ""Ludvík Svoboda sa stal prezidentom 1968-01-01"" (translate predicate ""becamePresident"" to ""sa stal prezidentom""). 2. Ludvík Svoboda presidentOf Československá socialistická republika => ""Ludvík Svoboda je prezidentom Československej socialistickej republiky"" or ""bol prezidentom"". Predicate ""presidentOf"" translate to ""je prezidentom"" or ""bol prezidentom"". Since we have date for becoming president, we can combine: ""Ludvík Svoboda sa stal prezidentom Československej socialistickej republiky dňa 1968-01-01."" That includes both facts in one sentence. Must not add extra info. The date is included. The predicate ""becamePresident"" gives date, and ""presidentOf"" gives entity. So combine. Make sure translation of entity ""Československá socialistická republika"" is not a proper name? It's a proper name of a state, keep as is. But we need to translate non-proper nouns. The entity is proper, keep original. So sentence: ""Ludvík Svoboda sa stal prezidentom Československej socialistickej republiky dňa 1968-01-01."" Note: need to adjust case: ""Československej socialistickej republiky"" is genitive. The original is ""Československá socialistická republika"". In Slovak, genitive is ""Československej socialistickej republiky"". That's fine. Check no extra facts. We used date, role, entity. Good. Return only sentence."
Id226,history,,,3,"Husitský politický a vierovyznaniový program má cieľ nápravu cirkvi, má cieľ nápravu kresťanskej spoločnosti a má názov Čtyři artikuly pražské.","We need to produce Slovak sentence(s) expressing all facts. Triples: 1. husitský politický a věroučný program | hasGoal | náprava církve 2. husitský politický a věroučný program | hasGoal | náprava křesťanské společnosti 3. husitský politický a věroučný program | hasName | Čtyři artikuly pražské We need to translate non-proper nouns to Slovak. Entities: ""husitský politický a věroučný program"" is likely a phrase, not a proper name? It's a description, not a proper name. So translate: ""husitský politický a věroučný program"" -> Slovak: ""husitský politický a vierovyznaniový program"". ""náprava církve"" -> ""náprava cirkvi"". ""náprava křesťanské společnosti"" -> ""náprava kresťanskej spoločnosti"". ""Čtyři artikuly pražské"" is a proper name (Czech), keep as is. Predicate ""hasGoal"" translate to ""má cieľ"". ""hasName"" translate to ""má názov"". So we need sentences: ""Husitský politický a vierovyznaniový program má cieľ nápravu cirkvi a má cieľ nápravu kresťanskej spoločnosti a má názov Čtyři artikuly pražské."" Could be split into two sentences if needed. But one sentence can contain all. Ensure natural Slovak: ""Husitský politický a vierovyznaniový program má cieľ nápravu cirkvi, má cieľ nápravu kresťanskej spoločnosti a má názov Čtyři artikuly pražské."" That includes all facts. No extra info. Check translation: ""církve"" -> ""cirkev"" is noun; ""náprava církve"" is phrase meaning ""reform of the church"". In Slovak, ""náprava cirkvi"" (genitive). Good. Thus final answer: one sentence."
Id227,geography,,,1,Národní divadlo moravskoslezské má sídlo v Ostrave.,"We need to produce Slovak sentence(s) expressing the fact: ""Národní divadlo moravskoslezské"" (proper name) has predicate ""headquarteredIn"" with object ""Ostrava"". Translate predicate to Slovak: ""má sídlo v"" or ""má ústredie v"". Need to translate predicate ""headquarteredIn"" to Slovak. Likely ""má sídlo v"". Use proper translation: ""Národní divadlo moravskoslezské má sídlo v Ostrave."" Need to keep proper name unchanged. Also translate entity ""Ostrava"" is a proper name, keep as is. So final answer: one sentence."
Id228,geography,,,2,Slezsko je historická zem a nachádza sa v severovýchode Českej republiky.,"We need to produce Slovak sentence(s) that express both facts. Entities: ""Slezsko"" is a proper name, keep as is. Predicates: ""isA"" translate to ""je"". ""location"" translate to ""nachádza sa"". Also need to translate non-proper nouns: ""historická země"" -> ""historická zem"". ""severovýchod České republiky"" -> translate each non-proper: ""severovýchod"" is directional, ""České republiky"" is proper? It's a proper name ""Česká republika"". Should keep as ""Česká republika"". So phrase: ""severovýchod Českej republiky"". So sentence: ""Slezsko je historická zem a nachádza sa v severovýchode Českej republiky."" That includes both facts. Ensure no extra info. Use ""v"" for location. Could also split into two sentences: ""Slezsko je historická zem. Slezsko sa nachádza v severovýchode Českej republiky."" Both fine. Provide one or two short sentences. I'll output one sentence."
Id229,culture,,,3,"Radka Vranková má umelecké meno Radůza, je česká a má povolanie speváčka.","We need to produce Slovak sentence(s) expressing all facts. Entities: ""Radka Vranková"" is proper name, keep. artisticName -> ""Radůza"" (proper name? It's a stage name, keep). nationality -> ""česká"" (Czech). profession -> ""zpěvačka"" (Czech word for singer). Need to translate predicate to Slovak: ""má umelecké meno"", ""má národnosť"", ""má povolanie"". Or ""je"" etc. Should be natural. Provide all facts: Radka Vranková má umelecké meno Radůza, je česká a je zpěvačka. But need to translate ""zpěvačka"" maybe keep as is because it's not proper name, but it's a common noun in Czech. Should translate to Slovak ""speváčka"". The rule: translate each entity that is not a proper name. ""zpěvačka"" is not proper name, so translate to Slovak ""speváčka"". Also ""česká"" is adjective, not proper name, translate to Slovak ""česká"". So sentence: ""Radka Vranková má umelecké meno Radůza, je česká a je speváčkou."" Need correct case: ""je speváčkou"" (instrumental) or ""je speváčkou"". Could also say ""má povolanie speváčka"". Use natural: ""má povolanie speváčka"". Let's produce one sentence: ""Radka Vranková má umelecké meno Radůza, je česká a má povolanie speváčka."" That includes all facts. Ensure no extra info. Provide only sentence."
Id230,geography,,,3,Česká Třebová je mesto a nachádza sa v Ústí nad Orlicí. Ústí nad Orlicí je okres.,"We need to produce Slovak sentence(s) that express all facts. Triples: 1. Česká Třebová | isLocatedIn | Ústí nad Orlicí 2. Česká Třebová | isType | město 3. Ústí nad Orlicí | isType | okres We must translate non-proper nouns: ""isLocatedIn"" -> ""sa nachádza v"" or ""sa nachádza v"". ""isType"" -> ""je typ"". But we need natural Slovak: ""je typom"". For ""město"" -> ""mesto"". ""okres"" stays ""okres"". Entities: ""Česká Třebová"" is proper name, keep. ""Ústí nad Orlicí"" proper name. Thus sentences: ""Česká Třebová je mesto a nachádza sa v okrese Ústí nad Orlicí."" But need to express that Ústí nad Orlicí is a district (okres). Could be separate clause: ""Ústí nad Orlicí je okres."" Combine: ""Česká Třebová je mesto, nachádza sa v Ústí nad Orlicí, ktoré je okres."" But we must not add extra info beyond triples. The triple says Ústí nad Orlicí is type okres. So we can say ""Ústí nad Orlicí je okres."" That's fine. Thus two sentences: ""Česká Třebová je mesto a nachádza sa v Ústí nad Orlicí. Ústí nad Orlicí je okres."" Check: we used ""nachádza sa v"" for isLocatedIn. Good. We must not add any extra facts. The phrase ""a"" is okay. The second sentence repeats location but not needed. It's okay. Thus final answer: two sentences."
Id231,culture,,,3,"Akademie múzických umění v Praze sa skladá z DAMU, FAMU a HAMU.","We need to produce Slovak sentence(s) that express all facts: Academy of Performing Arts in Prague consists of DAMU, consists of FAMU, consists of HAMU. Translate predicate ""consistsOf"" to Slovak ""sa skladá z"" or ""obsahuje"". Use natural sentence. Must include all three facts. Could be one sentence: ""Akademie múzických umění v Praze sa skladá z DAMU, FAMU a HAMU."" That includes all three. Ensure translation of predicate. Use ""sa skladá z"". Provide only sentence."
Id232,culture,,,4,"Večerníček je televízny program, má cieľovú skupinu deti, vysiela sa večer a každý deň.","We need to produce Slovak sentence(s) that express all facts. Translate non-proper nouns. Entities: Večerníček is a proper name, keep. Predicates: isA -> ""je"". targetAudience -> ""má cieľovú skupinu"". broadcastTime -> ""vysiela sa večer"". broadcastFrequency -> ""vysiela sa každý deň"" or ""má frekvenciu vysielania každý deň"". Need include all facts. Could be one sentence: ""Večerníček je televízny program, má cieľovú skupinu deti, vysiela sa večer a každodenne."" That includes all. Ensure translation of ""televizní pořad"" -> ""televízny program"". Use ""každý deň"" not ""každodenne""? The fact is broadcastFrequency | každý den. So phrase ""každý deň"". So: ""Večerníček je televízny program, má cieľovú skupinu deti, vysiela sa večer a každý deň."" That covers all. Provide only sentence."
Id233,culture,,,1,Kytice z pověstí národních má autora Karel Jaromír Erben.,"We need to produce a Slovak sentence expressing the fact: ""Kytice z pověstí národních"" has author ""Karel Jaromír Erben"". Translate non-proper nouns. Subject: ""Kytice z pověstí národních"" is a title (proper name?) It's a work title, likely considered proper name, but it's not a person. The instruction: ""Prelož do slovenčiny každú entitu, ktorá NIE JE vlastné meno (napr. všeobecné podstatné mená, roly, všeobecné opisy). Vlastné mená (mená osôb, miest, organizácií, diel atď.) ponechaj v pôvodnej podobe."" So ""Kytice z pověstí národních"" is a title of a work, which is a proper name (dielo). So it's a proper name, we keep it unchanged. The predicate ""hasAuthor"" translate to Slovak ""má autora"". So sentence: ""Kytice z pověstí národních má autora Karel Jaromír Erben."" That's it."
Id234,history,,,2,Prezidentské dekrety má autora prezident Beneš a má časové rozpätie 1940-01-01 1945-12-31.,"We need to produce Slovak sentence(s) that express all facts. Two triples: - prezidentské dekrety | author | prezident Beneš - prezidentské dekrety | dateRange | 1940-01-01 1945-12-31 We must translate predicate to Slovak. Predicates: ""author"" -> ""autor"" or ""autorom""? In Slovak, ""autor"" as noun, but we need to use verb? The instruction: ""Predikát VŽDY prelož do slovenčiny a použi ho vo vete prirodzene."" So we need to translate predicate to Slovak and use it naturally. For ""author"" we could say ""sú autorom"" or ""bol autorom"". For dateRange we could say ""pokrývajú obdobie"" or ""sú v časovom rozmedzí"". But we must use the predicate translation. The predicate ""dateRange"" maybe translate as ""rozsah dátumu"" or ""časové rozpätie"". But need to use it naturally. Could say ""má časové rozpätie"". So sentence: ""Prezidentské dekrety sú autorom prezidenta Beneša a majú časové rozpätie 1940-01-01 až 1945-12-31."" That includes both facts. Use ""sú autorom"" maybe singular? ""Prezidentské dekrety"" is plural, but ""sú autorom"" singular? Could be ""sú autorom"" is weird. Better: ""Prezidentské dekrety má autor prezident Beneš"" but subject plural vs singular. Could treat ""prezidentské dekrety"" as collective singular. Use ""má autora"". So: ""Prezidentské dekrety má autora prezident Beneš a má časové rozpätie 1940-01-01 až 1945-12-31."" That uses predicate ""author"" -> ""má autora"". ""dateRange"" -> ""má časové rozpätie"". That seems fine. We must not add any extra facts. The phrase ""až"" is okay. The date format as given. Should we keep space? The dateRange value is ""1940-01-01 1945-12-31"". Could present as ""1940-01-01 1945-12-31"" with space. But natural Slovak would use ""od 1940-01-01 do 1945-12-31"". However that adds ""od"" and ""do"" which are not in triple. Might be considered adding words but not facts. Probably okay. But to be safe, keep exactly the string: ""1940-01-01 1945-12-31"". So: ""Prezidentské dekrety má autora prezident Beneš a má časové rozpätie 1940-01-01 1945-12-31."" Check: we used ""prezidentské dekrety"" as subject, ""má autora"" predicate translation of author, object ""prezident Beneš"". Good. ""má časové rozpätie"" predicate translation of dateRange, object the date string. All facts included. No extra facts. Provide single sentence. Return only the sentence."
Id235,geography,,,1,Vsetín sa nachádza v Zlínskom kraji.,"We need to produce Slovak sentence(s) expressing the fact: Vsetín locatedIn Zlínský kraj. Translate non-proper nouns: ""locatedIn"" -> ""sa nachádza v"". Entities: Vsetín is proper name, Zlínský kraj is proper name (region). So sentence: ""Vsetín sa nachádza v Zlínskom kraji."" Need to keep exact spelling: ""Zlínský kraj"". In Slovak, case: ""v Zlínskom kraji"". Should we keep original? The requirement: translate each entity that is not a proper name. Both are proper names, so keep as is. But we need grammatical case; we can inflect proper name? Probably okay to use ""v Zlínskom kraji"". That adds suffix -i, which is inflection, not new info. It's acceptable. Provide one sentence."
Id236,geography,,,1,Lázeňská léčebna Mánes sa nachádza v Karlovy Vary.,"We need to produce Slovak sentence(s) expressing the fact: ""Lázeňská léčebna Mánes"" locatedIn ""Karlovy Vary"". Translate non-proper nouns: ""Lázeňská léčebna Mánes"" is a proper name? It includes ""Lázeňská léčebna"" which is a generic term plus name Mánes. Probably treat whole as proper name? The rule: translate each entity that is NOT a proper name. ""Lázeňská léčebna Mánes"" includes generic ""Lázeňská léčebna"" (spa treatment facility) plus name Mánes. Might need to translate ""Lázeňská léčebna"" to Slovak ""lázeňská liečebňa"". But it's part of proper name? Might be considered proper name of the facility. However rule: translate each entity that is NOT a proper name. So we need to decide if ""Lázeňská léčebna Mánes"" is a proper name. Likely it's the name of a spa, includes ""Mánes"". I'd treat whole as proper name, keep as is. ""Karlovy Vary"" is a city name, proper name, keep as is. Predicate ""locatedIn"" translate to ""sa nachádza v"". So sentence: ""Lázeňská léčebna Mánes sa nachádza v Karlových Varech."" Need to translate location name? ""Karlovy Vary"" is proper, keep unchanged, but Slovak would be ""Karlove Vary"". However rule says keep proper names unchanged. So keep ""Karlovy Vary"". But grammar: ""v Karlovy Vary"" is not correct Slovak; but we must keep name unchanged, but we can add preposition ""v"". So ""v Karlovy Vary"". That is okay. Thus final answer: one sentence."
Id237,geography,,,1,Jablonec nad Nisou sa nachádza v Libereckom kraji.,"We need to produce Slovak sentence(s) expressing the fact: ""Jablonec nad Nisou locatedIn Liberecký kraj"". Translate predicate ""locatedIn"" to Slovak: ""sa nachádza v"". Entities: Jablonec nad Nisou is a proper name, keep as is. Liberecký kraj is also proper name? It's a region name, likely proper, but rule: translate each entity that is NOT a proper name. ""Liberecký kraj"" is a proper name (region name). Should we keep? It's a proper name, so keep original. But it's already Slovak? It's Czech region name, but it's proper. So keep as is. So sentence: ""Jablonec nad Nisou sa nachádza v Libereckom kraji."" However ""Liberecký kraj"" is the name; in Slovak grammar, ""v Libereckom kraji"". Should we change case? The rule: translate entity, but not change? It says translate each entity that is NOT a proper name. For proper names, keep original. But we may need to inflect for grammar? The instruction doesn't forbid inflection; but we must keep exact string? It says preserve numbers, dates, values exactly as given. For names, we can inflect? Not specified. Probably we can keep as given but adjust preposition case? Might be okay to keep ""v Liberecký kraj"" which is ungrammatical. Better to keep original phrase but adapt case? I'd output: ""Jablonec nad Nisou sa nachádza v Liberecký kraj."" Might be acceptable. But maybe they expect proper Slovak: ""v Libereckom kraji"". However that changes the string ""Liberecký kraj"". The rule: ""Zachovaj všetky čísla, dátumy a hodnoty presne tak, ako sú uvedené."" Names are not numbers/dates. So we can inflect. I'd produce natural sentence: ""Jablonec nad Nisou sa nachádza v Libereckom kraji."""
Id238,geography,,,1,Vyškov sa nachádza v Jihomoravskom kraji.,"We need to produce Slovak sentence(s) expressing the fact: ""Vyškov"" is located in ""Jihomoravský kraj"". Translate predicate ""locatedIn"" to Slovak: ""sa nachádza v"". Entities: Vyškov (proper name) stays, Jihomoravský kraj (proper name) stays. So sentence: ""Vyškov sa nachádza v Jihomoravském kraji""? But need Slovak: ""Jihomoravský kraj"". Use correct case: ""v Jihomoravskom kraji"". Since ""kraj"" is masculine, locative: ""v Jihomoravskom kraji"". So sentence: ""Vyškov sa nachádza v Jihomoravskom kraji."" Ensure no extra info."
Id239,geography,,,1,Pivovar Gambrinus má sídlo v Plzni.,"We need to produce Slovak sentence(s) expressing the fact: ""Pivovar Gambrinus hasHeadquarters Plzeň"". Translate predicate to Slovak: ""má sídlo"". Entity ""Plzeň"" is a proper name, keep as is. Also translate subject? It's a proper name ""Pivovar Gambrinus"" maybe keep as is. The instruction: translate each entity that is NOT a proper name. ""Pivovar Gambrinus"" includes a common noun ""Pivovar"" but it's part of the name? It's likely the name of the brewery, but ""Pivovar Gambrinus"" could be considered proper name. However rule: translate each entity that is not a proper name (e.g., general nouns, roles). ""Pivovar Gambrinus"" includes ""Pivovar"" which is a common noun, but the whole phrase is the name. Might treat as proper name? I'd keep as is because it's the name of the brewery. But could translate ""Pivovar"" to ""pivovar"". The instruction: ""Prelož do slovenčiny každú entitu, ktorá NIE JE vlastné meno (napr. všeobecné podstatné mená, roly, všeobecné opisy). Vlastné mená (mená osôb, miest, organizácií, diel atď.) ponechaj v pôvodnej podobe."" So ""Pivovar Gambrinus"" is an organization name, thus proper name, keep unchanged. So sentence: ""Pivovar Gambrinus má sídlo v Plzni."" Should we include ""v""? The predicate ""hasHeadquarters"" translates to ""má sídlo"". Could add ""v"". That's natural. Use ""v Plzni"". Provide one sentence."
Id240,geography,,,1,Cheb sa nachádza v Karlovarský kraj.,"We need to produce Slovak sentence(s) expressing the fact: Cheb locatedIn Karlovarský kraj. Need to translate non-proper nouns: ""locatedIn"" -> ""sa nachádza v"". Entities: Cheb is proper name, keep. Karlovarský kraj is proper name (region), keep. So sentence: ""Cheb sa nachádza v Karlovarskom kraji."" Need to translate ""kraj"" to ""kraj"" maybe ""kraj"" is region; in Slovak ""kraj"" is same word, but we need to keep proper name as is. However ""Karlovarský kraj"" is proper name, keep unchanged. But we might need to adjust case: ""v Karlovarskom kraji"" is grammatical. However requirement: translate each entity that is not a proper name. ""Karlovarský kraj"" is proper name, so keep as is. But then preposition ""v"" requires case; we might need to inflect? The instruction says keep proper names unchanged. So we should not change ""Karlovarský kraj"". But then sentence would be ""Cheb sa nachádza v Karlovarský kraj."" That is slightly ungrammatical but meets rule. Probably acceptable. Let's output that."
Id241,history,,,3,"Protektorát Čechy a Morava je súčasťou československého územia, bol okupovaný nacistickým Nemeckom a jeho obdobie okupácie trvalo od 1939-03-15 do 1945-05-08.","We need to produce Slovak sentence(s) that convey all facts. Translate non-proper nouns. Entities: ""Protektorát Čechy a Morava"" is a proper name, keep as is. ""československé území"" is not proper, translate to Slovak: ""československé územie"". ""nacistické Německo"" - ""nacistické Nemecko"". ""occupationPeriod"" -> ""obdobie okupácie"". Provide dates as given. Sentence: ""Protektorát Čechy a Morava je súčasťou československého územia, okupovalo ho nacistické Nemecko a jeho obdobie okupácie trvalo od 1939-03-15 do 1945-05-08."" Check: need to include all facts: isPartOf, occupiedBy, occupationPeriod. Use ""je súčasťou"" for isPartOf. ""okupovalo ho"" for occupiedBy. ""obdobie okupácie trvalo od ... do ..."" Good. Make sure translation of ""occupiedBy"" predicate: ""okupovalo"" maybe ""bol okupovaný"". Could be ""bol okupovaný nacistickým Nemeckom"". Use proper grammar. Let's craft: ""Protektorát Čechy a Morava je súčasťou československého územia, bol okupovaný nacistickým Nemeckom a jeho obdobie okupácie trvalo od 1939-03-15 do 1945-05-08."" All facts present. Provide only sentence."
Id242,geography,,,2,"Malá Amerika je zatopený lom, ktorý sa nachádza v okrese Beroun.","We need to produce Slovak sentence(s) that express all facts. Two triples: 1. ""Malá Amerika"" isA ""zatopený lom"". So ""Malá Amerika je zatopený lom."" (translate predicate isA to ""je"".) 2. ""zatopený lom"" locatedIn ""okres Beroun"". So ""Zatopený lom sa nachádza v okrese Beroun."" But note ""zatopený lom"" is a class? It's also used as object. Should we keep lower case? In Slovak, nouns capitalized only proper nouns. ""zatopený lom"" is generic, so lower case. So sentence: ""Zatopený lom sa nachádza v okrese Beroun."" However we also need to refer to the same ""zatopený lom"" as the class. Could combine: ""Malá Amerika je zatopený lom, ktorý sa nachádza v okrese Beroun."" That would combine both facts in one sentence, using relative clause. That includes both facts. It uses ""ktorý"" referencing ""zatopený lom"". That is okay, not adding new facts. It uses all facts. Should we keep ""Malá Amerika"" as proper name unchanged. Yes. Thus final output: ""Malá Amerika je zatopený lom, ktorý sa nachádza v okrese Beroun."""
Id243,geography,,,1,Mariánské Lázně sa nachádza v Karlovarský kraj.,"We need to produce Slovak sentence(s) expressing the fact: ""Mariánské Lázně locatedIn Karlovarský kraj"". Translate non-proper nouns: ""locatedIn"" -> ""sa nachádza v"". Entities: Mariánské Lázně is a proper name, keep. Karlovarský kraj is a proper name (region), keep. So sentence: ""Mariánské Lázně sa nachádza v Karlovarskom kraji."" Need to translate ""kraj"" to ""kraj""? In Slovak, ""kraj"" is also ""kraj"". But we need to keep proper name as is, but ""Karlovarský kraj"" is proper name, but we might need to decline: ""v Karlovarskom kraji"". The instruction: translate each entity that is not a proper name. ""Karlovarský kraj"" is a proper name (region name). Should we keep it unchanged? It says keep proper names in original form. So we should keep ""Karlovarský kraj"". But then grammar: ""v Karlovarský kraj"" is ungrammatical; but we must keep original. However maybe we can keep as is but add case? The rule says keep proper names in original form, not to decline. So we must output ""Mariánské Lázně sa nachádza v Karlovarský kraj."" That is okay albeit slight grammar. We'll follow rule. Thus output single sentence."
Id244,geography,,,1,Palác Lucerna sa nachádza v Prahe.,"We need to produce a Slovak sentence expressing the fact: ""Palác Lucerna"" locatedIn ""Praha"". Translate non-proper nouns: ""locatedIn"" -> ""sa nachádza v"". Entities: Palác Lucerna (proper name) stays. Praha is a proper name (city), keep as is. So sentence: ""Palác Lucerna sa nachádza v Prahe."" Note: location in Slovak: ""v Prahe"". Should we translate ""Praha"" as ""Praha""? It's proper name, keep. But need correct case: ""v Prahe"". The instruction: translate each entity that is not a proper name. ""Praha"" is proper name, keep. But we need correct grammar; we can add case ending. Probably okay. So output single sentence."
Id245,culture,,,2,Host do domu je časopis a má obdobie publikácie 20. století.,"We need to produce Slovak sentence(s) that express all facts. Two triples: Subject: ""Host do domu"" Predicate: isA -> ""is a"" => ""je"" Object: ""časopis"" => translate to ""časopis"" is Czech? Slovak ""časopis"" is ""časopis"" (magazine). Should we translate ""časopis"" to Slovak ""časopis""? In Slovak it's ""časopis"" as well? Actually Slovak word is ""časopis"" (magazine). So we keep as ""časopis"". Could also be ""časopis"". We'll keep. Second triple: Subject same, predicate ""publicationPeriod"" -> translate to ""publikačný obdobie"" maybe ""obdobie vydávania"". Need to translate predicate to Slovak naturally. Use ""má obdobie vydávania"" or ""publikačné obdobie"". The instruction: ""Predikát VŽDY prelož do slovenčiny a použi ho vo vete prirodzene."" So we need to translate predicate ""publicationPeriod"" to Slovak. Could be ""obdobie publikácie"". So sentence: ""Host do domu je časopis a má obdobie publikácie 20. století."" Need to keep number and date exactly ""20. století"". That's Czech style with diacritic. Should we keep as is. Yes. Thus one sentence: ""Host do domu je časopis a má obdobie publikácie 20. století."" Check: includes both facts. Use ""je"" for isA. Use ""má obdobie publikácie"". Good. Return only sentence."
Id246,geography,,,1,Žďár nad Sázavou sa nachádza v Vysočine.,"We need to produce Slovak sentence(s) expressing the fact: subject ""Žďár nad Sázavou"" locatedIn ""Vysočina"". Need to translate non-proper nouns: ""locatedIn"" -> ""sa nachádza v"". Subject is proper name, keep. Object ""Vysočina"" is a proper name (region), keep. So sentence: ""Žďár nad Sázavou sa nachádza v Vysočine."" Ensure correct Slovak diacritics. That's it."
Id247,geography,,,1,Chránená krajinná oblasť Křivoklátsko sa nachádza v Středočeský kraj.,"We need to produce Slovak sentence(s) expressing the fact. Input: ""Chráněná krajinná oblast Křivoklátsko | locatedIn | Středočeský kraj"". Need to translate non-proper nouns. ""Chráněná krajinná oblast"" is a protected landscape area (Czech). Translate to Slovak: ""chránená krajinná oblasť"". ""locatedIn"" -> ""sa nachádza v"". Proper names: Křivoklátsko, Středočeský kraj remain unchanged. So sentence: ""Chránená krajinná oblasť Křivoklátsko sa nachádza v Středočeský kraj."" Ensure proper case: ""v Středočeský kraj"" maybe need ""v Středočeský kraj"" (preposition ""v"" + accusative). That's fine. Return only the sentence."
Id248,other,,,2,Orlice park shopping je obchodné centrum a nachádza sa v Hradec Králové.,"We need to produce Slovak sentence(s) expressing both facts: Orlice park shopping is a obchodní centrum (shopping center) and is located in Hradec Králové. Need to translate predicate to Slovak: ""isA"" -> ""je"". ""locatedIn"" -> ""sa nachádza v"". Also translate non-proper nouns: ""obchodní centrum"" is Czech; translate to Slovak ""obchodné centrum"". The entity ""Orlice park shopping"" is proper name, keep. ""Hradec Králové"" is proper name, keep. Thus sentence: ""Orlice park shopping je obchodné centrum a nachádza sa v Hradec Králové."" Or could be two sentences. One sentence fine. Make sure to include both facts. Use ""je"" for isA, ""sa nachádza v"" for locatedIn. Could also say ""Orlice park shopping je obchodné centrum a nachádza sa v Hradec Králové."" Return only that."
Id249,geography,,,1,Strakonice sa nachádza v Jihočeský kraj.,"We need to produce Slovak sentence(s) expressing the fact: ""Strakonice locatedIn Jihočeský kraj"". Need to translate non-proper nouns. ""Strakonice"" is a proper name (city). ""Jihočeský kraj"" is a proper name (region). Predicate ""locatedIn"" translates to ""sa nachádza v"". So sentence: ""Strakonice sa nachádza v Jihočeském kraji."" But need Slovak: ""Strakonice sa nachádza v Jihočeském kraji."" However ""Jihočeský kraj"" is Czech name; we keep as is. In Slovak, case: ""v Jihočeském kraji"". Should we translate ""locatedIn"" as ""sa nachádza v"". Yes. Thus output single sentence."
Id250,geography,,,1,Pevnost Josefov sa nachádza v okrese Náchod.,"We need to produce a Slovak sentence expressing the fact: ""Pevnost Josefov"" located in ""okres Náchod"". Translate non-proper nouns: ""Pevnost Josefov"" is a proper name? It's a proper name of a fortress, but ""Pevnost"" is a common noun, but the whole phrase is a proper name? The instruction: translate each entity that is NOT a proper name (e.g., common nouns, roles, general descriptions). Proper names (names of persons, places, organizations, works) keep original. ""Pevnost Josefov"" likely is a proper name of a fortress, but includes a common noun ""Pevnost"". However, it's the name of the fortress, so treat as proper name? I'd keep as is. ""okres Náchod"" - ""okres"" is a common noun (district), ""Náchod"" is proper. So translate predicate ""locatedIn"" to Slovak ""sa nachádza v"". So sentence: ""Pevnost Josefov sa nachádza v okrese Náchod."" Need to keep ""okres"" as common noun, but in Slovak we need case: ""v okrese Náchod"". That matches. Provide only sentence."
Id251,history,,,1,StB bola československá politická policie.,"We need to produce Slovak sentence(s) expressing the fact: subject StB, predicate was, object československá politická policie. Translate non-proper nouns: ""StB"" is likely an abbreviation, maybe proper name? It's an abbreviation for ""Státní bezpečnost"", but it's a proper name. Should we translate? The rule: translate each entity that is NOT a proper name. ""StB"" is an abbreviation of a proper name, likely considered proper name, so keep as is. Predicate ""was"" translate to Slovak ""bola"". Object ""československá politická policie"" is already Slovak? It's Czech/Slovak phrase, but it's not a proper name, so keep as is. So sentence: ""StB bola československá politická policie."" That's a single sentence. Ensure no extra facts. Output only the sentence."
Id252,geography,,,1,Trutnov sa nachádza v Královéhradecký kraj.,"We need to produce Slovak sentence(s) expressing the fact: ""Trutnov | locatedIn | Královéhradecký kraj"". Translate non-proper nouns: ""locatedIn"" -> ""sa nachádza v"". Entities: Trutnov is a proper name, keep. Královéhradecký kraj is a proper name (region), keep. So sentence: ""Trutnov sa nachádza v Královéhradecký kraj."" In Slovak, region name may need case: ""v Královéhradeckém kraji""? But we must keep exact string as given, no modifications. So keep ""Královéhradecký kraj"". Use ""v"". So final answer: one sentence."
Id253,history,,,1,Alois Jirásek je autorom Staré pověsti české.,"We need to produce a Slovak sentence expressing the fact: ""Alois Jirásek is author of Staré pověsti české"". Translate non-proper nouns: ""author"" -> ""autor"". The title ""Staré pověsti české"" is a proper name (title) so keep as is. So sentence: ""Alois Jirásek je autorom Staré pověsti české."" In Slovak, ""autorom"" is instrumental case after ""je"". Could also say ""Alois Jirásek je autorom diela Staré pověsti české."" But we cannot add ""diela"". Must not add extra info. So just ""Alois Jirásek je autorom Staré pověsti české."" That includes all facts. No extra."
Id254,geography,,,1,Prostějov sa nachádza v Olomouckom kraji.,"We need to produce a Slovak sentence expressing the fact: ""Prostějov is located in Olomoucký kraj"". Need to translate predicate ""locatedIn"" to Slovak ""sa nachádza v"". Also translate entities that are not proper names. ""Prostějov"" is a proper name (city), keep as is. ""Olomoucký kraj"" is a proper name (region), keep as is. So sentence: ""Prostějov sa nachádza v Olomouckom kraji."" Need correct case: ""v Olomouckom kraji"". Use Slovak grammar. Provide only the sentence."
Id255,history,,,4,"Pionýr je Český Spolek a Český Spolek cieli na deti, mládež aj dospelých.","We need to produce Slovak sentence(s) that express all facts. Triples: 1. Pionýr isA Český Spolek. So ""Pionýr je Český Spolek."" (translate predicate isA to ""je"".) 2. Český Spolek targets děti. Translate ""targets"" to Slovak ""cieli na"" or ""zameriava sa na"". Use natural. So ""Český Spolek cieli na deti."" 3. Český Spolek targets mládež. ""Český Spolek cieli na mládež."" 4. Český Spolek targets dospělí. ""Český Spolek cieli na dospelých."" Need to keep ""dospělí"" as is? It's not proper name, so translate to Slovak ""dospelí"". So ""dospelých"". Should we keep case? Use ""dospelých"". So we need to include all facts. Could combine: ""Pionýr je Český Spolek a Český Spolek cieli na deti, mládež aj dospelých."" That includes all. Ensure no extra facts. That's fine. Use ""aj"" for also. Provide one sentence. Ensure translation of ""targets"" as ""cieli na"". Good. Return only sentence."
Id256,history,,,2,Rudé právo je deník. Rudé právo je spojený s Komunistickou stranou Československa.,"We need to produce Slovak sentence(s) that express both facts. Entities: ""Rudé právo"" is a proper name, keep as is. Predicate ""isA"" translate to ""je"". So ""Rudé právo je deník."" Next predicate ""affiliatedWith"" translate to ""je spojený s"" or ""je priradený k"". Need natural Slovak: ""Rudé právo je spojený s Komunistickou stranou Československa."" Or ""Rudé právo je priradený k Komunistickej strane Československa."" Use ""priradený k"" maybe. Should we keep case? ""Komunistická strana Československa"" is proper name, keep. So two sentences: ""Rudé právo je deník. Rudé právo je spojený s Komunistickou stranou Československa."" Ensure no extra info. Use ""je"" for isA, ""je spojený s"" for affiliatedWith. That satisfies."
Id257,history,,,1,Rožmberkové je český šlechtický rod.,"We need to produce Slovak sentence(s) expressing the fact: ""Rožmberkové isA Český šlechtický rod"". Translate non-proper nouns: ""Rožmberkové"" is a proper name (family name). ""Český šlechtický rod"" is a phrase; ""Český"" is adjective, ""šlechtický rod"" is noun phrase. Predicate ""isA"" translates to ""je"". So sentence: ""Rožmberkové je český šlechtický rod."" Need to keep proper name unchanged. Should we keep capitalization? ""Rožmberkové"" capitalized. ""český"" lower case. So final answer: one sentence."
Id258,history,,,2,Karel Klostermann je spisovateľ a spisovateľ má českú národnosť.,"We need to produce Slovak sentence(s) that express all facts. Triples: 1. Karel Klostermann | isA | spisovatel 2. spisovatel | nationality | český We must translate non-proper nouns: ""spisovatel"" -> ""spisovateľ"". ""český"" is an adjective meaning ""český"". Should we translate ""nationality"" predicate to Slovak: ""národnosť"". So we need to convey that Karel Klostermann is a spisovateľ and that spisovateľ má národnosť českú. But careful: second triple says ""spisovatel | nationality | český"". That is a generic statement: a spisovateľ has nationality Czech. We need to include that fact. So we could say: ""Karel Klostermann je spisovateľ a spisovateľ má českú národnosť."" Or ""Karel Klostermann je spisovateľ a spisovateľ je český."" But need to reflect predicate ""nationality"". Could be ""spisovateľ má národnosť českú"". Use correct Slovak grammar: ""českú"" (feminine) matches ""národnosť"". So sentence: ""Karel Klostermann je spisovateľ a spisovateľ má českú národnosť."" Check requirements: Use only info given. Yes. No extra facts. Use proper translation. Good. Return only the sentence."
Id259,geography,,,1,Univerzita Tomáše Bati sa nachádza v Zlíne.,"We need to produce Slovak sentence(s) expressing the fact: ""Univerzita Tomáše Bati"" locatedIn ""Zlín"". Translate predicate ""locatedIn"" to Slovak: ""sa nachádza v"" or ""sa nachádza v"". Use ""Univerzita Tomáša Bati sa nachádza v Zlíne."" Need to translate entity ""Zlín"" is proper name, keep as is. Also ""Univerzita Tomáše Bati"" is proper name, keep. So sentence: ""Univerzita Tomáše Bati sa nachádza v Zlíne."" Ensure correct case: ""v Zlíne"". That's it."
Id260,other,,,1,TV Nova má zakladateľa Vladimír Železný.,"We need to produce a Slovak sentence expressing the fact: TV Nova founded by Vladimír Železný. Need to translate predicate ""founder"" to Slovak ""zakladateľ"". Subject ""TV Nova"" is a proper name, keep as is. Object ""Vladimír Železný"" is proper name, keep. So sentence: ""TV Nova má zakladateľa Vladimír Železný."" Or ""TV Nova je založená Vladimírom Železným."" But predicate translation: ""zakladateľ"". Could be ""TV Nova má zakladateľa Vladimír Železný."" That expresses the fact. Or ""TV Nova má zakladateľa Vladimír Železný."" Should we include diacritics? Yes. Provide only the sentence."
Id261,culture,,,1,Sokol je český telocvičný spolok.,"We need to produce Slovak sentence(s) expressing the fact: ""Sokol is a Czech gymnastic association."" Need to translate non-proper nouns: ""Český tělocvičný spolek"" -> ""český telocvičný spoločenstvo""? Actually ""spolek"" = ""spolok"". ""tělocvičný"" = ""telocvičný"". So ""český telocvičný spolok"". Also ""Sokol"" is a proper name, keep as is. Predicate ""isA"" -> ""je"". So sentence: ""Sokol je český telocvičný spolok."" Ensure correct Slovak: ""spolok"" not ""spolok""? In Slovak, ""spolok"". So: ""Sokol je český telocvičný spolok."" That's it."
Id262,politics,,,2,Mladá fronta DNES je denník a krajina je český.,"We need to produce Slovak sentence(s) that expresses both facts: ""Mladá fronta DNES is a newspaper"" and ""Mladá fronta DNES country Český"". The second: country = Český. Likely ""Český"" is a country? Actually ""Český"" is an adjective meaning Czech. But we must translate non-proper nouns. ""country"" predicate translates to ""krajina"". The object ""Český"" is not a proper name? It's an adjective, but likely a proper name? It's not a proper noun; it's a descriptor. Should we translate? The rule: translate each entity that is NOT a proper name. ""Český"" is not a proper name, it's an adjective meaning ""Czech"". So translate to Slovak ""Česká""? Actually ""Český"" is Czech word meaning ""Czech"". In Slovak, ""český"" also means Czech. But we need to translate to Slovak: ""Český"" -> ""česká""? The noun ""country"" expects a country name, like ""Česká republika"". But given only ""Český"". We must translate the entity ""Český"". It's not a proper name, so translate to Slovak. The Slovak translation of ""Český"" (Czech) is ""český"". Lowercase. So we would say: ""Mladá fronta DNES je denník a patrí do krajiny český."" But ""krajina"" is feminine, ""český"" is masculine adjective, mismatch. Could say ""krajina Český""? Might be odd. Perhaps we keep ""Český"" as is because it's a proper name? But rule says translate non-proper names. ""Český"" is not a proper name, it's an adjective. So translate to Slovak ""český"". So sentence: ""Mladá fronta DNES je denník a krajina je český."" But that sounds weird. Better: ""Mladá fronta DNES je denník a patrí do krajiny český."" However ""patrí do krajiny"" not directly from predicate. Predicate is ""country"". Could phrase ""Mladá fronta DNES je denník a krajina je český."" That directly maps: subject, predicate ""krajina"", object ""český"". So: ""Mladá fronta DNES je denník a krajina je český."" That includes both facts. It's two clauses combined. Acceptable. Check: Use ""je"" for isA and for country? For country predicate, we could use ""krajina"". So ""Mladá fronta DNES je denník a krajina je český."" That expresses both. No extra info. Provide only sentence."
Id263,culture,,,2,Babička má autora Božena Němcová a Božena Němcová napísala Babičku.,"We need to produce Slovak sentence(s) that express all facts. Triples: 1. Babička | author | Božena Němcová 2. Božena Němcová | wrote | Babička We need to translate predicate to Slovak: ""author"" -> ""autor"" (or ""autorom""?). Should be natural: ""Babička je autorom Božena Němcová""? Actually ""Babička"" is a work, author is Božena Němcová. So ""Babička"" (the title) ""má autora Božena Němcová"". Predicate ""author"" could be ""má autora"". But we need to translate predicate ""author"" to Slovak verb? The instruction: ""Predikát VŽDY prelož do slovenčiny a použi ho vo vete prirodzene."" So we need to translate ""author"" as a verb? Could be ""napísala""? No that's for wrote. For author, maybe ""má autora"". So we can say: ""Babička má autora Božena Němcová a Božena Němcová napísala Babičku."" That includes both facts. Ensure no extra info. Use exact names. Use Slovak translation for ""author"" as ""má autora"". Use ""napísala"" for wrote. That seems fine. Check: we used ""Babička má autora Božena Němcová"". That's correct. And ""Božena Němcová napísala Babičku"". Good. Return only sentence(s). Probably one sentence with conjunction. Provide as one sentence."
Id264,history,,,1,Mikuláš Teschl z Loun je významný teolog.,"We need to produce a Slovak sentence expressing the fact: ""Mikuláš Teschl z Loun"" is a ""významný teolog"". Translate predicate ""isA"" to Slovak ""je"". So sentence: ""Mikuláš Teschl z Loun je významný teolog."" Ensure no extra info."
Id265,geography,,,2,Plechý je súčasťou Šumavského pohoří a má výšku 1378 metrov.,"We need to produce Slovak sentence(s) that express both facts: Plechý is part of Šumavské pohoří, and Plechý has heightInMeters 1378. Translate predicate: partOf -> ""je súčasťou"" or ""patrí do"". heightInMeters -> ""má výšku v metroch"". Entities: Plechý (proper name) keep. Šumavské pohoří (proper name) keep. So sentence: ""Plechý je súčasťou Šumavského pohoří a má výšku 1378 metrov."" Need correct grammar: ""Šumavské pohoří"" is neuter? In Slovak, ""pohoří"" is Czech; Slovak ""pohorie"". But we keep original. Use ""Šumavské pohoří"". So: ""Plechý je súčasťou Šumavského pohoří a má výšku 1378 metrov."" Or two sentences: ""Plechý je súčasťou Šumavského pohoří. Plechý má výšku 1378 metrov."" Both fine. Provide one sentence. Ensure no extra info. Provide exactly that."
Id266,geography,,,1,Cejpův dům sa nachádza v Hradec Králové.,"We need to produce Slovak sentence(s) expressing the fact. Subject: ""Cejpův dům"". Predicate: ""locatedIn"" -> translate predicate to Slovak: ""sa nachádza v"" or ""sa nachádza v"". Object: ""Hradec Králové"". Need to translate non-proper nouns. ""Cejpův dům"" is a proper name? It's Czech name, likely proper, keep as is. ""Hradec Králové"" is a city name, proper, keep. So sentence: ""Cejpův dům sa nachádza v Hradec Králové."" That's it."
Id267,history,,,4,"Václav Antoš je český vojak a vojenský stíhací pilot. Príčinou smrti Václava Antoša je letecká nehoda, ktorá sa vyskytuje počas demonstratívneho letu.","We need to produce Slovak sentence(s) expressing all facts. Entities: ""Václav Antoš"" (proper name) stays. Predicates: isA -> ""je"". So ""Václav Antoš je český vojak."" Also ""Václav Antoš je vojenský stíhací pilot."" Next: causeOfDeath -> ""príčinou smrti je"". So ""Príčinou smrti Václava Antoša je letecké neštěstí."" Next: letecké neštěstí occursDuring demonstrativní let. Translate ""occursDuring"" -> ""sa vyskytuje počas"". So ""Letecké neštěstí sa vyskytuje počas demonstrativního letu."" Need translate ""demonstrativní let"" - it's not proper name, so translate to Slovak: ""demonstratívny let"". Also ""letecké neštěstí"" is not proper name, translate: ""letecká nehoda""? But we must keep exactly as given? The rule: ""Prelož do slovenčiny každú entitu, ktorá NIE JE vlastné meno (napr. všeobecné podstatné mená, roly, všeobecné opisy)."" So we need to translate ""letecké neštěstí"" (Czech) to Slovak: ""letecká nehoda"". Also ""demonstrativní let"" to Slovak: ""demonstratívny let"". Also ""český voják"" -> ""český vojak"". ""vojenský stíhací pilot"" -> ""vojenský stíhací pilot"". Those are Czech phrases, need Slovak: ""český vojak"", ""vojenský stíhací pilot"". ""stíhací"" is same? In Slovak ""stíhací"" also. So okay. Thus sentences: ""Václav Antoš je český vojak a vojenský stíhací pilot."" Could combine. Then ""Príčinou smrti Václava Antoša je letecká nehoda, ktorá sa vyskytuje počas demonstratívneho letu."" That includes all facts. Ensure we include causeOfDeath linking to letecká nehoda, and that letecká nehoda occursDuring demonstratívny let. That covers all. Check: we used ""ktorá sa vyskytuje počas demonstratívneho letu"" - includes the relation. All facts present. No extra info. Good. Return only the sentence(s)."
Id268,politics,,,1,Cena Ferdinanda Peroutky bola udelená novinárom.,"We need to produce Slovak sentence(s) expressing the fact. The triple: ""Cena Ferdinanda Peroutky | awardedTo | novinářům"". Subject: ""Cena Ferdinanda Peroutky"". Predicate: ""awardedTo"". Object: ""novinářům"". Need to translate non-proper nouns. ""Cena Ferdinanda Peroutky"" is a proper name? It's a prize name, likely proper, keep as is. Predicate ""awardedTo"" translate to Slovak ""bola udelená"" or ""bola udelená (komu?)"". Object ""novinářům"" is Czech for ""novinárom"" (to journalists). It's not a proper name, so translate to Slovak ""novinárom"". So sentence: ""Cena Ferdinanda Peroutky bola udelená novinárom."" That's all."
Id269,culture,,,2,Kdyby tisíc klarinetů má ako skladateľa hudby Jiří Šlitr. Jiří Šlitr skladal hudbu pre Kdyby tisíc klarinetů.,"We need to produce Slovak sentence(s) that express all facts. Two triples: 1. ""Kdyby tisíc klarinetů"" | musicComposer | Jiří Šlitr 2. Jiří Šlitr | composedMusicFor | Kdyby tisíc klarinetů We need to translate predicate to Slovak. ""musicComposer"" -> ""komponoval hudbu"" maybe? Actually predicate is ""musicComposer"". In Slovak, ""komponoval hudbu"" or ""bol skladateľom hudby"". The subject is ""Kdyby tisíc klarinetů"". That's a title (maybe a work). It's not a proper name? It's a title, but it's not a proper name? It's a title of a work, likely a film or play. Should we translate? The rule: translate each entity that is NOT a proper name. Title maybe considered proper name? It's a title of a work, likely proper name, but they said proper names (mená osôb, miest, organizácií, diel atď.) keep original. So ""Kdyby tisíc klarinetů"" is a title of a work, which is a proper name (dielo). So keep as is. Second triple: subject Jiří Šlitr (proper name) keep. Predicate ""composedMusicFor"" -> ""skladal hudbu pre"". Object ""Kdyby tisíc klarinetů"" keep. We need to express both facts. Could combine: ""Kdyby tisíc klarinetů bol skladateľom hudby Jiří Šlitr a Jiří Šlitr skladal hudbu pre Kdyby tisíc klarinetů."" But need natural Slovak. Maybe: ""Kdyby tisíc klarinetů je hudobným skladateľom Jiří Šlitr a Jiří Šlitr skladal hudbu pre Kdyby tisíc klarinetů."" However ""je hudobným skladateľom"" maybe not correct. The predicate ""musicComposer"" indicates that the subject's music composer is Jiří Šlitr. So ""Kdyby tisíc klarinetů má ako skladateľa hudby Jiří Šlitr."" That expresses first triple. Then second: ""Jiří Šlitr skladal hudbu pre Kdyby tisíc klarinetů."" Thus two sentences. Ensure no extra facts. Use exact names. Provide only sentences. Let's craft: ""Kdyby tisíc klarinetů má ako skladateľa hudby Jiří Šlitr. Jiří Šlitr skladal hudbu pre Kdyby tisíc klarinetů."" Check translation: predicate ""musicComposer"" -> ""má ako skladateľa hudby"". Acceptable. ""composedMusicFor"" -> ""skladal hudbu pre"". Good. Return only these sentences."
Id270,geography,,,1,Novomlýnská nádrž sa nachádza na rieke Dyje.,"We need to produce Slovak sentence(s) expressing the fact: ""Novomlýnská nádrž"" located on river ""Dyje"". Translate predicate ""locatedOnRiver"" to Slovak: ""sa nachádza na rieke"". Entities not proper names: ""Novomlýnská nádrž"" is a proper name? It's a name of a reservoir, likely proper noun, but includes generic ""nádrž"". The instruction: translate each entity that is NOT a proper name. ""Novomlýnská nádrž"" includes ""nádrž"" generic, but the whole phrase is a proper name? Probably treat as proper name? The rule: translate each entity that is not a proper name (e.g., general nouns, roles). Proper names keep original. ""Novomlýnská nádrž"" is a proper name, keep as is. ""Dyje"" is a river name, proper name, keep. So sentence: ""Novomlýnská nádrž sa nachádza na rieke Dyje."" That's it."
Id271,geography,,,1,Nové Mitrovice sa nachádza v Plzeňskom kraji.,"We need to produce Slovak sentence(s) expressing the fact: ""Nové Mitrovice"" locatedIn ""Plzeňský kraj"". Translate non-proper nouns: ""locatedIn"" -> ""sa nachádza v"" or ""sa nachádza v"". Subject ""Nové Mitrovice"" is proper name, keep. Object ""Plzeňský kraj"" is proper name (region), keep. So sentence: ""Nové Mitrovice sa nachádza v Plzeňskom kraji."" Need to keep exact spelling: ""Plzeňský kraj"". In Slovak, case: ""v Plzeňskom kraji"". But we must not add morphological changes not in original? The requirement: translate predicate to Slovak and use naturally. So we can inflect object accordingly. Should we keep original case? Probably okay to adapt to Slovak grammar. Provide one sentence."
Id272,geography,,,1,Nová Bystřice sa nachádza na hranici s Rakouskom.,"We need to produce Slovak sentence(s) expressing the fact: ""Nová Bystřice"" locatedAtBorderWith ""Rakousko"". Translate non-proper nouns: ""locatedAtBorderWith"" -> ""sa nachádza na hranici s"". Entities: ""Nová Bystřice"" is proper name, keep. ""Rakousko"" is proper name (Czech for Austria) keep as is. So sentence: ""Nová Bystřice sa nachádza na hranici s Rakouskom."" Need correct Slovak case: ""s Rakouskom"". The predicate translation: ""sa nachádza na hranici s"". Should we use ""na hranici s""? Yes. So final answer: one sentence."
Id273,history,,,2,Alois Pokorný je študent a protikomunistický odbojář.,"We need to produce Slovak sentence(s) that express all facts. Two triples: ""Alois Pokorný | isA | student"" and ""Alois Pokorný | isA | protikomunistický odbojář"". So we need to say that Alois Pokorný is a student and is a protikomunistický odbojář. In Slovak, ""je"" for isA. Could combine: ""Alois Pokorný je študent a protikomunistický odbojář."" That expresses both. Ensure no extra info. Use ""študent"" translation of student. ""protikomunistický odbojář"" is already phrase, but it's not a proper name, so keep translation? It's already Slovak. So final answer: one sentence."
Id274,geography,,,1,Libníč sa nachádza blízko Českých Budějovic.,"We need to produce Slovak sentence(s) expressing the fact: ""Libníč is near Českých Budějovic"". Need to translate non-proper nouns: ""isNear"" -> ""sa nachádza blízko"" or ""je blízko"". Subject ""Libníč"" is proper name, keep. Object ""Českých Budějovic"" is proper name, keep. So sentence: ""Libníč sa nachádza blízko Českých Budějovic."" Or ""Libníč je blízko Českých Budějovic."" Both fine. Use Slovak. Provide only the sentence."
Id275,culture,,,1,Magnesia Litera je české literárne ocenenie.,"We need to produce Slovak sentence(s) expressing the fact: ""Magnesia Litera | isA | české literární ocenění"". Translate non-proper nouns: ""české literární ocenění"" -> ""české literárne ocenenie"". Predicate ""isA"" -> ""je"". So sentence: ""Magnesia Litera je české literárne ocenenie."" Ensure no extra info. Output only the sentence."
Id276,culture,,,1,Smrt krásných srnců má autora Ota Pavel.,"We need to produce a Slovak sentence expressing the fact: ""Smrt krásných srnců"" (title) author Ota Pavel. Translate non-proper nouns: ""author"" -> ""autor"". The subject ""Smrt krásných srnců"" is a title, likely a work, but we keep as is. So sentence: ""Smrt krásných srnců je autorom Ota Pavel."" But need correct Slovak: ""Smrt krásných srnců je autorom Ota Pavel."" Or ""Smrt krásných srnců má autora Ota Pavel."" Both fine. Use predicate ""autor"". So: ""Smrt krásných srnců má autora Ota Pavel."" That's one sentence."
Id277,geography,,,2,Zličín je mestská časť a je súčasťou Prahy.,"We need to produce Slovak sentence(s) expressing both facts. Entities: Zličín (proper name) keep as is. Predicates: isA -> ""je"". partOf -> ""je súčasťou"" or ""patrí"". Need translate predicate to Slovak naturally. So sentences: ""Zličín je mestská časť a patrí Prahe."" But need translate ""Městská Část"" to Slovak: ""mestská časť"". ""Praha"" is proper name, keep. Use ""je"" for isA. ""partOf"" -> ""je súčasťou"" or ""patrí"". Both okay. Provide one sentence covering both facts. Ensure no extra info. So: ""Zličín je mestská časť a je súčasťou Prahy."" That includes both. Use ""Prahy"" genitive. Should be fine."
Id278,history,,,1,Jihomoravský kraj má pôvodný názov Brněnský kraj.,"We need to produce Slovak sentence(s) expressing the fact: subject ""Jihomoravský kraj"", predicate ""originalName"", object ""Brněnský kraj"". Translate non-proper nouns: ""originalName"" -> ""pôvodný názov"". Subject is ""Jihomoravský kraj"" (proper name? It's a region name, likely proper, keep as is). Object ""Brněnský kraj"" also proper, keep. So sentence: ""Jihomoravský kraj má pôvodný názov Brněnský kraj."" Or ""Jihomoravský kraj má pôvodný názov Brněnský kraj."" That's fine. Ensure no extra facts. Output only the sentence."
Id279,culture,,,4,"Michal Nesveda má povolanie kúzelník, zúčastnil sa na Česko Slovensko má talent, pričom Česko Slovensko má talent je talentová show a má atribút slavná.","We need to produce Slovak sentence(s) that express all facts. Facts: 1. Michal Nesveda occupation kouzelník -> translate occupation to ""povolanie"" maybe? Predikát ""occupation"" translate to ""povolanie"". Entity ""kouzelník"" is not proper name, translate to Slovak: ""kúzelník"". So: ""Michal Nesveda má povolanie kúzelník."" Or ""Michal Nesveda je kúzelník."" But need to use predicate translation: ""povolanie"". Could phrase ""Michal Nesveda má povolanie kúzelník."" 2. Michal Nesveda participatedIn Česko Slovensko má talent -> translate participatedIn to ""zúčastnil sa"". So: ""Michal Nesveda sa zúčastnil na Česko Slovensko má talent."" Might need ""zúčastnil sa"" plus preposition ""na"". Use natural Slovak: ""Michal Nesveda sa zúčastnil talentovej show Česko Slovensko má talent."" But we must not add extra info not in triples. The triple says participatedIn Česko Slovensko má talent. So we can say ""Michal Nesveda sa zúčastnil na Česko Slovensko má talent."" Might be okay. 3. Česko Slovensko má talent isA talentová show -> translate isA to ""je"". So: ""Česko Slovensko má talent je talentová show."" Better: ""Česko Slovensko má talent je talentová show."" That's okay. 4. Česko Slovensko má talent hasAttribute slavná -> translate hasAttribute to ""má atribút"" maybe ""má atribút"". But we need natural: ""má atribút slavná"". Could be ""má atribút slavná"". Or ""má atribút 'slavná'"". But we must translate attribute word ""slavná"" (not proper name) stays as is. So: ""Česko Slovensko má talent má atribút slavná."" We need to include all facts, maybe combine into one or two sentences. Could combine: ""Michal Nesveda má povolanie kúzelník, zúčastnil sa na Česko Slovensko má talent, pričom Česko Slovensko má talent je talentová show a má atribút slavná."" Check: we used ""zúčastnil sa na"" includes preposition but okay. All facts present. Ensure no extra info. We used ""príčom"" maybe extra but not new fact. It's okay as connective. All facts present. Make sure translation of ""occupation"" is ""povolanie"". ""participatedIn"" -> ""zúčastnil sa"". ""isA"" -> ""je"". ""hasAttribute"" -> ""má atribút"". Entities: ""kouzelník"" -> ""kúzelník"". ""Česko Slovensko má talent"" is proper name? It's title of show, likely proper name, keep as is. ""talentová show"" translate as is. ""slavná"" is adjective, keep. Thus final sentence: ""Michal Nesveda má povolanie kúzelník, zúčastnil sa na Česko Slovensko má talent, pričom Česko Slovensko má talent je talentová show a má atribút slavná."" Check no extra facts. Good."
Id280,history,,,2,Marie Terezie zaviedla povinnú školskú dochádzku. Povinná školská dochádzka sa nachádza na území Česka.,"We need to produce Slovak sentence(s) that express both facts. Triples: 1. Marie Terezie | established | povinná školní docházka 2. povinná školní docházka | location | území Česka We must translate predicate to Slovak: ""established"" -> ""zaviedla"" (or ""zaviedla"" as verb). ""location"" -> ""sa nachádza na"" or ""má miesto"" but need natural. Could be ""povinná školní docházka sa nachádza na území Česka"". But we need to combine both facts. Could be two sentences: ""Marie Terezie zaviedla povinnú školskú dochádzku. Povinná školská dochádzka sa nachádza na území Česka."" Need to translate ""povinná školní docházka"" to Slovak: ""povinná školská dochádzka"". Also ""území Česka"" is fine. We must not add any extra facts. The location predicate: we can say ""povinná školská dochádzka je na území Česka"" or ""povinná školská dochádzka sa nachádza na území Česka"". Both fine. Thus output two short sentences. Make sure to keep proper diacritics. Return only the sentences."
Id281,geography,,,1,Železné hory sa nachádzajú v okrese Chrudim.,"We need to produce Slovak sentence(s) expressing the fact: ""Železné hory"" locatedIn ""okres Chrudim"". Translate non-proper nouns: ""Železné hory"" is a proper name? Likely a place name, keep as is. ""okres Chrudim"" - ""okres"" is a common noun, translate to Slovak ""okres"". ""Chrudim"" is proper name, keep. So sentence: ""Železné hory sa nachádzajú v okrese Chrudim."" Use predicate ""locatedIn"" -> ""nachádza sa v"". Should we use plural? ""Železné hory"" is plural name, but we can treat as plural: ""Železné hory sa nachádzajú v okrese Chrudim."" That expresses the fact. No extra info. Output only the sentence."
Id282,history,,,3,Moravská orlice má striebornú farbu a má červenú farbu a je súčasťou veľkého štátneho znaku Českej republiky.,"We need to produce Slovak sentence(s) that express all facts. Facts: - Moravská orlice hasColor stříbrná (silver) - Moravská orlice hasColor červená (red) - Moravská orlice partOf velký státní znak České republiky (big state coat of arms of the Czech Republic) We need to translate non-proper nouns: ""Moravská orlice"" is a proper name? It's a name of a heraldic eagle, maybe proper. Probably treat as proper name, keep as is. ""stříbrná"" is Czech for ""silver"". Should translate to Slovak ""strieborná"". ""červená"" is ""červená"". ""velký státní znak České republiky"" is a phrase, not a proper name? It's a description: ""veľký štátny znak Českej republiky"". Should translate. So sentence: ""Moravská orlice má striebornú a červenú farbu a je súčasťou veľkého štátneho znaku Českej republiky."" We must include both colors. Use ""má"" for hasColor. ""partOf"" translate to ""je súčasťou"". Provide one sentence. Ensure all facts included. Yes. Check: ""Moravská orlice má striebornú farbu, má červenú farbu a je súčasťou veľkého štátneho znaku Českej republiky."" Could be two short sentences. But one is fine. We must not add extra facts. The phrase ""farbu"" is okay. Using ""má striebornú a červenú farbu"" includes both colors, but does it imply both simultaneously? It's okay. It expresses both facts. Should we separate? Might be safer to list both: ""Moravská orlice má striebornú farbu a má červenú farbu a je súčasťou veľkého štátneho znaku Českej republiky."" That's explicit. We'll output that single sentence."
Id283,geography,,,1,Tatra má sídlo v Kopřivnici.,"We need to produce a Slovak sentence expressing the fact: subject Tatra, predicate headquarterLocation, object Kopřivnice. Need to translate predicate to Slovak: ""má sídlo"" or ""sídli"" but literal translation of ""headquarterLocation"" could be ""sídlo"" or ""miesto sídla"". Use natural Slovak: ""Tatra má sídlo v Kopřivnici."" That includes all facts. No extra. Ensure proper translation of entities: Tatra is proper name, keep. Kopřivnice is proper name, keep. So output just that sentence."
Id284,politics,,,3,"T. G. Masaryk zastával funkciu prezident, Edvard Beneš zastával funkciu minister zahraničí a bol ministrom počas prezidentúry T. G. Masaryka.","We need to produce Slovak sentence(s) that express all facts. Facts: 1. T. G. Masaryk heldPosition prezident -> ""T. G. Masaryk zastával funkciu prezidenta."" (president) 2. Edvard Beneš heldPosition ministr zahraničí -> ""Edvard Beneš zastával funkciu minister zahraničia."" 3. Edvard Beneš wasMinisterDuringPresidencyOf T. G. Masaryk -> ""Edvard Beneš bol ministrom počas prezidentúry T. G. Masaryka."" Need to translate predicate ""wasMinisterDuringPresidencyOf"" maybe ""bol ministrom počas prezidentúry"". Use ""bol ministrom zahraničných vecí počas prezidentúry T. G. Masaryka""? But we must not add extra info not in triple. The triple says ""wasMinisterDuringPresidencyOf"" linking Edvard Beneš to T. G. Masaryk. It doesn't specify which ministry, but we already have that he held position ""ministr zahraničí"". So we can combine: ""Edvard Beneš bol ministrom zahraničných vecí počas prezidentúry T. G. Masaryka."" However that adds ""zahraničných vecí"" which is derived from earlier triple but okay because we already have that fact. The predicate ""wasMinisterDuringPresidencyOf"" indicates he was a minister (some minister) during Masaryk's presidency. We can phrase: ""Edvard Beneš bol ministrom počas prezidentúry T. G. Masaryka."" That doesn't specify which ministry, but we already have that he was minister of foreign affairs. Could combine both in one sentence: ""T. G. Masaryk zastával funkciu prezident, Edvard Beneš zastával funkciu minister zahraničí a bol ministrom počas prezidentúry T. G. Masaryka."" That covers all facts. Ensure translation of ""minister zahraničí"" maybe ""minister zahraničných vecí"". The triple object is ""ministr zahraničí"". Should translate as ""minister zahraničí"". Keep as is? The instruction: translate each entity that is not a proper name. ""ministr zahraničí"" is a phrase, not a proper name, so translate each word: ""minister zahraničia""? Actually ""minister zahraničí"" is Slovak phrase meaning ""minister of foreign affairs"". It's already Slovak. So keep as is. So sentence: ""T. G. Masaryk zastával funkciu prezident, Edvard Beneš zastával funkciu minister zahraničí a bol ministrom počas prezidentúry T. G. Masaryka."" Use ""bol ministrom"" maybe ""bol ministrom"". That expresses third fact. Good. Check all facts: 1) T. G. Masaryk heldPosition prezident -> ""zastával funkciu prezident"". 2) Edvard Beneš heldPosition minister zahraničí -> ""zastával funkciu minister zahraničí"". 3) Edvard Beneš wasMinisterDuringPresidencyOf T. G. Masaryk -> ""bol ministrom počas prezidentúry T. G. Masaryka"". Yes. Return only sentence(s)."
Id285,culture,,,1,Kosmova kronika je napísaná v latinčine.,"We need to produce Slovak sentence(s) expressing the fact: ""Kosmova kronika"" writtenInLanguage ""latina"". Translate non-proper nouns: ""Kosmova kronika"" is a proper name? It's a title, likely proper, keep as is. ""latina"" is a language, not proper? It's a proper name of language, but maybe treat as not proper? The instruction: translate each entity that is NOT a proper name (e.g., common nouns, roles, general descriptions). Proper names (names of persons, places, organizations, works) keep original. ""latina"" is a language name, likely proper? It's a language name, maybe considered proper noun. But they said proper names (mená osôb, miest, organizácií, diel atď.) So language name maybe considered proper? Might be considered proper noun. But to be safe, we could keep ""latina"" as is, because it's a language name. However translation instruction: ""Prelož do slovenčiny každú entitu, ktorá NIE JE vlastné meno (napr. všeobecné podstatné mená, roly, všeobecné opisy)."" So if ""latina"" is not a proper name, we translate to Slovak ""latinský jazyk"" or ""latinu"". But we need to keep exactly the value as given? They said preserve numbers, dates, values exactly as given. For language, maybe we translate ""latina"" to ""latina""? It's already Latin in Slovak is ""latina"". So translation yields same. So we can say: ""Kosmova kronika je napísaná v latinčine."" Or ""v latinčine"" is translation of ""latina"". Use predicate ""writtenInLanguage"" -> ""je napísaná v"". So sentence: ""Kosmova kronika je napísaná v latinčine."" That expresses the fact. Ensure no extra info. That is fine. Return only the sentence."
Id286,history,,,1,Dalimilova kronika bola napísaná v jazyku česky.,"We need to produce a Slovak sentence expressing the fact: ""Dalimilova kronika"" writtenInLanguage ""Česky"". Translate non-proper nouns: ""Dalimilova kronika"" is a proper name? It's a title, likely proper, keep as is. ""writtenInLanguage"" -> ""bola napísaná v jazyku"". ""Česky"" is a language name, not proper? It's a language name, but likely keep as is? The rule: translate each entity that is NOT a proper name. Language names are proper? Probably treat as proper? But they said translate to Slovak each entity that is not a proper name (e.g., general nouns, roles). ""Česky"" is a language name, maybe considered proper? In Slovak, language name is ""česky"" (adverb) or ""česky"" is not capitalized. But they said keep proper names unchanged. ""Česky"" is not a proper name, it's a language adjective. So we need to translate ""Česky"" to Slovak: ""česky"" -> ""česky""? In Slovak, ""česky"" is also ""česky""? Actually Slovak for Czech language is ""česky"" (adverb) or ""český"". The phrase ""v jazyku česky"" is odd; better ""v českom jazyku"". But we must not add words not in triples. The object is ""Česky"". We need to keep that exact string? The rule: preserve numbers, dates, values exactly as given. For non-proper nouns, translate. ""Česky"" is a language name, maybe considered proper? I'd keep as ""česky"". But we need Slovak translation: ""česky"" is same? In Slovak, ""česky"" is also used as adverb meaning ""in Czech"". So we can keep ""česky"". The predicate translation: ""bola napísaná v jazyku"". So sentence: ""Dalimilova kronika bola napísaná v jazyku česky."" That uses ""česky"". That seems fine. Return only the sentence."
Id287,culture,,,1,Kabát pochádza z mesta Teplice.,"We need to produce a Slovak sentence expressing the fact: ""Kabát"" (likely a work, maybe a film) has origin city Teplice. We must translate predicate ""originCity"" to Slovak: ""pochádza z mesta"" or ""má pôvodné mesto"". Need natural sentence. Use only given info. Entities: Kabát (proper name? maybe title) keep as is. Teplice is a city name, proper name, keep. So sentence: ""Kabát pochádza z mesta Teplice."" That includes subject Kabát, predicate ""pochádza z mesta"", object Teplice. That expresses the fact. Ensure no extra info. Output only the sentence."
Id288,geography,,,1,Škoda bola založená v meste Plzeň.,"We need to produce a Slovak sentence expressing the fact: ""Škoda foundedInCity Plzeň"". Translate predicate to Slovak: ""bola založená v meste"". Subject ""Škoda"" is proper name, keep. Object ""Plzeň"" is a city name, proper name, keep. So sentence: ""Škoda bola založená v meste Plzeň."" That's all."
Id289,history,,,3,Karlova univerzita sa nachádza v Prahe. Karolinum je budovou Karlovej univerzity a je najstaršou budovou.,"We need to produce Slovak sentence(s) that express all facts. Triples: 1. Karlova univerzita | location | Praha 2. Karolinum | isBuildingOf | Karlova univerzita 3. Karolinum | isOldestBuilding | true We must translate predicate to Slovak: location -> ""sa nachádza v"" or ""má polohu"". Probably ""sa nachádza v"". isBuildingOf -> ""je budovou (alebo budovou)"". In Slovak: ""je budovou"". isOldestBuilding -> ""je najstaršou budovou"" (true). So we need to convey that Karolinum is the building of Karlova univerzita and is the oldest building. Also Karlova univerzita is located in Praha. We must not add extra facts. So sentence: ""Karlova univerzita sa nachádza v Prahe. Karolinum je budovou Karlovej univerzity a je najstaršou budovou."" Ensure translation of ""Praha"" to ""Prahe"" (locative). That's fine. We must keep proper nouns unchanged: Karlova univerzita, Praha, Karolinum. Use ""Prahe"". Provide one or two short sentences. That's okay. Check: we used ""budovou"" (instrumental) correct. ""je budovou Karlovej univerzity"" expresses isBuildingOf. ""je najstaršou budovou"" expresses isOldestBuilding true. All facts included. No extra. Output only sentences."
Id290,culture,,,1,Josef Václav Myslbek má povolanie sochár.,"We need to produce Slovak sentence(s) expressing the fact: ""Josef Václav Myslbek hasOccupation sochař"". Need to translate predicate to Slovak: ""má povolanie"". Also translate object ""sochař"" (Czech for ""sochař"" = sculptor). Since not a proper name, translate to Slovak ""sochár"". Subject is proper name, keep as is. So sentence: ""Josef Václav Myslbek má povolanie sochár."" Could also be ""Josef Václav Myslbek je sochár."" But need to use predicate translation. Use ""má povolanie"". So final answer: one sentence."
Id291,culture,,,1,Václav Havel hral v Divadlo Na zábradlí.,"We need to produce Slovak sentence(s) expressing the fact: ""Václav Havel actedIn Divadlo Na zábradlí"". Translate predicate ""actedIn"" to Slovak: ""hral v"" or ""pôsobil v""? The instruction: translate predicate to Slovak and use naturally. So ""Václav Havel hral v Divadlo Na zábradlí."" Or ""Václav Havel pôsobil v Divadlo Na zábradlí."" ""actedIn"" likely ""hral v"". Use entity translation: ""Divadlo Na zábradlí"" is a proper name (theatre name) keep as is. So final output: one sentence."
Id292,history,,,1,Tomáš Baťa založil spoločnosť v meste Zlín.,"We need to produce Slovak sentence(s) expressing the fact: ""Tomáš Baťa foundedCompanyInCity Zlín"". Translate predicate to Slovak: ""založil spoločnosť v meste"". Entities: Tomáš Baťa (proper name) keep, Zlín (proper name) keep. So sentence: ""Tomáš Baťa založil spoločnosť v meste Zlín."" That expresses the fact. Ensure no extra info. Use exactly that."
Id293,history,,,1,Autorom „Osudy dobrého vojáka Švejka za svetové války“ je Jaroslav Hašek.,"We need to produce Slovak sentence(s) expressing the fact: ""Osudy dobrého vojáka Švejka za svetové války"" (subject) author (predikát) Jaroslav Hašek (object). Translate predicate to Slovak: ""autor"". So sentence: ""Osudy dobrého vojáka Švejka za svetové války je autorom Jaroslav Hašek."" But that sounds like subject is a work, predicate ""author"" means ""author"". In Slovak we would say ""Autorom Osudov dobrého vojáka Švejka za svetové války je Jaroslav Hašek."" Or ""Osudy dobrého vojáka Švejka za svetové války má autora Jaroslav Hašek."" Use natural phrasing. Must include all facts: subject, predicate, object. So we need to convey that the author of that work is Jaroslav Hašek. Use ""autor"" as predicate. So sentence: ""Autorom Osudov dobrého vojáka Švejka za svetové války je Jaroslav Hašek."" That includes subject, predicate, object. Should we keep original title case? Keep as given. So final answer: one sentence."
Id294,culture,,,3,"Petřín má pomník Pomník Karla Hynka Máchy. Pomník Karla Hynka Máchy spomína Karla Hyneka Mácha, ktorý je český básnik.","We need to produce Slovak sentence(s) that express all facts. Triples: 1. Petřín | hasMonument | Pomník Karla Hynka Máchy 2. Pomník Karla Hynka Máchy | commemorates | Karel Hynek Mácha 3. Karel Hynek Mácha | isA | český básník We need to translate non-proper nouns: ""hasMonument"" -> ""má pamiatku"" or ""má monument""? In Slovak, ""monument"" is ""pomník"". The predicate ""hasMonument"" could be ""má pomník"". The object is ""Pomník Karla Hynka Máchy"" (proper name). So: ""Petřín má pomník Pomník Karla Hynka Máchy."" But that repeats ""pomník"". Could be ""Petřín má pomník Pomník Karla Hynka Máchy."" Acceptable. Second: ""Pomník Karla Hynka Máchy"" commemorates ""Karel Hynek Mácha"". Translate ""commemorates"" -> ""spomína"" or ""uctieva"". Use ""spomína"". So: ""Pomník Karla Hynka Máchy spomína Karla Hyneka Mácha."" Need to keep name as is. Third: ""Karel Hynek Mácha"" is a ""český básník"". Translate ""isA"" -> ""je"". So: ""Karel Hynek Mácha je český básnik."" We need to include all facts. Could combine into one sentence: ""Petřín má pomník Pomník Karla Hynka Máchy, ktorý spomína Karla Hyneka Mácha, ktorý je český básnik."" But that adds ""ktorý"" linking, which is okay but not adding new facts. It uses relative clause, still same facts. However we must not add any extra info. Using ""ktorý"" is just grammatical linking, not new fact. Should be fine. But requirement: ""NEPRIDÁVAJ žiadne fakty, podrobnosti, atribúty ani kontext, ktoré nie sú výslovne uvedené."" Using ""ktorý"" is not adding fact, just connecting. Should be okay. Alternatively produce two sentences: first two facts, second fact. Let's produce two sentences: ""Petřín má pomník Pomník Karla Hynka Máchy. Pomník Karla Hynka Máchy spomína Karla Hyneka Mácha, ktorý je český básnik."" That includes all three facts. The second sentence includes both second and third facts. It adds ""ktorý"" linking, but that's okay. Check translation of ""český básník"" - keep as is because it's not proper name, but it's a phrase. Should we translate ""český básník"" to Slovak? The instruction: ""Prelož do slovenčiny každú entitu, ktorá NIE JE vlastné meno (napr. všeobecné podstatné mená, roly, všeobecné opisy)."" So ""český básník"" is a description, not a proper name, so translate to Slovak: ""český básnik"" (Czech poet). In Slovak, ""český básnik"" is same as Czech? It's same words. So keep ""český básnik"". Good. Thus final output: two sentences. Check punctuation: Use period. Thus final answer."
Id295,geography,,,2,Novodobá ťažba ovplyvňuje vzhľad a vývoj České Lípy. Novodobá ťažba má typ zdroja urán.,"We need to produce Slovak sentence(s) expressing both facts. Entities: ""Novodobá těžba"" is likely a proper name? It's Czech phrase meaning ""modern mining"". It's not a proper name of a person, but maybe a term. The instruction: translate each entity that is NOT a proper name. ""Novodobá těžba"" is a phrase, not a proper name, so translate to Slovak: ""Novodobá ťažba"". ""vzhled a vývoj České Lípy"" is not a proper name? ""České Lípy"" is a place name, proper name, keep as is. So translate ""vzhled a vývoj České Lípy"" to Slovak: ""vzhľad a vývoj České Lípy"". ""resourceType"" predicate translate to Slovak: ""typ zdroja"". ""uran"" is a substance, not proper name, translate to Slovak: ""urán"". So we need sentences: ""Novodobá ťažba ovplyvňuje vzhľad a vývoj České Lípy."" and ""Novodobá ťažba má typ zdroja urán."" But predicate ""resourceType"" maybe ""typ zdroja"". Could also phrase ""Novodobá ťažba je typ zdroja urán."" But need natural. Use ""má typ zdroja"". So two sentences. Ensure all facts included. Yes. Return only sentences."
Id296,geography,,,1,Kraví hora sa volá rozhľadňa.,"We need to produce a Slovak sentence expressing the fact: subject ""Kraví hora"", predicate ""isCalled"", object ""rozhledna"". Translate non-proper nouns: ""Kraví hora"" is a proper name? It's a place name, likely proper, keep as is. Predicate ""isCalled"" translates to ""sa volá"" or ""sa nazýva"". Object ""rozhledna"" is a common noun, translate to Slovak ""rozhľadňa"". So sentence: ""Kraví hora sa volá rozhľadňa."" That expresses the fact. Ensure no extra info. Output only the sentence."
Id297,history,,,1,Karel Kryl má prezývku Básník s kytarou.,"We need to produce a Slovak sentence expressing the fact: ""Karel Kryl"" has nickname ""Básník s kytarou"". Translate predicate ""nickname"" to Slovak, likely ""prezývka"". So sentence: ""Karel Kryl má prezývku Básník s kytarou."" Ensure we keep proper case. Use ""prezývku"". That's it."
Id298,geography,,,3,Sokolov sa nachádza pri sútoku Ohře a Svatavy. Sútok Ohře a Svatavy je sútokom rieky Ohře aj rieky Svatava.,"We need to produce Slovak sentence(s) that express all facts. Triples: 1. Sokolov | locatedAt | Soutok Ohře a Svatavy 2. Soutok Ohře a Svatavy | confluenceOf | Ohře 3. Soutok Ohře a Svatavy | confluenceOf | Svatava We must translate predicate to Slovak: ""locatedAt"" -> ""sa nachádza pri"" or ""sa nachádza na"". Use natural. ""confluenceOf"" -> ""je sútokom"". Actually ""confluenceOf"" meaning ""is confluence of"". So ""Soutok Ohře a Svatavy je sútokom rieky Ohře"" maybe. But need to express both confluences. Could be two short sentences or one combined. We must not add facts. So we can say: ""Sokolov sa nachádza pri sútoku Ohře a Svatavy. Sútok Ohře a Svatavy je sútokom rieky Ohře aj rieky Svatava."" Need to keep original names unchanged. Translate non-proper nouns: ""locatedAt"" -> ""sa nachádza pri"". ""confluenceOf"" -> ""je sútokom"". Use ""rieky"" for rivers. The entity ""Soutok Ohře a Svatavy"" is a proper name? It's a phrase describing a confluence, but likely treat as proper name? It's not a proper name like city, but it's a description. The rule: translate each entity that is NOT a proper name. ""Soutok Ohře a Svatavy"" includes generic term ""Soutok"". Should translate ""Soutok"" to Slovak ""sútok"". So we need to translate that entity: ""Soutok Ohře a Svatavy"" -> ""sútok Ohře a Svatavy"". Keep river names unchanged. So we should use ""sútok Ohře a Svatavy"". Also ""Ohře"" and ""Svatava"" are proper names (river names) keep as is. Thus sentences: ""Sokolov sa nachádza pri sútoku Ohře a Svatavy. Sútok Ohře a Svatavy je sútokom rieky Ohře aj rieky Svatava."" Check: we used ""sútokom"" twice, but second predicate ""confluenceOf"" we need to express both facts: the confluence is of Ohře and of Svatava. Could be ""Sútok Ohře a Svatavy je sútokom rieky Ohře a sútokom rieky Svatava."" But that repeats. Better: ""Sútok Ohře a Svatavy je sútokom rieky Ohře aj rieky Svatava."" That covers both. Thus final answer: two sentences."
Id299,geography,,,3,"Renesančný mestský palác sa nachádza na Malé náměstí a Dlouhá ulice, nachádza sa v Hradec Králové a má názov Cejpův dům.","We need to produce Slovak sentence(s) expressing all facts. Entities: ""Renesanční městský palác"" is a proper name? It's Czech phrase meaning ""Renaissance city palace"". It's not a proper name, it's a description. According to rule: translate each entity that is NOT a proper name. So ""Renesanční městský palác"" should be translated to Slovak: ""renesančný mestský palác"". It's a common noun phrase, not a proper name. So translate. ""Malé náměstí a Dlouhá ulice"" are place names; they are proper names (street names). Keep as is. ""Hradec Králové"" is a city name, proper, keep. ""Cejpův dům"" is a name, proper, keep. Predicates: ""locatedAt"" translate to ""sa nachádza na"". ""locatedIn"" translate to ""sa nachádza v"". ""hasName"" translate to ""má názov"". Need to produce sentences that include all facts. Could combine: ""Renesančný mestský palác sa nachádza na Malé náměstí a Dlouhá ulice, nachádza sa v Hradec Králové a má názov Cejpův dům."" That includes all three. Ensure grammar: maybe ""Renesančný mestský palác sa nachádza na Malé náměstí a Dlouhá ulice, nachádza sa v Hradec Králové a má názov Cejpův dům."" That's fine. Could also split into two sentences if needed, but one is okay. Check: we used ""sa nachádza na"" for first, ""sa nachádza v"" for second, ""má názov"" for third. All facts included. No extra info. Provide only sentence."
Id300,history,,,2,Zemský úrad mal predchádzajúce umiestnenie v Brne a predchádzajúce sídlo v Místodržitelský palác.,"We need to produce Slovak sentence(s) that express both facts. Entities: ""Zemský úřad"" is presumably a proper name? It's Czech phrase meaning ""County office"". It's not a proper name? It's a generic term, but maybe treat as entity name, but instruction: translate each entity that is NOT a proper name. ""Zemský úřad"" is a generic term, not a proper name, so translate to Slovak: ""Zemský úrad"". Also ""Brno"" is a proper name, keep. ""Místodržitelský palác"" is a proper name? It's a specific palace name, likely proper, keep as is. Predikáty: ""previousLocation"" translate to ""predchádzajúce umiestnenie"" or ""predchádzajúce miesto""? Should be natural: ""mal predchádzajúce umiestnenie v Brne"" or ""predchádzajúcim miestom bolo Brno"". ""previousSeat"" translate to ""predchádzajúce sídlo"". So we need sentences that include both facts. Could be one sentence: ""Zemský úrad mal predchádzajúce umiestnenie v Brne a predchádzajúce sídlo v Místodržitelském paláci."" Need to keep ""Místodržitelský palác"" unchanged. Use Slovak grammar: ""Zemský úrad mal predchádzajúce umiestnenie v Brne a predchádzajúce sídlo v Místodržitelském paláci."" That expresses both. Ensure no extra facts. Good. Check translation: ""previousLocation"" -> ""predchádzajúce umiestnenie"". ""previousSeat"" -> ""predchádzajúce sídlo"". Use ""v"" for location. Good. Return only sentence."
Id301,history,,,2,Pankrácká věznice je notoricky známa a je priamo spojená s pražský vrchní soud.,"We need to produce Slovak sentence(s) expressing both facts. Translate entities not proper names. ""Pankrácká věznice"" is a proper name (Czech name of prison). Keep as is. ""pražský vrchní soud"" is also proper name? It's Czech for ""Prague High Court"". It's a proper name, keep as is. Predicates: ""isNotoriouslyKnown"" -> ""je notoricky známa"". ""isDirectlyConnectedTo"" -> ""je priamo spojená s"". Need to convey both facts. Could be one sentence: ""Pankrácká věznice je notoricky známa a je priamo spojená s pražský vrchní soud."" Ensure grammar: ""spojená"" gender? ""Pankrácká věznice"" is feminine, so ""spojená"". Good. Return only sentence."
Id302,culture,,,3,Prvá česká hudobná televízna stanica má názov Óčko. Prvá česká hudobná televízna stanica je hudobná televízna stanica. Prvá česká hudobná televízna stanica je v krajine Česká.,"We need to produce Slovak sentence(s) expressing all facts. Entities: ""První česká hudební televizní stanice"" is subject. It's not a proper name? It's a phrase meaning ""First Czech music television station"". It's not a proper name, so translate each entity that is not a proper name. The subject is a phrase; we need to translate it to Slovak: ""Prvá česká hudobná televízna stanica"". The predicate ""hasName"" -> ""má názov"". Object ""Óčko"" is proper name, keep as is. Next: predicate ""isType"" -> ""je typom"" or ""je hudobná televízna stanica""? Actually object is ""hudební televizní stanice"" which is not proper name, translate: ""hudobná televízna stanica"". So sentence: ""Prvá česká hudobná televízna stanica je hudobná televízna stanica."" Might be redundant but okay. Third: predicate ""isCountry"" -> ""je v krajine"" or ""je z krajiny""? Usually ""isCountry"" means ""je v krajine"" or ""patrí k krajine"". Use ""je v krajine"" maybe. Object ""Česká"" is likely ""Česká"" meaning ""Czech Republic""? It's not proper name? It's an adjective? Might be ""Česká"" as short for ""Česká republika"". It's a proper noun? Probably treat as proper name? The instruction: translate each entity that is NOT a proper name. ""Česká"" is not a full proper name, but it's a country name ""Česká"". Might be considered proper name, but it's a country name, which is proper noun. So keep as is? The rule: ""Prelož do slovenčiny každú entitu, ktorá NIE JE vlastné meno (napr. všeobecné podstatné mená, roly, všeobecné opisy). Vlastné mená (mená osôb, miest, organizácií, diel atď.) ponechaj v pôvodnej podobe."" So ""Česká"" is a country name, a proper name, so keep as is. But maybe we should translate to ""Česká""? It's already Czech. Could be ""Česká"". Keep. Thus produce sentences: ""Prvá česká hudobná televízna stanica má názov Óčko. Prvá česká hudobná televízna stanica je hudobná televízna stanica. Prvá česká hudobná televízna stanica je v krajine Česká."" But maybe combine? Could be two sentences. It's okay. We must not add extra facts. ""je v krajine"" is a translation of isCountry. That seems fine. Thus output exactly those sentences."
Id303,politics,,,3,Andrej Babiš vlastní Mladú frontu a mediálnu skupinu Mafra od 2013-01-01.,"We need to produce Slovak sentence(s) that express all facts. Facts: - Andrej Babiš owns Mladá fronta. - Andrej Babiš owns mediální skupina Mafra. - Andrej Babiš ownershipStartDate 2013-01-01. We need to translate non-proper nouns: ""owns"" -> ""vlastní"". ""ownershipStartDate"" -> ""dátum začiatku vlastníctva"". Entities: ""Mladá fronta"" is a proper name? It's a newspaper, but likely proper name, keep as is. ""mediální skupina Mafra"" includes ""mediální skupina"" which is a common noun, translate ""mediálna skupina Mafra""? Actually ""mediální skupina Mafra"" is a phrase; ""mediální skupina"" is common, ""Mafra"" is proper. So translate to ""mediálna skupina Mafra"". Also ""Andrej Babiš"" is proper name, keep. We need to include date exactly ""2013-01-01"". Should we keep format? Yes. We need to produce one or two short sentences. Could be: ""Andrej Babiš vlastní Mladú frontu a mediálnu skupinu Mafra od 2013-01-01."" That includes all facts: owns both and start date. The date applies to ownership start, but we need to convey that his ownership started on that date. The sentence ""od 2013-01-01"" implies start date. That covers all three facts. Check translation: ""Mladá fronta"" -> ""Mladú frontu"" (accusative). Good. Thus final answer: one sentence."
Id304,culture,,,3,"Zdeněk Svěrák oznamuje U Prdlavky, ktorá je zastávka a patrí pražskej mestskej hromadnej doprave.","We need to produce Slovak sentence(s) that convey all facts. Triples: 1. Zdeněk Svěrák announces U Prdlavky. 2. U Prdlavky isA zastávka. 3. zastávka belongsTo pražská městská hromadná doprava. We need to translate non-proper nouns: ""announces"" -> ""oznamuje"" or ""oznámil""? Use present? Use ""oznamuje"". ""isA"" -> ""je"". ""zastávka"" is a noun, keep as ""zastávka"". ""belongsTo"" -> ""patrí"". ""pražská městská hromadná doprava"" is a phrase, not proper name? It's a description of Prague public transport. It's not a proper name? Might be considered proper? It's a generic term, so translate each word: ""pražská mestská hromadná doprava"". Keep as phrase. We need to convey all facts: Zdeněk Svěrák oznamuje U Prdlavky. U Prdlavky je zastávka. Zastávka patrí pražskej mestskej hromadnej doprave. But note ""zastávka"" refers to the class, but we need to say that the zastávka (the stop) belongs to the transport. Could be ""Zastávka patrí pražskej mestskej hromadnej doprave."" That repeats generic ""zastávka"". It's okay. We must not add extra facts. Ensure we keep original names: ""Zdeněk Svěrák"", ""U Prdlavky"". Use Slovak translation for ""pražská městská hromadná doprava"" -> ""pražská mestská hromadná doprava"". Actually ""městská"" Czech, Slovak ""mestská"". So ""pražská mestská hromadná doprava"". Use genitive: ""pražskej mestskej hromadnej dopravy"". But we must keep phrase exactly? The requirement: translate each entity that is not a proper name. So ""pražská městská hromadná doprava"" is not proper, translate each word: ""pražská"" (Czech) -> ""pražská"" (Slovak same), ""městská"" -> ""mestská"", ""hromadná"" stays, ""doprava"" stays. So phrase becomes ""pražská mestská hromadná doprava"". In Slovak genitive would be ""pražskej mestskej hromadnej dopravy"". But we are not required to keep case? We need natural sentence, so we can inflect. That's okay. Thus sentences: ""Zdeněk Svěrák oznamuje U Prdlavky. U Prdlavky je zastávka. Zastávka patrí pražskej mestskej hromadnej doprave."" That's three sentences, but requirement says one sentence or two short if needed. Could combine: ""Zdeněk Svěrák oznamuje U Prdlavky, ktorá je zastávka a patrí pražskej mestskej hromadnej doprave."" But that adds ""ktorá"" linking, but still conveys all facts. It uses ""ktorá"" referencing U Prdlavky, but we must not add facts. ""ktorá je zastávka a patrí..."" is okay. However ""ktorá"" is a relative pronoun, not adding new fact. So we can produce one sentence: ""Zdeněk Svěrák oznamuje U Prdlavky, ktorá je zastávka a patrí pražskej mestskej hromadnej doprave."" That includes all three facts. Ensure translation of predicate: ""oznamuje"", ""je"", ""patrí"". Good. Return only the sentence."
Id305,geography,,,2,Linka C je súčasťou pražského metra a je najstaršia.,"We need to produce Slovak sentence(s) that express both facts. Entities: ""linka C"" is subject, predicate ""isPartOf"" -> object ""pražské metro"". Translate non-proper nouns: ""linka C"" is probably proper? It's a name of a line, but it's not a proper name? It's a designation, maybe treat as proper? The rule: translate each entity that is NOT a proper name. ""linka C"" includes generic word ""linka"" (line) plus ""C"". Probably ""linka C"" is a proper name? Might be considered proper name of a line, but ""linka"" is generic. However rule: translate each entity that is not a proper name. ""linka C"" includes generic term ""linka"". Should we translate ""linka C"" to ""linka C""? It's already Slovak. So keep as is. ""pražské metro"" is not a proper name? It's generic description of Prague metro. Should translate: it's already Slovak. So keep. Predicate ""isPartOf"" translate to ""je súčasťou"". ""isOldest"" translate to ""je najstaršia"". Object ""true"" is boolean; we need to express that it's true. Could say ""je najstaršia"". Or ""je najstaršia"" implies true. So sentence: ""Linka C je súčasťou pražského metra a je najstaršia."" Need to keep ""true"" as fact. Could also say ""je najstaršia"" (implies true). That's fine. Make sure we include both facts. Could be one sentence with conjunction. Provide only sentence. Thus final answer: ""Linka C je súčasťou pražského metra a je najstaršia."""
Id306,history,,,3,"Gavrilo Princip bol atentátník, je známy a bol väznený v Terezíne.","We need to produce Slovak sentence(s) that express all facts. Facts: - Gavrilo Princip | occupation | atentátník (occupation = assassin/attacker). Translate ""occupation"" to Slovak ""povolanie"" or ""zamestnanie"". Use ""povolanie"". So: ""Gavrilo Princip mal povolanie atentátník."" Or ""Gavrilo Princip bol atentátníkom."" But need to convey occupation. Could say ""Gavrilo Princip bol atentátník."" That's fine. - Gavrilo Princip | isFamous | true. Means he is famous. So ""Gavrilo Princip je známy."" - Gavrilo Princip | wasImprisonedIn | Terezín. Means he was imprisoned in Terezín. So ""Gavrilo Princip bol väznený v Terezíne."" Combine into one sentence or two short. Could be: ""Gavrilo Princip bol atentátník, je známy a bol väznený v Terezíne."" That includes all three facts. Ensure no extra info. Use ""bol"" for occupation? ""bol atentátník"" expresses occupation. Good. Thus final answer: one sentence."
Id307,geography,,,3,"Televízny vysielač Ještěd je televízny vysielač a nachádza sa blízko Liberca, pričom Liberec je mesto.","We need to produce Slovak sentences. Input triples: - ""televizní vysílač Ještěd"" | locatedNear | ""Liberec"" - ""televizní vysílač Ještěd"" | isA | ""televizní vysílač"" - ""Liberec"" | isA | ""město"" We must translate non-proper nouns to Slovak. Entities: ""televizní vysílač Ještěd"" includes proper name ""Ještěd"" but also ""televizní vysílač"" is a common noun phrase ""televízny vysielač"". So translate ""televizní vysílač Ještěd"" as ""televízny vysielač Ještěd"". ""Liberec"" is a proper name, keep. ""televizní vysílač"" as a type: ""televízny vysielač"". ""město"" -> ""mesto"". Predicates: ""locatedNear"" -> ""sa nachádza blízko"" or ""sa nachádza pri"". Use natural Slovak: ""televízny vysielač Ještěd sa nachádza blízko Liberca."" Next: ""televízny vysielač Ještěd je televízny vysielač."" That's tautological but okay. ""Liberec je mesto."" Could combine into one or two sentences. Must include all facts. Could be two sentences: first includes location and type? Actually we need all three facts. Could combine: ""Televízny vysielač Ještěd je televízny vysielač a nachádza sa blízko Liberca, pričom Liberec je mesto."" That includes all three. Ensure translation of predicate ""isA"" as ""je"". So ""Ještěd je televízny vysielač"" but we also need ""televízny vysielač Ještěd je televízny vysielač"" maybe redundant. Better: ""Televízny vysielač Ještěd je televízny vysielač a nachádza sa blízko Liberca, pričom Liberec je mesto."" That includes all facts. Use proper nouns unchanged. Provide only sentence(s). Let's output one sentence."
Id308,geography,,,2,Žižkovský vysílač navrhol Václav Aulický. Václav Aulický má povolanie architekt.,"We need to produce Slovak sentence(s) that express all facts. Two triples: 1. Žižkovský vysílač | designedBy | Václav Aulický 2. Václav Aulický | profession | architekt We must translate predicate to Slovak: ""designedBy"" -> ""navrhol"" (or ""bol navrhnutý"" but need natural). Subject: Žižkovský vysílač (proper name? It's a name of a transmitter, but treat as entity, keep as is). Object: Václav Aulický (proper name). So sentence: ""Žižkovský vysílač navrhol Václav Aulický."" That expresses first triple. Second: ""Václav Aulický"" subject, predicate ""profession"" -> ""povolanie"" or ""profesia""? In Slovak, ""profesia"" is used, but ""povolanie"" maybe. The instruction: translate predicate to Slovak and use naturally. So ""Václav Aulický je architekt."" Or ""Václav Aulický má povolanie architekt."" The predicate ""profession"" could be expressed as ""má povolanie"". But we need to use predicate translation. Could be ""má povolanie"". So sentence: ""Václav Aulický má povolanie architekt."" That expresses second triple. We need to include both facts. Could be two sentences. That's allowed. Ensure no extra info. Use exact terms: ""architekt"" is fine. Use ""povolanie"". The predicate ""profession"" -> ""povolanie"". So ""Václav Aulický má povolanie architekt."" Good. Thus output two sentences."
Id309,geography,,,2,Labe sa stretá s Orlicou. Labe Orlice má miesto zbiehu v Hradci Králové.,"We need to produce Slovak sentence(s) that express all facts. Two triples: 1. Labe | meets | Orlice 2. Labe Orlice | confluenceLocation | Hradec Králové We need to translate predicate to Slovak. ""meets"" -> ""sa stretá s"" or ""sa spája s"". ""confluenceLocation"" -> ""miesto zbiehu"" maybe ""miesto zbiehu"". So we need to express: Labe sa stretá s Orlicou. Labe Orlice má miesto zbiehu v Hradci Králové. But ""Labe Orlice"" seems like a combined entity? Actually second triple subject is ""Labe Orlice"". That likely refers to the confluence of Labe and Orlice. So we need to say: Labe a Orlice majú miesto zbiehu v Hradci Králové. But we must use exactly the subject ""Labe Orlice"". The subject is ""Labe Orlice"". Should we treat it as a phrase? Probably we keep it as is: ""Labe Orlice"" is the subject. So sentence: ""Labe Orlice má miesto zbiehu v Hradci Králové."" That expresses second triple. First triple: ""Labe sa stretá s Orlicou."" Use ""Orlice"" as object, but need to translate ""Orlice"" maybe keep as is because it's proper name. So ""Labe sa stretá s Orlicou."" Good. Thus two short sentences. Ensure no extra facts. Provide only sentences."
Id310,culture,,,1,Svatá Anna má vlastnosť chladná z rána.,"We need to produce a Slovak sentence expressing the fact: ""Svatá Anna | hasProperty | chladna z rána"". Translate predicate ""hasProperty"" to Slovak: ""má vlastnosť"" or ""má"". Probably ""má"". The object ""chladna z rána"" is not a proper name, so translate? It's already Slovak phrase meaning ""cold in the morning"". Keep as is. Subject ""Svatá Anna"" is proper name, keep. So sentence: ""Svatá Anna má chladna z rána."" But grammar: ""má"" + adjective? Could be ""je chladná z rána"". But predicate is ""hasProperty"". So ""má vlastnosť chladna z rána"". Might be ""má vlastnosť chladná z rána"". Use correct case: ""Svatá Anna má vlastnosť chladná z rána."" Or ""Svatá Anna má chladnú z rána""? That seems off. Better: ""Svatá Anna má vlastnosť chladná z rána."" We'll output that single sentence."
Id311,culture,,,3,Prago Union získal ocenenie Anděl Award za Dezorient Express v roku 2010.,"We need to produce Slovak sentence(s) that express all facts. Triples: 1. Prago Union | receivedAward | Anděl Award 2. Prago Union | receivedAwardFor | Dezorient Express 3. Anděl Award | awardYear | 2010 We need to translate predicate to Slovak: ""receivedAward"" -> ""získal ocenenie"" or ""obdržal ocenenie"". ""receivedAwardFor"" -> ""získal ocenenie za"". ""awardYear"" -> ""rok ocenenia"". Entities: Prago Union (proper name) keep. Anděl Award (proper name) keep. Dezorient Express (proper name) keep. We need to include all facts. Could be two sentences: one about Prago Union receiving Anděl Award, another about that award being in 2010, and also that the award was for Dezorient Express. Could combine: ""Prago Union získal ocenenie Anděl Award za Dezorient Express v roku 2010."" That includes all three facts: Prago Union received award Anděl Award, for Dezorient Express, and award year 2010. That is one sentence, natural. Check: predicate translation: ""získal ocenenie"" for receivedAward, ""za"" for receivedAwardFor, ""v roku"" for awardYear. Good. Thus output single sentence."
Id312,history,,,6,"Rudolf Procházka bol český vojak a letec, mal vojenskú hodnosť major, žil v dome a zomrel v dome, ktorý sa nachádza v Brne.","We need to produce Slovak sentence(s) that express all facts. Facts: 1. Rudolf Procházka occupation český voják -> translate occupation to ""povolanie"" maybe ""povolanie"" or ""zamestnanie"". Use Slovak: ""Rudolf Procházka bol český vojak."" 2. Rudolf Procházka militaryRank major -> rank ""major"". So ""mal vojenský dôstojník major""? Actually predicate ""militaryRank"" translate to ""vojenský dôstojnosť"" or ""vojenský hodnosť"". Use ""mal vojenskú hodnosť major."" 3. Rudolf Procházka occupation letec -> also occupation ""letec"". So we need to include both occupations. Could say ""bol český vojak a letec."" 4. Rudolf Procházka livedIn dům -> ""živel v dome."" 5. Rudolf Procházka diedIn dům -> ""zemrel v dome."" 6. dům locatedIn Brno -> ""domek sa nachádza v Brne."" But ""dům"" is Czech word for ""house"". We need translate non-proper nouns. So ""dům"" is not proper name, translate to ""dom"". So we should refer to ""dom"". But the entity is ""dům"". We need to translate entity that is not proper name. So we should output ""dom"". So we need to say ""dom sa nachádza v Brne."" However we must keep consistency: we referenced ""dom"" earlier. So we can say ""Rudolf Procházka žil v dome a zomrel v dome, ktorý sa nachádza v Brne."" Also include occupations and rank. Thus final sentence: ""Rudolf Procházka bol český vojak a letec, mal vojenskú hodnosť major, žil v dome a zomrel v dome, ktorý sa nachádza v Brne."" Check all facts: occupation (two), rank, livedIn, diedIn, location of house. Yes. Make sure no extra facts. Use ""český vojak"" as translation of ""český voják"". That's fine. Use ""letec"". Use ""major"". Use ""dom"". Use ""Brne"". Good. Return only sentence."
Id313,history,,,2,Přemysl Otakar II má prezývku kráľ železný a zlatý a je kráľom Česko.,"We need to produce Slovak sentence(s) that express both facts. Entities: ""Přemysl Otakar II"" is a proper name, keep as is. Predicate ""hasNickname"" -> ""má prezývku"". Object ""král železný a zlatý"" is not a proper name, translate to Slovak: ""kráľ železný a zlatý"". Predicate ""isKingOf"" -> ""je kráľom"". Object ""Česko"" is a proper name? It's a country name, likely keep as ""Česko"". But instruction: translate each entity that is NOT a proper name. ""Česko"" is a proper name, keep. So sentence: ""Přemysl Otakar II má prezývku kráľ železný a zlatý a je kráľom Česka."" But ""Česka"" is genitive; maybe ""Česka"" is Slovak genitive of ""Česko"". However we need to keep proper name unchanged, but we may need grammatical case? The instruction: keep proper names in original form. So we should keep ""Česko"". But sentence grammar may be off: ""je kráľom Česko"" is ungrammatical; but we must use original form. Could we say ""je kráľom Česka""? That changes form. Might be considered altering proper name. Safer to keep ""Česko"". Could phrase ""je kráľom Česka"" but that changes. The instruction says keep proper names in original form, not necessarily case. Might be okay to keep ""Česko"". So: ""Přemysl Otakar II má prezývku kráľ železný a zlatý a je kráľom Česko."" That is okay. We could also split into two sentences: ""Přemysl Otakar II má prezývku kráľ železný a zlatý. Přemysl Otakar II je kráľom Česko."" Both fine. We'll output one sentence."
Id314,geography,,,2,Institut plánování a rozvoje hlavního města Prahy sa nachádza v Prahe a má sídlo v budovách bývalého Sdružení projektových ateliérů.,"We need to produce Slovak sentence(s) that express all facts. Two triples: Subject: ""Institut plánování a rozvoje hlavního města Prahy"" (that's a proper name? It's Czech name, but it's an organization name, so keep as is). Predicate ""locatedIn"" -> translate to Slovak ""sa nachádza v"" or ""je umiestnený v"". Object ""Praha"" (proper name, keep). So: ""Institut plánování a rozvoje hlavního města Prahy sa nachádza v Prahe."" (Praha in Slovak is ""Praha"" maybe ""Praha"" is proper name, but we could keep ""Praha"". Could also use ""v Prahe"". Since we need to translate entity that is not proper name. ""Praha"" is a city name, proper, keep as is. But we need Slovak grammar: ""v Prahe"". That's okay. Second triple: same subject, predicate ""headquarteredIn"" -> translate to ""má sídlo v"" or ""je sídlom v"". Object ""budovy bývalého Sdružení projektových ateliérů"". This is a phrase, not a proper name? It's a description: ""budovy bývalého Sdružení projektových ateliérů"". It's not a proper name, so translate each part? It's already Czech. Need to translate to Slovak: ""budovy bývalého Sdružení projektových ateliérů"" -> Slovak would be ""budovy bývalého Združenia projektových ateliérov"". But we must translate each entity that is not proper name. The phrase is a description, not a proper name. So we need to translate it. However, the phrase includes ""Sdružení projektových ateliérů"" which is a proper name? It seems like a name of an association, maybe proper. The instruction: ""Prelož do slovenčiny každú entitu, ktorá NIE JE vlastné meno (napr. všeobecné podstatné mená, roly, všeobecné opisy). Vlastné mená (mená osôb, miest, organizácií, diel atď.) ponechaj v pôvodnej podobe."" So ""Sdružení projektových ateliérů"" is an organization name, thus proper name, keep unchanged. ""budovy bývalého"" is generic description, translate. So we produce: ""Institut plánování a rozvoje hlavního města Prahy má sídlo v budovách bývalého Sdružení projektových ateliérů."" Note plural ""budovách"". The original object is ""budovy bývalého Sdružení projektových ateliérů"". That's singular ""budovy"" (plural). So we keep ""budovách"". Use ""v budovách"". Good. Combine into one or two sentences. Could be two sentences: first about location, second about headquarters. Or combine: ""Institut ... sa nachádza v Prahe a má sídlo v budovách bývalého Sdružení projektových ateliérů."" That includes both facts. That is one sentence. Should we keep both facts? Yes. Make sure we didn't add extra info. ""sa nachádza v Prahe"" expresses locatedIn. ""má sídlo v budovách bývalého Sdružení projektových ateliérů"" expresses headquarteredIn. Good. Return only the sentence."
Id315,history,,,4,"Žofie Chotková je česká šlechtična a je manželkou Ferdinanda d´Este, ktorý je následník trónu a bol zavraždený.","We need to produce Slovak sentence(s) that express all facts. Facts: 1. Žofie Chotková is a česká šlechtična (Czech noblewoman). 2. Žofie Chotková spouseOf Ferdinand d´Este (spolubýva? ""manželka"" maybe ""manželka"" but predicate spouseOf: we need to translate predicate to Slovak: ""manželka"" or ""manželka"" is a noun, but we need verb phrase. Could be ""je manželkou"". So ""Žofie Chotková je manželkou Ferdinanda d´Este."" 3. Ferdinand d´Este is a následník trůnu (heir to the throne). 4. Ferdinand d´Este wasAssassinated true (bol zavraždený). So ""Ferdinand d´Este bol zavraždený."" We need to include all facts. Could combine: ""Žofie Chotková je česká šlechtična a je manželkou Ferdinanda d´Este, ktorý je následník trónu a bol zavraždený."" That includes all. Ensure translation of ""isA"" as ""je"". ""spouseOf"" as ""je manželkou"". ""wasAssassinated"" as ""bol zavraždený"". ""následník trůnu"" translate ""následník trónu"". Use correct diacritics. Provide one sentence."
Id316,geography,,,2,Nová linka D je súčasťou pražského metra a má farbu modrá.,"We need to produce Slovak sentence(s) expressing both facts. Entities: ""Nová linka D"" is a proper name? It's a name of a line, likely proper noun, keep as is. ""pražské metro"" is not proper? It's a common noun phrase, but maybe it's a proper name of the Prague metro system. However instruction: translate each entity that is NOT a proper name. ""pražské metro"" is likely a proper name? It's the name of the Prague metro, but it's a common phrase. I'd treat it as not a proper name? The instruction: ""Prelož do slovenčiny každú entitu, ktorá NIE JE vlastné meno (napr. všeobecné podstatné mená, roly, všeobecné opisy). Vlastné mená (mená osôb, miest, organizácií, diel atď.) ponechaj v pôvodnej podobe."" ""pražské metro"" is a proper name of a system, but it's a phrase in Slovak already? It's already Slovak. So we keep as is. ""modrá"" is color, already Slovak. Predikáty: ""partOf"" -> ""je súčasťou"". ""color"" -> ""má farbu"". So produce sentence: ""Nová linka D je súčasťou pražského metra a má farbu modrá."" Need to ensure grammar: ""pražského metra"" is genitive. The original ""pražské metro"" is nominative; but we need to translate to proper case. However we must not add info not in triple. Changing case is grammatical, not adding info. Should be okay. Provide one sentence."
Id317,geography,,,1,Tzv. Pražské Předměstí patrí do katastrálneho územia Hradec Králové.,"We need to produce Slovak sentence(s) expressing the fact. Subject: ""Tzv. Pražské Předměstí"". It's not a proper name? It's a phrase with abbreviation ""Tzv."" meaning ""tzv."" (slovak ""tzv."" = ""takzvané""). The phrase likely is a name, but it's not a proper name? It's a name of a place, but we treat as not proper? The instruction: translate each entity that is NOT a proper name. ""Tzv. Pražské Předměstí"" includes ""Pražské Předměstí"" which is Czech phrase meaning ""Pražské predmestie"". It's a name of a place, likely proper noun. But they say proper names (mená osôb, miest, organizácií, diel). This is a place name, so it's a proper name, should stay unchanged. However ""Tzv."" is abbreviation for ""tzv."" which is not part of the name? Might be part of the phrase. I'd keep as is. The predicate ""belongsToCadastralArea"" translate to Slovak ""patrí k územiu katastrálneho územia""? Actually ""belongs to cadastral area"" => ""patrí k územiu katastrálneho územia"". Simpler: ""patrí k územiu katastrálneho územia"". Could be ""patrí do katastrálneho územia"". Use natural: ""patrí do katastrálneho územia"". Object: ""Hradec Králové"" is a city name, proper name, keep unchanged. Thus sentence: ""Tzv. Pražské Předměstí patrí do katastrálneho územia Hradec Králové."" Check: Use ""patrí do katastrálneho územia"". That expresses belongsToCadastralArea. Return only sentence."
Id318,history,,,1,Česká televize má dátum založenia 1992-01-01.,"We need to produce Slovak sentence(s) expressing the fact. RDF triple: subject ""Česká televize"", predicate ""foundingDate"", object ""1992-01-01"". Translate predicate to Slovak: ""dátum založenia"". So sentence: ""Česká televize bola založená dňa 1992-01-01."" Or ""Česká televize má dátum založenia 1992-01-01."" Use natural. Must include all facts, only that. Provide one sentence. Ensure no extra info. Use date as given. Probably ""Česká televize má dátum založenia 1992-01-01."" That's fine."
Id319,sports,,,2,Závodný okruh sa nachádza v Moste a Most je súčasťou regiónu severozápadní Čechy.,"We need to produce Slovak sentence(s) that express all facts. Two triples: 1. závodní okruh | locatedIn | Most 2. Most | partOfRegion | severozápadní Čechy We must translate non-proper nouns. ""závodní okruh"" is Czech phrase meaning ""racing circuit"". Should translate to Slovak: ""závodný okruh"". ""locatedIn"" -> ""sa nachádza v"". ""partOfRegion"" -> ""je súčasťou regiónu"". ""Most"" is a city name, proper noun, keep as ""Most"". ""severozápadní Čechy"" is region name, proper? It's a region name in Czech, likely proper noun, keep as is. But rule: translate each entity that is NOT a proper name. ""severozápadní Čechy"" is a proper name of region, so keep original. So sentence: ""Závodný okruh sa nachádza v Moste a Most je súčasťou regiónu severozápadní Čechy."" Need to keep case: ""v Moste"". Use Slovak grammar. Provide one or two short sentences. Could be one sentence with conjunction. That includes both facts. Ensure no extra info. Provide only sentence. Thus final answer."
Id320,history,,,1,Nemocničný areál nemocnice Znojmo pochádza z bývalého kláštora františkánov.,"We need to produce a Slovak sentence expressing the fact: ""nemocniční areál nemocnice Znojmo | originatedFrom | bývalý klášter františkánů"". Translate non-proper nouns: ""nemocniční areál"" = ""nemocničný areál"", ""nemocnice"" = ""nemocnice"" is a proper name? ""Znojmo"" is a place, proper name, keep. ""bývalý klášter františkánů"" = ""bývalý kláštor františkánov"". Predicate ""originatedFrom"" translate to ""pochádza z"" or ""vychádza z"". Use natural Slovak: ""Nemocničný areál nemocnice Znojmo pochádza z bývalého kláštora františkánov."" Ensure all facts: subject = nemocniční areál nemocnice Znojmo, predicate = originatedFrom, object = bývalý klášter františkánů. So sentence: ""Nemocničný areál nemocnice Znojmo pochádza z bývalého kláštora františkánov."" That includes all. No extra."
Id321,geography,,,4,"Karlovy Vary sa nachádza v západ Čech, je súčasťou zoznamu Svetového dedičstva UNESCO, je známa pre termálne pramene a je typom českého mesta.","We need to produce Slovak sentences expressing all facts. Translate non-proper nouns. Entities: Karlovy Vary (proper name) stays. Predicates: isLocatedIn -> ""sa nachádza v"" or ""sa nachádza v"". isPartOf -> ""je súčasťou"". isKnownFor -> ""je známa pre"" maybe ""je známa pre"". isTypeOf -> ""je typom"" but better ""je typom"". However ""české město"" translate to ""české mesto"". So sentence: ""Karlovy Vary sa nachádza v západ Čech, je súčasťou zoznamu Svetového dedičstva UNESCO, je známa pre termálne pramene a je typom českého mesta."" Need to keep ""západ Čech"" as is? It's not proper? ""západ Čech"" is a region, not proper? Might be considered proper but we keep as is? It's not a proper name? It's a phrase. Keep as given. ""seznam Světového dědictví UNESCO"" translate to ""zoznam Svetového dedičstva UNESCO"". ""termální prameny"" -> ""termálne pramene"". ""české město"" -> ""české mesto"". Provide one sentence. Ensure all facts included. Use commas and ""a"". Provide only sentence."
Id322,history,,,3,Komunistické justičné politické procesy prebiehali v období 1950-01-01 až 1959-12-31 v Československu a Milada Horáková je známou obetou týchto procesov.,"We need to produce Slovak sentence(s) that express all facts. Facts: 1. ""komunistické justiční politické procesy"" timePeriod ""1950-01-01 to 1959-12-31"" 2. ""komunistické justiční politické procesy"" location ""Československo"" 3. ""Milada Horáková"" isFamousVictimOf ""komunistické justiční politické procesy"" We need to translate predicate to Slovak. Predicates: ""timePeriod"" -> ""trvá v období"" or ""prebiehal v období"". ""location"" -> ""sa konali v"". ""isFamousVictimOf"" -> ""je známou obetou"". Need to produce natural sentence(s) covering all facts. We must translate non-proper nouns: ""komunistické justiční politické procesy"" is a phrase; it's not a proper name, so translate each word? The phrase is Czech/Slovak? ""komunistické justiční politické procesy"" -> Slovak ""komunistické justičné politické procesy"". Should we translate? The rule: ""Prelož do slovenčiny každú entitu, ktorá NIE JE vlastné meno (napr. všeobecné podstatné mená, roly, všeobecné opisy)."" So we need to translate that phrase to Slovak. So ""komunistické justiční politické procesy"" becomes ""komunistické justičné politické procesy"". Also ""Československo"" is proper name, keep as is. ""Milada Horáková"" is proper name, keep. Now produce sentence: ""Komunistické justičné politické procesy prebiehali v období 1950-01-01 až 1959-12-31 v Československu a Milada Horáková je známou obetou týchto procesov."" Need to translate ""isFamousVictimOf"" as ""je známou obetou"". Should we keep ""známou"" or ""známou""? Slovak ""známou"" is Czech; Slovak ""známou"" also exists? Slovak ""známou"" is ""známou""? Actually Slovak ""známou"" is ""známou""? The correct Slovak is ""známou"" (feminine). Could also use ""známou obetou"". Or ""je známou obetou"". That seems fine. Make sure we include all facts: time period, location, Milada Horáková is famous victim. Thus one sentence covers all. Ensure dates exactly as given. Thus final answer: one sentence."
Id323,culture,,,6,"Josef Kemr je český, legendárny herec, ktorý stvárnil 150 rolí a získal Cenu Thálie, ktorá bola udelená v roku 1993 za celoživotné majstrovstvo.","We need to produce Slovak sentences expressing all facts. Translate non-proper nouns. Entities: Josef Kemr (proper name) stays. ""Český"" is nationality, translate ""Český"" maybe ""český"" as adjective? Should be ""český"". Profession: ""legendární herec"" translate to ""legendárny herec"". numberOfRoles: 150 -> ""mal 150 rolí"" maybe ""mal 150 rolí"". awardReceived: ""Cena Thálie"" is proper name, keep. Then ""Cena Thálie"" awardYear 1993 -> ""Cena Thálie bola udelená v roku 1993"". awardReason: ""celoživotní mistrovství"" translate to ""celoživotné majstrovstvo"". Need to combine all facts in one or two sentences, but must include all facts. Could be: ""Josef Kemr je český, legendárny herec, ktorý stvárnil 150 rolí a získal Cenu Thálie, ktorá bola udelená v roku 1993 za celoživotné majstrovstvo."" That includes all. Ensure translation of ""nationality"" as ""je český"". Good. Check: we used ""český"" as adjective, okay. All facts: nationality, profession, numberOfRoles, awardReceived, awardYear, awardReason. Yes. Return only sentence."
Id324,geography,,,1,Dům U Doušů sa nachádza na Václavské náměstí.,"We need to produce Slovak sentence(s) expressing the fact. RDF triple: ""Dům U Doušů | locatedAt | Václavské náměstí"". Need to translate non-proper nouns. ""Dům U Doušů"" is a proper name (Czech). Keep as is. ""locatedAt"" translate to ""sa nachádza na"". ""Václavské náměstí"" is a proper name (square). Keep as is. So sentence: ""Dům U Doušů sa nachádza na Václavské náměstí."" Ensure Slovak grammar: ""na"" with accusative? ""na Václavské náměstí"" maybe ""na Václavskom námestí""? But we must keep original name unchanged. So ""na Václavské náměstí"". Use ""sa nachádza na"". That expresses all facts. One sentence."
Id325,history,,,5,"Československý válečný kříž 1939 je vojenské vyznamenanie, patrí k Československu, bol založený v roku 1939 a bol udelený za preukázanie vynikajúceho činu v nebezpečí života a za obetovanie života.","We need to produce Slovak sentence(s) that express all facts. Entities not proper names should be translated. The subject is ""Československý válečný kříž 1939"". That's a proper name? It's a name of an award, likely proper, keep as is. Predicates: isA -> ""je"". So ""Československý válečný kříž 1939 je vojenské vyznamenanie."" Next: country -> ""pochádza z krajiny"" maybe ""patrí k"". Use ""patrí k krajine"". So ""Československý válečný kříž 1939 patrí k Československu."" But ""Československo"" is proper name, keep. Next: awardedFor appears twice: ""preukázanie vynikajúceho činu v nebezpečí života"" and ""obetovanie života"". Need to include both. Could combine: ""bol udelený za preukázanie vynikajúceho činu v nebezpečí života a za obetovanie života."" Next: foundingDate -> ""bol založený v roku 1939."" So we can combine into one or two sentences. Must include all facts. Could be two sentences: first about type, country, founding date; second about reasons. Or one long sentence. Ensure all facts present. Let's craft: ""Československý válečný kříž 1939 je vojenské vyznamenanie, patrí k Československu, bol založený v roku 1939 a bol udelený za preukázanie vynikajúceho činu v nebezpečí života a za obetovanie života."" Check translation: ""patrí k"" maybe ""patrí k"" is okay. Could also ""je z"". But ""patrí k"" is fine. Ensure all facts: isA, country, foundingDate, awardedFor (both). Yes. Return only sentence."
Id326,culture,,,4,"Melantrich je vydavateľstvo, ktoré sa nachádza v krajine Česko, v období Novodobé a na Václavské náměstí.","We need to produce Slovak sentence(s) that express all facts. Facts: - Melantrich is a type Nakladatelství (publisher). Need translate ""Nakladatelství"" (Czech for ""publisher"" or ""publishing house""). It's not a proper name, so translate to Slovak: ""vydavateľstvo"". So ""Melantrich je vydavateľstvo."" - Melantrich country Česko => ""Melantrich je v krajine Česko"" or ""Melantrich patrí do krajiny Česko"". Use predicate translation: ""country"" => ""krajina"". So ""Melantrich má krajinu Česko"" maybe ""Melantrich sa nachádza v krajine Česko"". Need natural. - era Novodobé => ""era"" => ""obdobie"". So ""Melantrich je v období Novodobé"". Or ""Melantrich patrí do obdobia Novodobé"". Use ""obdobie"". - location Václavské náměstí => ""location"" => ""lokácia"" or ""umiestnenie"". Use ""lokácia"". So ""Melantrich má lokáciu Václavské náměstí"". Or ""Melantrich sa nachádza na Václavské náměstí"". That seems natural. We need to include all facts in one sentence or two short ones. Could combine: ""Melantrich je vydavateľstvo, ktoré sa nachádza v krajine Česko, v období Novodobé a na Václavské náměstí."" That includes all. Ensure translation of predicates: ""isType"" -> ""je"", ""country"" -> ""krajine"", ""era"" -> ""období"", ""location"" -> ""na"". Use proper case. Sentence: ""Melantrich je vydavateľstvo, ktoré sa nachádza v krajine Česko, v období Novodobé a na Václavské náměstí."" Check: includes type, country, era, location. All facts present. Use ""vydavateľstvo"" translation. Good. Return only the sentence."
Id327,history,,,2,Historické jádro mesta Prostějova je súčasťou mestskej pamiatkovej zóny a bolo určené v roku 1990.,"We need to produce Slovak sentence(s) expressing all facts. Two triples: 1. ""historické jádro města Prostějova"" is subject. Predicate ""isPartOf"". Object ""městská památková zóna"". Need translate non-proper nouns. ""historické jádro města Prostějova"" is phrase: ""historické jádro mesta Prostějova"". ""městská památková zóna"" translates to ""mestská pamiatková zóna"". So sentence: ""Historické jádro mesta Prostějova je súčasťou mestskej pamiatkovej zóny."" Use ""je súčasťou"" for isPartOf. 2. ""historické jádro města Prostějova"" designationYear 1990. Translate predicate ""designationYear"" to Slovak: ""rok určenia"" or ""rok označenia"". Probably ""rok určenia"". So: ""Historické jádro mesta Prostějova bolo určené v roku 1990."" Or ""bolo označené"". Use past tense. Must include all facts. Could combine into one sentence with two clauses: ""Historické jádro mesta Prostějova je súčasťou mestskej pamiatkovej zóny a bolo určené v roku 1990."" That includes both. Ensure no extra info. Use ""v roku 1990"". Good. Return only sentence."
Id328,history,,,5,"Ústí nad Labem sa nachádza v severných Čechách, bolo silne zasiahnuté americkými náletmi, ktoré sa konali v roku 1945, a tiež silne zasiahnuté érou rozsiahlych demolic a prestávok, ktorá prebiehala počas komunistického režimu.","We need to produce Slovak sentences expressing all facts. Entities: ""Ústí nad Labem"" is proper name, keep. ""sever Cech"" is not proper? It's a region, but maybe proper? It's a geographic region, but likely not proper name? It is a region name, but instruction: translate each entity that is NOT a proper name. ""sever Cech"" is a phrase meaning ""north Bohemia"". It's a region name, maybe considered proper? I'd treat as not proper name? Probably translate: ""sever Cech"" -> ""sever Čiech""? Actually Czech ""Čechy"". Slovak translation: ""sever Čiech"". Keep proper names unchanged: ""Ústí nad Labem"", ""americké nálety"", ""komunistický režim"" maybe not proper. ""americké nálety"" is a phrase, not proper name, translate? It's already Slovak? It's Czech? ""americké nálety"" is Slovak too. Keep as is. ""éra rozsáhlých demolic a přestaveb"" includes Czech ""přestaveb"" -> Slovak ""prestávok""? Should translate to Slovak: ""éra rozsiahlych demolic a prestávok"". Also ""komunistický režim"" is Slovak already. So produce sentences: ""Ústí nad Labem sa nachádza v severných Čechách, bolo silne zasiahnuté americkými náletmi, ktoré sa konali v roku 1945, a tiež silne zasiahnuté érou rozsiahlych demolic a prestávok, ktorá prebiehala počas komunistického režimu."" Check all facts: location, heavilyAffectedBy american raids, american raids occurredAt 1945, heavilyAffectedBy era of extensive demolitions and reconstructions, era occurredDuring communist regime. All included. Use ""silne zasiahnuté"" for heavilyAffectedBy. Good. Make sure we include ""éra rozsiahlych demolic a prestávok"" as entity. Use correct translation. Provide one sentence."
Id329,history,,,1,Národní divadlo v Praze má dátum položenia základného kameňa 1868-01-01.,"We need to produce Slovak sentence(s) expressing the fact. The triple: subject ""Národní divadlo v Praze"" (Czech name) predicate ""foundationStoneLaidDate"" object ""1868-01-01"". Translate subject: ""Národní divadlo v Praze"" is not a proper name? It's the name of a theater, likely proper name, but it's a proper noun in Czech. According to instruction: translate each entity that is NOT a proper name. This is a proper name (the name of a theater). So keep as is. Predicate translate to Slovak: ""foundationStoneLaidDate"" means ""dátum položenia základného kameňa"". So sentence: ""Národní divadlo v Praze bolo položené základným kameňom dňa 1868-01-01."" Or ""Národní divadlo v Praze má dátum položenia základného kameňa 1868-01-01."" Need natural. Use predicate translation: ""dátum položenia základného kameňa"". Could be ""Národní divadlo v Praze má dátum položenia základného kameňa 1868-01-01."" That includes all facts. Provide one sentence."
Id330,history,,,2,Kostol od Santiniho na Zelené hoře je zasvätený sv. Jánovi Nepomuckému a nachádza sa v Zelená hora.,"We need to produce Slovak sentence(s) that express all facts. Two triples: 1. ""kostol od Santiniho na Zelené hoře"" isDedicatedTo ""sv. Jan Nepomucký"" 2. ""kostol od Santiniho"" location ""Zelená hora"" We need to translate non-proper nouns. Entities: ""kostol od Santiniho na Zelené hoře"" is a subject phrase. Should we translate ""kostol"" (church) and ""od Santiniho"" (by Santini) maybe keep as is? ""Santini"" is a proper name, keep. ""na Zelené hoře"" is location phrase but also appears as location in second triple. The second triple says ""kostol od Santiniho"" location ""Zelená hora"". Note ""Zelená hora"" vs ""Zelené hoře"". They are different forms (Czech vs Slovak). We need to keep exactly as given? The instruction: preserve numbers, dates, values exactly as given. For other text, we translate non-proper nouns. The location object is ""Zelená hora"". That's a proper name? It's a place name, likely proper, so keep as is. The subject includes ""na Zelené hoře"" which is a phrase with ""Zelené hoře"" (Czech locative). Should we translate ""na Zelené hoře"" to Slovak ""na Zelené hore""? But ""Zelené hoře"" is part of the subject string; it's not a separate entity. The instruction: translate each entity that is not a proper name. The subject ""kostol od Santiniho na Zelené hoře"" includes ""kostol"" (common noun) and ""od Santiniho"" (by Santini) where Santini is proper, ""na Zelené hoře"" includes location phrase. ""Zelené hoře"" is a place name? Might be proper. But it's in Czech form; but we treat as proper? Probably proper, so keep as is. However we need to translate ""na"" (preposition) maybe not needed because we are forming a sentence. The predicate ""isDedicatedTo"" translates to ""je zasvätený"" or ""je venovaný"". Use ""je zasvätený sv. Jánovi Nepomuckému"". The second triple: location predicate translates to ""sa nachádza v"" or ""je umiestnený v"". Use ""sa nachádza v Zelená hora""? Actually ""Zelená hora"" is proper, keep. We need to include both facts. Could be one sentence: ""Kostol od Santiniho na Zelené hoře je zasvätený sv. Jánovi Nepomuckému a nachádza sa v Zelená hora."" But need to keep location consistent: first says ""na Zelené hoře"" (maybe same as Zelená hora). But we must not add facts not in triples. The first triple already includes location phrase ""na Zelené hoře"" as part of subject, not as separate fact. So we can just state the dedication and location. The location fact says the church is located in Zelená hora. So we can say: ""Kostol od Santiniho na Zelené hoře je zasvätený sv. Jánovi Nepomuckému a nachádza sa v Zelená hora."" That includes both facts. Ensure we translate predicate correctly: ""isDedicatedTo"" -> ""je zasvätený"". ""location"" -> ""sa nachádza v"". Use ""v Zelená hora"" but Slovak grammar would be ""v Zelenéj hore"". But we must keep exact string ""Zelená hora"". So we write ""v Zelená hora"". Might be odd but follow instruction to keep exact. Thus final answer: one sentence."
Id331,culture,,,1,Jihlavský pivovar má symbol ježka.,"We need to produce Slovak sentence(s) expressing the fact: subject ""Jihlavský pivovar"", predicate ""hasSymbol"", object ""ježek"". Translate non-proper nouns: ""pivovar"" is a common noun, keep as ""pivovar"". ""hasSymbol"" translate to Slovak ""má symbol"". Object ""ježek"" is a common noun, translate to Slovak ""ježka""? Actually ""ježek"" is Czech for ""hedgehog"". In Slovak, ""jež"" is hedgehog. But we must translate entity that is not a proper name. So ""ježek"" should be translated to Slovak. The instruction: ""Prelož do slovenčiny každú entitu, ktorá NIE JE vlastné meno (napr. všeobecné podstatné mená, roly, všeobecné opisy)."" So ""ježek"" is a common noun, translate to Slovak ""jež"". Should we keep case? The object is ""ježek"". In Slovak, ""jež"" is nominative; in sentence we need appropriate case: ""symbol ježa""? Actually ""symbol ježa"" would be genitive. But we can phrase: ""Jihlavský pivovar má symbol ježka."" That uses genitive ""ježka"". That seems natural. So final sentence: ""Jihlavský pivovar má symbol ježka."" Ensure no extra facts. That's it."
Id332,history,,,1,Jaroslav Hašek má miesto úmrtia Lipnice nad Sázavou.,"We need to produce a Slovak sentence expressing the fact: Jaroslav Hašek died in Lipnice nad Sázavou. The predicate ""placeOfDeath"" translates to ""miesto úmrtia"". So sentence: ""Jaroslav Hašek zomrel v Lipnice nad Sázavou."" Or ""Jaroslav Hašek má miesto úmrtia Lipnice nad Sázavou."" Better natural: ""Jaroslav Hašek zomrel v Lipnice nad Sázavou."" Use only given info. That expresses subject, predicate, object. Should we translate predicate as ""miesto úmrtia""? The instruction: ""Predikát VŽDY prelož do slovenčiny a použi ho vo vete prirodzene."" So we need to use the translation of predicate, not necessarily the verb ""zomrel"". Could be ""Jaroslav Hašek má miesto úmrtia Lipnice nad Sázavou."" That uses ""má miesto úmrtia"". That is a literal translation. Both are acceptable. Probably better to use ""má miesto úmrtia"". Let's produce: ""Jaroslav Hašek má miesto úmrtia Lipnice nad Sázavou."" That's a single sentence."
Id333,culture,,,2,Chrám v Kutné Hoře je venovaný sv. Barbore a nachádza sa v Kutnej Hore.,"We need to produce Slovak sentence(s) expressing both facts. Entities: ""chrám v Kutné Hoře"" is subject, predicate ""dedicatedTo"" -> sv. Barbora, and ""locatedIn"" -> Kutná Hora. Need translate predicate to Slovak: ""venovaný"" maybe ""je venovaný sv. Barbore"" or ""je zasvätený sv. Barbore"". Also ""nachádza sa v"". So we can combine: ""Chrám v Kutné Hoře je venovaný sv. Barbore a nachádza sa v Kutnej Hore."" Ensure proper translation of object ""sv. Barbora"" keep as is. ""Kutná Hora"" is proper name, keep. Use ""chrám v Kutné Hoře"" as subject, keep as is. Provide one sentence."
Id334,culture,,,2,Pivovar sa nachádza v Pelhřimov a má názov Poutník.,"We need to produce Slovak sentence(s) that express both facts: ""Pivovar locatedIn Pelhřimov"" and ""Pivovar hasName Poutník"". Translate non-proper nouns: ""pivovar"" is already Slovak, ""locatedIn"" -> ""sa nachádza v"" or ""sa nachádza v"". ""hasName"" -> ""má názov"". Entities: ""Pivovar"" is a generic term? It's not a proper name, so translate to Slovak: ""pivovar"". ""Pelhřimov"" is a proper name, keep as is. ""Poutník"" is proper name, keep. So sentence: ""Pivovar sa nachádza v Pelhřimove a má názov Poutník."" Need to keep exact spelling of Pelhřimov (with diacritic). Should we keep case? In Slovak, location ""v Pelhřimove"" but we must keep original ""Pelhřimov"". The instruction: keep proper names unchanged. So we must keep ""Pelhřimov"". So maybe ""Pivovar sa nachádza v Pelhřimov a má názov Poutník."" That uses original. That is fine. We must not add any extra facts. So one sentence is fine. Return only the sentence."
Id335,geography,,,1,Ještěd sa nachádza blízko Liberca.,"We need to produce Slovak sentence(s) expressing the fact: subject Ještěd, predicate locatedNear, object Liberec. Translate non-proper nouns: ""locatedNear"" -> ""sa nachádza blízko"" or ""sa nachádza v blízkosti"". Subject Ještěd is a proper name (mountain). Object Liberec is a city, proper name, keep as is. So sentence: ""Ještěd sa nachádza blízko Liberca."" Need to keep exact spelling: ""Liberec"". In Slovak, the case may change: ""blízko Liberca"" uses genitive. That's fine. Provide only the sentence."
Id336,culture,,,2,Radegast je slovanský boh a má sochu Radhošť.,"We need to produce Slovak sentence(s) expressing both facts. Entities: Radegast (proper name) stays same. Predicates: isA -> ""je"". hasStatue -> ""má sochu"". Object: ""slovanský bůh"" needs translation: ""slovanský boh"". ""Radhošť"" is proper name (place) keep as is. So sentences: ""Radegast je slovanský boh a má sochu Radhošť."" But ""má sochu Radhošť"" maybe ambiguous: statue of Radhošť? The triple says hasStatue Radhošť, meaning Radegast has statue Radhošť. So ""Radegast má sochu Radhošť."" Combine with first: ""Radegast je slovanský boh a má sochu Radhošť."" That's one sentence covering both facts. Ensure no extra info. Output only sentence."
Id337,geography,,,1,Výtahová kancelář Bati sa nachádza v Baťův Mrakodrap.,"We need to produce Slovak sentence(s) expressing the fact: ""Výtahová kancelář Bati"" locatedIn ""Baťův Mrakodrap"". Need to translate non-proper nouns. ""Výtahová kancelář Bati"" is a proper name? It seems like a proper name (maybe a specific office). It's not a generic noun, but includes ""kancelář"" which is office. The phrase ""Výtahová kancelář Bati"" likely is a proper name, but includes a common noun ""kancelář"". The instruction: translate each entity that is NOT a proper name. So we need to decide if ""Výtahová kancelář Bati"" is a proper name. It includes ""Bati"" which is proper, but the whole phrase is likely a proper name of a specific office. I'd treat the whole phrase as a proper name, keep as is. ""Baťův Mrakodrap"" is also a proper name (a building). So we keep both as is. The predicate ""locatedIn"" translate to Slovak ""sa nachádza v"". So sentence: ""Výtahová kancelář Bati sa nachádza v Baťův Mrakodrap."" That expresses the fact. Ensure no extra info. Output only the sentence."
Id338,history,,,5,"Marie Svatošová bola lekárka a zakladateľka českých hospice a získala Medailu Za zásluhy o stát, ktorú udiali Václav Havel a Miloš Zeman.","We need to produce Slovak sentences expressing all facts. Entities: Marie Svatošová, lékařka (Czech word for doctor), role zakladatelka českých hospiců (founder of Czech hospices), receivedAward Medaile Za zásluhy o stát (Medal for Merit to the State). The medal awardedBy Václav Havel and Miloš Zeman. Need translate non-proper nouns: profession -> povolanie, role -> úloha? role as ""úloha"" or ""rola"". Probably ""úloha"". ""zakladatelka českých hospiců"" is Czech phrase; need translate: ""zakladateľka českých hospice"". So translate: ""zakladateľka českých hospice"". ""Medaile Za zásluhy o stát"" is proper name of award, keep as is. ""awardedBy"" -> ""udelená"" or ""udelená niekým"". Use ""udelená"" as verb. So sentences: ""Marie Svatošová bola lekárka a zakladateľka českých hospice. Dostala Medailu Za zásluhy o stát, ktorú udial Václav Havel a Miloš Zeman."" Need include both awarding facts. Could be one sentence: ""Marie Svatošová bola lekárka a zakladateľka českých hospice a získala Medailu Za zásluhy o stát, ktorú udiali Václav Havel a Miloš Zeman."" That includes all. Ensure no extra facts. Use ""získala"" for receivedAward. Good. Check translation: ""lékařka"" -> ""lekárka"". ""zakladatelka českých hospiců"" -> ""zakladateľka českých hospice"". Use plural? ""hospicov"" is plural genitive; translation ""českých hospice"". Good. Thus final output just the sentence."
Id339,history,,,3,Český zemský sněm mal sídlo v Thunovskom paláci. Rok 1861 je rokom začiatku.,"We need to produce Slovak sentence(s) expressing all facts. There are three triples, but first two are identical: ""Český zemský sněm | hasSeatedIn | Thunovský palác"". So fact: Český zemský sněm has seated in Thunovský palác. Also 1861 is year of start. Likely meaning start of what? The triple: 1861 | isYearOf | start. So subject 1861, predicate isYearOf, object start. We need to translate predicate to Slovak: ""je rokom"" maybe ""je rokom"" or ""je rokom pre"". The object ""start"" is a noun, not proper name, so translate to Slovak: ""začiatok"". So ""1861 je rokom začiatku"". Or ""1861 je rokom začiatku"". Use natural phrasing: ""Rok 1861 je rokom začiatku."" For the first fact: ""Český zemský sněm"" is proper name? It's a proper noun (Czech Landtag). Should keep as is. Predicate ""hasSeatedIn"" translate to ""sa usadil v"" or ""mal sídlo v"". Use natural: ""Český zemský sněm mal sídlo v Thunovskom paláci."" Need to translate Thunovský palác: it's a proper name? Likely proper, keep as is. But ""palác"" is part of name, but we keep as is. So sentence: ""Český zemský sněm mal sídlo v Thunovskom paláci."" Then second sentence: ""Rok 1861 je rokom začiatku."" Ensure we include all facts. Duplicate triple doesn't need repetition. So output two sentences."
Id340,politics,,,2,Jiří Kobza patrí do politickej strany SPD a je zvolený do parlamentu.,"We need to produce Slovak sentence(s) that express both facts. Entities: ""Jiří Kobza"" is a proper name, keep as is. Predicates: ""politicalParty"" -> translate to Slovak ""politická strana"". ""electedTo"" -> translate to ""zvolený do"". Objects: ""SPD"" is likely a party abbreviation, keep as is. ""parlament"" is already Slovak? It's a noun, but object is ""parlament"". Should we translate? It's already Slovak, but it's not a proper name, so we keep as Slovak word. So sentence: ""Jiří Kobza patrí do politickej strany SPD a je zvolený do parlamentu."" However need to reflect both facts. Could be two short sentences: ""Jiří Kobza patrí do politickej strany SPD. Jiří Kobza je zvolený do parlamentu."" But need to translate predicate correctly: ""politicalParty"" -> ""politická strana"". Use ""patrí do politickej strany SPD"". For electedTo: ""zvolený do parlamentu"". Use ""je zvolený do parlamentu"". Provide one or two sentences. Let's produce one sentence: ""Jiří Kobza patrí do politickej strany SPD a je zvolený do parlamentu."" Ensure no extra info. That includes both facts."
Id341,history,,,3,"Masarykova univerzita má veľkosťový rebríček 2, zakladateľský rebríček 2 a patrí do krajiny Česká republika.","We need to produce Slovak sentence(s) that express all facts. Facts: - Masarykova univerzita | sizeRank | 2 => ""Masarykova univerzita má veľkosťový rebríček 2"" but need translate predicate ""sizeRank"" to Slovak. Could be ""má veľkosťový rebríček"" but maybe ""má veľkosťový poradový rebríček""? Simpler: ""má veľkosťový rebríček 2"". Or ""má veľkosťový rank 2"". But we need natural Slovak. Could say ""Masarykova univerzita má veľkosťový rebríček 2."" Next: foundingRank 2 => ""Masarykova univerzita má zakladateľský rebríček 2."" Or ""má rebríček zakladania 2"". Might be ""má rebríček zakladania 2"". Country: ""Masarykova univerzita sa nachádza v krajine Česká republika."" Or ""je v krajine Česká republika"". Use ""krajina"" translation. We need include all facts. Could combine: ""Masarykova univerzita má veľkosťový rebríček 2, zakladateľský rebríček 2 a patrí do krajiny Česká republika."" That includes all. Ensure predicate translation: sizeRank -> ""veľkosťový rebríček"", foundingRank -> ""zakladateľský rebríček"". Might be okay. Return only sentence(s). One sentence is fine. Let's produce: ""Masarykova univerzita má veľkosťový rebríček 2, zakladateľský rebríček 2 a patrí do krajiny Česká republika."""
Id342,history,,,3,Jana Opletala má dátum pohrebu 1939-11-16. České vysoké školy mali dátum uzavretia 1939-11-17 a pohreb Jany Opletalej predchádzal uzavretiu českých vysokých škôl.,"We need to produce Slovak sentences expressing all facts. Triples: 1. Jana Opletala | funeralDate | 1939-11-16 2. české vysoké škol | closureDate | 1939-11-17 3. Jana Opletala | funeral | předcházel uzavření českých vysokých škol We must translate predicate to Slovak. Predicates: funeralDate -> ""dátum pohrebu""? Probably ""dátum pohrebu"". closureDate -> ""dátum uzavretia"". funeral -> ""pohreb"". The object for third triple: ""předcházel uzavření českých vysokých škol"" is Czech phrase meaning ""predchádzal uzavretiu českých vysokých škôl"". We need to translate non-proper nouns. The object is a clause, not a noun. We need to translate it to Slovak: ""predchádzal uzavretie českých vysokých škôl"". The subject is Jana Opletala. So sentence: ""Jana Opletala mala dátum pohrebu 1939-11-16."" Or ""Jana Opletala má dátum pohrebu 1939-11-16."" Use past? Not required. Use natural. Also ""české vysoké škol"" is not proper name, translate to ""české vysoké školy"". So: ""České vysoké školy mali dátum uzavretia 1939-11-17."" And third: ""Pohreb Jany Opletalej predchádzal uzavretiu českých vysokých škôl."" Need to keep proper names unchanged. Jana Opletala is proper. ""české vysoké školy"" is not proper, translate. Use Slovak grammar: ""Pohreb Jany Opletalej predchádzal uzavretiu českých vysokých škôl."" That expresses all facts. Ensure we include funeralDate, closureDate, and funeral relation. Could combine into one sentence? Might be long. Could be two short sentences. Requirement: one sentence (or two short if needed). We can do two sentences: one for dates, one for relation. Provide both. Ensure no extra facts. Provide exactly sentences. Thus output: ""Jana Opletala má dátum pohrebu 1939-11-16. České vysoké školy mali dátum uzavretia 1939-11-17 a pohreb Jany Opletalej predchádzal uzavretiu českých vysokých škôl."" But that combines relation and closure date in same sentence, still okay. All facts present. Ensure translation of ""předcházel uzavření českých vysokých škol"" -> ""predchádzal uzavretie českých vysokých škôl"". Use ""predchádzal"" matches subject ""pohreb"". So ""Pohreb Jany Opletalej predchádzal uzavretiu českých vysokých škôl."" Might be separate. I'll output two sentences: ""Jana Opletala má dátum pohrebu 1939-11-16. České vysoké školy mali dátum uzavretia 1939-11-17 a pohreb Jany Opletalej predchádzal uzavretiu českých vysokých škôl."" Check: includes all facts. Yes."
Id343,other,,,1,Kostelecké uzeniny patrí do Agrofertu.,"We need to produce Slovak sentence(s) expressing the fact: ""Kostelecké uzeniny belongsTo Agrofert"". Translate predicate ""belongsTo"" to Slovak: ""patrí"". So sentence: ""Kostelecké uzeniny patrí do Agrofertu."" Or ""Kostelecké uzeniny patrí spoločnosti Agrofert."" But we must not add extra words not in triples. The triple only says belongsTo. In Slovak, ""patrí"" is enough, but we might need preposition ""do"". However ""patrí Agrofertu"" maybe ambiguous. Usually ""patrí"" takes ""do"". But adding ""do"" is not a new fact? It's part of grammar. Should be okay. Provide one sentence. Thus output: ""Kostelecké uzeniny patrí do Agrofertu."""
Id344,geography,,,3,"Západný okraj je lokalitou Českolipský městský park, kostol sa nachádza na západnom okraji a kostol je používaný Husitská církev.","We need to produce Slovak sentences expressing all facts. Triples: 1. ""západní okraj"" | locationOf | ""Českolipský městský park"" 2. ""kostel"" | locatedAt | ""západní okraj"" 3. ""kostel"" | usedBy | ""Husitská církev"" We must translate non-proper nouns to Slovak. Entities: ""západní okraj"" is Czech phrase meaning ""západný okraj"". It's not a proper name? Probably a generic term, so translate: ""západný okraj"". ""Českolipský městský park"" is a proper name? It's a specific park name, likely proper, keep original. ""kostel"" is generic noun, translate to ""kostol"". ""Husitská církev"" is proper name of church, keep original. Predicates: locationOf -> ""je lokalitou"" or ""sa nachádza"". We need natural Slovak. ""západný okraj je lokalitou Českolipského mestského parku"" maybe. But ""locationOf"" means ""západní okraj"" is location of the park, i.e., the park is located at the western edge. So we can say ""Západný okraj je miestom, kde sa nachádza Českolipský mestský park."" But we must use predicate translation: ""locationOf"" -> ""je lokalitou"". Could be ""západný okraj je lokalitou Českolipského mestského parku"". That's okay. Second: ""kostol"" locatedAt ""západní okraj"" => ""Kostol sa nachádza na západnom okraji."" Third: ""kostol"" usedBy ""Husitská církev"" => ""Kostol používá Husitská církev"" but better ""Kostol používá Husitská církev"" is weird. Use ""používa"" as translation of usedBy: ""Kostol je používaný Husitskou církvou."" Or ""Kostol používá Husitská církev."" The predicate ""usedBy"" means ""používa"" (by). So ""Kostol je používaný Husitskou církvou."" We need to include all facts in one or two sentences. Could combine: ""Západný okraj je lokalitou Českolipského mestského parku, kostol sa nachádza na západnom okraji a kostol je používaný Husitskou církvou."" That includes all three. Ensure translation of ""Českolipský městský park"" keep original. Also ""Husitská církev"" keep original. Check: ""západní okraj"" -> ""západný okraj"". ""kostol"" -> ""kostol"". Good. Now produce final answer with only the sentence(s)."
Id345,history,,,3,"Československá televize začala vysielať v roku 1953, vysiela v Československu a jej typ vysielania je verejné vysielanie.","We need to produce Slovak sentence(s) that convey all facts. Entities: ""Československá televize"" is a proper name, keep as is. Predicates need translation to Slovak: ""broadcastingStartYear"" -> ""rok začiatku vysielania"" maybe ""rok začiatku vysielania"". ""broadcastingCountry"" -> ""krajina vysielania"". ""broadcastingType"" -> ""typ vysielania"". Objects: 1953 (number), ""Československo"" (proper name, keep), ""veřejné vysílání"" (Czech phrase meaning ""verejné vysielanie"" in Slovak). Need to translate non-proper nouns: ""veřejné vysílání"" is not a proper name, translate to Slovak ""verejné vysielanie"". So sentence: ""Československá televize má rok začiatku vysielania 1953, krajinu vysielania Československo a typ vysielania verejné vysielanie."" Might be better: ""Československá televize začala vysielať v roku 1953, vysiela v Československu a jej typ vysielania je verejné vysielanie."" But need to use predicate translations directly? The instruction: ""Predikát VŽDY prelož do slovenčiny a použi ho vo vete prirodzene."" So we can rephrase. Use natural Slovak. Provide all facts. So: ""Československá televize začala vysielať v roku 1953, vysiela v Československu a jej typ vysielania je verejné vysielanie."" That includes all three facts. Ensure no extra info. That's fine."
Id346,history,,,4,"Bible kralická má typ prekladu Bible, jazyk čeština, je úplná a je prvá.","We need to produce Slovak sentence(s) that express all facts. Facts: - Bible kralická | translationType | Bible - Bible kralická | language | čeština - Bible kralická | completeness | úplný - Bible kralická | order | první We must translate predicate to Slovak. Predicates: translationType -> typ prekladu? language -> jazyk; completeness -> úplnosť? order -> poradie? But need natural Slovak sentence. Use ""má typ prekladu"", ""má jazyk"", ""je úplná"", ""je prvá"". Subject: ""Bible kralická"". Keep proper name unchanged. So sentence: ""Bible kralická má typ prekladu Bible, jazyk čeština, je úplná a je prvá."" That includes all facts. Ensure no extra info. Use ""typ prekladu"" maybe. Should we keep ""Bible"" as object for translationType, it's same as subject? It's okay. Provide one sentence."
Id347,geography,,,3,"České Budějovice sa nachádza pri riečnom sútoku, ktorý je sútokom Vltavy a Malše.","We need to produce Slovak sentence(s) that express all facts. Triples: 1. České Budějovice | locatedAt | River Confluence 2. River Confluence | confluenceOf | Vltava 3. River Confluence | confluenceOf | Malše We must translate non-proper nouns. ""locatedAt"" -> ""sa nachádza"". ""confluenceOf"" -> ""je sútokom"". Entities: ""České Budějovice"" is proper name, keep. ""River Confluence"" is not proper? It's a generic term? Might be a name? It seems like a description, not a proper name. Should translate: ""riečny sútok"" maybe. But we need to keep the entity as is? The rule: translate each entity that is NOT a proper name. So ""River Confluence"" should be translated to Slovak: ""riečny sútok"". ""Vltava"" is proper name (river name), keep. ""Malše"" is proper name, keep. Thus sentences: ""České Budějovice sa nachádza pri riečnom sútoku."" But need to convey that the confluence is of Vltava and Malše. Could be: ""Riečny sútok je sútokom Vltavy a Malše."" Or ""Riečny sútok je sútokom riek Vltava a Malše."" But ""riek"" is extra? Not in triple. The triple says confluenceOf Vltava, confluenceOf Malše. So we can say ""Riečny sútok je sútokom Vltavy a Malše."" That uses both facts. Combine: ""České Budějovice sa nachádza pri riečnom sútoku, ktorý je sútokom Vltavy a Malše."" That expresses all three. Ensure we used translation of predicate: ""locatedAt"" -> ""sa nachádza pri"". ""confluenceOf"" -> ""je sútokom"". Good. Check no extra info. We used ""ktorý"" linking, but that's okay. No extra attributes. Provide one sentence."
Id348,history,,,1,Hrad Kost patrí k rodine Rod Kinských.,"We need to produce Slovak sentence(s) expressing the fact: subject ""hrad Kost"", predicate ""belongsToFamily"", object ""Rod Kinských"". Translate non-proper nouns: ""hrad"" is ""castle"", ""belongsToFamily"" -> ""patrí k rodine"" or ""patrí do rodiny"". Object ""Rod Kinských"" is a proper name? It's a family name, likely proper, keep as is. So sentence: ""Hrad Kost patrí k rodine Rod Kinských."" Or ""Hrad Kost patrí do rodiny Rod Kinských."" Use translation of predicate. Should we translate ""belongsToFamily"" as ""patrí k rodine""? Both okay. Provide one sentence. Ensure no extra info. Output only sentence."
Id349,geography,,,1,Rudný důl u Harrachova sa nachádza v Ptačinci.,"We need to produce Slovak sentence(s) expressing the fact. The triple: ""Rudný důl u Harrachova | locatedInside | Ptačinec"". Subject: ""Rudný důl u Harrachova"". Predicate: ""locatedInside"" -> translate to Slovak ""sa nachádza v"" or ""je umiestnený v"". Object: ""Ptačinec"". Need to translate entities that are not proper names. ""Rudný důl u Harrachova"" seems a proper name? It's a mine name, includes diacritics. Probably treat as proper name, keep as is. ""Ptačinec"" is a place name, also proper. So keep both. Predicate translation: ""sa nachádza v"". So sentence: ""Rudný důl u Harrachova sa nachádza v Ptačinci."" Ensure correct Slovak diacritics: ""Ptačinec"" is the object, but in locative case ""v Ptačinci"". Should we change case? The instruction: translate predicate and use naturally. So we can adjust case accordingly. Provide one sentence."
Id350,geography,,,2,Krkavčí skály u Křižan sa nazývajú Vajoletky a Vajoletky používajú horolezci.,"We need to produce Slovak sentence(s) that express all facts. Two triples: 1. Subject: ""Krkavčí skály u Křižan"" predicate ""knownAs"" object ""Vajoletky"". Translate subject and object (non-proper nouns) to Slovak. ""Krkavčí skály u Křižan"" seems a proper name? It's a place name, likely proper noun, keep as is. Predicate ""knownAs"" -> ""sa nazýva"". Object ""Vajoletky"" is also proper name, keep. So: ""Krkavčí skály u Křižan sa nazývajú Vajoletky."" 2. Subject: ""Vajoletky"" predicate ""usedBy"" object ""hororezci""? Actually ""horolezci"". Translate predicate ""usedBy"" -> ""používajú ho"" or ""používa ho"". Since subject is Vajoletky, object is horolezci (climbers). So ""Vajoletky používajú horolezci."" Or ""Vajoletky používajú horolezci."" That expresses that Vajoletky is used by climbers. Combine both facts maybe in one sentence? Could be two short sentences. The instruction: generate one fluid Slovak sentence (or two short if needed) that naturally expresses all facts. Could combine: ""Krkavčí skály u Křižan sa nazývajú Vajoletky a Vajoletky používajú horolezci."" That includes both. Ensure correct grammar: ""používajú"" vs ""používajú"". Use ""používajú"". So final output: one sentence. Check translation: ""knownAs"" -> ""sa nazývajú"". Good. ""usedBy"" -> ""používajú"". Good. Thus output only the sentence."
Id351,geography,,,3,Námestie sa nachádza v Litoveli. Najstarší zachovaný kamenný most sa nachádza v Morave a je pod námestím.,"We need to produce Slovak sentence(s) expressing all facts. Triples: 1. ""náměstí"" | location | Litovel 2. ""nejstarší zachovaný kamenný most"" | location | Morava 3. ""nejstarší zachovaný kamenný most"" | foundUnder | náměstí We must translate non-proper nouns to Slovak. ""náměstí"" is Czech for ""námestie"" (square). It's a common noun, translate to Slovak ""námestie"". ""Litovel"" is a proper name (town), keep as is. ""nejstarší zachovaný kamenný most"" is phrase meaning ""the oldest preserved stone bridge"". It's a description, not a proper name, so translate each word? The phrase is a noun phrase; we need to translate to Slovak: ""najstarší zachovaný kamenný most"". ""location"" predicate translate to ""sa nachádza v"" or ""je umiestnený v"". Use natural Slovak. ""foundUnder"" translate to ""sa nachádza pod"". So we need sentences covering all facts: - Námestie sa nachádza v Litoveli. - Najstarší zachovaný kamenný most sa nachádza v Morave a nachádza sa pod námestím. But we must not add extra facts. The third triple says the bridge is foundUnder the square. So we can combine: ""Najstarší zachovaný kamenný most sa nachádza v Morave a je pod námestím."" That expresses location and foundUnder. Ensure we include that the square is in Litovel. So two sentences. Check: ""najstarší zachovaný kamenný most"" is not a proper name, so translate. ""Litovel"" keep. ""Morava"" is a proper name (river region), keep. ""námestie"" is common noun, translate. Thus final output: two sentences."
Id352,culture,,,1,Vysoká škola uměleckoprůmyslová v Praze má skratku UMPRUM.,"We need to produce Slovak sentence(s) expressing the fact. The triple: subject ""Vysoká škola uměleckoprůmyslová v Praze"" predicate ""hasAbbreviation"" object ""UMPRUM"". Translate non-proper nouns: ""Vysoká škola uměleckoprůmyslová v Praze"" is a proper name? It's a proper name of an institution, but includes generic words. The rule: translate each entity that is NOT a proper name. The institution name includes generic words ""Vysoká škola uměleckoprůmyslová v Praze"". Should we translate? It's a proper name in Czech. Probably treat as proper name? The rule: ""Prelož do slovenčiny každú entitu, ktorá NIE JE vlastné meno (napr. všeobecné podstatné mená, roly, všeobecné opisy). Vlastné mená (mená osôb, miest, organizácií, diel atď.) ponechaj v pôvodnej podobe."" So the institution is a proper name, so keep as is. The object ""UMPRUM"" is an abbreviation, likely proper name, keep as is. Predicate ""hasAbbreviation"" translate to Slovak: ""má skratku"". So sentence: ""Vysoká škola uměleckoprůmyslová v Praze má skratku UMPRUM."" That's it."
Id353,geography,,,6,"Kino Jas má názov Kino Jas, typ kinosál a typ širokoúhlé kino, nachádza sa v Pardubicoch na ulici Bratranců Veverkových a má historický stav historicky prvý.","We need to produce Slovak sentence(s) expressing all facts. Entities: ""Kino Jas"" is subject. Predicates: name, type, type, location, street, historicalStatus. Need translate predicates to Slovak: name -> názov, type -> typ, location -> poloha, street -> ulica, historicalStatus -> historický stav? ""historicalStatus"" maybe ""historický status"" but translate to Slovak: ""historický stav"". Use natural sentence: ""Kino Jas má názov Kino Jas, typ kinosál a typ širokoúhlé kino, nachádza sa v Pardubicoch na ulici Bratranců Veverkových a má historický stav historicky první."" Need keep ""historicky první"" as given (Czech phrase). Should we translate ""historicky první"" stays as is because it's not proper name? It's a phrase, but instruction: translate each entity that is not a proper name. ""historicky první"" is not a proper name, so translate to Slovak: ""historicky prvý"". But it's a phrase in Czech; translation to Slovak would be ""historicky prvý"". However maybe keep as is? The rule: ""Prelož do slovenčiny každú entitu, ktorá NIE JE vlastné meno"". So we must translate ""historicky první"" to Slovak. So ""historicky prvý"". Also ""Pardubice"" is a city name, proper name, keep. ""Bratranců Veverkových"" is street name, proper name, keep. ""Kinosál"" and ""širokoúhlé kino"" are types, not proper names, translate? They are already Slovak? ""kinosál"" is Slovak, ""širokoúhlé kino"" also Slovak. So fine. Thus sentence: ""Kino Jas má názov Kino Jas, typ kinosál a typ širokoúhlé kino, nachádza sa v Pardubicoch na ulici Bratranců Veverkových a má historický stav historicky prvý."" Check all facts: name, two types, location, street, historicalStatus. Yes. We could also split into two short sentences if needed, but one is fine. Return only sentence."
Id354,geography,,,1,Známa svietiaca chodba sa nachádza pod Jihlavou.,"We need to produce Slovak sentence(s) expressing the fact. RDF triple: subject ""známá svítící chodba"" (Czech phrase) | predicate ""locatedUnder"" | object ""Jihlava"". Need to translate non-proper nouns to Slovak. ""známá svítící chodba"" is a phrase meaning ""known shining corridor""? It's not a proper name, so translate each word: ""známá"" = ""známa"", ""svítící"" = ""svietiaca"", ""chodba"" = ""chodba"". So ""známa svietiaca chodba"". Predicate ""locatedUnder"" means ""sa nachádza pod"". Object ""Jihlava"" is a city name, proper noun, keep as ""Jihlava"". So sentence: ""Známa svietiaca chodba sa nachádza pod Jihlavou."" Need correct case: ""pod Jihlavou"" (locative). In Slovak, ""pod"" + instrumental? Actually ""pod"" takes instrumental for location under something: ""pod Jihlavou"". So final sentence."
Id355,politics,,,1,Emil Hácha bol prezidentom Protektorátu Čechy a Morava.,"We need to produce Slovak sentence(s) expressing the fact: ""Emil Hácha | wasPresidentOf | Protektorát Čechy a Morava"". Translate predicate ""wasPresidentOf"" to Slovak: ""bol prezidentom"". Subject: Emil Hácha (proper name, keep). Object: Protektorát Čechy a Morava (proper name? It's a political entity, but likely proper name, keep as is). However instruction: translate each entity that is NOT a proper name. ""Protektorát Čechy a Morava"" is a proper name of a political entity, likely keep as is. So sentence: ""Emil Hácha bol prezidentom Protektorátu Čechy a Morava."" Ensure correct grammar: ""Protektorátu"" is genitive? Actually ""prezidentom Protektorátu Čechy a Morava"". So final answer: one sentence."
Id356,geography,,,1,Kostel svatého Václava a Blažeje sa nachádza v Děčín.,"We need to produce Slovak sentence(s) expressing the fact: ""Kostel svatého Václava a Blažeje"" locatedIn ""Děčín"". Need to translate non-proper nouns: ""Kostel svatého Václava a Blažeje"" is a proper name? It's a church name, includes ""Kostel"" (church) but the whole phrase is a proper name? Probably treat as proper name? The rule: translate each entity that is NOT a proper name. ""Kostel svatého Václava a Blažeje"" includes ""Kostel"" which is a common noun, but the whole phrase is a proper name of a church. However they say translate each entity that is not a proper name (e.g., general nouns, roles). Proper names (names of persons, places, organizations, works) keep original. ""Kostel svatého Václava a Blažeje"" is a proper name of a church, likely keep as is. ""Děčín"" is a city name, proper, keep. The predicate ""locatedIn"" translate to Slovak ""sa nachádza v"". So sentence: ""Kostel svatého Václava a Blažeje sa nachádza v Děčín."" Should we add diacritics? Keep as is. That's it."
Id357,sports,,,4,"Lukáš Bauer získal striebornú medailu; strieborná medaila je podujatím ZOH 2006, ktoré sa konalo v Turíne dňa 2006‑02‑10.","We need to produce Slovak sentence(s) that express all facts. Translate non-proper nouns. Entities: Lukáš Bauer (proper name) stays. ""wonMedal"" -> ""získal medailu"" maybe ""získal"". The object ""stříbrnou medaili"" is Czech; translate to Slovak ""striebornú medailu"". Also ""stříbrná medaile"" is a subject in second triple; translate ""strieborná medaila"". Predicate ""event"" -> ""je podujatím"". So ""strieborná medaila je podujatím ZOH 2006"". Third: ZOH 2006 location Turín. ZOH is proper? It's abbreviation for ""Zimné olympijské hry"". Keep as ""ZOH 2006"". Location -> ""sa konala v Turíne"". Date -> ""dňa 2006-02-10"". Need to include all facts. Could combine: ""Lukáš Bauer získal striebornú medailu; strieborná medaila je podujatím ZOH 2006, ktoré sa konalo v Turíne dňa 2006-02-10."" That includes all. Ensure we used all facts: Lukáš Bauer won medal (striebornú medailu). The medal is event ZOH 2006. ZOH 2006 location Turín. ZOH 2006 date 2006-02-10. Yes. Check translation: ""event"" as ""je podujatím"". Good. Provide one or two sentences. This is one sentence with semicolons, okay. Could be two sentences: first about Lukáš Bauer, second about ZOH 2006 details. But need to include medal event relation. Could do: ""Lukáš Bauer získal striebornú medailu; strieborná medaila je podujatím ZOH 2006, ktoré sa konalo v Turíne dňa 2006-02-10."" That's fine. Return only the sentence(s)."
Id358,geography,,,1,Jetřichovické stěny sa nachádzajú v NP České Švýcarsko.,"We need to produce Slovak sentence(s) expressing the fact: ""Jetřichovické stěny"" locatedIn ""NP České Švýcarsko"". Need to translate non-proper nouns. ""Jetřichovické stěny"" is a proper name? Likely a place name, keep as is. ""NP České Švýcarsko"" is a proper name (National Park). Keep as is. Predicate ""locatedIn"" translate to ""sa nachádza v"". So sentence: ""Jetřichovické stěny sa nachádzajú v NP České Švýcarsko."" Ensure Slovak diacritics. That's it."
Id359,culture,,,2,Devětsil je Český Levicový Svaz Umělců a Jaroslav Seifert je členom Devětsilu.,"We need to produce Slovak sentence(s) that express all facts. Two triples: 1. Devětsil | isA | Český Levicový Svaz Umělců 2. Jaroslav Seifert | isMemberOf | Devětsil We must translate predicate ""isA"" to Slovak ""je"". Actually ""isA"" means ""je"". So ""Devětsil je Český Levicový Svaz Umělců."" Also ""Jaroslav Seifert je členom Devětsilu."" But predicate is ""isMemberOf"" translate to ""je členom"". So sentence: ""Devětsil je Český Levicový Svaz Umělců a Jaroslav Seifert je členom Devětsilu."" Need to translate non-proper nouns: ""Český Levicový Svaz Umělců"" is a proper name? It's an organization name, keep as is. ""Devětsil"" is proper name, keep. ""Jaroslav Seifert"" proper name. So final sentence: ""Devětsil je Český Levicový Svaz Umělců a Jaroslav Seifert je členom Devětsilu."" Ensure correct Slovak grammar: ""členom"" is instrumental case. Should be ""členom"". Yes. Return only the sentence."
Id360,geography,,,1,Dopravní podnik hl. m. Prahy má 2 lanovky.,"We need to produce Slovak sentence(s) expressing the fact. The triple: subject ""Dopravní podnik hl. m. Prahy"" (proper name) predicate ""numberOfCableCars"" (translate predicate to Slovak) and object ""2"". So we need to translate predicate: ""počet lanoviek"" maybe? numberOfCableCars -> ""počet lanoviek"". Use natural Slovak: ""Dopravní podnik hl. m. Prahy má 2 lanovky."" Or ""má 2 lanovky"". Should we keep ""Dopravní podnik hl. m. Prahy"" unchanged (proper name). Yes. So sentence: ""Dopravní podnik hl. m. Prahy má 2 lanovky."" That's one sentence. Ensure no extra facts. Good."
Id361,history,,,2,Původní pražská univerzita má dátum založenia 1348-01-01 a počet fakúlt 4.,"We need to produce Slovak sentence(s) that express both facts. Entities: ""původní pražská univerzita"" is a proper name? It's Czech phrase meaning ""original Prague university"". It's not a proper name in Slovak? It's a name of institution, so keep as is. Predicates: ""foundingDate"" -> ""dátum založenia"". ""numberOfFaculties"" -> ""počet fakúlt"". Need to translate predicate to Slovak and use naturally. So sentences: ""Původní pražská univerzita má dátum založenia 1. januára 1348 a počet fakúlt 4."" Or two sentences. Must include both facts. Ensure numbers and date exactly as given: ""1348-01-01"". Should we keep format? It says preserve exactly as given. So keep ""1348-01-01"". So sentence: ""Původní pražská univerzita má dátum založenia 1348-01-01 a počet fakúlt 4."" That includes both. Should we separate? It's okay. Provide one sentence."
Id362,culture,,,1,Rákosníček je hlasom Jiřina Bohdalová.,"We need to produce Slovak sentence(s) expressing the fact: subject Rákosníček, predicate voicedBy, object Jiřina Bohdalová. Translate predicate to Slovak: ""hlas"" maybe ""prezvučil""? The predicate ""voicedBy"" means ""je hlasom"" or ""má hlas od"". In Slovak, ""Rákosníček je hlasom Jiřina Bohdalová"" sounds odd. Better: ""Rákosníček je hlasom Jiřina Bohdalová."" Or ""Rákosníček má hlas Jiřina Bohdalová."" The instruction: translate predicate to Slovak and use naturally. ""voicedBy"" -> ""prezvučil"" is verb? Could be ""bol sprekaný"". But natural: ""Rákosníček je hlasom Jiřina Bohdalová."" That conveys the fact. Use only given info. No extra. So output that sentence."
Id363,culture,,,1,Karel Šíp moderuje Všechnopárty.,"We need to produce Slovak sentence(s) expressing the fact: ""Karel Šíp moderates Všechnopárty"". Need to translate predicate ""moderates"" to Slovak: ""moderuje"". Also translate object if not proper name: ""Všechnopárty"" looks like a proper name? It's likely a name of an event, maybe not a generic noun. It's capitalized, likely proper name, so keep as is. Subject is proper name, keep. So sentence: ""Karel Šíp moderuje Všechnopárty."" That's it."
Id364,geography,,,2,Ploučnice prúdi do Labe. Miesto zbiehu Ploučnice je v Děčín.,"We need to produce Slovak sentence(s) that express both facts. Entities: Ploučnice (proper name, keep), Labe (proper name), Děčín (proper name). Predicates: flowsInto -> ""preteká do"" or ""prúdi do""? Should translate predicate to Slovak naturally. locationOfConfluence -> ""miesto zbiehu"" maybe ""miesto, kde sa ústí""? Could be ""miesto zbiehu"" or ""lokalita zbiehu"". We need to translate predicate to Slovak and use naturally. So sentences: ""Ploučnice prúdi do Labe a jej miesto zbiehu je v Děčín."" Or two sentences: ""Ploučnice prúdi do Labe. Miesto zbiehu Ploučnice je v Děčín."" Must include all facts. Use proper names unchanged. Ensure no extra info. Use ""prúdi do"" for flowsInto. Use ""miesto zbiehu"" for locationOfConfluence. Provide one or two sentences. Probably two short sentences is fine. Provide exactly those sentences."
Id365,other,,,2,Univerzita Karlova má fakultu Fakulta humanitních studií. Fakulta humanitních studií je najmladšou fakultou Univerzity Karlovej.,"We need to produce Slovak sentence(s) that express both facts. Translate non-proper nouns. Entities: ""Univerzita Karlova"" is proper name, keep. ""Fakulta humanitních studií"" also proper? It's a faculty name, keep as is. Predicates: ""hasFaculty"" -> ""má fakultu"". ""isYoungestFacultyOf"" -> ""je najmladšou fakultou"". Need to express both facts. Could be one sentence: ""Univerzita Karlova má fakultu Fakulta humanitních studií a Fakulta humanitních studií je najmladšou fakultou Univerzity Karlovej."" Note need to translate ""Univerzita Karlova"" maybe keep, but ""Univerzita Karlova"" is proper, keep. However ""Univerzita Karlova"" in Slovak would be ""Univerzita Karlova"". The second part: ""Univerzita Karlova"" in genitive: ""Univerzity Karlovej"". Should we adjust? The instruction: translate each entity that is not a proper name. Proper names keep original. So ""Univerzita Karlova"" is proper, keep unchanged. But in Slovak grammar, we might need case changes, but that would be morphological change, not adding new info. Is that allowed? Changing case is part of grammar, not adding new info. Should be fine. So ""Univerzita Karlova má fakultu Fakulta humanitních studií a Fakulta humanitních studií je najmladšou fakultou Univerzity Karlovej."" However ""Univerzity Karlovej"" is a declined form of proper name, but it's still the same proper name. Might be acceptable. Could also keep same form: ""Univerzita Karlova"". But then ""je najmladšou fakultou Univerzita Karlova"" sounds off. Better to decline. I'll produce two sentences maybe: ""Univerzita Karlova má fakultu Fakulta humanitních studií. Fakulta humanitních studií je najmladšou fakultou Univerzity Karlovej."" That covers both. Ensure no extra info. Provide only sentences."
Id366,politics,,,5,"Union banka je stredne veľká česká banka, rok zatvorenia je 2003, má akciu zavrieť všetky pobočky a akciu vstúpiť do likvidácie, pričom dôvodom je kvôli podozrivým úverom.","We need to produce Slovak sentence(s) expressing all facts. Translate non-proper nouns. Entities: ""Union banka"" is proper name, keep. Predicates: isA -> ""je"". closureYear -> ""rok zatvorenia"" maybe ""rok uzavretia""? Should translate as ""rok zatvorenia"". Action -> ""akcia"" maybe ""činnosť"". But we need natural sentence: ""Union banka je stredne veľká česká banka, rok zatvorenia 2003, akcia zavrieť všetky pobočky, akcia vstúpiť do likvidácie, dôvod kvôli podozrivým úverom."" Need to include all facts. Use Slovak translation of ""reason"" -> ""dôvod"". ""action"" -> ""akcia"". Could combine: ""Union banka je stredne veľká česká banka, v roku 2003 zatvorila všetky pobočky a vstúpila do likvidácie kvôli podozrivým úverom."" But that would infer that closureYear is when it closed all branches and entered liquidation, which is not explicitly stated but likely okay? However we must not infer beyond facts: we have closureYear 2003, action ""zavřít všechny pobočky"" (close all branches) and action ""vstoupit do likvidace"" (enter liquidation). We can state them as separate actions, not implying they happened in 2003 unless we combine. The fact ""closureYear 2003"" indicates year of closure, but not necessarily that actions occurred then. We can say ""Union banka je stredne veľká česká banka, rok zatvorenia 2003, má akciu zavrieť všetky pobočky a akciu vstúpiť do likvidácie, pričom dôvodom je podozrivé úvery."" That includes all facts. Use ""má akciu"" maybe unnatural but okay. Could also phrase: ""Union banka je stredne veľká česká banka, v roku 2003 bola zatvorená, má akciu zavrieť všetky pobočky a akciu vstúpiť do likvidácie, pričom dôvodom je podozrivé úvery."" But ""bola zatvorená"" is inference of closureYear. The triple says closureYear 2003, not that it was closed then. But we can state ""rok zatvorenia je 2003"". That's safe. Thus final sentence: ""Union banka je stredne veľká česká banka, rok zatvorenia je 2003, má akciu zavrieť všetky pobočky a akciu vstúpiť do likvidácie, pričom dôvodom je podozrivé úvery."" Check translation: ""středně velká česká banka"" -> ""stredne veľká česká banka"". Good. ""kvůli podezřelým úvěrům"" -> ""kvôli podozrivým úverom"". Use ""kvôli podozrivým úverom"". Use ""dôvod"" predicate: ""dôvod"" is ""kvôli podozrivým úverom"". So phrase ""dôvodom je kvôli podozrivým úverom"" maybe redundant. Better: ""dôvodom je podozrivé úvery"". But original says ""kvůli podezřelým úvěrům"". So we can keep ""kvôli podozrivým úverom"". Use ""dôvodom je kvôli podozrivým úverom"". That repeats ""kvôli"". Could say ""dôvodom je podozrivé úvery"". But that changes nuance. Keep as ""dôvodom je kvôli podozrivým úverom"". Acceptable. Thus final output single sentence."
Id367,culture,,,4,"Johann Wolfgang Goethe mal rád Mariánské lázně, mal romanciu s Ulrikou von Levetzow, pričom táto romancia sa odohrala v Mariánskych láznach, a Ulrika von Levetzow je mladá šlechtična.","We need to produce Slovak sentence(s) that express all facts. Facts: 1. Johann Wolfgang Goethe likedCity Mariánské lázně -> ""Johann Wolfgang Goethe mal rád mesto Mariánské lázně"" or ""Johann Wolfgang Goethe mal rád Mariánské lázně"". Use ""mal rád"" as translation of likedCity. 2. Johann Wolfgang Goethe hadRomanceWith Ulrika von Levetzow -> ""Johann Wolfgang Goethe mal romanciu s Ulrikou von Levetzow"". Need proper Slovak: ""mal romancu s"". Use ""mal romancu s"". 3. Ulrika von Levetzow is mladá šlechtična -> ""Ulrika von Levetzow je mladá šlechtična."" 4. Johann Wolfgang Goethe romanceLocation Mariánské lázně -> ""Johann Wolfgang Goethe mal romanciu v Mariánských láznach""? Actually location: ""romanceLocation"" means location of romance. So ""romancia sa odohrala v Mariánskych láznach"". But need to express fact: ""Johann Wolfgang Goethe romanceLocation Mariánské lázně"". Could phrase: ""Johann Wolfgang Goethe mal romanciu v Mariánskych láznach"". That repeats location. We need to include all facts in one or two sentences. Could combine: ""Johann Wolfgang Goethe mal rád Mariánské lázně, mal romanciu s Ulrikou von Levetzow, pričom táto romancia sa odohrala v Mariánskych láznach, a Ulrika von Levetzow je mladá šlechtična."" That's one sentence covering all. Ensure translation of likedCity: ""mal rád"". Use ""mal rád"" for likedCity. Use ""mal romanciu s"". Use ""romancia sa odohrala v"". Provide all facts. Check: we used ""mal rád Mariánské lázně"" (likedCity). ""mal romanciu s Ulrikou von Levetzow"" (hadRomanceWith). ""romancia sa odohrala v Mariánskych láznach"" (romanceLocation). ""Ulrika von Levetzow je mladá šlechtična"". All present. Make sure to keep proper case: ""Ulrika von Levetzow"". Use ""Ulrika von Levetzow"". Good. Return only sentence(s)."
Id368,culture,,,1,Kroměříž používa dialekt Hanácké nářečí.,"We need to produce Slovak sentence(s) expressing the fact. Input: ""Kroměříž | usesDialect | Hanácké nářečí"". Need to translate non-proper nouns. ""Kroměříž"" is a proper name (city). ""usesDialect"" predicate: translate to Slovak ""používa dialekt"". Object ""Hanácké nářečí"" is a proper name? It's a dialect name, likely proper noun, but maybe considered proper. The instruction: translate each entity that is NOT a proper name. ""Hanácké nářečí"" is a name of a dialect, likely proper, so keep as is. So sentence: ""Kroměříž používa Hanácké nářečí."" Or ""Kroměříž používa dialekt Hanácké nářečí."" But predicate is ""používa dialekt"". The object is the dialect name, so we can say ""Kroměříž používa dialekt Hanácké nářečí."" That includes the object. Should we include ""dialekt""? The predicate translation ""používa dialekt"". The object is the dialect name, so ""používa dialekt Hanácké nářečí"". That seems natural. Provide one sentence."
Id369,geography,,,3,Kraj Pardubický bol súčasťou Východočeského kraja od 1960-01-01 do 2000-12-31.,"We need to produce Slovak sentence(s) that express all facts. Entities: ""Kraj Pardubický"" is a proper name, keep as is. Predicates: ""partOf"" => ""je súčasťou"". ""partOfStartDate"" => ""začal byť súčasťou dňa"". ""partOfEndDate"" => ""prestal byť súčasťou dňa"". Need to include dates exactly. So we need to convey that Kraj Pardubický was part of Východočeský kraj from 1960-01-01 to 2000-12-31. Could be one sentence: ""Kraj Pardubický bol súčasťou Východočeského kraja od 1960-01-01 do 2000-12-31."" That covers all three facts: partOf, start date, end date. The predicate translation: partOf => ""bol súčasťou"". partOfStartDate => ""od"". partOfEndDate => ""do"". That seems fine. Check requirement: Use only info given. Yes. No extra. Provide only sentence."
Id370,geography,,,1,Hrad Karlštejn sa nachádza v okrese Beroun.,"We need to produce a Slovak sentence expressing the fact: ""Hrad Karlštejn"" locatedIn ""okres Beroun"". Translate non-proper nouns: ""locatedIn"" -> ""sa nachádza v"". ""okres"" is a noun, but it's part of the object ""okres Beroun"". Should we translate ""okres"" to Slovak? It's already Slovak. The entity ""Hrad Karlštejn"" is proper name, keep. So sentence: ""Hrad Karlštejn sa nachádza v okrese Beroun."" Use correct case: ""v okrese"". Yes. We must output only the sentence."
Id371,geography,,,5,"Žampašský most je pomenovaný Žampašský most, je kamenný most, nachádza sa v Česku, premostí údolí Kocour a má vlastnosť nejvyšší.","We need to produce Slovak sentence(s) that convey all facts. Entities: Žampašský most (subject) appears also as object in isNamed. So we need to say that Žampašský most je pomenovaný Žampašský most? That seems redundant but must include fact. Also isType kamenný most => je kamenný most. isLocatedIn Česko => sa nachádza v Česku. spansValley údolí Kocour => premostí údolí Kocour. hasProperty nejvyšší => má vlastnosť nejvyšší. Need to translate predicate to Slovak: ""je pomenovaný"", ""je typu"", ""sa nachádza v"", ""preháňa""? Actually ""spansValley"" => ""preháňa údolí""? Better ""preháňa údolí Kocour"" maybe ""preháňa údolí Kocour"". Could be ""preháňa údolí Kocour"". ""hasProperty"" => ""má vlastnosť"". So sentence: ""Žampašský most je pomenovaný Žampašský most, je kamenný most, nachádza sa v Česku, premostí údolí Kocour a má vlastnosť nejvyšší."" That includes all. Ensure proper Slovak: ""nachádza sa v Česku"". ""preháňa údolí Kocour"" maybe ""preháňa údolí Kocour"". Use ""preháňa údolí Kocour"". Could also ""preháňa údolí Kocour"". It's okay. We must not add extra facts. The phrase ""je pomenovaný Žampašký most"" repeats same name, but it's factual. Use ""je pomenovaný"". Good. Return only sentence."
Id372,other,,,4,"Meteor je odroda jabĺk, pestuje sa v Česku a má rodičovské odrody Melrose a Megumi.","We need to produce Slovak sentence(s) that express all facts. Facts: - Meteor varietyOf jablka -> ""Meteor je odroda jabĺk"" (variety of apples). Translate ""jablka"" as ""jablká""? The entity ""jablka"" is plural noun ""apples"". Should we keep as ""jablka""? Probably translate to ""jablká"". Use Slovak grammar. - Meteor breedingLocation Česko -> ""Meteor sa pestuje v Česku"". ""Česko"" is proper name, keep. - Meteor parentVariety Melrose -> ""Meteor má rodičovskú odrodu Melrose"". Could phrase ""Meteor má rodičovskú odrodu Melrose"". Similarly for Megumi. We need to include both parentVariety facts. Could combine: ""Meteor má rodičovské odrody Melrose a Megumi."" But need to ensure each fact is expressed. That covers both. Thus one sentence could be: ""Meteor je odroda jabĺk, pestuje sa v Česku a má rodičovské odrody Melrose a Megumi."" That includes all. Check translation: ""varietyOf"" -> ""je odroda"". ""breedingLocation"" -> ""pestuje sa v"". ""parentVariety"" -> ""má rodičovskú odrodu"". For two, plural ""rodičovské odrody"". Acceptable. Make sure no extra info. Provide only sentence. Thus final answer."
Id373,history,,,2,Stavovské divadlo malo názov počas socializmu. Má alternatívny názov Tylovo divadlo.,"We need to produce Slovak sentence(s) that express both facts. Facts: 1. Subject: ""Stavovské divadlo"" predicate: ""hadNameDuring"" object: ""socialismus"". So translate predicate to Slovak: ""malo názov počas"". Actually ""hadNameDuring"" means ""malo názov počas"". So sentence: ""Stavovské divadlo malo názov počas socializmu."" Or ""Stavovské divadlo malo názov počas socializmu."" Use object ""socialismus"" translate to ""socializmu"". Since object is not proper name, translate. So ""socializmu"". 2. Subject: ""Stavovské divadlo"" predicate: ""alternativeName"" object: ""Tylovo divadlo"". Translate predicate: ""alternatívny názov"". Could be ""má alternatívny názov"". So ""Stavovské divadlo má alternatívny názov Tylovo divadlo."" Or ""alternatívny názov"" maybe ""alternatívny názov"". Use present tense. Combine into one or two sentences. Could be two short sentences: ""Stavovské divadlo malo názov počas socializmu. Má alternatívny názov Tylovo divadlo."" That covers both. Ensure no extra info. Use proper translation of predicate. ""hadNameDuring"" -> ""malo názov počas"". ""alternativeName"" -> ""má alternatívny názov"". Good. Return only sentences."
Id374,history,,,3,"Jiří z Poděbrad je český kráľ, nepatrí do panovnickej dynastie a je jediný.","We need to produce Slovak sentence(s) that express all facts. Triples: 1. Jiří z Poděbrad | is | český král -> ""Jiří z Poděbrad je český kráľ."" 2. Jiří z Poděbrad | doesNotBeloveTo | panovnická dynastie -> predicate ""doesNotBelongTo"" translate to ""nepatrí do"". So ""Jiří z Poděbrad nepatrí do panovnická dynastia""? Need translate object ""panovnická dynastie"" to Slovak: ""panovnická dynastia"". So sentence: ""Jiří z Poděbrad nepatrí do panovnickej dynastie."" Should we keep ""panovnická dynastie"" as is? It's not proper name, so translate. In Slovak, ""panovnická dynastia"". Use correct case: ""do panovnickej dynastie"". Good. 3. Jiří z Poděbrad | is | jediný -> ""Jiří z Poděbrad je jediný."" Might be ambiguous but we just state. We need to include all facts, maybe combine into one sentence with commas: ""Jiří z Poděbrad je český kráľ, nepatrí do panovnickej dynastie a je jediný."" That includes all three. Ensure no extra facts. That seems fine. Check translation of predicate ""is"" -> ""je"". ""doesNotBelongTo"" -> ""nepatrí do"". Good. Return only the sentence."
Id375,geography,,,4,"Autobusy odchádzajú z Nádraží Veleslavín, ktoré je typom stanice metra a nachádza sa v Prahe, a autobusy idú na letisko.","We need to produce Slovak sentence(s) that express all facts. Facts: 1. autobusy departsFrom Nádraží Veleslavín -> ""autobusy odchádzajú z Nádraží Veleslavín"" 2. Nádraží Veleslavín isTypeOf stanice metra -> ""Nádraží Veleslavín je typom stanice metra"" maybe ""je typom stanice metra"" or ""je typom stanice metra"". Should translate ""isTypeOf"" as ""je typom"". 3. Nádraží Veleslavín isLocatedIn Praha -> ""Nádraží Veleslavín sa nachádza v Prahe"" 4. autobusy goesTo letiště -> ""autobusy idú na letiště"". Need translate ""letiště"" (Czech for airport) but it's not proper name? It's a common noun ""letiště"" meaning ""letisko"". Since not proper name, translate to Slovak ""letisko"". So ""autobusy idú na letisko"". Should we keep original? The rule: translate each entity that is not a proper name. ""letiště"" is common noun, so translate to Slovak ""letisko"". So sentence: ""autobusy odchádzajú z Nádraží Veleslavín, ktoré je typom stanice metra a nachádza sa v Prahe, a autobusy idú na letisko."" That includes all facts. Ensure no extra info. Use ""Nádraží Veleslavín"" is proper name, keep. ""Praha"" is proper name, keep. ""autobusy"" is generic, keep. ""letisko"" is translation. Good. Check: we used ""odchádzajú z"" for departsFrom, ""je typom"" for isTypeOf, ""nachádza sa v"" for isLocatedIn, ""idú na"" for goesTo. All facts included. Provide one sentence."
Id376,geography,,,2,Václavské náměstí sa nachádza v Prahe a má hovorový názov Václavák.,"We need to produce Slovak sentence(s) that express both facts. Entities: ""Václavské náměstí"" is a proper name (Czech). Predicate ""locatedIn"" -> translate to ""sa nachádza v"". Object ""Praha"" is proper name, keep. Second: ""colloquialName"" -> translate to ""má hovorový názov"". Object ""Václavák"". So sentence: ""Václavské náměstí sa nachádza v Prahe a má hovorový názov Václavák."" Need to keep exact names. Should we keep diacritics? Yes. Use ""Prahe"" as locative case? The instruction: translate predicate, but object remains as is. The object ""Praha"" is proper name, keep unchanged. But in Slovak sentence, we might need case change? The instruction says ""Prelož do slovenčiny každú entitu, ktorá NIE JE vlastné meno"". Proper names are not translated, but we may need to inflect? It doesn't say we must keep original case; but we can keep as is. However, ""Praha"" is proper name, we can keep ""Praha"". In Slovak, we might say ""v Prahe"". But that adds suffix -e, which is a grammatical change, not a translation. The instruction says ""Prelož do slovenčiny každú entitu, ktorá NIE JE vlastné meno"". It doesn't forbid inflection. But we must not add extra info. Changing case is grammatical, not adding info. Likely acceptable. Use ""v Prahe"". For ""Václavák"" also proper name, keep unchanged. So final: ""Václavské náměstí sa nachádza v Prahe a má hovorový názov Václavák."""
Id377,history,,,4,"Pražské povstanie začalo dňa 1945-05-01 a skončilo dňa 1945-05-31. Povstalci dostali pomoc od jednotiek Ruské osvobozenecké armády, ktoré mali veliteľa generál Vlasov.","We need to produce Slovak sentences expressing all facts. Facts: 1. Pražské povstání startDate 1945-05-01 → ""Pražské povstanie začalo 1. mája 1945."" (date format? Keep as 1945-05-01). Should we keep exact format? Requirement: preserve numbers, dates exactly as given. So we should write ""1945-05-01"". In Slovak, we can say ""dňa 1945-05-01"". So sentence: ""Pražské povstanie začalo dňa 1945-05-01."" 2. Pražské povstanie endDate 1945-05-31 → ""Pražské povstanie skončilo dňa 1945-05-31."" 3. povstalci receivedHelpFrom jednotky Ruské osvobozenecké armády → ""Povstalci dostali pomoc od jednotiek Ruské osvobozenecké armády."" Note: ""povstalci"" is not proper name, translate to Slovak: it's already Slovak. ""jednotky Ruské osvobozenecké armády"" also Slovak. Keep as is. 4. jednotky Ruské osvobozenecké armády commander generál Vlasov → ""Jednotky Ruské osvobozenecké armády mali veliteľa generála Vlasova."" But need to translate predicate ""commander"". In Slovak, ""veliteľ"". So ""Jednotky Ruské osvobozenecké armády mali veliteľa generál Vlasov."" Should we keep ""generál Vlasov"" as proper name. Yes. We need to include all facts, can be one or two sentences. Could combine start and end dates in one sentence: ""Pražské povstanie začalo dňa 1945-05-01 a skončilo dňa 1945-05-31."" That's one sentence covering both. Then second sentence for other two facts: ""Povstalci dostali pomoc od jednotiek Ruské osvobozenecké armády, ktoré mali veliteľa generál Vlasov."" That includes both facts: receivedHelpFrom and commander. That seems natural and includes all facts. Ensure we didn't add extra info. We said ""ktoré mali veliteľa"" which is derived from the fact that the units have commander generál Vlasov. That's fine. No extra facts. Check translation: predicate ""receivedHelpFrom"" -> ""dostali pomoc od"". predicate ""commander"" -> ""mal veliteľa"". Good. Now output only the sentences."
Id378,history,,,1,Přemysl Otakar II založil Uherské Hradiště.,"We need to produce Slovak sentence(s) expressing the fact: ""Přemysl Otakar II founded Uherské Hradiště"". Need to translate non-proper nouns: ""founded"" -> ""založil"" (or ""zakladal""?). Subject is proper name, keep. Object ""Uherské Hradiště"" is a place name, proper, keep. So sentence: ""Přemysl Otakar II založil Uherské Hradiště."" That's it. Ensure no extra."
Id379,culture,,,2,Jaroslav Foglar je autorom Hoši od Bobří řeky a píše Hoši od Bobří řeky.,"We need to produce Slovak sentence(s) that express all facts. Two triples: 1. ""Hoši od Bobří řeky"" | author | Jaroslav Foglar 2. ""Jaroslav Fogland""? Actually second: Jaroslav Foglar | writes | Hoši od Bobří řeky We need to translate non-proper nouns. ""author"" -> ""autor"". ""writes"" -> ""píše"". Entities: ""Hoši od Bobří řeky"" is a title, likely proper name, keep as is. ""Jaroslav Foglar"" is proper name, keep. Thus sentences: ""Jaroslav Foglar je autorom Hoši od Bobří řeky."" and ""Jaroslav Foglar píše Hoši od Bobří řeky."" But need to include both facts. Could combine: ""Jaroslav Foglar je autorom Hoši od Bobří řeky a píše Hoši od Bobří řeky."" That repeats object. Might be okay. Ensure all facts: author and writes. Use Slovak: ""autorom"" (instrumental) maybe ""autorom"". ""píše"" is present tense. Could also ""napísal""? But predicate is ""writes"". So present. Thus final output: one sentence: ""Jaroslav Foglar je autorom Hoši od Bobří řeky a píše Hoši od Bobří řeky."" Ensure no extra."
Id380,geography,,,1,Pivo Klostermann sa varí v Strakonice.,"We need to produce a Slovak sentence expressing the fact: subject ""pivo Klostermann"" predicate ""brewedIn"" object ""Strakonice"". Need to translate non-proper nouns: ""pivo"" is a common noun, keep as ""pivo"". ""brewedIn"" translate to Slovak verb phrase ""pivovar""?? Actually ""brewed in"" = ""varí sa v"" or ""pivo je varené v"". Use natural: ""Pivo Klostermann sa varí v Strakonice."" Or ""Pivo Klostermann je varené v Strakonice."" Both fine. Must include all facts: just one fact. Use proper names unchanged: Klostermann, Strakonice. Provide one sentence."
Id381,culture,,,1,Pieseň Kolej Yesterday má autora Michal Prokop.,"We need to produce Slovak sentence(s) expressing the fact: song ""Kolej Yesterday"" hasAuthor Michal Prokop. Translate non-proper nouns: ""pieseň"" is already Slovak, ""hasAuthor"" -> ""má autora"". So sentence: ""Pieseň Kolej Yesterday má autora Michal Prokop."" Ensure proper names unchanged. That's it."
Id382,geography,,,2,"Veľká jazdecká socha Jana Žižky sa nachádza v Prahe, konkrétne v Vítkove.","We need to produce Slovak sentence(s) that express all facts. Two triples: subject: ""velká jezdecká socha Jana Žižky"" predicate: location -> object: ""Praha"" predicate: specificLocation -> object: ""Vítkov"" We need to translate non-proper nouns. ""velká jezdecká socha Jana Žižky"" is a phrase; it's a proper name? It's a description, not a proper name? It includes a proper name ""Jana Žižky"". The whole phrase likely is a name of a statue: ""velká jezdecká socha Jana Žižky"". Should we translate ""velká"" (big), ""jezdecká"" (equestrian), ""socha"" (statue) to Slovak: ""veľká jazdecká socha Jana Žižky"". The location ""Praha"" is a proper name (Prague) keep as ""Praha"". specificLocation ""Vítkov"" is a proper name (a district). So sentence: ""Veľká jazdecká socha Jana Žižky sa nachádza v Prahe, konkrétne v Vítkove."" Need to use predicate translations: location -> ""nachádza sa v"" maybe. specificLocation -> ""konkrétne v"". Ensure we include both facts. That seems fine. We must not add extra facts. The phrase ""konkrétne v Vítkove"" is okay. Use ""v Prahe"" and ""v Vítkove"". Provide one sentence. Thus final answer: ""Veľká jazdecká socha Jana Žižky sa nachádza v Prahe, konkrétne v Vítkove."""
Id383,geography,,,1,Česká televize má sídlo v Kavčích horách.,"We need to produce a Slovak sentence expressing the fact: ""Česká televize"" (proper name) ""headquarteredIn"" ""Kavčí hory"". Translate predicate to Slovak: ""má sídlo v"" or ""má ústredie v"". Need to translate object ""Kavčí hory"" is a place name, keep as is (proper name). So sentence: ""Česká televize má sídlo v Kavčích horách."" But need to translate object? It's a proper name, keep original. However ""Kavčí hory"" is a place name, keep as is. Use correct case: ""v Kavčích horách"". Should we keep original case? The object is ""Kavčí hory"". In Slovak, location phrase uses locative: ""v Kavčích horách"". That's a grammatical transformation, but is that allowed? The instruction: ""Prelož do slovenčiny každú entitu, ktorá NIE JE vlastné meno (napr. všeobecné podstatné mená, roly, všeobecné opisy). Vlastné mená (mená osôb, miest, organizácií, diel atď.) ponechaj v pôvodnej podobe."" So ""Kavčí hory"" is a place name, a proper name, so keep as is. But we need to adjust grammar? The instruction doesn't forbid inflection. It says keep proper names in original form. So maybe we should not inflect: ""v Kavčí hory"" is ungrammatical. But maybe we can keep ""Kavčí hory"" unchanged but add preposition ""v"". That yields ""v Kavčí hory"". That is not correct Slovak but maybe acceptable given constraints. However they said ""použi ho vo vete prirodzene"". So we need natural Slovak. Natural would inflect. But that changes the form of proper name. However proper names often inflect in Slovak. The instruction says keep proper names in original form, but maybe they mean not translate them, but inflection is allowed. I'd assume we can inflect. Many similar tasks accept inflection. So produce: ""Česká televize má sídlo v Kavčích horách."" That uses predicate translation ""má sídlo v"". Good. Return only the sentence."
Id384,geography,,,2,Najstarší zachovaný most v Česku sa nachádza v Píseku a je v krajine Česko.,"We need to produce Slovak sentence(s) expressing both facts. Entities: ""Nejstarší dochovaný most v Česku"" is a proper name? It's a description, not a proper name, but it's a phrase. It's not a proper name, so translate each entity that is not a proper name. The phrase ""Nejstarší dochovaný most v Česku"" is Czech phrase meaning ""the oldest preserved bridge in the Czech Republic"". It's not a proper name, so we need to translate to Slovak: ""najstarší zachovaný most v Česku"". The location ""Písek"" is a city name, proper name, keep as is. Country ""Česko"" is proper name, keep as is. Predikáty: ""location"" -> ""nachádza sa v"" or ""má polohu"". ""country"" -> ""je v krajine"". We need to produce a natural Slovak sentence(s) that includes both facts. Could be: ""Najstarší zachovaný most v Česku sa nachádza v Píseku a patrí do krajiny Česko."" But ""patrí do krajiny"" maybe unnatural. Better: ""Najstarší zachovaný most v Česku sa nachádza v Píseku a leží v krajine Česko."" Or separate sentences: ""Najstarší zachovaný most v Česku sa nachádza v Píseku. Tento most je v krajine Česko."" Both convey facts. Must not add extra info. Use only given facts. So we can combine: ""Najstarší zachovaný most v Česku sa nachádza v Píseku a je v krajine Česko."" That includes both. Ensure no extra. Use ""je v krajine"" for country. That seems fine. Return only the sentence(s)."
Id385,geography,,,2,Zoologická zahrada sa nachádza v Dvůr Králové nad Labem a Dvůr Králové nad Labem je súčasťou Královéhradecký kraj.,"We need to produce Slovak sentence(s) that express both facts. Translate non-proper nouns. Entities: ""Zoologická zahrada"" is a common noun phrase, keep as is? It's not a proper name? It could be a proper name of a zoo, but it's generic. The rule: translate each entity that is NOT a proper name. ""Zoologická zahrada"" is a common noun phrase, but it's also the name of a specific zoo? Hard to know. Probably treat as common noun, translate to Slovak (already Slovak). It's already Slovak. ""Dvůr Králové nad Labem"" is a proper name (Czech city). Keep as is. ""Královéhradecký kraj"" is a proper name (region). Keep as is. Predicates: ""locatedIn"" -> ""sa nachádza v"". ""partOf"" -> ""je súčasťou"". So produce: ""Zoologická zahrada sa nachádza v Dvůr Králové nad Labem a Dvůr Králové nad Labem je súčasťou Královéhradecký kraj."" That includes both facts. Ensure no extra info. Use correct Slovak grammar: ""Zoologická záhrada"" vs ""Zoologická zahrada"". Keep as given. Use ""sa nachádza v"". Use ""je súčasťou"". Provide one sentence or two short. Could be one sentence with conjunction. It's okay. Provide only the sentence."
Id386,politics,,,1,Vozy Policie České republiky majú motto Pomáhať a chrániť.,"We need to produce Slovak sentence(s) expressing the fact. Subject: ""vozy Policie České republiky"". That's not a proper name? It's a phrase meaning ""vehicles of the Police of the Czech Republic"". It's not a proper name, so translate each entity that is not a proper name. ""vozy"" is a common noun, ""Policie České republiky"" is the name of the police, which is a proper name? It's an organization name, likely keep as is. But the phrase ""Policie České republiky"" is a proper name in Czech; we keep it. The subject is ""vozy Policie České republiky"". Should we translate ""vozy"" to Slovak ""vozy""? Already Slovak. So keep ""vozy Policie České republiky"". Predicate ""hasMotto"" translate to Slovak ""má motto"". Object ""Pomáhat a chránit"" is a phrase in Czech, not a proper name, so translate to Slovak: ""Pomáhať a chrániť"". So sentence: ""Vozy Policie České republiky majú motto Pomáhať a chrániť."" Ensure correct case: ""majú"" (plural). Use ""motto"" as noun. So final answer: one sentence."
Id387,history,,,5,"Československá automobilová doprava poskytuje autobusovú dopravu, pôsobí v Československu, bolo aktívne od 1949-01-01 a bolo aktívne do 1989-12-31. Československo má politické obdobie socialismus.","We need to produce Slovak sentence(s) that express all facts. Translate non-proper nouns. Entities: ""Československá automobilová doprava"" is a proper name? It's likely an organization name, keep as is. ""autobusová doprava"" is not proper, translate to Slovak (already Slovak). ""Československo"" is proper name, keep. Dates as given. ""socialismus"" is not proper? It's a concept, translate? It's already Slovak. Should we translate predicate: providesService -> poskytuje službu, operatesIn -> pôsobí v, activeDuring -> bolo aktívne od, activeUntil -> bolo aktívne do, politicalEra -> politické obdobie. Need to produce sentence(s) that include all facts. We must not add any extra facts. So we can say: ""Československá automobilová doprava poskytuje službu autobusová doprava, pôsobí v Československu, bolo aktívne od 1949-01-01 a bolo aktívne do 1989-12-31. Československo má politické obdobie socialismus."" Need to ensure grammar: ""Československá automobilová doprava poskytuje autobusovú dopravu, pôsobí v Československu, bolo aktívne od 1949-01-01 a bolo aktívne do 1989-12-31. Československo má politické obdobie socializmus."" But ""politické obdobie"" maybe ""politické obdobie"" is okay. Should we keep ""socialismus"" unchanged. Also need to translate predicate ""politicalEra"" to ""má politické obdobie"". That expresses fact. Make sure we include all facts: 5 facts. The first four about the organization, the fifth about the country. Use proper Slovak forms. Potential sentence: ""Československá automobilová doprava poskytuje autobusovú dopravu, pôsobí v Československu, bolo aktívne od 1949-01-01 a bolo aktívne do 1989-12-31. Československo má politické obdobie socializmus."" But ""socializmus"" vs ""socialismus""? The original is ""socialismus"". Keep as is. Check translation of ""providesService"" -> ""poskytuje službu"". Could be ""poskytuje autobusovú dopravu"". That's fine. ""operatesIn"" -> ""pôsobí v"". Good. ""activeDuring"" -> ""bolo aktívne od"". Good. ""activeUntil"" -> ""bolo aktívne do"". Good. ""politicalEra"" -> ""má politické obdobie"". Good. Now ensure no extra info. Use dates exactly. Thus final answer: one or two sentences. Provide exactly that."
Id388,geography,,,4,"Dlouhé Stráně je typom prečerpávacia vodná elektráreň, nachádza sa v Hrubom Jeseníku a v Česku. Dlouhé Stráně je najvýkonnejšia výkonná.","We need to produce Slovak sentence(s) expressing all facts. Translate non-proper nouns. Entities: ""Dlouhé Stráně"" is a proper name, keep. Predicates: isType -> typ, location -> poloha, isMost -> je najvýkonnejšia? Actually ""isMost"" literal translation maybe ""je najvýkonnejšia""? But we need to translate predicate to Slovak and use naturally. ""isMost"" maybe ""je najvýkonnejšia"". The object ""výkonná"" is Czech word meaning ""výkonná"" (feminine adjective ""powerful""). Should we translate object? It's not proper name, so translate to Slovak: ""výkonná"" -> ""výkonná"" (same?). Slovak ""výkonná"" also exists. So sentence: ""Dlouhé Stráně je typom prečerpávacia vodná elektráreň, nachádza sa v Hrubom Jeseníku a v Česku a je najvýkonnejšia výkonná."" That sounds odd. Actually ""isMost"" maybe ""je najvýkonnejšia"". Object ""výkonná"" maybe ""výkonná"". Could be ""je najvýkonnejšia"". But object is ""výkonná"". So ""je najvýkonnejšia výkonná"" redundant. Maybe ""je najvýkonnejšia"". But must include object. So ""je najvýkonnejšia výkonná"". That is weird but follow. We need to include all facts: type, two locations, isMost. Could be two sentences: one for type and locations, another for isMost. Ensure all facts. Sentence: ""Dlouhé Stráně je typom prečerpávacia vodná elektráreň, nachádza sa v Hrubom Jeseníku a v Česku."" Second: ""Dlouhé Stráně je najvýkonnejšia výkonná."" That includes all. Check translation: ""isType"" -> ""je typom"". ""location"" -> ""nachádza sa v"". ""isMost"" -> ""je najvýkonnejšia"". Use object ""výkonná"". So ""je najvýkonnejšia výkonná"". Might be okay. Return only sentences."
Id389,politics,,,5,"Komunistická strana Čech a Moravy je politická strana, ktorá má politickú ideológiu krajne ľavicová, pôsobí v krajine Česko, bola založená v roku 1990 a je nástupníkom Komunistickej strany Československa.","We need to produce Slovak sentence(s) that express all facts. Translate non-proper nouns. Entities: ""Komunistická strana Čech a Moravy"" is a proper name, keep as is. Predicates: politicalIdeology -> ""ideologicky je"" or ""má politickú ideológiu"". Should translate to Slovak. Use natural phrasing. Facts: - Komunistická strana Čech a Moravy má politickú ideológiu krajně levicová. - Komunistická strana Čech a Moravy patrí do krajiny Česko. Actually ""country"" -> ""krajina"". So ""je v krajine Česko"" or ""pôsobí v krajine Česko"". Use ""je v krajine Česko"". - Komunistická strana Čech a Moravy je politická strana. (type -> ""typ"" -> ""je politická strana""). - Komunistická strana Čech a Moravy bola založená v roku 1990. (foundingDate) - Komunistická strana Čech a Moravy je nástupníkom Komunistickej strany Československa. (successorOf) We need to include all facts, maybe combine into one sentence or two short. Could be: ""Komunistická strana Čech a Moravy je politická strana, ktorá má politickú ideológiu krajně levicová, pôsobí v krajine Česko, bola založená v roku 1990 a je nástupníkom Komunistickej strany Československa."" Check translation: ""krajně levicová"" is Czech phrase; we keep as is? It's not proper name, but it's a phrase. Should we translate? The instruction: ""Prelož do slovenčiny každú entitu, ktorá NIE JE vlastné meno"". ""krajně levicová"" is not proper name, so translate to Slovak: ""krajne ľavicová"". So we need to translate that phrase. So ""krajně levicová"" -> ""krajne ľavicová"". Also ""Česko"" is proper name? It's a country name, keep as is. ""Komunistická strana Československa"" is proper name, keep. Thus sentence: ""Komunistická strana Čech a Moravy je politická strana, ktorá má politickú ideológiu krajne ľavicová, pôsobí v krajine Česko, bola založená v roku 1990 a je nástupníkom Komunistickej strany Československa."" Check all facts: type, politicalIdeology, country, foundingDate, successorOf. Yes. Make sure ""politickú ideológiu"" correct. Could also say ""má politickú ideológiu"". Use ""má"". So: ""má politickú ideológiu krajne ľavicová"". That sounds okay. Thus final answer: one sentence."
Id390,history,,,3,"Československo malo maloobchodnú sieť Tuzex, ktorý predával zahraničný tovar a prijímal bony.","We need to produce Slovak sentence(s) expressing all facts. Triples: 1. Československo | hadRetailNetwork | Tuzex 2. Tuzex | soldGoodsType | zahraniční zboží 3. Tuzex | acceptedPaymentMethod | bony We must translate predicate to Slovak. Predicates: ""hadRetailNetwork"" -> ""mal maloobchodnú sieť"". ""soldGoodsType"" -> ""predával typ tovaru"". ""acceptedPaymentMethod"" -> ""prijímal spôsob platby"". Entities not proper names: ""Československo"" is proper name? It's a country name, likely proper, keep as is. ""Tuzex"" is proper name, keep. ""zahraniční zboží"" is not proper, translate: ""zahraniční zboží"" means ""zahraničný tovar"" (foreign goods). Should translate to Slovak: ""zahraničný tovar"". ""bony"" means ""bony"" (vouchers). So translate to ""bony"". So sentences: ""Československo malo maloobchodnú sieť Tuzex."" Then ""Tuzex predával zahraničný tovar."" ""Tuzex prijímal bony."" Could combine into one or two sentences. Must include all facts. Could be: ""Československo malo maloobchodnú sieť Tuzex, ktorý predával zahraničný tovar a prijímal bony."" That includes all. Use ""ktorý"" referencing Tuzex. That is okay. Ensure no extra facts. That sentence includes all three. Provide only sentence."
Id391,history,,,5,"Český študent sa volá Jan Palach, je český a po začiatku okupácie Československa sa spálil; okupácia Československa bola spustená armádami štátov Varšavskej zmluvy.","We need to produce Slovak sentence(s) that express all facts. Triples: 1. Český student | name | Jan Palach -> ""Český student"" is subject, predicate name, object Jan Palach. So translate: ""Český student sa volá Jan Palach."" (subject ""Český student"" is not a proper name, translate to Slovak: ""český študent"".) 2. Jan Palach | nationality | český -> ""Jan Palach má národnosť českú."" Or ""Jan Palach je český."" But predicate ""nationality"" translate to ""národnosť"". So ""Jan Palach má národnosť českú."" 3. Jan Palach | action | self immolated -> translate ""seba spálil"" maybe ""sa spálil"". Use ""seba spálil"" but natural: ""Jan Palach sa spálil"". Predicate ""action"" -> ""akcia"". Could be ""Jan Palach vykonal akciu seba spálenia"". But we need natural. Probably ""Jan Palach sa spálil"". But need to include predicate translation: ""akcia"". Could phrase: ""Jan Palach vykonal akciu seba spálenia."" That uses ""akciu"". Might be okay. 4. okupace Československa | startedBy | armády států Varšavské smlouvy -> translate: ""okupácia Československa bola začatá armádami štátov Varšavskej zmluvy."" Subject ""okupace Československa"" translate ""okupácia Československa"". Predicate ""startedBy"" translate ""začala"". Could be ""okupácia Československa bola spustená armádami štátov Varšavskej zmluvy."" Use ""spustená"". But need natural. 5. Jan Palach | timing | po začátku okupace Československa -> translate: ""Jan Palach sa stal po začiatku okupácie Československa."" Actually ""timing"" indicates time: ""po začiatku okupácie Československa"". So ""Jan Palach sa udial po začiatku okupácie Československa."" Better: ""Jan Palach sa stal po začiatku okupácie Československa."" Might be okay. We need to include all facts in one or two sentences. Could combine: ""Český študent sa volá Jan Palach, je český, po začiatku okupácie Československa sa spálil; okupácia Československa bola spustená armádami štátov Varšavskej zmluvy."" That's two sentences. Check each fact: - ""Český študent sa volá Jan Palach"" covers triple 1. - ""je český"" covers triple 2. - ""sa spálil"" covers triple 3 (action self immolated). Might need ""seba spálil"". Acceptable. - ""po začiatku okupácie Československa"" covers timing triple 5. - ""okupácia Československa bola spustená armádami štátov Varšavskej zmluvy"" covers triple 4. All included. Ensure translation of predicate: we used ""sa volá"" for name, ""je"" for nationality, ""sa spálil"" for action, ""bola spustená"" for startedBy, ""po začiatku"" for timing. That's fine. Return only sentences."
Id392,politics,,,5,"Martin Stropnický je herec, je český a pôsobil ako minister zahraničných vecí ČR od 2017‑01‑01 do 2018‑12‑31.","We need to produce Slovak sentence(s) expressing all facts. Translate predicate to Slovak: profession -> povolanie, nationality -> národnosť, position -> pozícia, startDate -> dátum začiatku, endDate -> dátum ukončenia. Entities: Martin Stropnický (proper name) keep. Object values: herec (actor) - not proper, translate to Slovak: herec is already Slovak? It's Czech word, but we need translate non-proper nouns. ""herec"" means ""actor"". So translate to ""herec"". It's already Slovak? Slovak also ""herec"". So keep ""herec"". nationality: český -> ""český"". That's adjective, not proper, translate? It's already Czech, but we need Slovak translation: ""český"". Position: ""ministr zahraničních věcí ČR"". Need translate to Slovak: ""minister zahraničných vecí ČR"". Keep ""ČR"" as abbreviation (proper). Dates keep. Now construct sentence: ""Martin Stropnický je herec, je český, bol ministrom zahraničných vecí ČR od 2017-01-01 do 2018-12-31."" Need to include all facts. Use past tense for position? The facts just state position, startDate, endDate. Could phrase: ""Martin Stropnický je herec, je český a pôsobil ako minister zahraničných vecí ČR od 2017-01-01 do 2018-12-31."" That includes all. Ensure we used all facts: profession, nationality, position, startDate, endDate. Yes. We must not add any extra info. The phrase ""pôsobil ako"" is okay, not adding extra. It's fine. Return only sentence."
Id393,culture,,,2,Loupežník Rumcajs je postavou z Český Večerníček O loupežníku Rumcajsovi a bydlí blízko Jičín.,"We need to produce Slovak sentence(s) that express both facts. Entities: ""Loupežník Rumcajs"" is a proper name? It's a character name, likely proper, keep as is. Predicate ""characterFrom"" -> translate to Slovak ""je postavou z"". ""residesNear"" -> ""bydlí blízko"". Objects: ""Český Večerníček O loupežníku Rumcajsovi"" is a title, keep as is (proper). ""Jičín"" is a place name, keep. So sentence: ""Loupežník Rumcajs je postavou z Český Večerníček O loupežníku Rumcajsovi a bydlí blízko Jičín."" Could be two short sentences: ""Loupežník Rumcajs je postavou z Český Večerníček O loupežníku Rumcajsovi. Loupežník Rumcajs bydlí blízko Jičín."" Both fine. Provide one or two sentences. We'll output one sentence."
Id394,geography,,,5,"Humpolec je v regióne Vysočina a je spojený s Hliníkom, ktorý je fiktívny a je postavou z filmu Marečku podejte mi pero, pričom Marečku podejte mi pero je film.","We need to produce Slovak sentence(s) that express all facts. Facts: 1. Humpolec isInRegion Vysočina -> ""Humpolec je v regióne Vysočina."" 2. Humpolec isAssociatedWith Hliník -> ""Humpolec je spojený s Hliníkom."" 3. Hliník isCharacterFrom Marečku podejte mi pero -> ""Hliník je postava z filmu Marečku podejte mi pero."" 4. Marečku podejte mi pero isType film -> ""Marečku podejte mi pero je film."" 5. Hliník isFictional true -> ""Hliník je fiktívny."" We need to include all facts, maybe combine: ""Humpolec je v regióne Vysočina a je spojený s Hliníkom, ktorý je fiktívny a je postavou z filmu Marečku podejte mi pero, pričom Marečku podejte mi pero je film."" That covers all. Ensure translation of predicate: isInRegion -> ""je v regióne"", isAssociatedWith -> ""je spojený s"", isCharacterFrom -> ""je postava z"", isType -> ""je"", isFictional -> ""je fiktívny"". Use true as ""pravda""? But we translate as ""je fiktívny"". Good. Return only sentence(s). Probably one sentence is fine."
Id395,politics,,,1,Petr Pavel je členom komunistickej strany.,"We need to produce Slovak sentence(s) expressing the fact: ""Petr Pavel isMemberOf komunistická strana"". Translate predicate to Slovak: ""je členom"". Entity ""komunistická strana"" is not a proper name? It seems generic, but could be a party name. It's not a proper name, so translate: ""komunistická strana"". Keep proper name Petr Pavel unchanged. So sentence: ""Petr Pavel je členom komunistickej strany."" Note case: ""komunistická strana"" in nominative; after ""členom"" we need genitive: ""komunistickej strany"". Should we keep original phrase? The instruction: translate each entity that is not a proper name. So ""komunistická strana"" is generic, translate to Slovak (already Slovak). Use correct case. So final answer: one sentence."
Id396,culture,,,5,"Česká hudobná skupina má názov Nightwork, je aktívna od 2006-01-01 do 2013-12-31 a má členov Jakuba Prachaře a Vojtěcha Dyk.","We need to produce Slovak sentence(s) expressing all facts. Translate non-proper nouns. Entities: ""Česká hudební skupina"" -> ""česká hudobná skupina"". ""Nightwork"" is proper name, keep. ""activeFrom"" -> ""je aktívna od"". ""activeUntil"" -> ""je aktívna do"". ""hasMember"" -> ""má člena"" or ""má člena"". Need to include members Jakub Prachař and Vojtěch Dyk (proper names). Also ""hasName"" -> ""má názov"". So sentence: ""Česká hudobná skupina Nightwork má názov Nightwork, je aktívna od 2006-01-01 do 2013-12-31 a má členov Jakuba Prachaře a Vojtěcha Dyk."" Need to translate ""hasName"" as ""má názov"". But the subject is ""Česká hudební skupina"". Actually ""Česká hudební skupina"" is a class, but we can say ""Česká hudobná skupina Nightwork má názov Nightwork"". That repeats name but okay. Could also say ""Česká hudobná skupina má názov Nightwork"". But we need to include that it's a Czech group. The triple says ""Česká hudební skupina | hasName | Nightwork"". So subject is ""Česká hudební skupina"". So we can phrase: ""Česká hudobná skupina má názov Nightwork, je aktívna od 2006-01-01 do 2013-12-31 a má členov Jakuba Prachaře a Vojtěcha Dyk."" That includes all facts. Ensure dates as given. Use ""od"" and ""do"". Could also separate into two sentences if needed, but one is fine. Check translation: ""hasMember"" -> ""má člena"". For plural, ""má členov"". Good. Thus final answer: one sentence."
Id397,culture,,,4,"Božena Němcová je autorkou Babičky a Divé Báry, je súčasťou národného obrodenia a má českú národnosť.","We need to produce Slovak sentences expressing all facts. Facts: - Božena Němcová is author of Babička. - Božena Němcová is author of Divá Bára. - Božena Němcová is part of národní obrození (need translate ""národní obrození"" as it's not a proper name? It's Czech phrase meaning ""národné obrodenie"". It's a general term, not a proper name? Might be considered a movement name, but likely not a proper name. So translate to Slovak: ""národné obrodenie"". - Božena Němcová has nationality česká (Czech). ""česká"" is an adjective; translate to ""česká"". Keep as ""česká"". Might be ""česká"" as nationality, but in Slovak would be ""česká"". So sentence: ""Božena Němcová je autorkou Babičky a Divé Báry, je súčasťou národného obrodenia a má českú národnosť."" Need to keep predicate translations: isAuthorOf -> ""je autorom"" but Božena Němcová is female, so ""je autorkou"". Use ""je autorkou"". isPartOf -> ""je súčasťou"". hasNationality -> ""má národnosť"". Provide all facts. Could be two short sentences if needed, but one sentence can include all. Ensure no extra info. Use exact titles: Babička, Divá Bára. Keep them as is. Provide final answer only sentence. Check translation: ""Božena Němcová je autorkou Babičky a Divé Báry, je súčasťou národného obrodenia a má českú národnosť."" That includes all facts. Use ""je autorkou"" (Czech?) In Slovak would be ""je autorkou"" also acceptable. Could use ""je autorkou"". Good. Return only that sentence."
Id398,geography,,,2,Najväčšia synagóga v Česku sa nachádza v Plzni. Jej krajina je Česko.,"We need to produce Slovak sentence(s) expressing both facts. Entities: ""Největší synagoga v Česku"" is a proper name? It's a phrase meaning ""the biggest synagogue in Czechia"". It's not a proper name, it's a description. According to rule: translate each entity that is NOT a proper name. So ""Největší synagoga v Česku"" is not a proper name, so translate to Slovak: ""Najväčšia synagóga v Česku"". ""Plzeň"" is a city name, proper name, keep as is. ""Česko"" is a country name, proper name, keep as is. Predicates: ""locatedIn"" translate to ""sa nachádza v"". ""country"" translate to ""krajina"". Actually ""country"" as predicate meaning ""country"" maybe ""krajina"". So sentence: ""Najväčšia synagóga v Česku sa nachádza v Plzni a jej krajina je Česko."" But need to reflect both facts: locatedIn Plzeň, country Česko. Could be two short sentences: ""Najväčšia synagóga v Česku sa nachádza v Plzni. Jej krajina je Česko."" That uses all facts. Ensure no extra info. Use ""krajina"" as predicate. Should we keep ""Česko"" unchanged. Yes. Return only sentence(s)."
Id399,other,,,7,"Mikov vyrába nože a krajina Mikov je Česko. Rybička je typ noža, jej výrobcom je Mikov, má vlastnosť unikátna rukojäť a má status pravděpodobně nejrozšířenější a nejznámější.","We need to produce Slovak sentences expressing all facts. Entities: Mikov, nože, Česko, Rybička, nůž, unikátní rukojěť, pravděpodobně nejrozšířenější, nejznámější. Need translate non-proper nouns: manufacturerOf -> ""vyrobuje"", country -> ""krajina"", type -> ""typ"", manufacturer -> ""výrobca"", hasFeature -> ""má vlastnosť"", status -> ""status"" maybe ""stav""? Should translate to Slovak: ""status"" maybe ""stav"". But we can use ""status"". Probably ""status"" is fine. Need to include all facts. Sentences: ""Mikov je výrobcom nožov a krajina Mikov je Česko."" But need separate facts: manufacturerOf nože -> ""Mikov vyrába nože."" country -> ""Mikov má krajinu Česko."" Actually ""Mikov"" is a company, so ""Mikov má krajinu Česko"" unnatural. Better ""Mikov patrí do krajiny Česko."" Use ""krajina"" as attribute. Acceptable. Rybička type nůž -> ""Rybička je typ nůž."" But translate nůž to ""nož"". So ""Rybička je typ nož."" Might be ""Rybička je typ noža."" Use Slovak grammar: ""Rybička je typ noža."" manufacturer -> ""Rybička má výrobcu Mikov."" hasFeature -> ""Rybička má vlastnosť unikátnu rukojäť."" status -> two statuses: ""Rybička má status pravdepodobne najrozšírenejší"" and ""Rybička má status najznámejší"". Could combine: ""Rybička má status pravdepodobne najrozšírenejší a najznámejší."" We must not add extra info. Use exact strings: ""pravděpodobně nejrozšířenější"" and ""nejznámější"". Keep Czech diacritics? Should keep as given. So use those exact phrases. Thus final sentences: maybe combine into two sentences: one about Mikov, one about Rybička. Sentence 1: ""Mikov vyrába nože a krajina Mikov je Česko."" Sentence 2: ""Rybička je typ noža, jejím výrobcom je Mikov, má vlastnosť unikátní rukojěť a má status pravděpodobně nejrozšířenější a nejznámější."" Check translation of ""unikátní rukojěť"" keep as is. Use Slovak ""unikátnu rukojäť""? But requirement: translate non-proper nouns. ""unikátní rukojěť"" is phrase, maybe keep as is because it's not proper name. But we could translate ""unikátní"" to ""unikátna"". However phrase includes Czech words. Probably keep as is? It says translate each entity that is not a proper name. So ""unikátní rukojěť"" should be translated: ""unikátna rukojäť"". Also ""nůž"" -> ""nož"". ""nože"" -> ""nože""? Slovak plural ""nože"" same. Keep as ""nože"". ""Česko"" is proper name, keep. ""Mikov"" proper. ""Rybička"" proper. So adjust. Thus: ""Rybička má vlastnosť unikátna rukojäť."" Use correct grammar: ""unikátna rukojäť"". Good. Now final output."
Id400,politics,,,5,"Martin Baxa je stredoškolský pedagóg a politik, je český a od 2021-12-01 je ministerom kultúry ČR.","We need to produce Slovak sentence(s) expressing all facts. Translate non-proper nouns. Entities: Martin Baxa is proper name, keep. Predicates: profession -> ""povolanie"" maybe ""profesia""? Use Slovak ""povolanie"". Object ""středoškolský pedagog"" is Czech phrase meaning ""stredoškolský pedagóg"". Need translate to Slovak: ""stredoškolský pedagóg"". Also ""politik"" -> ""politik"". nationality -> ""národnosť"" object ""český"" -> ""český"". position -> ""pozícia"" object ""ministr kultury ČR"" keep as is (proper). startDate -> ""dátum nástupu"" maybe ""dátum začiatku"". Use ""dátum nástupu"". Provide sentence: ""Martin Baxa je stredoškolský pedagóg, politik, český národnosti, a od 1. decembra 2021 je ministrom kultúry ČR."" Need include all facts: profession (two), nationality, position, startDate. Could combine: ""Martin Baxa je stredoškolský pedagóg a politik, je český a od 1. decembra 2021 pôsobí ako minister kultúry ČR."" That includes all. Ensure startDate exact ""2021-12-01"". Use date format as given? Should keep exactly ""2021-12-01"". So phrase: ""od 2021-12-01"". Use that. Sentence: ""Martin Baxa je stredoškolský pedagóg a politik, je český a od 2021-12-01 je ministerom kultúry ČR."" That covers all. Provide single sentence."
Id401,culture,,,5,"Müllerova vila má funkcionalistický architektonický štýl, nachádza sa v Prahe 6 Střešovice, jej architektom je Adolf Loos, typ je vila a má atribút luxusný.","We need to produce Slovak sentence(s) that express all facts. Entities: ""Müllerova vila"" is proper name, keep as is. Predicates translate: ""architecturalStyle"" -> ""architektonický štýl"" maybe ""architektonický štýl"". ""location"" -> ""nachádza sa"". ""architect"" -> ""architekt"". ""type"" -> ""typ"". ""attribute"" -> ""atribút"". But need natural sentences. Use all facts: Müllerova vila má funkcionalistický architektonický štýl, nachádza sa v Prahe 6 Střešovice, jej architektom je Adolf Loos, typ je vila a má atribút luxusný. Need to keep ""luxusní"" as original? It's not proper name, translate to Slovak ""luxusný"". The rule: translate each entity that is not proper name. So ""luxusní"" -> ""luxusný"". Also ""funkcionalistická"" is adjective, translate? It's not proper name, so translate to Slovak ""funkcionalistický"". ""Praha 6 Střešovice"" is place name, proper? It's location name, likely proper, keep as is. ""Adolf Loos"" proper name keep. So sentence: ""Müllerova vila má funkcionalistický architektonický štýl, nachádza sa v Praze 6 Střešovice, jej architektom je Adolf Loos, typ je vila a má atribút luxusný."" Need Slovak: ""nachádza sa v Prahe 6 Střešovice"". Use ""v Prahe 6 Střešovice"". Also ""typ je vila"". Could be ""je typom vila"". But keep natural. Provide one sentence. Ensure all facts included. Let's craft: ""Müllerova vila má funkcionalistický architektonický štýl, nachádza sa v Prahe 6 Střešovice, jej architektom je Adolf Loos, typ je vila a má atribút luxusný."" That includes all."
Id402,culture,,,6,"Marie Čermínová má česko-francúzsku národnosť, je maľérka, alias Toyen, je jedna z najvýznamnejších osobností, spája sa s umeleckou avantgardou, ktorá má časové obdobie 1900-01-01 1950-01-01.","We need to produce Slovak sentence(s) that convey all facts. Translate non-proper nouns. Entities: ""Marie Čermínová"" is proper name, keep. ""Česko-francouzská"" is nationality, translate? It's an adjective phrase meaning ""česko-francúzska"". Keep as is? It's not proper name, so translate to Slovak: ""česko-francúzska"". ""malířka"" is profession, already Slovak. ""alias"" -> ""alias"". ""Toyen"" is alias, proper name keep. ""significance"" -> ""význam"". The value: ""jedna z nejvýznamnějších osobností"" translate to Slovak: ""jedna z najvýznamnejších osobností"". ""associatedWith"" -> ""spája sa s"". Object: ""umelecká avantgarda"" translate: ""umelecká avantgarda"". ""timePeriod"" -> ""časové obdobie"". Value: ""1900-01-01 1950-01-01"". Keep as is. We need to include all facts: Marie Čermínová má národnosť česko-francúzska, je malířka, alias Toyen, je jedna z najvýznamnejších osobností, spája sa s umeleckou avantgardou, a umelecká avantgarda má časové obdobie 1900-01-01 1950-01-01. We can combine into one sentence or two short. Probably one long sentence: ""Marie Čermínová má česko-francúzsku národnosť, je malířka, alias Toyen, je jedna z najvýznamnejších osobností, spája sa s umeleckou avantgardou, ktorá má časové obdobie 1900-01-01 1950-01-01."" Check translation: ""malířka"" is Czech; Slovak would be ""maľérka"". But we must translate non-proper nouns. ""malířka"" is a common noun, translate to Slovak: ""maľérka"". So use ""maľérka"". Also ""significance"" -> ""význam"". The phrase ""jedna z najvýznamnejších osobností"" is fine. Thus sentence: ""Marie Čermínová má česko-francúzsku národnosť, je maľérka, alias Toyen, je jedna z najvýznamnejších osobností, spája sa s umeleckou avantgardou, ktorá má časové obdobie 1900-01-01 1950-01-01."" Make sure all facts present. Yes. Return only sentence."
Id403,culture,,,4,"Moderné kaše sa nachádzajú na Náměstí Republiky v Plzni a zobrazujú chrticu, ťavu a anjela.","We need to produce Slovak sentence(s) that convey all facts. Entities: ""moderní kašny"" is subject, not a proper name? It's Czech phrase meaning ""modern fountains"". It's not a proper name, so translate to Slovak: ""moderné kaše"". Actually ""kašny"" plural? ""moderní kašny"" maybe plural ""moderné kaše"". But it's subject of each triple, likely refers to a specific artwork? Could be a proper name? It's not a proper name, so translate. So ""moderné kaše"" (plural). Predikáty: location -> ""nachádzajú sa na Náměstí Republiky v Plzni"". Need translate location entity ""Náměstí Republiky v Plzni"" is a proper name (place), keep as is. depict -> ""zobrazujú"". Objects: ""chrtice"", ""velblouda"", ""anděla"". These are Czech words for ""greyhound"", ""camel"", ""angel"". They are not proper names, so translate to Slovak: ""chrticu"", ""ťavu"", ""anjela"". Need correct case: ""zobrazujú chrticu, ťavu a anjela"". Also location: ""nachádzajú sa na Náměstí Republiky v Plzni"". Since subject is plural, use ""nachádzajú sa"". Combine: ""Moderné kaše sa nachádzajú na Náměstí Republiky v Plzni a zobrazujú chrticu, ťavu a anjela."" That includes all facts. Ensure we didn't add extra. Good."
Id404,culture,,,4,"Jiřina Bohdalová hlasovala postavy Křemílek a Vochomůrka, pričom obe postavy sú súčasťou českého kresleného večerníčka.","We need to produce Slovak sentence(s) expressing all facts. Facts: 1. Jiřina Bohdalová voicedCharacter Křemílek. 2. Jiřina Bohdalová voicedCharacter Vochomůrka. 3. Křemílek partOf český kreslený večerníček. 4. Vochomůrka partOf český kreslený večerníček. We need to translate non-proper nouns: ""voicedCharacter"" -> ""hlasová postava""? Actually ""voiced character"" meaning she voiced the character. In Slovak: ""prehlasovala postavu"". Could be ""hlasovala postavu"". Use natural phrasing: ""Jiřina Bohdalová hlasovala postavu Křemílek"". Also ""partOf"" -> ""je súčasťou"". ""český kreslený večerníček"" translate: ""český kreslený večerníček"" is not proper name? It's a description, not a proper name, so translate each word: ""český"" -> ""český"", ""kreslený"" -> ""kreslený"", ""večerníček"" -> ""večerníček"". Keep as phrase. So ""Křemílek je súčasťou českého kresleného večerníčka"". Similarly for Vochomůrka. We need to include all facts in one or two sentences. Could combine: ""Jiřina Bohdalová hlasovala postavy Křemílek a Vochomůrka, pričom obe postavy sú súčasťou českého kresleného večerníčka."" That includes all facts. Ensure no extra info. That seems fine. Check translation: ""hlasovala postavy"" maybe ""hlasovala postavu"". For plural: ""hlasovala postavy Křemílek a Vochomůrka"". That's okay. Thus final output: one sentence."
Id405,geography,,,2,Plzeň obsahuje najväčšie väzenie v Česku a najväčšie väzenie v Česku sa nachádza v Plzeň.,"We need to produce Slovak sentence(s) expressing both triples. Triples: 1. Plzeň | contains | největší věznice v Česku 2. největší věznice v Česku | location | Plzeň We need to translate non-proper nouns. ""Plzeň"" is a proper name, keep. ""největší věznice v Česku"" is a phrase meaning ""najväčší väzenie v Česku"". It's a description, not a proper name, so translate each part: ""najväčšie väzenie v Česku"". ""contains"" -> ""obsahuje"". ""location"" -> ""nachádza sa"". Actually predicate ""location"" we translate as ""nachádza sa"". So we need sentences that convey both facts. First triple: Plzeň obsahuje najväčšie väzenie v Česku. Second triple: Najväčšie väzenie v Česku sa nachádza v Plzni. (But we need to keep ""Plzeň"" as proper name, but Slovak locative ""v Plzni"". Should we keep original form? The instruction: proper names keep original form. So we keep ""Plzeň"". But grammar: ""v Plzni"" is inflected. Might be okay to keep ""v Plzeň""? Probably keep original name unchanged, but we can add case? The instruction: ""Vlastné mená (mená osôb, miest, organizácií, diel atď.) ponechaj v pôvodnej podobe."" So we should not change ""Plzeň"". So we must write ""v Plzeň"". That is not grammatically correct Slovak but per rule we keep original. So sentence: ""Najväčšie väzenie v Česku sa nachádza v Plzeň."" That uses ""v Plzeň"". Accept. Thus output two sentences (or one combined). Could combine: ""Plzeň obsahuje najväčšie väzenie v Česku a najväčšie väzenie v Česku sa nachádza v Plzeň."" That's one sentence covering both. That is fine. Return only the sentence(s)."
Id406,culture,,,3,"Adam Svatoš má prezývku Kato, začal kariéru v Chaozz a má typ kariéry hiphop.","We need to produce Slovak sentence(s) that express all facts. Facts: - Adam Svatoš has nickname Kato. - Adam Svatoš started career in Chaozz. - Adam Svatoš career type hiphop. We need to translate predicate to Slovak: ""hasNickname"" -> ""má prezývku"". ""startedCareerIn"" -> ""začal kariéru v"". ""careerType"" -> ""typ kariéry"". Or ""má typ kariéry"". Should be natural. We must not add any extra info. So sentence: ""Adam Svatoš má prezývku Kato, začal kariéru v skupine Chaozz a typ jeho kariéry je hiphop."" But ""typ jeho kariéry je hiphop"" uses ""je"". Could be ""má typ kariéry hiphop"". Use ""má typ kariéry hiphop"". That expresses all. Check: we used ""skupine"" maybe not needed. The triple says startedCareerIn Chaozz (likely a group). We can just say ""začal kariéru v Chaozz"". That's fine. Thus final: ""Adam Svatoš má prezývku Kato, začal kariéru v Chaozz a má typ kariéry hiphop."" That's one sentence. Ensure no extra facts. Good. Return only the sentence."
Id407,history,,,5,"Heliodor Píka má vojenskú hodnosť divízny generál, je československý, bol odsúdený v roku 1949 na trest smrti v rámci vykonstruovaného súdneho procesu.","We need to produce Slovak sentence(s) that convey all facts. Translate predicate names to Slovak: militaryRank -> vojenský rad? Actually ""military rank"" = ""vojenský rad""? In Slovak, ""vojenský hodnosť"". Use ""má vojenskú hodnosť"". nationality -> národnosť. convictionDate -> dátum odsúdenia. sentence -> trest. trialType -> typ súdneho procesu. Need to include all facts: Heliodar Píka má vojenskú hodnosť divízny generál, je československý, dátum odsúdenia je 1949, trest je trest smrti, typ súdneho procesu je vykonstruovaný súdny proces. Could be one sentence: ""Heliodor Píka má vojenskú hodnosť divízny generál, je československý, bol odsúdený v roku 1949 na trest smrti v rámci vykonstruovaného súdneho procesu."" That includes all. Ensure translation of ""convictionDate"" as ""dátum odsúdenia"". Use ""v roku 1949"". Good. Check requirement: Use only info given. We added ""bol odsúdený"". That's implied by convictionDate and sentence. That's okay. We didn't add extra facts. We used ""v roku"". That's fine. Return only sentence."
Id408,history,,,4,"Radyně je zrúcanina hradu, jej zakladateľom bol Karel IV, nachádza sa južne od Starého Plzence a je kultúrnou pamiatkou.","We need to produce Slovak sentence(s) expressing all facts. Entities: Radyně (proper name) stays. Predicates: type -> ""typ"" maybe ""je typom""? Should translate predicate to Slovak: ""type"" => ""typ"". ""founder"" => ""zakladateľ"". ""location"" => ""lokácia"" or ""nachádza sa"". ""status"" => ""status"" maybe ""stav"". Use natural Slovak: ""Radyně je zřícenina hradu, jej zakladateľom bol Karel IV, nachádza sa južne od Starého Plzence a je kultúrnou pamiatkou."" Need to translate ""zřícenina hradu"" as ""zrúcanina hradu"". Also ""Starého Plzence"" is proper name, keep. ""kulturní památka"" -> ""kulturná pamiatka"". Ensure all facts: type, founder, location, status. Use one sentence. Provide only sentence."
Id409,culture,,,3,"Český televízny seriál sa volá Modrá krev, má tému významné české šlechtické rody a je vedený hraběm Františkom Kinským.","We need to produce Slovak sentence(s) expressing all facts. Entities: ""Český televizní seriál"" is not a proper name, so translate to Slovak: ""český televízny seriál"". Predicate ""name"" translate to ""sa volá"". ""theme"" -> ""má tému"". ""guidedBy"" -> ""vedie ho"" or ""vedený"". Should be natural. So we need to convey that the Czech TV series is named ""Modrá krev"", has theme ""významné české šlechtické rody"", and is guided by ""hrabě František Kinský"". ""hrabě František Kinský"" is a proper name? It's a title + name, but likely keep as is. Should we translate ""hrabě"" (count) maybe not, because it's part of name? It's a title, but maybe considered not proper name? The instruction: translate each entity that is NOT a proper name. ""hrabě František Kinský"" includes title ""hrabě"" which is not proper name, but part of name? I'd treat whole as proper name? Might be safer to translate ""hrabě"" to Slovak ""gróf"". But instruction: translate each entity that is NOT a proper name (e.g., general nouns, roles). ""hrabě František Kinský"" is a person name with title, likely considered proper name, keep as is. So keep ""hrabě František Kinský"". Provide one sentence: ""Český televízny seriál sa volá Modrá krev, má tému významné české šlechtické rody a je vedený hraběm Františkom Kinským."" Need to translate ""guidedBy"" to ""vedie ho"" maybe ""vedený"". Use ""vedený"". But need to keep title case? ""hrabě František Kinský"" as object. Use ""vedený hraběm Františkom Kinským"". That adds case change, but it's okay. Provide one sentence."
Id410,culture,,,6,"Karel Kryl je československý autor, ktorý vytvoril protikomunistické protestné piesne a mal počet mnoha. Jeho diela boli vydané 1969‑01‑01 a jeho prvý LP je Bratříčku zavírej vrátka.","We need to produce Slovak sentence(s) that convey all facts. Translate non-proper nouns. Entities: ""Karel Kryl"" is proper name, keep. Predicates: nationality -> ""národnosť"". occupation -> ""povolanie"". created -> ""vytvoril"". numberOf -> ""počet"". released -> ""vydané"". firstLP -> ""prvý LP"". Objects: ""Československý"" is not proper? It's an adjective describing nationality, but it's a proper demonym? Probably treat as not proper name, translate to Slovak: ""československý"". occupation ""autor"" is already Slovak? It's Czech/Slovak word meaning author. Keep as is? It's not proper name, but it's a noun, keep as ""autor"". created object ""protikomunistické protestní písničky"" translate: ""protikomunistické protestné piesne""? But we must not add details, just translate each entity that is not proper name. The object is ""protikomunistické protestní písničky"". It's Czech phrase; we need Slovak translation: ""protikomunistické protestné piesne"". Keep meaning. numberOf object ""mnoha"" is Czech for ""mnoho"". Translate to Slovak ""mnohých""? Actually ""mnoha"" is genitive plural of ""mnohý"". In Slovak, ""mnohých"". But maybe keep as ""mnoho"". The instruction: translate each entity that is not proper name. So ""mnoha"" -> ""mnohých""? Might be tricky. Could also keep ""mnoha"" as is? Better translate to Slovak ""mnohých"". But phrase ""počet mnohých"" sounds odd. Could phrase ""mal mnoho"". However we need to convey ""numberOf"" relation: ""počet"" of what? The triple says Karel Kryl | numberOf | mnoha. That's ambiguous; but we must state ""počet mnoha"". Could phrase ""mal mnoho"". But we must keep predicate translation ""počet"". Could say ""mal počet mnoha"". That seems unnatural but okay. Maybe ""mal počet mnoha"". Keep ""mnoha"" as is? The rule says translate non-proper nouns. ""mnoha"" is not proper, so translate to Slovak ""mnohých"". But then ""počet mnohých"" also odd. I'd keep ""mnoha"" unchanged? Might be acceptable. I'd produce: ""Karel Kryl je československý autor, vytvoril protikomunistické protestné piesne, mal počet mnoha, vydané 1969-01-01 a jeho prvý LP je Bratříčku zavírej vrátka."" Need to translate firstLP object ""Bratříčku zavírej vrátka"" is title, proper name? It's a song title, keep as is. Also ""firstLP"" predicate translate to ""prvý LP"". So phrase ""jeho prvý LP je Bratříčku zavírej vrátka"". Also ""released"" date: ""vydané 1969-01-01"". Could be ""bolo vydané"". Use past tense? Not required. Provide one or two sentences. Let's craft two sentences for clarity. Sentence 1: ""Karel Kryl je československý autor, ktorý vytvoril protikomunistické protestné piesne a mal počet mnoha."" Sentence 2: ""Jeho diela boli vydané 1969-01-01 a jeho prvý LP je Bratříčku zavírej vrátka."" Ensure all facts: nationality, occupation, created, numberOf, released, firstLP. Good. Check translation: ""Československý"" -> ""československý"". ""autor"" stays. ""vytvoril"" ok. ""protikomunistické protestné piesne"". ""mal počet mnoha"" maybe keep ""mnoha"". Could be ""mal mnoho"". But predicate ""počet"" expects object. Could phrase ""mal počet mnoha"". I'll keep ""mnoha"". It's not translated? But rule says translate non-proper nouns. ""mnoha"" is Czech; Slovak equivalent ""mnohých"" or ""mnoho"". I'd use ""mnoho"". So ""mal počet mnoho"" sounds wrong. Better ""mal mnoho"". But then we drop predicate ""počet"". Might violate requirement to include numberOf fact. Must include numberOf relation. So we need to express ""počet"" relation. Could say ""mal počet mnoha"". Keep ""mnoha"" unchanged to preserve relation. Might be acceptable. I'll keep as is. Thus final answer: two sentences."
Id411,culture,,,7,"Jiří Menzel je režisér, herec aj spisovateľ a je český. Filmy Ostře sledované vlaky, Vesničko má středisková a Postřižiny režíroval Jiří Menzel.","We need to produce Slovak sentence(s) that express all facts. Facts: - Jiří Menzel profession režisér (director) - Jiří Menzel profession herec (actor) - Jiří Menzel profession spisovateľ (writer) - Jiří Menzel nationality český (Czech) - Ostře sledované vlaky directedBy Jiří Menzel (film directed by Jiří Menzel) - Vesničko má středisková directedBy Jiří Menzel - Postřižiny directedBy Jiří Menzel We need to translate non-proper nouns: profession -> povolanie? But they said translate predicate to Slovak and use naturally. So ""profesia"" maybe ""povolanie"". Use ""je"" for profession? Could say ""Jiří Menzel je režisér, herec aj spisovateľ a je český. Režisérom filmov Ostře sledované vlaky, Vesničko má středisková a Postřižiny je Jiří Menzel."" Need natural. We must include all facts. Could be two sentences: first about Jiří Menzel's professions and nationality. Second about the three films directed by him. Make sure to keep original titles unchanged (they are proper names). Use ""režisér"", ""herec"", ""spisovateľ"". Use ""český"" as adjective, maybe ""český"". Should we translate ""český"" to Slovak ""český""? It's same. Keep as is. Sentence: ""Jiří Menzel je režisér, herec aj spisovateľ a je český."" That's fine. Second: ""Filmy Ostře sledované vlaky, Vesničko má středisková a Postřižiny režíroval Jiří Menzel."" That expresses directedBy. Check: predicate ""directedBy"" translates to ""režíroval"". Use past tense. Good. All facts covered. No extra. Output only sentences."
Id412,culture,,,5,"Bohumil Hrabal je prozaik, je český, jeho obdobie pôsobenia je 1950-01-01/2000-12-31 a je autorom diel Ostře sledované vlaky a Obsluhoval jsem anglického krále.","We need to produce Slovak sentence(s) expressing all facts. Translate non-proper nouns: occupation -> ""povolanie"" maybe ""povolanie"" or ""povolanie"". ""prozaik"" is Czech word; translate to Slovak ""prozaik"". nationality -> ""národnosť"". ""český"" is adjective; translate? It's not proper name, so translate to Slovak ""český"". activePeriod -> ""obdobie pôsobenia"" maybe ""obdobie aktivity"". Keep date range as given. authorOf -> ""autor diela"". Titles are proper names, keep original. We must include all facts: Bohumil Hrabal je prozaik, je český, jeho obdobie pôsobenia je 1950-01-01/2000-12-31, je autorom Ostře sledované vlaky a autorom Obsluhoval jsem anglického krále. We can combine into one sentence: ""Bohumil Hrabal je prozaik, je český, jeho obdobie pôsobenia je 1950-01-01/2000-12-31 a je autorom diel Ostře sledované vlaky a Obsluhoval jsem anglického krále."" Check translation of ""activePeriod"" to Slovak: ""obdobie aktivity"" or ""obdobie pôsobenia"". Use ""obdobie pôsobenia"". Ensure date format unchanged. Thus final answer: one sentence."
Id413,geography,,,3,"Mesto má názov Děčín, nachádza sa v regióne Ústecký kraj a na zjazde Labe Ploučnice.","We need to produce Slovak sentence(s) expressing all facts. Entities: ""město"" is not proper name, translate to ""mesto"". Predicates: ""locatedInRegion"" -> ""sa nachádza v regióne"". ""situatedAtConfluence"" -> ""sa nachádza na zjazde"". ""hasName"" -> ""má názov"". Objects: ""Ústecký kraj"" is proper name? It's a region name, likely proper, keep as is. ""Labe Ploučnice"" maybe two rivers? It's a confluence of Labe and Ploučnice, but treat as object string, not translate. Keep as is. ""Děčín"" proper name, keep. We need to include all facts: The city has name Děčín, is located in region Ústecký kraj, is situated at confluence Labe Ploučnice. Could combine: ""Mesto Děčín sa nachádza v regióne Ústecký kraj a nachádza sa na zjazde Labe a Ploučnice."" But need to reflect ""situatedAtConfluence"" object is ""Labe Ploučnice"". Might need to keep as phrase ""Labe Ploučnice"". Could say ""na zjazde Labe Ploučnice"". Use proper translation. Sentence: ""Mesto Děčín má názov Děčín, nachádza sa v regióne Ústecký kraj a nachádza sa na zjazde Labe Ploučnice."" But ""má názov Děčín"" redundant because we already said ""Mesto Děčín"". But we must include fact ""hasName"". Could phrase: ""Mesto má názov Děčín, nachádza sa v regióne Ústecký kraj a na zjazde Labe Ploučnice."" That includes all. We must not add extra facts. That's fine. Return only sentence(s)."
Id414,culture,,,6,"Libuše je postava z českých povesti, má otca Krok, má sestru Kazi a sestru Teta, je mýtická česká kněžka a je manželom Přemysl Oráč.","We need to produce Slovak sentence(s) that express all facts. Translate non-proper nouns. Entities: Libuše (proper name) stays. ""české pověsti"" is Czech phrase meaning ""české pověsti"" (Czech legends). It's not proper? It's a title maybe. Should translate? It's not proper name, so translate to Slovak: ""české povesti"". ""Krok"" is proper name (father). Keep. ""Kazi"" proper name. ""Teta"" proper name? Might be a name, but also means aunt. In Czech legend, Teta is a name. Keep as is. ""česká kněžna"" translate to ""česká kněžka""? Slovak: ""česká kněžka"". ""Přemysl Oráč"" is proper name (maybe ""Přemysl Oráč""). Keep. Predicates: isCharacterFrom -> ""je postava z"". hasFather -> ""má otca"". hasSister -> ""má sestru"". isMythical -> ""je mýtická"". isSpouseOf -> ""je manželom"". Need natural Slovak. Combine: ""Libuše je postava z českých povest, má otca Krok, má sestru Kazi a sestru Teta, je mýtická česká kněžka a je manželom Přemysl Oráč."" Ensure all facts. Use commas. That covers all. Should we separate into two short sentences? Could be one. It's okay. Check translation: ""české pověsti"" -> ""české povesti"". Good. Thus final answer: single sentence."
Id415,history,,,4,"Praotec Čech je legendárny, je predok a viedol ľudí do zeme zasľúbenej. České povesti opisujú udalosť, že Praotec Čech viedol ľudí do zeme zasľúbenej.","We need to produce Slovak sentences expressing all facts. Facts: 1. Praotec Čech | isLegendary | true → ""Praotec Čech je legendárny."" 2. Praotec Čech | isAncestor | true → ""Praotec Čech je predok."" 3. Praotec Čech | ledPeople | do země zaslíbené → ""Praotec Čech viedol ľudí do zeme zasľúbenej."" 4. české pověsti | describeEvent | Praotec Čech ledPeople do země zaslíbené → ""České povesti opisujú udalosť, že Praotec Čech viedol ľudí do zeme zasľúbenej."" We need to include all facts, maybe combine. Could be two sentences: one about Praotec Čech being legendary and ancestor and leading people; second about české pověsti describing that event. We must translate predicate ""ledPeople"" to Slovak: ""viedol ľudí"". ""describeEvent"" -> ""opisujú udalosť"". ""isLegendary"" -> ""je legendárny"". ""isAncestor"" -> ""je predok"". Ensure we keep proper nouns unchanged. Thus produce maybe two sentences: ""Praotec Čech je legendárny, je predok a viedol ľudí do zeme zasľúbenej."" ""České povesti opisujú udalosť, že Praotec Čech viedol ľudí do zeme zasľúbenej."" Check that we didn't add extra facts. We used all. Good. Return only sentences."
Id416,geography,,,4,"Blaník je miestom ukrytej armády rytierov, ktorá je podľa českej povesti, vyjde na pomoc svojmu ľudu a podmienkou pre výjazd je, že bude českému národu najhoršie.","We need to produce Slovak sentence(s) expressing all facts. Entities: ""Blaník"", ""ukryta armáda rytířů"", ""česká pověst"". Predicates: locationOf -> ""nachádza sa"" maybe ""je umiestnená"". accordingTo -> ""podľa"". willRideOut -> ""vyjde na pomoc"". conditionForRideOut -> ""podmienkou pre výjazd je"". Need translate predicates to Slovak naturally. Facts: - Blaník je miestom (locationOf) ukrytej armády rytierov. So ""Blaník je miestom ukrytej armády rytierov."" - Ukrytá armáda rytierov je podľa českej povesti. So ""Ukrytá armáda rytierov je podľa českej povesti."" - Ukrytá armáda rytierov vyjde na pomoc svojmu ľudu. So ""Ukrytá armáda rytierov vyjde na pomoc svojmu ľudu."" - Ukrytá armáda rytierov má podmienku pre výjazd, že bude českému národu najhoršie. The object ""bude českému národu nejhůře"" is a phrase in Czech meaning ""bude českému národu najhoršie"". So we need to keep exact phrase? Must preserve numbers, dates, values exactly as given. This is a phrase, not a number. Should we keep original Czech phrase? The rule: translate each entity that is not a proper name. ""bude českému národu nejhůře"" is a phrase, not a proper name, but it's a clause. Should we translate? It says translate each entity that is NOT a proper name (e.g., general nouns, roles, general descriptions). This phrase is a clause, not a proper name. Should we translate to Slovak? Probably yes: ""bude českému národu najhoršie"". But the phrase includes ""českému národu"" which is a phrase, not a proper name. So translate to Slovak: ""bude českému národu najhoršie"". Keep ""českému národu"" as is? It's not a proper name, it's a noun phrase. So translate to Slovak: ""bude českému národu najhoršie"". That's already Slovak? Actually ""českému národu"" is Slovak as well. ""nejhůře"" is Czech for ""najhoršie"". So translate to Slovak: ""bude českému národu najhoršie"". So final sentence: ""Ukrytá armáda rytierov má podmienku pre výjazd, že bude českému národu najhoršie."" Combine maybe into one or two sentences. Could be three sentences. Must include all facts. Could combine first two: ""Blaník je miestom ukrytej armády rytierov, ktorá je podľa českej povesti, vyjde na pomoc svojmu ľudu a podmienkou pre výjazd je, že bude českému národu najhoršie."" That includes all. But need to ensure each predicate used. Might be okay. Provide one sentence. Let's craft: ""Blaník je miestom ukrytej armády rytierov, ktorá je podľa českej povesti, vyjde na pomoc svojmu ľudu a podmienkou pre výjazd je, že bude českému národu najhoršie."" Check translation of predicates: - locationOf -> ""je miestom"" - accordingTo -> ""je podľa"" - willRideOut -> ""vyjde na pomoc"" - conditionForRideOut -> ""podmienkou pre výjazd je, že"" All facts present. Yes. Return only sentence."
Id417,culture,,,4,"Bivoj je český legendárny hrdina, chytil divokého kanca, získal ruku Kazi a podľa povesti.","We need to produce Slovak sentence(s) that express all facts. Translate non-proper nouns. Entities: Bivoj (proper name) stays. ""Český Legendární Hrdina"" is not proper? It's a phrase, likely a title, but it's not a proper name; we need translate to Slovak: ""český legendárny hrdina"". ""Divoký Kanec"" - ""divoký kanec"". ""Ruka Kazi"" - ""ruka Kazi""? ""Kazi"" maybe proper name? Probably ""Kazi"" is proper (a name). So ""ruka Kazi"" keep ""Kazi"" as proper, translate ""Ruka"" to ""ruka"". ""Pověst"" is Czech for ""povesť"". So translate to ""povesť"". Predikáty: isA -> ""je"". caught -> ""chytil"". obtained -> ""získal"". accordingTo -> ""podľa"". Need natural Slovak sentence(s) covering all facts. Could be: ""Bivoj je český legendárny hrdina, chytil divokého kanca, získal ruku Kazi a podľa povesti."" But need to include ""podľa povesti"" maybe ""podľa povesti"" is a phrase meaning ""according to legend"". Could be ""Bivoj je český legendárny hrdina, chytil divokého kanca, získal ruku Kazi a podľa povesti."" That includes all facts. Ensure no extra info. That seems fine. One sentence."
Id418,history,,,3,Jan Hus bol popravený v Kostnici dňa 6. júla 1415 upálením.,"We need to produce Slovak sentence(s) that convey all facts: Jan Hus was executed at Kostnice, on 6 July 1415, by burning. Must translate predicate to Slovak: ""executionLocation"" -> ""miesto popravy"" or ""miesto popravenia""? Probably ""miesto popravy"". ""executionDate"" -> ""dátum popravy"". ""executionMethod"" -> ""spôsob popravy"". Use natural sentence: ""Jan Hus bol popravený v Kostnici dňa 6. júla 1415 upálením."" That includes location, date, method. Ensure all facts: location Kostnice, date 1415-07-06, method upálením (burned). Use ""upálením"" as method. Should we keep ""upálením"" as noun? The predicate translation ""spôsob popravy"" but we can embed. Sentence: ""Jan Hus bol popravený v Kostnici dňa 6. júla 1415 upálením."" That covers all. No extra facts. Provide only sentence."
Id419,history,,,6,"Svatý Václav je český kníže, je svätec, bol zavraždený v Starej Boleslave služobníkmi Boleslava. Boleslav je bratom Svatého Václava a služobníci patria Boleslavovi.","We need to produce Slovak sentence(s) that express all facts. Translate non-proper nouns. Entities: ""Svatý Václav"" is proper name, keep. ""český kníže"" translate predicate isA -> ""je"". So ""Svatý Václav je český kníže."" Also ""Svatý Václav je světec."" ""Svatý Václav bol zavraždený v Stará Boleslav."" Need translate ""Stará Boleslav"" is a place name, keep as is. ""Svatý Václav bol zavraždený služobníkmi Boleslava."" Need translate ""služebníci"" to ""služobníci"". Already Czech, Slovak ""služobníci"". ""Boleslav je brat Svatého Václava."" Actually ""Boleslav | isBrotherOf | Svatý Václav"" => ""Boleslav je bratom Svatého Václava."" Use ""je bratom"". ""služebníci | belongTo | Boleslav"" => ""služobníci patria Boleslavovi."" Need to express all facts. Could combine into one or two sentences. Must include all facts. Could do two sentences: first about Svatý Václav, second about Boleslav and služobníci. Ensure no extra info. Provide exactly sentences. Let's craft: ""Svatý Václav je český kníže, je světec, bol zavraždený v Starej Boleslave služobníkmi Boleslava."" Need include that Boleslav is brother of Svatý Václav, and služobníci belong to Boleslav. Could add: ""Boleslav je bratom Svatého Václava a služobníci patria Boleslavovi."" Thus two sentences cover all facts. Ensure translation of ""světec"" to Slovak ""svätec""? Actually ""svätec"" is Slovak. Use ""svätec"". So ""je svätec"". Use ""český kníže"". Good. Now final answer."
Id420,history,,,4,"Pátý československý prezident sa volá Antonín Zápotocký. Antonín Zápotocký bol pátym československým prezidentom, ktorý nastúpil do funkcie dňa 1953-01-01 a ukončil úrad dňa 1957-12-31.","We need to produce Slovak sentence(s) that express all facts. Facts: - ""pátý československý prezident"" has name ""Antonín Zápotocký"". So subject: pátý československý prezident, predicate: name, object: Antonín Zápotocký. Translate predicate ""name"" to Slovak ""sa volá"" or ""má meno"". Use natural. - Antonín Zápotocký position pátý československý prezident. So ""Antonín Zápotocký bol pátym československým prezidentom."" Need to translate ""position"" as ""bol"". Could be ""mal pozíciu"". But natural: ""bol"". - Antonín Zápotocký termStartDate 1953-01-01. So ""Antonín Zápotocký nastúpil do funkcie dňa 1953-01-01."" Or ""začal úradovať dňa"". Use ""termStartDate"" translate as ""začal úradovať dňa"". Keep date format. - Antonín Zápotocký termEndDate 1957-12-31. So ""Antonín Zápotocký ukončil úrad dňa 1957-12-31."" We must include all facts. Could combine: ""Antonín Zápotocký bol pátym československým prezidentom, ktorý nastúpil do funkcie dňa 1953-01-01 a ukončil úrad dňa 1957-12-31. Páty československý prezident sa volá Antonín Zápotocký."" That repeats name. All facts covered. Check translation of ""pátý československý prezident"" as ""pátym československým prezidentom"". Good. We must not add extra facts. The sentence ""ktorý nastúpil do funkcie dňa ..."" is okay. It uses ""nastúpil do funkcie"" as translation of termStartDate. That's not adding new info, just expressing date. Make sure we include both start and end dates. Thus final output: one or two sentences. Provide exactly sentences. Let's produce two sentences: first stating name mapping, second stating position and dates. Sentence 1: ""Pátý československý prezident sa volá Antonín Zápotocký."" (subject is ""pátý československý prezident""). Sentence 2: ""Antonín Zápotocký bol pátym československým prezidentom, ktorý nastúpil do funkcie dňa 1953-01-01 a ukončil úrad dňa 1957-12-31."" That covers all. Ensure no extra. Output only those sentences."
Id421,history,,,4,"Gustáv Husák bol posledným komunistickým prezidentom Československa, prezident, ktorý mal dátum začiatku 1975-01-01 a dátum konca 1989-12-31.","We need to produce Slovak sentence(s) that convey all facts. Facts: - Gustáv Husák isLastCommunistPresidentOf Československo → translate: ""Gustáv Husák bol posledným komunistickým prezidentom Československa."" - position: prezident → ""Gustáv Husák bol prezident."" - startDate 1975-01-01 → ""Gustáv Husák nastúpil do funkcie 1. januára 1975."" Or ""začal úradovať 1975-01-01"". Must keep exact date format? It says preserve numbers, dates exactly as given. So we should keep ""1975-01-01"". Could embed as ""od 1975-01-01"". Similarly endDate 1989-12-31. We need to include all facts, no extra. Could combine: ""Gustáv Husák bol posledným komunistickým prezidentom Československa, prezident, ktorý nastúpil do funkcie 1975-01-01 a skončil úradovať 1989-12-31."" But need to translate predicate ""position"" to ""pozícia"" maybe ""bol prezident"". Already covered. Might be redundant but okay. We must not add facts not in triples. The phrase ""ktorý nastúpil do funkcie"" is an inference? The triple says startDate, not necessarily ""nastúpil"". But we can say ""mal dátum začiatku 1975-01-01"". That's safe. Use ""mal dátum začiatku 1975-01-01 a dátum konca 1989-12-31"". That uses only given info. Thus sentence: ""Gustáv Husák bol posledným komunistickým prezidentom Československa, prezident, ktorý mal dátum začiatku 1975-01-01 a dátum konca 1989-12-31."" Check: includes all facts: last communist president of Czechoslovakia, position president, startDate, endDate. Yes. Make sure translation of predicate ""isLastCommunistPresidentOf"" -> ""bol posledným komunistickým prezidentom"". Good. Return only sentence."
Id422,politics,,,3,"prezident České republiky má poradové číslo 2, krajinu Česká republika a meno Václav Klaus.","We need to produce Slovak sentence(s) that express all facts: ""2. prezident České republiky"" has ordinalNumber 2, country Česká republika, name Václav Klaus. We must translate non-proper nouns: ""president"" -> ""prezident"", ""Česká republika"" is a proper name (Czech Republic) keep as is? It's a proper name, so keep original. ""ordinalNumber"" -> ordinal number, we need to express ""2."" as ordinal number. The subject is ""2. prezident České republiky"". That's a phrase containing ordinal number already. But we need to convey that the ordinal number is 2. Could say: ""2. prezident České republiky má poradové číslo 2, patrí do krajiny Česká republika a volá sa Václav Klaus."" But need to translate predicate ""ordinalNumber"" to Slovak: ""má poradové číslo"". ""country"" -> ""krajina"". ""name"" -> ""meno"". So sentence: ""2. prezident České republiky má poradové číslo 2, krajinu Česká republika a meno Václav Klaus."" Might be slightly unnatural but okay. Could split into two short sentences if needed. But one sentence is fine. Check requirement: Use only info given. We used all three facts. No extra. Use proper nouns unchanged. ""Česká republika"" is proper, keep. ""Václav Klaus"" proper, keep. ""2. prezident České republiky"" includes ordinal number already, but we also state ordinal number 2. That's okay. Thus final output: one sentence."
Id423,history,,,1,Klášter v Plasích pôvodne patrí Cisterciácký řád.,"We need to produce Slovak sentence(s) expressing the fact: ""klášter v Plasích originallyBelongedTo Cisterciácký řád"". Translate predicate to Slovak: ""pôvodne patrí"" or ""pôvodne patrí k"". The instruction: translate predicate always to Slovak and use naturally. So ""klášter v Plasích pôvodne patrí Cisterciáckému rádu."" Need correct case: ""Cisterciácký řád"" is proper name? It's a proper name of order, but it's not a proper name? It's a name of order, but likely treat as proper noun, keep original. However we need to translate predicate. Use ""pôvodne patrí"". Could also ""pôvodne patrí k"". I'd say: ""Klášter v Plasích pôvodne patrí Cisterciáckému rádu."" Use Slovak diacritics: ""Cisterciáckému"" is declension. The original is ""Cisterciácký řád"" (Czech). In Slovak, ""Cisterciácky rád""? But we keep original name unchanged? The rule: translate each entity that is NOT a proper name. ""Cisterciácký řád"" is a proper name (order). So keep as is. But need case? If we keep unchanged, we can't decline. Could keep as ""Cisterciácký řád"". Then sentence: ""Klášter v Plasích pôvodne patrí Cisterciáckému řádu."" But mixing declension with Czech? Might be okay. Use original phrase unchanged but adjust case? The rule says keep proper names unchanged. So we shouldn't change ""Cisterciácký řád"". So we must keep exactly ""Cisterciácký řád"". Then we need to fit grammar: maybe ""pôvodne patrí Cisterciáckému řádu"" changes the name. That changes it. So maybe we use predicate ""pôvodne patrí"" and then object as ""Cisterciácký řád"". Without case change: ""Klášter v Plasích pôvodne patrí Cisterciácký řád."" That's grammatically off but per rule we must not modify. So we output that. Thus final answer: one sentence."
Id424,geography,,,7,"Rabí je kultúrnym pamiatkom, je hradom, je najväčšou zrúcaninou, sa nachádza v Česku a je vzdialený od Sušice 8 kilometrov.","We need to produce Slovak sentence(s) that express all facts. Translate non-proper nouns. Entities: Rabí (proper name), Česko (proper name). Predicates: isCulturalMonument -> ""je kultúrnym pamiatkom""? Actually ""isCulturalMonument"" true => ""je kultúrnym pamiatkom"". isType -> ""je typom"" hrad => ""je hradom"". isLargest -> ""je najväčšou"" zřícenina => ""je najväčšou zrúcaninou"". isLocatedIn -> ""sa nachádza v"" Česko => ""sa nachádza v Česku"". distanceFrom -> ""je vzdialený od"" Sušice => ""je vzdialený od Sušice"". distanceValue -> ""vzdialenosť je"" 8. distanceUnit -> ""kilometrov"". Need combine distance facts: ""je vzdialený od Sušice 8 kilometrov"". Use proper translation: ""8 kilometrov"". So final sentence: ""Rabí je kultúrnym pamiatkom, je hradom, je najväčšou zrúcaninou, sa nachádza v Česku a je vzdialený od Sušice 8 kilometrov."" Ensure all facts included. Yes."
Id425,geography,,,2,Najznámejšia funkcionalistická vila v Česku sa nachádza v Brne a volá sa Vila Tugendhat.,"We need to produce Slovak sentence(s) expressing all facts. Two triples: Subject: ""Nejznámější funkcionalistická vila v Česku"" (Czech phrase) - not a proper name? It's a description, not a proper name. Should translate to Slovak: ""Najznámejšia funkcionalistická vila v Česku"". Predicate ""locatedIn"" -> translate to ""sa nachádza v"". Object ""Brno"" is a proper name, keep as ""Brno"". Second triple: same subject, predicate ""name"" -> translate to ""sa volá"". Object ""Vila Tugendhat"" is proper name, keep. We need to include both facts in one or two sentences. Could be: ""Najznámejšia funkcionalistická vila v Česku sa nachádza v Brne a volá sa Vila Tugendhat."" That includes both. Ensure translation of ""locatedIn"" as ""sa nachádza v"". ""name"" as ""sa volá"". Good. Check requirement: translate each entity that is not a proper name. Subject is not proper name, translate. Object ""Brno"" is proper name, keep. Object ""Vila Tugendhat"" is proper name, keep. Good. Return only the sentence."
Id426,culture,,,5,"Brummelův dům je obývacím domom, nachádza sa v Plzni, navrhol ho Adolf Loos, má ochranný status nehnuteľná kultúrna pamiatka České republiky a od 2002-01-01 je chránený.","We need to produce Slovak sentence(s) that convey all facts. Translate non-proper nouns. Entities: ""Brummelův dům"" is a proper name, keep. Predicates: isA -> ""je"". location -> ""sa nachádza"". designedBy -> ""navrhol"". protectionStatus -> ""má ochranný status"". protectionStartDate -> ""od"". Need to include all facts. Sentence: ""Brummelův dům je činžovní dům, nachádza sa v Plzni, navrhol ho Adolf Loos, má ochranný status nemovitá kulturní památka České republiky a od 1.1.2002 je chránený."" But need to keep date format exactly ""2002-01-01"". Should we keep date as is? Requirement: preserve numbers, dates exactly as given. So we should write ""2002-01-01"". In Slovak, we can embed date as ""od 2002-01-01"". That's fine. Also translate ""činžovní dům"" -> ""obývacím domom""? Actually ""činžovní dům"" is Czech for ""rental house"". But we need to translate non-proper nouns. ""činžovní dům"" is a common noun phrase, should be translated to Slovak. Could be ""obývacím domom""? Might be ""obývacím domom"" or ""nájomný dom"". But we must translate. The phrase ""činžovní dům"" is Czech; Slovak equivalent ""obývacím domom"" maybe. However we need to be literal? The instruction: ""Prelož do slovenčiny každú entitu, ktorá NIE JE vlastné meno (napr. všeobecné podstatné mená, roly, všeobecné opisy)."" So translate ""činžovní dům"" to Slovak. I'd choose ""obývacím domom"". Also ""nemovitá kulturní památka České republiky"" translate to Slovak: ""nehnuteľná kultúrna pamiatka Českej republiky"". Keep proper nouns like ""České republiky""? That's a proper name, but it's a country name, should stay original? The rule: proper names keep original. ""České republiky"" is a proper name, keep as is. So translation: ""nehnuteľná kultúrna pamiatka České republiky"". Also ""Adolf Loos"" is proper, keep. Thus sentence: ""Brummelův dům je obývacím domom, nachádza sa v Plzni, navrhol ho Adolf Loos, má ochranný status nehnuteľná kultúrna pamiatka České republiky a od 2002-01-01 je chránený."" Need to include all facts. Could be two sentences if needed. But one sentence can hold all. Check each fact: - isA: ""je obývacím domom"" - location: ""nachádza sa v Plzni"" - designedBy: ""navrhol ho Adolf Loos"" - protectionStatus: ""má ochranný status nehnuteľná kultúrna pamiatka České republiky"" - protectionStartDate: ""od 2002-01-01"" All included. Make sure grammar: ""má ochranný status nehnuteľná kultúrna pamiatka České republiky"" maybe need ""je nehnuteľná kultúrna pamiatka České republiky"". But predicate is protectionStatus, so ""má ochranný status"" is fine. Thus final answer: single sentence."
Id427,history,,,4,"Funkcionalistický pamätník má architekta František Lýdie Gahura, dátum otvorenia 1933, polohu Zlín a je venovaný Tomáš Baťa.","We need to produce Slovak sentence(s) that convey all facts. Entities: ""Funkcionalistický pamätník"" is not a proper name, so translate each entity that is not proper name. ""Funkcionalistický pamätník"" is a common noun phrase, keep as is? It's not a proper name, but it's the subject. Should we translate? It's already Slovak. Keep. Predicate translations: architect -> architekt, openingDate -> dátum otvorenia, location -> poloha, dedicatedTo -> venovaný (or venovaný komu). Need to produce sentences: ""Funkcionalistický pamätník má architekta František Lýdie Gahura, dátum otvorenia 1933, poloha Zlín a je venovaný Tomášovi Baťovi."" But need to use proper Slovak grammar. ""Funkcionalistický pamätník má architekta Františka Lýdieho Gahuru, otvoril sa v roku 1933, nachádza sa v Zlíne a je venovaný Tomášovi Baťovi."" However we must not add extra info like ""v roku"". The predicate ""openingDate"" is ""dátum otvorenia"". Could phrase: ""Funkcionalistický pamätník má dátum otvorenia 1933."" That's okay. Also location: ""Funkcionalistický pamätník má polohu Zlín."" Might be okay. But we need natural flow. Could combine: ""Funkcionalistický pamätník má architekta Františka Lýdieho Gahuru, dátum otvorenia 1933, polohu Zlín a je venovaný Tomášovi Baťovi."" That includes all facts. Ensure proper case for names: ""František Lýdie Gahura"" is proper name; we need to keep original form? The instruction: ""Vlastné mená (mená osôb, miest, organizácií, diel atď.) ponechaj v pôvodnej podobe."" So we must not inflect proper names. So keep ""František Lýdie Gahura"" exactly. Also ""Tomáš Baťa"" keep as is. So we cannot add case endings. So sentence must use them unchanged. That may be slightly ungrammatical but required. So we can say: ""Funkcionalistický pamätník má architekta František Lýdie Gahura, dátum otvorenia 1933, polohu Zlín a je venovaný Tomáš Baťa."" That uses proper names unchanged. Should we keep ""Zlín"" unchanged (proper name). Yes. Thus final answer: one sentence."
Id428,culture,,,7,"Ladislav Smoljak bol režisér, scenárista a herec, mal úlohu hlavnej postavy, bol spojený s Divadlom Járy Cimrmana, jeho dátum úmrtia je 2010‑01‑01 a jeho národnosť bola česká.","We need to produce Slovak sentence(s) that express all facts. Facts: - Ladislav Smoljak profession režisér (director) - Ladislav Smoljak profession scenárista (screenwriter) - Ladislav Smoljak profession herec (actor) - Ladislav Smoljak role čelní postava (lead role) - Ladislav Smoljak associatedWith Divadlo Járy Cimrmana (associated with) - Ladislav Smoljak deathDate 2010-01-01 (date of death) - Ladislav Smoljak nationality český (Czech) We need to translate non-proper nouns: profession -> povolanie, role -> úloha, associatedWith -> spojený s? maybe ""spojený s"" or ""spojený s"". deathDate -> dátum úmrtia, nationality -> národnosť. Also translate ""režisér"", ""scenárista"", ""herec"" are already Slovak? They are Czech/Slovak words, but they are not proper names, so they remain as they are? The instruction: ""Prelož do slovenčiny každú entitu, ktorá NIE JE vlastné meno (napr. všeobecné podstatné mená, roly, všeobecné opisy)."" So ""režisér"", ""scenárista"", ""herec"" are common nouns, need Slovak translation. In Slovak, ""režisér"" is same, ""scenárista"" same, ""herec"" same. So they remain unchanged. ""čelní postava"" is phrase, translate to Slovak: ""hlavná postava"". So we need to translate that. ""Divadlo Járy Cimrmana"" is proper name, keep as is. ""český"" is adjective for nationality, translate to Slovak: ""český"" maybe ""český"" is also Slovak? In Slovak, ""český"" is also used. Could be ""český"". So keep. Now produce sentence(s) that include all facts. Could be: ""Ladislav Smoljak bol režisér, scenárista a herec, hrál čelnú postavu, bol spojený s Divadlom Járy Cimrmana, zomrel dňa 2010-01-01 a jeho národnosť bola česká."" Need to translate ""čelnú postavu"" to Slovak: ""hlavnú úlohu""? Actually ""čelná postava"" = ""hlavná postava"". So ""hral hlavnú postavu"". Use ""bol spojený s"". Use ""dátum úmrtia"". Could say ""dátum úmrtia je 2010-01-01"". Keep date format. Make sure we include all facts: profession three, role, associatedWith, deathDate, nationality. Sentence: ""Ladislav Smoljak bol režisér, scenárista a herec, hrál hlavnú postavu, bol spojený s Divadlom Járy Cimrmana, jeho dátum úmrtia je 2010-01-01 a jeho národnosť bola česká."" Check translation of ""role"" -> ""úloha"". But we used ""hral hlavnú postavu"". That's okay. Could also say ""mal úlohu hlavnej postavy"". Use ""úloha"". Let's incorporate: ""mal úlohu hlavnej postavy"". That expresses role. Thus final answer: one sentence."
Id429,geography,,,3,Bílé Karpaty majú najvyšší vrchol Velká Javořina. Velká Javořina má výšku 970 metrov a nachádza sa v Bílé Karpaty.,"We need to produce Slovak sentence(s) that express all facts. Triples: 1. Bíne Karpaty | highestPeak | Velká Javořina 2. Velká Javořina | heightInMeters | 970 3. Velká Javořina | location | Bíne Karpaty We must translate non-proper nouns. ""Bílé Karpaty"" is a proper name (mountain range) keep as is. ""Velká Javořina"" is proper name (peak) keep. Predicates translate: ""highestPeak"" -> ""najvyšší vrchol"". ""heightInMeters"" -> ""výška v metroch"". ""location"" -> ""nachádza sa"". Need to express all facts. Could be two sentences: ""Bílé Karpaty majú najvyšší vrchol Velká Javořina. Velká Javořina má výšku 970 metrov a nachádza sa v Bílé Karpaty."" Ensure numbers exact. Use ""970 metrov"". Should we keep ""metrov"" as part of translation? The predicate is heightInMeters, we can say ""výška 970 metrov"". That's fine. Make sure we include all facts: highestPeak relation, height, location. The location fact is already covered by ""nachádza sa v Bílé Karpaty"". Also we might need to state that Velká Javořina is the highest peak of Bílé Karpaty, which we did. Thus final answer: two sentences."
Id430,culture,,,8,"Josef Jungmann bol básnik, lingvista, narodil sa v roku 1773, bol český, bol vedúca osobnosť, bol spojený s českým národným obrodením, spolu tvoril s Josefom Dobrovským a spolu s ním boli považovaní za tvorcov modernej češtiny.","We need to produce Slovak text sentences covering all facts. Translate non-proper nouns. Entities: Josef Jungmann (proper), occupation -> ""povolanie"" maybe ""povolanie"". Should translate predicate to Slovak. So sentences: ""Josef Jungmann bol básnik a lingvista."" Also need birthDate: ""Narodil sa v roku 1773."" Nationality: ""Bol český."" Role: ""Bol vedúca osobnosť."" AssociatedWith: ""Bol spojený s českým národným obrodením."" CoCreatorWith: ""Spolu tvoril s Josefom Dobrovským."" The last triple: subject ""Josef Jungmann a Josef Dobrovský"" consideredAs ""tvůrce moderní češtiny"" translate to ""považovaní za tvorcov modernej češtiny"". Need to include all facts in one or two sentences. Could combine: ""Josef Jungmann bol básnik, lingvista, narodil sa v roku 1773, bol český, bol vedúca osobnosť, bol spojený s českým národným obrodením, spolu tvoril s Josefom Dobrovským a spolu s ním boli považovaní za tvorcov modernej češtiny."" That includes all. Ensure translation of predicate ""consideredAs"" -> ""považovaný za"". Use plural? Since subject is duo, ""považovaní za tvorcov modernej češtiny"". Good. Check all facts: occupation (básnik, lingvista) both included. birthDate 1773 included. nationality český included. role vedúca osobnosť included. associatedWith české národní obrození -> ""českým národným obrodením"". coCreatorWith Josef Dobrovský -> ""spolu tvoril s Josefom Dobrovským"". consideredAs tvůrce moderní češtiny -> ""považovaní za tvorcov modernej češtiny"". All present. Return only sentence(s). Probably one sentence is fine."
Id431,sports,,,1,Eva Adamczyková rozená Samková je známa pre snowboarding.,"We need to produce a Slovak sentence expressing the fact: Eva Adamczyková rozená Samková is famous for snowboarding. Translate predicate ""isFamousFor"" to Slovak ""je známa pre"" or ""je známa tým, že""? Should be natural. Use translation of non-proper nouns: ""snowboarding"" is a sport, maybe keep as ""snowboarding"" or translate to Slovak ""snowboarding""? The instruction: translate each entity that is NOT a proper name. ""snowboarding"" is a common noun, so translate to Slovak ""snowboarding"" maybe ""snowboarding"" is English loanword; but we should translate to Slovak ""snowboarding"" -> ""snowboarding"" maybe ""snowboarding"" is not Slovak; better ""snowboarding"" = ""snowboarding"". Could translate to ""snowboarding"" as ""snowboarding"". But instruction: translate each entity that is not a proper name. So ""snowboarding"" should be translated to Slovak ""snowboarding""? Actually Slovak term is ""snowboarding"" also used, but maybe ""snowboarding"" -> ""snowboarding"". Could also be ""snowboarding"" -> ""snowboarding"". Might be okay. Could also be ""snowboarding"" -> ""snowboarding"". I'll produce: ""Eva Adamczyková rozená Samková je známa pre snowboarding."" That respects."
Id432,history,,,1,Prvá česká kniežatí dynastia má názov dynastie Přemyslovců.,"We need to produce Slovak sentence(s) expressing the fact. The triple: subject ""první česká knížecí dynastie"", predicate ""hasName"", object ""dynastie Přemyslovců"". Translate non-proper nouns: ""první česká knížecí dynastie"" is not a proper name? It seems a description, not a proper name. So translate each part: ""první česká knížecí dynastie"" -> ""prvá česká kniežatí dynastia"". ""dynastie Přemyslovců"" is a proper name? It's a dynastie name, includes Přemyslovců (Czech). Probably treat as proper name, keep as is. Predicate ""hasName"" -> ""má názov"". So sentence: ""Prvá česká kniežatí dynastia má názov dynastie Přemyslovců."" Ensure Slovak grammar: ""prvá česká kniežatí dynastia"" maybe ""prvá česká kniežatí dynastia"" is okay. Could also be ""prvá česká kniežatí dynastia má názov dynastie Přemyslovců."" That's one sentence."
Id433,history,,,2,"Emil Škoda je zakladateľom Škody, ktorá je strojírenským podnikom.","We need to produce Slovak sentence(s) that express both facts. Facts: 1. Emil Škoda | founderOf | Škoda 2. Škoda | industryType | strojírenský podnik We must translate predicate to Slovak: founderOf -> ""zakladateľ"" (or ""založil""?). Should be natural: ""Emil Škoda je zakladateľom spoločnosti Škoda."" Or ""Emil Škoda založil Škodu."" Both okay. Second: industryType -> ""typ priemyslu"" or ""je strojírenským podnikom"". So we can combine: ""Emil Škoda je zakladateľom spoločnosti Škoda, ktorá je strojírenským podnikom."" That includes both facts. Must not add extra info. Using ""spoločnosti"" maybe adds ""spoločnosti"" which is not in triple but it's a generic noun. Is that allowed? We can say ""Emil Škoda je zakladateľom Škody, ktorá je strojírenským podnikom."" Using ""Škody"" as genitive of Škoda. That's fine. No extra facts. Provide one sentence. Check: we used ""zakladateľom"" translation of founderOf. Good. ""strojírenským podnikom"" translation of industryType. Good. Return only sentence."
Id434,other,,,2,Univerzita Karlova zabezpečuje činnosť Nakladatelství Karolinum. Nakladatelství Karolinum má názov Karolinum.,"We need to produce Slovak sentence(s) that express all facts. Two triples: 1. Subject: Univerzita Karlova, predicate: ensuresActivity, object: Nakladatelství Karolinum. We need to translate predicate to Slovak: ""ensuresActivity"" maybe ""zabezpečuje činnosť"" or ""zabezpečuje aktivitu"". We need to use natural Slovak. The object is Nakladatelství Karolinum, which is a proper name, keep as is. Subject is also proper name, keep. 2. Subject: Nakladatelství Karolinum, predicate: hasName, object: Karolinum. Translate predicate ""hasName"" to Slovak: ""má názov"". Object ""Karolinum"" is proper name, keep. Thus sentences: ""Univerzita Karlova zabezpečuje činnosť Nakladatelství Karolinum."" and ""Nakladatelství Karolinum má názov Karolinum."" We must ensure we include all facts, no extra. That's fine. We need to translate entities that are not proper names. ""Univerzita Karlova"" is proper name? It's a university name, keep. ""Nakladatelství Karolinum"" is proper name, keep. ""Karolinum"" is proper name, keep. Thus final answer: two short sentences."
Id435,history,,,5,"Sametová revoluce je obdobie, ktoré má kontext politické zmeny, nachádza sa v Československu, je v roku 1989 a viedlo k pádu komunistického režimu.","We need to produce Slovak sentence(s) that express all facts. Triples: 1. Sametová revoluce isA období. => Sametová revoluce je obdobie. 2. období hasContext politické změny. => Obdobie má kontext politické zmeny. But need translate: ""obdobie má kontext politické zmeny"" maybe ""obdobie má kontext politických zmien"". The object ""politické změny"" translate to ""politické zmeny"". Use Slovak: ""politické zmeny"". 3. období location Československo. => Obdobie sa nachádza v Československu. Or ""obdobie má lokalitu Československo"". Better: ""obdobie sa nachádza v Československu."" 4. období year 1989. => Obdobie je v roku 1989. Or ""obdobie má rok 1989"". Use natural: ""obdobie sa odohralo v roku 1989."" 5. období ledTo pád komunistického režimu. => Obdobie viedlo k pádu komunistického režimu. So ""obdobie viedlo k pádu komunistického režimu."" We need to include all facts. Could combine: ""Sametová revoluce je obdobie, ktoré má kontext politické zmeny, nachádza sa v Československu, je v roku 1989 a viedlo k pádu komunistického režimu."" That includes all. Ensure translation of predicate ""isA"" -> ""je"". ""hasContext"" -> ""má kontext"". ""location"" -> ""nachádza sa v"". ""year"" -> ""je v roku"". ""ledTo"" -> ""viedlo k"". Use singular/plural correct. ""Sametová revoluce je obdobie, ktoré má kontext politické zmeny, nachádza sa v Československu, je v roku 1989 a viedlo k pádu komunistického režimu."" That covers all. Should we keep ""Sametová revoluce"" unchanged (proper name). Yes. Return only sentence."
Id436,geography,,,1,Kroměříž sa nachádza v Zlínský kraj.,"We need to produce Slovak sentence(s) expressing the fact. RDF triple: ""Kroměříž | locatedIn | Zlínský kraj"". Subject is Kroměříž (proper name), predicate ""locatedIn"" -> translate to Slovak ""sa nachádza v"" or ""sa nachádza v"". Object ""Zlínský kraj"" is proper name? It's a region name, likely proper, keep as is. So sentence: ""Kroměříž sa nachádza v Zlínskom kraji."" Need to translate object? It's proper name, keep original. But ""Zlínský kraj"" is Czech name; we keep as is. Should we add diacritics? Keep as given. So final answer: one sentence."
Id437,geography,,,1,Lány sa nachádza v Středočeský kraj.,"We need to produce Slovak sentence(s) expressing the fact: Lány is located in Středočeský kraj. Need to translate non-proper nouns: ""locatedIn"" -> ""sa nachádza v"" or ""sa nachádza v"". Subject ""Lány"" is proper name, keep. Object ""Středočeský kraj"" is proper name (region), keep. So sentence: ""Lány sa nachádza v Středočeský kraj."" Ensure grammar: ""Lány"" is a place name, could be neuter? In Slovak, ""Lány"" is plural? But we just follow. Use ""sa nachádza v"". Provide only sentence."
Id438,geography,,,1,Stavovské divadlo sa nachádza v pražské Staré Město.,"We need to produce Slovak sentence(s) expressing the fact: ""Stavovské divadlo"" location ""pražské Staré Město"". Need to translate non-proper nouns: ""location"" -> ""nachádza sa"". Entities: ""Stavovské divadlo"" is proper name, keep. ""pražské Staré Město"" is likely a proper name (district), but includes adjective ""pražské"" meaning ""prážske""? It's a proper name of a district in Prague, but we treat as proper name, keep as is? The instruction: translate each entity that is NOT a proper name. ""pražské Staré Město"" includes ""pražské"" (adjective) and ""Staré Město"" (proper name). Might be considered proper name ""Staré Město"" with qualifier ""pražské"". Probably treat whole as proper name, keep unchanged. But ""pražské"" is not a proper name, it's an adjective meaning ""prážske"". However it's part of the name ""Pražské Staré Město""? In Czech, ""pražské Staré Město"" means ""the Prague Old Town"". Might be considered phrase, not proper name? The instruction: translate each entity that is NOT a proper name. So we need to decide if ""pražské Staré Město"" is proper name. I'd say it's a location name, so proper name, keep as is. So sentence: ""Stavovské divadlo sa nachádza v pražskom Starom Meste."" But we need to translate ""location"" predicate to Slovak: ""nachádza sa"". Use ""v"" for location. Should we keep ""pražské Staré Město"" unchanged? If we translate ""pražské"" to ""prážske"", we would be altering. Better keep as is: ""v pražské Staré Město""? That sounds off. Maybe we can say ""v pražskom Starom Meste"". That translates the phrase. But that adds translation of ""Staré Město"" to ""Starom Meste"". That's a translation of proper name? Might be considered not proper name? It's a name of a district, but translation to Slovak is okay? The rule says translate each entity that is NOT a proper name. Since ""Staré Město"" is proper name, we should not translate it. So keep ""Staré Město"". For ""pražské"", it's an adjective, not proper name, so translate to ""prážske"". So ""v prážskom Staré Město""? That is weird grammar. Better keep phrase as is: ""v pražské Staré Město"". But ""v"" + ""pražské"" is okay? ""v pražské Staré Město"" is not correct case. Might need ""v pražskom Starom Meste"". But that translates proper name. The instruction is strict. Might be acceptable to keep whole phrase unchanged: ""v pražské Staré Město"". Even if grammar off, it's faithful. I'd output: ""Stavovské divadlo sa nachádza v pražské Staré Město."" But ""v"" requires locative case; but we ignore grammar? Probably okay. Thus final answer: one sentence."
Id439,geography,,,2,Petřín je kopec a nachádza sa v Centre Prahy.,"We need to produce Slovak sentence(s) that express all facts. Two triples: - Petřín isA Kopec -> ""Petřín je kopec."" - Petřín location Centrum Prahy -> ""Petřín sa nachádza v Centre Prahy."" Need translate ""Centrum Prahy"" maybe keep as is because proper name. ""Centrum Prahy"" is proper name, keep. So combine: ""Petřín je kopec a nachádza sa v Centre Prahy."" Or two sentences. Must include both facts. Use Slovak. Ensure predicate translation: isA -> ""je"". location -> ""sa nachádza v"". Provide one or two sentences. Provide only sentence(s). Let's output: ""Petřín je kopec a nachádza sa v Centre Prahy."""
Id440,geography,,,1,Okres Hodonín sa nachádza v Jihomoravskom kraji.,"We need to produce Slovak sentence(s) expressing the fact: ""Okres Hodonín"" locatedIn ""Jihomoravský kraj"". Translate non-proper nouns: ""Okres"" is a common noun, ""kraj"" also. The predicate ""locatedIn"" translate to ""sa nachádza v"" or ""sa nachádza v"". So sentence: ""Okres Hodonín sa nachádza v Jihomoravskom kraji."" Need to keep proper names unchanged. ""Jihomoravský kraj"" is proper name? It's a region name, likely proper, but we translate non-proper nouns. The phrase ""Jihomoravský kraj"" includes ""kraj"" which is a common noun, but the whole is a proper name? The instruction: ""Prelož do slovenčiny každú entitu, ktorá NIE JE vlastné meno (napr. všeobecné podstatné mená, roly, všeobecné opisy). Vlastné mená (mená osôb, miest, organizácií, diel atď.) ponechaj v pôvodnej podobe."" ""Jihomoravský kraj"" is a proper name of a region, likely considered proper, so keep as is. But ""Okres"" is a generic term, but part of the name ""Okres Hodonín"". Should we translate ""Okres"" to Slovak? It's already Slovak. So keep ""Okres Hodonín"". The predicate: ""locatedIn"" -> ""sa nachádza v"". So final: ""Okres Hodonín sa nachádza v Jihomoravskom kraji."" Wait ""Jihomoravský kraj"" is proper, but we need to decline: ""v Jihomoravskom kraji"". That's correct Slovak grammar. Provide one sentence."
Id441,geography,,,1,Zámok Světlá nad Sázavou sa nachádza v kraji Vysočina.,"We need to produce Slovak sentence(s) expressing the fact: ""zámek Světlá nad Sázavou"" locatedIn ""kraj Vysočina"". Translate non-proper nouns: ""zámok"" is Slovak for ""castle"". ""kraj"" is ""region"". So sentence: ""Zámok Světlá nad Sázavou sa nachádza v kraji Vysočina."" Need to keep proper names unchanged. ""locatedIn"" translates to ""sa nachádza v"". Use Slovak grammar. Should we keep ""kraj Vysočina"" as is? ""kraj Vysočina"" is a proper name with generic term ""kraj"". The instruction: translate each entity that is NOT a proper name. ""kraj Vysočina"" includes ""kraj"" (common noun) and ""Vysočina"" (proper name). So we translate ""kraj"" to ""kraj"". Actually ""kraj"" is already Slovak. So we keep ""kraj Vysočina"". The subject ""zámek Světlá nad Sázavou"" includes ""zámek"" (common noun) and proper name ""Světlá nad Sázavou"". So we translate ""zámek"" to ""zámok"". So final: ""Zámok Světlá nad Sázavou sa nachádza v kraji Vysočina."" Note ""v kraji"" uses locative case. Should we use ""v kraji Vysočina"" or ""v kraji Vysočina""? In Slovak, ""v kraji Vysočina"" is okay. Could also be ""v kraji Vysočina"". We'll output that single sentence."
Id442,geography,,,2,"Rudolfinum sa nachádza na náměstí Jana Palacha, ktoré sa nachádza v Prahe.","We need to produce Slovak sentence(s) that express all facts. Two triples: 1. Rudolfinum | locatedAt | náměstí Jana Palacha 2. náměstí Jana Palacha | locatedIn | Praha We must translate predicate ""locatedAt"" and ""locatedIn"" to Slovak. Likely ""sa nachádza na"" for locatedAt, and ""sa nachádza v"" for locatedIn. Entities: ""Rudolfinum"" is proper name, keep. ""náměstí Jana Palacha"" is not proper? It's a place name, but it's not in Slovak; we need to translate non-proper nouns. The phrase ""náměstí Jana Palacha"" is Czech for ""Jana Palacha Square"". Should we translate ""náměstí"" to Slovak ""námestie""? The instruction: ""Prelož do slovenčiny každú entitu, ktorá NIE JE vlastné meno (napr. všeobecné podstatné mená, roly, všeobecné opisy). Vlastné mená (mená osôb, miest, organizácií, diel atď.) ponechaj v pôvodnej podobe."" So ""náměstí Jana Palacha"" is a place name, but includes a generic noun ""náměstí"" (square). The proper name part is ""Jana Palacha"". The whole phrase is a proper name of a square. Should we keep it as is? The instruction says proper names keep original. ""náměstí Jana Palacha"" is a proper name (the square). Might be considered proper name, so keep unchanged. However they say translate each entity that is not a proper name. Since ""náměstí Jana Palacha"" is a proper name (the square), we keep it. ""Praha"" is a proper name, keep. So we keep both as is. Thus sentence: ""Rudolfinum sa nachádza na náměstí Jana Palacha, ktoré sa nachádza v Prahe."" That includes both facts. Use ""v Prahe"" (locative). Should we keep ""Praha"" unchanged? Yes. But ""v Prahe"" adds suffix -e, which is a grammatical case, not part of the name. That's okay. The entity is ""Praha"". So we can say ""v Prahe"". That expresses second triple. Thus final answer: one sentence."
Id443,history,,,4,"Pražské jaro je obdobie, má charakteristiku politické uvoľnenie, nachádza sa v Československu a je v roku 1968.","We need to produce Slovak sentence(s) that express all facts. Facts: - Pražské jaro is a period (obdobie). - Pražské jaro has characteristic political uvolnění (politické uvoľnenie). - Pražské jaro location Československo (location = Československo). - Pražské jaro year 1968. We must translate predicate to Slovak: isA -> je, hasCharacteristic -> má charakteristiku, location -> sa nachádza v, year -> je v roku (or ""rok"" etc). Entities that are not proper names: ""obdobie"", ""politické uvoľnenie"", ""Československo"" is proper name? It's a country name, likely proper, keep as is. ""Pražské jaro"" is proper name, keep. So sentence: ""Pražské jaro je obdobie, má charakteristiku politické uvoľnenie, nachádza sa v Československu a je v roku 1968."" Need natural Slovak: maybe ""Pražské jaro je obdobie, má charakteristiku politické uvoľnenie, nachádza sa v Československu a je v roku 1968."" That includes all facts. Could also split into two short sentences if needed, but one is fine. Check: ""má charakteristiku politické uvoľnenie"" maybe ""má charakteristiku politické uvoľnenie"" is okay. Could also ""má charakteristiku politické uvoľnenie"". Ensure grammar: ""má charakteristiku politické uvoľnenie"" sounds okay. Could also ""má charakteristiku politické uvoľnenie"". We'll output single sentence."
Id444,history,,,2,Jan Patočka je český filozof a pôsobil v 20. storočí.,"We need to produce Slovak sentence(s) expressing both facts. Entities: Jan Patočka (proper name) stays. Predicates: isA -> ""je"" (or ""je"" + noun). activeInCentury -> ""pôsobil v storočí"". Need translate object: ""český filosof"" -> ""český filozof""? Slovak translation of ""český filosof"" would be ""český filozof"". Keep as given? The instruction: translate each entity that is not a proper name. So ""český filosof"" is not proper name, translate to Slovak: ""český filozof"". ""20"" is a number, keep as is. ""activeInCentury"" translate predicate to Slovak: ""pôsobil v storočí"". So sentence: ""Jan Patočka je český filozof a pôsobil v 20. storočí."" Need to include century number with ordinal? The object is ""20"". Should we write ""20. storočí""? Probably yes. Keep number as ""20"". Add ordinal dot. The instruction: preserve numbers exactly as given. So ""20"" appears; adding dot may be considered modification. Might be okay to write ""20. storočí"". But that adds a dot. Might be considered change. Safer: ""pôsobil v 20. storočí"" includes dot after 20, but number unchanged. Could also write ""pôsobil v 20. storočí"". That's fine. Thus final output: single sentence."
Id445,geography,,,1,Kuks sa nachádza v okrese Trutnov.,"We need to produce a Slovak sentence expressing the fact: ""Kuks is located in okres Trutnov"". Need to translate predicate ""locatedIn"" to Slovak ""sa nachádza v"". Also translate non-proper nouns: ""okres"" is already Slovak, ""Kuks"" is proper name, keep. So sentence: ""Kuks sa nachádza v okrese Trutnov."" Note that ""okres Trutnov"" is a phrase; in Slovak we would say ""v okrese Trutnov"". Use correct case. Provide only the sentence."
Id446,geography,,,3,Budova hlavnej stanice v Prahe sa nachádza v Prahe. Vrchlického sady je park a nachádza sa pred budovou hlavnej stanice v Prahe.,"We need to produce Slovak sentence(s) expressing all facts. Triples: 1. ""budova hlavního nádraží v Praze"" | location | Praha 2. ""Vrchlického sady"" | isA | park 3. ""Vrchlického sady"" | locatedInFrontOf | budova hlavního nádraží v Praze We must translate predicate to Slovak: location -> ""sa nachádza v"" or ""má polohu"". Use natural. isA -> ""je"". locatedInFrontOf -> ""sa nachádza pred"". Entities not proper names: ""budova hlavního nádraží v Praze"" is a building name? It's Czech phrase, but not proper name? It's a building name, but likely considered proper noun? It's a specific building, but we treat as not proper? The rule: translate each entity that is NOT a proper name. ""budova hlavního nádraží v Praze"" is a description, not a proper name, so translate to Slovak: ""budova hlavnej stanice v Prahe"". ""Praha"" is proper name of city, keep as ""Praha"". ""Vrchlického sady"" is name of park, likely proper name, keep as is. ""park"" is common noun, translate to ""park"". So sentences: ""Budova hlavnej stanice v Prahe sa nachádza v Prahe."" Wait that repeats location. Actually first triple: building location is Praha. So ""Budova hlavnej stanice v Prahe sa nachádza v Prahe."" Good. Second: ""Vrchlického sady je park."" Actually ""Vrchlického sady je park."" Might need article? ""Vrchlického sady je park."" Acceptable. Third: ""Vrchlického sady sa nachádza pred budovou hlavnej stanice v Prahe."" Use ""pred"". So combine maybe two sentences: first two facts could be combined? Could be one sentence with multiple clauses: ""Budova hlavnej stanice v Prahe sa nachádza v Prahe a Vrchlického sady je park, ktorý sa nachádza pred touto budovou."" But that adds ""táto"" and ""ktorý"" which adds extra info not in triples. Better separate sentences: one for building location, one for park type and location relative. Could combine second and third: ""Vrchlického sady je park a nachádza sa pred budovou hlavnej stanice v Prahe."" That uses ""nachádza sa"" for location in front of. That's okay, no extra info. So final output two sentences: ""Budova hlavnej stanice v Prahe sa nachádza v Prahe. Vrchlického sady je park a nachádza sa pred budovou hlavnej stanice v Prahe."" Check no extra facts. Good."
Id447,geography,,,1,Jindřichův Hradec sa nachádza v Jihočeský kraj.,"We need to produce Slovak sentence(s) expressing the fact: ""Jindřichův Hradec"" locatedIn ""Jihočeský kraj"". Translate non-proper nouns: ""locatedIn"" -> ""sa nachádza v"". Entities: Jindřichův Hradec is a proper name, keep. Jihočeský kraj is also proper name (region), keep. So sentence: ""Jindřichův Hradec sa nachádza v Jihočeský kraj."" In Slovak, region name maybe ""Jihočeský kraj"". Keep as is. Provide only sentence."
Id448,history,,,1,Československý červený kříž bol založený Alice Garrigue Masarykovou.,"We need to produce Slovak sentence(s) expressing the fact: ""Československý červený kříž"" (Czech-Slovak Red Cross) foundedBy Alice Garrigue Masaryková. Translate non-proper nouns: ""Československý červený kříž"" is a proper name? It's an organization name, likely proper, keep as is. Predicate ""foundedBy"" translate to ""bol založený"". Object ""Alice Garrigue Masaryková"" is a proper name, keep. So sentence: ""Československý červený kříž bol založený Alice Garrigue Masarykovou."" Need correct Slovak case: ""Alice Garrigue Masarykovou"" (instrumental). Use ""bol založený"". That's it."
Id449,geography,,,2,Haná je oblasť a nachádza sa v Střední Morava.,"We need to produce Slovak sentence(s) expressing both facts. Entities: Haná (proper name) isA Oblast => ""Haná je oblasť."" Next: Haná locatedIn Střední Morava => ""Haná sa nachádza v Střední Morava."" Need to translate ""Střední Morava"" is not proper? It's a region name in Czech, likely proper name, keep as is. So sentence(s): ""Haná je oblasť a nachádza sa v Střední Morava."" Or two sentences. Both facts included. Use ""je"" for isA. Provide one or two short sentences. Let's output one sentence: ""Haná je oblasť a nachádza sa v Střední Morava."" Ensure no extra."
Id450,geography,,,1,Adršpašsko teplické skály sa nachádzajú v Královehradeckom kraji.,"We need to produce Slovak sentence(s) expressing the fact: ""Adršpašsko teplické skály"" locatedIn ""Královehradecký kraj"". Need to translate non-proper nouns. ""Adršpašsko teplické skály"" is a proper name? Likely a proper name of a place, keep as is. ""Královehradecký kraj"" is also proper name, keep. Predicate ""locatedIn"" translate to ""sa nachádza v"". So sentence: ""Adršpašsko teplické skály sa nachádzajú v Královehradeckom kraji."" Need to keep case: ""v Královehradecký kraj"" but Slovak grammar: ""v Královehradeckom kraji"". However we must not add info not in triple. The triple says ""locatedIn"". The translation ""sa nachádza v"" is fine. Should we adjust case? The requirement: translate predicate and use naturally. So we can adjust case accordingly. Provide one sentence."
Id451,geography,,,3,"Plzeň má slávnu pivovaru Plzeňský Prazdroj, ktorý sa nachádza v Plzni a je najznámejší.","We need to produce Slovak sentence(s) that express all facts. Triples: 1. Plzeň | hasFamousBrewery | Plzeňský Prazdroj 2. Plzeňský Prazdroj | isLocatedIn | Plzeň 3. Plzeňský Prazdroj | isMostFamous | true We must translate predicate to Slovak: ""hasFamousBrewery"" -> ""má slávnu pivovaru"". ""isLocatedIn"" -> ""sa nachádza v"". ""isMostFamous"" -> ""je najznámejší"". The object ""Plzeňský Prazdroj"" is a proper name, keep as is. Subject ""Plzeň"" is a city name, proper name, keep as is. But we need to translate entities that are not proper names. Here both are proper names, so keep. We need to include all facts. Could be one sentence: ""Plzeň má slávnu pivovaru Plzeňský Prazdroj, ktorá sa nachádza v Plzni a je najznámejšia."" But need to reflect true value. ""je najznámejší"" maybe ""je najznámejší"" referring to the brewery. Use ""je najznámejší"". Could be: ""Plzeň má slávnu pivovaru Plzeňský Prazdroj, Plzeňský Prazdroj sa nachádza v Plzni a je najznámejší."" That's two sentences maybe. But we can combine: ""Plzeň má slávnu pivovaru Plzeňský Prazdroj, ktorá sa nachádza v Plzni a je najznámejšia."" However ""najznámejšia"" matches feminine? The brewery is masculine? In Slovak, ""pivovar"" is masculine, so ""najznámejší"". So ""ktorý sa nachádza v Plzni a je najznámejší."" That covers all. Thus one sentence: ""Plzeň má slávnu pivovaru Plzeňský Prazdroj, ktorý sa nachádza v Plzni a je najznámejší."" Ensure all facts: Plzeň has famous brewery Plzeňský Prazdroj; Plzeňský Prazdroj is located in Plzeň; Plzeňský Prazdroj is most famous (true). Good. Return only the sentence."
Id452,history,,,1,Reportáž psanou na oprátke má autora Julius Fučík.,"We need to produce a Slovak sentence expressing the fact: ""Reportáž psanou na oprátce"" is the subject, predicate ""author"", object ""Julius Fučík"". Translate subject? It's a phrase ""Reportáž psanou na oprátce"" is not a proper name, so translate each word? It's already Slovak. Keep as is. Predicate ""author"" translate to ""autor"". So sentence: ""Reportáž psanou na oprátce je autorom Julius Fučík."" But need natural: ""Reportáž psanou na oprátke napísal Julius Fučík."" However ""author"" as predicate: ""Reportáž psanou na oprátke má autora Julius Fučík."" That expresses all facts. Use exactly given subject phrase. Note ""oprátke"" vs ""oprátce""? Original ""oprátce"" is Czech? Should keep as given? We must translate non-proper nouns. ""oprátce"" is a noun, translate to Slovak ""oprátke"". So adjust. Subject becomes ""Reportáž psanou na oprátke"". Use that. So final sentence: ""Reportáž psanou na oprátke má autora Julius Fučík."""
Id453,history,,,1,Adolf Szczyzycki je československý automobilový závodník.,"We need to produce a Slovak sentence expressing the fact: Adolf Szczyzycki is a Czechoslovak automobile racer. Translate predicate isA to ""je"". Translate object ""československý automobilový závodník"". Subject is proper name, keep as is. So sentence: ""Adolf Szczyzycki je československý automobilový závodník."" That's it."
Id454,geography,,,1,Divadelní fakulta Akademie múzických umění v Praze (DAMU) má aktuálnu polohu v Paláci Kokořovských.,"We need to produce Slovak sentence(s) expressing the fact. Subject: ""Divadelní fakulta Akademie múzických umění v Praze (DAMU)"". It's a proper name, keep as is. Predicate: ""currentLocation"" translate to Slovak: ""má aktuálnu polohu"" or ""sa nachádza"". Use natural. Object: ""Palác Kokořovských"". Not a proper name? It's a name of a palace, likely proper, keep as is. So sentence: ""Divadelní fakulta Akademie múzických umění v Praze (DAMU) sa nachádza v Paláci Kokořovských."" Or ""má aktuálnu polohu Palác Kokořovských"". Use ""má aktuálnu polohu"". Probably better: ""Divadelní fakulta Akademie múzických umění v Praze (DAMU) má aktuálnu polohu Palác Kokořovských."" Ensure Slovak grammar: ""má aktuálnu polohu v Paláci Kokořovských"" maybe. The object is location, so ""v Paláci Kokořovských"". Use ""v"". So final sentence: ""Divadelní fakulta Akademie múzických umění v Praze (DAMU) má aktuálnu polohu v Paláci Kokořovských."""
Id455,culture,,,2,Berenika Kohoutová pôsobila ako Mladá Marta. Mladá Marta sa objavuje v Muži v naději.,"We need to produce Slovak sentence(s) that express all facts. Two triples: 1. Berenika Kohoutová actedAs Mladá Marta. 2. Mladá Marta appearsIn Muži v naději. We must translate predicate to Slovak: ""actedAs"" -> ""pôsobila ako"" or ""hrala rolu"". Probably ""pôsobila ako"". ""appearsIn"" -> ""objavuje sa v"" or ""vystupuje v"". Use natural Slovak. We need to translate non-proper nouns: ""Mladá Marta"" is a role? It's a character name, likely proper name? It's a role name, but it's a name of a character, maybe treat as proper? The instruction: translate each entity that is NOT a proper name. ""Mladá Marta"" is a character name, likely proper noun? It's a name, but could be considered proper. I'd keep as is. ""Muži v naději"" is a title of a work, proper name, keep. ""Berenika Kohoutová"" is proper name, keep. Thus sentence: ""Berenika Kohoutová pôsobila ako Mladá Marta a Mladá Marta sa objavuje v Muži v naději."" Or split into two sentences: ""Berenika Kohoutová pôsobila ako Mladá Marta. Mladá Marta sa objavuje v Muži v naději."" We must include all facts, no extra. Use ""pôsobila ako"" for actedAs, ""objavuje sa v"" for appearsIn. That covers both. Return only the sentence(s)."
Id456,geography,,,3,"Hrad Zvíkov sa nachádza na sútoku Otavy a Vltavy, ktorý sa skladá z Otavy a Vltavy.","We need to produce Slovak sentence(s) that express all facts. Triples: 1. hrad Zvíkov | location | soutok Otavy a Vltavy => ""hrad Zvíkov"" is location ""soutok Otavy a Vltavy"". Translate predicate ""location"" to Slovak: ""sa nachádza"". So: ""Hrad Zvíkov sa nachádza na sútoku Otavy a Vltavy."" 2. soutok Otavy a Vltavy | consistsOf | Otava Predicate ""consistsOf"" translate: ""sa skladá z"". So: ""Sútok Otavy a Vltavy sa skladá z Otavy."" 3. soutok Otavy a Vltavy | consistsOf | Vltava => ""Sútok Otavy a Vltavy sa skladá z Vltavy."" We need to include all facts. Could combine: ""Hrad Zvíkov sa nachádza na sútoku Otavy a Vltavy, ktorý sa skladá z Otavy a Vltavy."" That includes both consistsOf facts. But need to ensure we don't add extra info. The phrase ""ktorý sa skladá z Otavy a Vltavy"" includes both facts. That's okay. It uses ""ktorý"" referencing the soutok. It includes both facts. Should we keep separate sentences? Could be one sentence: ""Hrad Zvíkov sa nachádza na sútoku Otavy a Vltavy, ktorý sa skladá z Otavy a Vltavy."" That expresses all three facts. No extra info. Use proper Slovak diacritics. Ensure ""soutok"" is ""sútok"". The original had ""soutok"". Should we keep original spelling? The instruction: translate each entity that is not a proper name. ""soutok Otavy a Vltavy"" is a common noun phrase, so translate to Slovak: ""sútok Otavy a Vltavy"". Good. Thus final answer: one sentence."
Id457,geography,,,1,Helfenburk u Úštěka sa nachádza v okrese Litoměřice.,"We need to produce Slovak sentence(s) expressing the fact: ""Helfenburk u Úštěka"" locatedIn ""okres Litoměřice"". Need to translate non-proper nouns: ""locatedIn"" -> ""sa nachádza v"". Entities: ""Helfenburk u Úštěka"" is a proper name, keep as is. ""okres Litoměřice"" includes ""okres"" which is a common noun, translate: ""okres Litoměřice"". So sentence: ""Helfenburk u Úštěka sa nachádza v okrese Litoměřice."" Use correct Slovak case: ""v okrese"". Yes. Return only the sentence."
Id458,history,,,1,Josef Jungmann má miesto pochovania Olšanské hřbitovy.,"We need to produce Slovak sentence(s) expressing the fact: ""Josef Jungmann | burialPlace | Olšanské hřbitovy"". Need to translate predicate ""burialPlace"" to Slovak: ""miesto pochovania"" or ""pohrebisko""? Probably ""miesto pochovania"". Subject is proper name Josef Jungmann, keep as is. Object ""Olšanské hřbitovy"" is a proper name? It's likely a place name, keep as is. So sentence: ""Josef Jungmann je pochovaný na Olšanské hřbitovy."" Or ""Josef Jungmann má miesto pochovania Olšanské hřbitovy."" Need natural. Use predicate translation: ""má miesto pochovania"". So: ""Josef Jungmann má miesto pochovania Olšanské hřbitovy."" That includes all facts. One sentence."
Id459,history,,,2,Kateřina Hešová bola spojená s vojenskou operáciou operace Anthropoid. Príčinou jej smrti bola operace Anthropoid.,"We need to produce Slovak sentence(s) that express all facts. Two triples: Subject: Kateřina Hešová (proper name, keep as is) Predicate: associatedMilitaryOperation -> translate to Slovak: ""spojená s vojenskou operáciou"" or ""bola spojená s vojenskou operáciou"". Need natural sentence. Object: operace Anthropoid (proper name? It's operation name, likely keep as is). So ""operace Anthropoid"" keep. Second triple: causeOfDeath -> translate: ""príčina smrti"" or ""bola príčinou smrti"". So ""Kateřina Hešová bola príčinou smrti operace Anthropoid""? Actually cause of death: Kateřina Hešová | causeOfDeath | operace Anthropoid means the cause of death of Kateřina Hešová is operace Anthropoid. So we need to say ""Kateřina Hešová zomrela v dôsledku operace Anthropoid"" or ""príčinou smrti Kateřiny Hešovej bola operace Anthropoid"". Must include both facts. We need to include both: she was associated with the operation and the operation was cause of death. Could be two short sentences: ""Kateřina Hešová bola spojená s vojenskou operáciou operace Anthropoid. Príčinou jej smrti bola operace Anthropoid."" That repeats operation name. That's fine. Check translation: ""associatedMilitaryOperation"" -> ""bola spojená s vojenskou operáciou"". ""causeOfDeath"" -> ""príčinou jej smrti bola"". Use pronoun ""jej"" referring to Kateřina Hešová. That's okay. Make sure we use only given info. We are not adding extra facts. We mention she was associated with operation and that operation caused her death. That's exactly the two triples. Return only sentences."
Id460,culture,,,3,Mikoláš Aleš vyhral súťaž Národní divadlo a má súťažné dielo Vlast. Národní divadlo má krajinu Česko.,"We need to produce Slovak sentence(s) that express all facts. Facts: 1. Mikoláš Aleš wonCompetition Národní divadlo. Means ""Mikoláš Aleš vyhral súťaž Národní divadlo"". But ""wonCompetition"" predicate: ""vyhral súťaž"". So: ""Mikoláš Aleš vyhral súťaž Národní divadlo."" 2. Mikoláš Aleš competitionWork Vlast. Means ""Mikoláš Aleš súťažné dielo Vlast"". So: ""Mikoláš Aleš súťažné dielo Vlast."" Or ""Mikoláš Aleš má súťažné dielo Vlast."" The predicate ""competitionWork"" could be ""súťažné dielo"". So phrase: ""Mikoláš Aleš má súťažné dielo Vlast."" But we must use predicate translated naturally. Could be ""Mikoláš Aleš súťažné dielo Vlast."" Might be awkward. Better: ""Mikoláš Aleš má súťažné dielo Vlast."" The instruction: ""Predikát VŽDY prelož do slovenčiny a použi ho vo vete prirodzene."" So we need to translate predicate ""competitionWork"" to Slovak: ""súťažné dielo"". Use it as verb? Actually predicate is a relation, could be expressed as ""má súťažné dielo"". So we need to incorporate that. 3. Národní divadlo country Česko. Means ""Národní divadlo je v krajine Česko"" or ""Národní divadlo patrí krajine Česko"". Predicate ""country"" translate to ""krajina"". So ""Národní divadlo má krajinu Česko""? Better: ""Národní divadlo sa nachádza v krajine Česko."" But we need to use predicate ""krajina"". Could be ""Národní divadlo má krajinu Česko."" Might be unnatural but acceptable. Could also be ""Národní divadlo patrí krajine Česko."" The predicate ""country"" as relation: ""krajina"". So ""Národní divadlo má krajinu Česko."" We need to include all facts. Could combine into two sentences: first two about Mikoláš Aleš, third about Národní divadlo. Or one long sentence with conjunctions. Let's produce two sentences: one covering Mikoláš Aleš facts, second covering Národní divadlo country. Sentence 1: ""Mikoláš Aleš vyhral súťaž Národní divadlo a má súťažné dielo Vlast."" That includes both facts. Sentence 2: ""Národní divadlo má krajinu Česko."" Check translation: ""country"" -> ""krajina"". Good. All entities: Mikoláš Aleš (proper name), Národní divadlo (proper name), Vlast (proper name?), it's a work title, treat as proper name, keep. Česko (proper name). So we keep them unchanged. Thus final output: two sentences."
Id461,geography,,,5,"Václav Postránecký je herec, režisér a divadelní pedagog, je český a narodil sa v Prahe.","We need to produce Slovak sentence(s) that express all facts. Facts: Václav Postránecký profession herec (actor), profession režisér (director), profession divadelní pedagog (theatre pedagogue), nationality český (Czech), birthPlace Praha (Prague). Need to translate non-proper nouns: herec, režisér, divadelní pedagog, český, Praha is a proper name (city) so keep as Praha. Predikáty translate: ""má povolanie"" maybe ""je"" or ""má povolanie"". We need to include all facts. Could be: ""Václav Postránecký je herec, režisér a divadelní pedagog, je český a narodil sa v Prahe."" Need to translate ""birthPlace"" as ""narodil sa v"". Use ""narodil sa v Prahe"". Ensure all facts: profession three, nationality, birthplace. Use Slovak: ""je český"" (nationality). Should we say ""je český"" or ""má českú národnosť""? Simpler: ""je český"". Provide one sentence: ""Václav Postránecký je herec, režisér a divadelní pedagog, je český a narodil sa v Prahe."" That includes all. Ensure no extra facts. Good."
Id462,culture,,,3,"AVU je skratka pre Akademie výtvarných umění, ktorá sa nachádza v Prahe a je vysoká školá.","We need to produce Slovak sentence(s) expressing all facts. Triples: 1. AVU | abbreviationOf | Akademie výtvarných umění 2. Akademie výtvarných umění | locatedIn | Praha 3. Akademie výtvarných umění | type | vysoká školá We need translate predicate to Slovak: ""abbreviationOf"" -> ""je skratkou pre"" or ""je skratkou od""? Probably ""je skratkou pre"". ""locatedIn"" -> ""sa nachádza v"". ""type"" -> ""je typom"" or ""má typ"". Should be natural: ""AVU je skratka pre Akademiu výtvarných umení, ktorá sa nachádza v Prahe a je vysokou školou."" Need to keep ""Akademie výtvarných umění"" as is (original). But we need translate entity that is not proper name: ""vysoká školá"" seems a typo; maybe ""vysoká škola"". Keep as given: ""vysoká školá"". Should we translate ""Praha"" to ""Prahe""? ""Praha"" is proper name, keep as ""Praha"". But in Slovak we might say ""v Prahe"". That's okay. Thus sentence: ""AVU je skratka pre Akademie výtvarných umění, ktorá sa nachádza v Prahe a je vysoká školá."" Ensure all facts: abbreviation, location, type. Return only sentence."
Id463,geography,,,1,Chlumec nad Cidlinou sa nachádza v okrese Hradec Králové.,"We need to produce Slovak sentence(s) expressing the fact: ""Chlumec nad Cidlinou locatedIn okres Hradec Králové"". Translate non-proper nouns: ""locatedIn"" -> ""sa nachádza v"". ""okres"" is part of proper name? ""okres Hradec Králové"" - ""okres"" is a common noun, so translate: ""okres Hradec Králové"". So sentence: ""Chlumec nad Cidlinou sa nachádza v okrese Hradec Králové."" Ensure proper case: ""okrese"". Use Slovak grammar. Output only the sentence."
Id464,geography,,,5,"Markéta Šílená má povolanie česká dizajnérka, šperkárka, sklářska výtvarnica a stredoškolská pedagožka. Jej miesto narodenia je Semily.","We need to produce Slovak sentences expressing all facts. Entities: Markéta Šílená (proper name) stays unchanged. Predicates: profession, birthPlace. Need to translate predicate to Slovak: ""profesia"" or ""povolanie""? Probably ""profesia"" or ""povolanie"". Use natural: ""má povolanie"". For birthPlace: ""miesto narodenia"". So we need to state that Markéta Šílená má povolanie česká designérka, šperkařka, sklářská výtvarnice, stredoškolská pedagožka a jejím miestom narodenia je Semily. Need to keep Czech terms? The objects are not proper names, so translate to Slovak: ""česká designérka"" -> ""česká dizajnérka""? Slovak: ""česká dizajnérka"". ""šperkařka"" -> ""šperkárka"". ""sklářská výtvarnice"" -> ""sklářska výtvarnica""? Slovak: ""sklářska výtvarnica"" maybe ""sklářska výtvarnica"". ""středoškolská pedagožka"" -> ""stredoškolská pedagožka"". Keep diacritics. So sentence: ""Markéta Šílená má povolanie česká dizajnérka, šperkárka, sklářska výtvarnica a stredoškolská pedagožka; jejím miestom narodenia je Semily."" Need Slovak grammar: ""jejím"" is Czech; Slovak: ""jejím"" also? Slovak: ""jejím"" is not correct; should be ""jejím"" is Czech; Slovak: ""jejím"" also? Actually Slovak: ""jejím"" is not used; use ""jejím"" maybe ""jejím""? Better: ""jejím"" is Czech; Slovak: ""jejím"" is also used? I think Slovak uses ""jejím"" as genitive? Actually Slovak: ""jej"" is genitive? The phrase ""miesto narodenia"" requires genitive: ""miesto narodenia je Semily"". Could say ""miesto narodenia je Semily"". So: ""Markéta Šílená má povolanie česká dizajnérka, šperkárka, sklářska výtvarnica a stredoškolská pedagožka; jejím miestom narodenia je Semily."" Might be okay. Could also split into two sentences: one for professions, one for birthplace. Let's do two sentences: ""Markéta Šílená má povolanie česká dizajnérka, šperkárka, sklářska výtvarnica a stredoškolská pedagožka. Jej miesto narodenia je Semily."" That covers all. Ensure translation of ""birthPlace"" -> ""miesto narodenia"". Use ""miesto narodenia"". So final."
Id465,history,,,2,"Československo má najvyšší zákonodarný orgán Národní shromáždění republiky Československé, ktoré malo obdobie činnosti od 1920-01-01 do 1939-12-31.","We need to produce Slovak sentence(s) that express all facts. Facts: 1. Československo | highestLegislativeBody | Národní shromáždění republiky Československé 2. Národní shromáždění republiky Československé | activePeriod | 1920-01-01 to 1939-12-31 We must translate predicate to Slovak: ""highestLegislativeBody"" -> ""najvyšší zákonodarný orgán"". ""activePeriod"" -> ""obdobie činnosti"". Entities that are not proper names should be translated: ""Československo"" is a proper name? It's a country name, likely proper name, keep as is. ""Národní shromáždění republiky Československé"" is the name of the body, proper name, keep as is. So we keep both as is. Now produce sentence: ""Československo má najvyšší zákonodarný orgán Národní shromáždění republiky Československé, ktoré malo obdobie činnosti od 1920-01-01 do 1939-12-31."" Check: we used all facts. Yes. We must not add extra facts. The phrase ""má"" is okay as translation of ""has"". The predicate ""highestLegislativeBody"" we used ""má najvyšší zákonodarný orgán"". That's fine. Make sure we didn't add extra info. ""ktoré malo obdobie činnosti"" expresses activePeriod. Good. Return only the sentence."
Id466,geography,,,1,Bazilika svatého Petra a Pavla sa nachádza v Vyšehrade.,"We need to produce a Slovak sentence expressing the fact: ""Bazilika svatého Petra a Pavla"" location ""Vyšehrad"". Translate predicate ""location"" to Slovak, likely ""sa nachádza v"". So sentence: ""Bazilika svatého Petra a Pavla sa nachádza v Vyšehrade."" Need to keep proper case? ""v Vyšehrade"". Use location preposition. Provide only sentence."
Id467,geography,,,3,Karlovy Vary sa nachádza pri sútoku Ohře a Teplé. Sútok Ohře a Teplé je sútokom riek Ohře a Teplá.,"We need to produce Slovak sentence(s) that express all facts. Triples: 1. Karlovy Vary | locatedAt | soutok Ohře a Teplé 2. soutok Ohře a Teplé | confluenceOf | Ohře 3. soutok Ohře a Teplé | confluenceOf | Teplá We must translate predicate to Slovak: ""locatedAt"" -> ""sa nachádza pri"" or ""sa nachádza na"". Use natural. ""confluenceOf"" -> ""je sútokom"" or ""je sútokom riek"". Since object is Ohře and Teplá (rivers). Should translate non-proper nouns: ""soutok"" is already Slovak? It's in the object name ""soutok Ohře a Teplé"". That's a phrase; we keep as is? The entity ""soutok Ohře a Teplé"" is a proper name? It's a description, but we treat as entity, not translate? The rule: translate each entity that is NOT a proper name. ""soutok Ohře a Teplé"" includes generic term ""soutok"". Should we translate? It's already Slovak ""soutok"". So keep. The rivers ""Ohře"" and ""Teplá"" are proper names (Czech rivers). Keep. Thus sentences: ""Karlovy Vary sa nachádza pri sútoku Ohře a Teplé. Sútok Ohře a Teplé je sútokom rieky Ohře a je sútokom rieky Teplá."" But need to express both confluenceOf facts. Could combine: ""Sútok Ohře a Teplé je sútokom riek Ohře a Teplá."" That covers both. So final: ""Karlovy Vary sa nachádza pri sútoku Ohře a Teplé. Sútok Ohře a Teplé je sútokom riek Ohře a Teplá."" Check: predicate translation: ""locatedAt"" -> ""sa nachádza pri"". ""confluenceOf"" -> ""je sútokom"". Use plural? ""sútokom riek"". Good. Make sure no extra facts. Provide only sentences."
Id468,geography,,,1,Terezín sa nachádza v okrese Litoměřice.,"We need to produce a Slovak sentence expressing the fact: ""Terezín is located in okres Litoměřice"". Need to translate non-proper nouns: ""locatedIn"" -> ""sa nachádza v"". ""okres"" is a common noun, keep as is? The entity ""okres Litoměřice"" includes ""okres"" which is a common noun, but the whole phrase is a location. Should we translate ""okres Litoměřice"" as ""okres Litoměřice""? ""okres"" is not a proper name, but part of the phrase. The instruction: ""Prelož do slovenčiny každú entitu, ktorá NIE JE vlastné meno (napr. všeobecné podstatné mená, roly, všeobecné opisy). Vlastné mená (mená osôb, miest, organizácií, diel atď.) ponechaj v pôvodnej podobe."" So ""Terezín"" is a proper name (town), keep. ""okres Litoměřice"" includes ""okres"" (common noun) and ""Litoměřice"" (proper name). So we translate ""okres"" to Slovak ""okres"". It's already Slovak? It's Czech maybe but same word. Keep ""Litoměřice"" as proper name. So sentence: ""Terezín sa nachádza v okrese Litoměřice."" Use ""okrese"" (locative case). Should we use ""okrese"" or ""okres""? In Slovak, ""v okrese"". So final answer: one sentence."
Id469,geography,,,2,"Poslanecká sněmovna Parlamentu České republiky sa nachádza v Malej Strane, ktorá je súčasťou Prahy 1.","We need to produce Slovak sentence(s) that express all facts. Two triples: 1. ""Poslanecká sněmovna Parlamentu České republiky"" | location | ""Malá Strana"" 2. ""Malá Strana"" | partOf | ""Praha 1"" We must translate predicate to Slovak: location -> ""sa nachádza v"" or ""má polohu v"". partOf -> ""je súčasťou"". Also need to translate entities that are not proper names. ""Poslanecká sněmovna Parlamentu České republiky"" is a proper name? It's a specific institution, likely proper name, keep as is. ""Malá Strana"" is a district name, proper name, keep. ""Praha 1"" is proper name, keep. We need to include both facts in one sentence or two short sentences. Could be: ""Poslanecká sněmovna Parlamentu České republiky sa nachádza v Malej Strane, ktorá je súčasťou Prahy 1."" But need to translate ""Malá Strana"" as proper name, not translate. So keep ""Malá Strana"". Also ""Praha 1"" keep. Thus: ""Poslanecká sněmovna Parlamentu České republiky sa nachádza v Malej Strane, ktorá je súčasťou Prahy 1."" However ""Malá Strana"" is proper name, we shouldn't change case? In Slovak, proper name can be declined: ""v Malej Strane"". That's okay. ""Praha 1"" also declines: ""v Prahe 1"". But we can keep as ""Praha 1"". The instruction: translate each entity that is not a proper name. So proper names stay unchanged. Declension is part of grammar, not translation. So we can decline. Thus final output: one sentence."
Id470,geography,,,4,"Vinohrady hraničí so Žižkovom, Strašnicou, Vršovicou a Nuslami.","We need to produce Slovak sentence(s) that express all facts: Vinohrady borders Žižkov, Vinohrady borders Strašnice, Vinohrady borders Vršovice, Vinohrady borders Nusle. Must translate predicate ""borders"" to Slovak ""hraničí s"". Entities that are not proper names should be translated, but these are all proper names (districts). So keep them as is. Need to include all facts. Could be one sentence: ""Vinohrady hraničí s Žižkovom, Strašnicou, Vršovicou a Nuslami."" However need to ensure proper case: ""hraničí s"" takes instrumental case. The names: Žižkov (instrumental Žižkovom), Strašnice (instrumental Strašnicou), Vršovice (instrumental Vršovicou), Nusle (instrumental Nuslami). That covers all. That is one sentence. Ensure no extra info. Provide only the sentence."
Id471,culture,,,1,Růžena Marková má povolanie športová plavkyňa.,"We need to produce Slovak sentence(s) expressing the fact: ""Růžena Marková | occupation | sportovní plavkyně"". Translate non-proper nouns: occupation = povolanie, sportovní plavkyně = športová plavkyňa? In Slovak, ""sportovní plavkyně"" Czech; Slovak would be ""športová plavkyňa"". Use predicate translation: ""má povolanie"". So sentence: ""Růžena Marková má povolanie športová plavkyňa."" Or ""Růžena Marková je športová plavkyňa."" But predicate is occupation, so ""má povolanie"". Use natural Slovak: ""Růžena Marková má povolanie športová plavkyňa."" That expresses all facts. No extra. Output only sentence."
Id472,geography,,,7,"Národný park Šumava obsahuje Plešné, Prášilské a Laka, pričom Plešné, Prášilské a Laka sú ledovcové jazerá a má 3 ledovcové jazerá.","We need to produce Slovak sentence(s) that express all facts. Facts: 1. NP Šumava contains Plešné. 2. NP Šumava contains Prášilské. 3. NP Šumava contains Laka. 4. Plešné is a glacial lake. 5. Prášilské is a glacial lake. 6. Laka is a glacial lake. 7. NP Šumava numberOfGlacialLakes 3. We must translate predicate to Slovak: ""contains"" -> ""obsahuje"". ""isA"" -> ""je"". ""numberOfGlacialLakes"" -> maybe ""počet ledovcových jazier"". Should be natural: ""má 3 ledovcové jazerá"". Use exact numbers. We need to include all facts. Could be one sentence: ""Národný park Šumava obsahuje Plešné, Prášilské a Laka, pričom Plešné, Prášilské a Laka sú ledovcové jazerá a park má 3 ledovcové jazerá."" That includes all. Ensure we use ""obsahuje"" for each? The sentence uses ""obsahuje"" once but covers all three. That's okay as it expresses contains all three. It includes isA facts and number. Should we mention each individually? Could be okay. Check translation: ""Národný park Šumava"" is translation of NP Šumava. ""obsahuje"" predicate. ""Plešné, Prášilské a Laka"" are objects. Then ""Plešné, Prášilské a Laka sú ledovcové jazerá"". Then ""park má 3 ledovcové jazerá"". That covers numberOfGlacialLakes. Make sure we keep proper Slovak grammar: ""Národný park Šumava obsahuje Plešné, Prášilské a Laka, pričom Plešné, Prášilské a Laka sú ledovcové jazerá a má 3 ledovcové jazerá."" Might be ambiguous about subject of ""má"". Could be ""park"". Use ""park"" as subject: ""Národný park Šumava ... a má 3 ledovcové jazerá."" That's fine. Thus final answer: one sentence."
Id473,history,,,5,"Legenda opisuje udalosť, že Boleslav, brat svätého Václava, so svojou družinou zabil svätého Václava.","We need to produce Slovak sentence(s) that express all facts. Let's list triples: 1. legenda | describesEvent | zabil svatého Václava 2. Boleslav | relationship | bratr svatého Václava 3. Boleslav | hasAssociates | jeho družina 4. Boleslav se svoji družinou | action | zabil 5. zabil | object | svatý Václav We need to translate predicates to Slovak: ""describesEvent"" -> ""opisuje udalosť"" maybe ""opisuje udalosť"". ""relationship"" -> ""vzťah"". ""hasAssociates"" -> ""má spolupracovníkov"" but need translation: ""má spolupracovníkov"" or ""má družinu"". Since object is ""jeho družina"" which is already phrase. So predicate ""hasAssociates"" -> ""má"". Could be ""má"". ""action"" -> ""akcia"" but we need verb: ""zabil"". Actually triple 4: subject ""Boleslav se svoji družinou"" (Boleslav with his group) predicate ""action"" object ""zabil"". So we need to express that Boleslav with his group performed the action ""zabil"". So we can say ""Boleslav so svojou družinou zabil"". The predicate ""action"" translates to ""vykonal akciu"" but we can embed as verb. Probably ""vykonal akciu"" but we need natural sentence. Triple 5: ""zabil"" predicate ""object"" ""svatý Václav"". So ""zabil"" has object ""svatý Václav"". So we need to state that the action ""zabil"" (the killing) has object ""svatý Václav"". Could be ""zabitím bol zasiahnutý svatý Václav"". But we must use given words. We must include all facts: legend describes event ""zabil svatého Václava"". Boleslav is brother of svatý Václav. Boleslav has his group. Boleslav with his group performed the action ""zabil"". The action ""zabil"" has object svatý Václav. We need to produce one or two sentences covering all. Let's craft: ""Legenda opisuje udalosť, že Boleslav, brat svätého Václava, so svojou družinou zabil svätého Václava."" Check: includes legend describes event (zabil svatého Václava). Boleslav relationship brother svatého Václava. Boleslav has associates his družina (so ""so svojou družinou""). Boleslav se svoji družinou action zabil (so ""zabil""). zabil object svatý Václav (object). All covered. We used ""zabil svätého Václava"" twice but that's okay. All facts present. No extra info. Should we mention ""legend"" as subject? Yes we did. Good. Make sure translation of ""relationship"" is ""je brat"". We used ""brat"". Good. Thus final answer: one sentence."
Id474,geography,,,2,Bavorov je juhočeské mesto a leží na rieke Blanice.,"We need to produce Slovak sentence(s) expressing both facts. Entities: Bavorov (proper name) stays as is. Predicates: locationType -> ""typ lokality""? Should translate to ""má typ lokality""? Actually we need natural Slovak: ""Bavorov je jihočeské město."" But need translate ""jihočeské město"" (Czech phrase) to Slovak: ""juhočeské mesto"". So sentence: ""Bavorov je juhočeské mesto a leží na rieke Blanice."" Or two sentences. Use predicate translations: locationType -> ""má typ lokality""? Better: ""Bavorov je juhočeské mesto."" liesAtRiver -> ""leží na rieke Blanice."" So combine: ""Bavorov je juhočeské mesto a leží na rieke Blanice."" That includes both facts. Ensure no extra info. Provide only sentence."
Id475,culture,,,3,"Divadlo F. X. Šaldy má súčasnú polohu miesto, zatiaľ čo Soukenické divadlo malo predchádzajúcu polohu miesto a bolo predchádzajúcim názvom Divadlo F. X. Šaldy.","We need to produce Slovak sentences expressing all facts. Triples: 1. Divadlo F. X. Šaldy | currentLocation | místo 2. Soukenické divadlo | formerLocation | místo 3. Soukenické divadlo | formerNameOf | Divadlo F. X. Šaldy We must translate predicate to Slovak. ""currentLocation"" -> ""má súčasnú polohu"" or ""sa nachádza v"". Use natural. ""formerLocation"" -> ""mal predchádzajúcu polohu"". ""formerNameOf"" -> ""bolo predchádzajúcim názvom"". Entities: ""Divadlo F. X. Šaldy"" is proper name, keep. ""Soukenické divadlo"" proper name, keep. ""místo"" is not proper, translate to Slovak ""miesto"". So object is ""miesto"". So sentences: ""Divadlo F. X. Šaldy má súčasnú polohu miesto."" Might be ""má súčasnú polohu miesto."" Could be ""sa nachádza na mieste"". But need to use predicate translation. Use ""má súčasnú polohu"". So: ""Divadlo F. X. Šaldy má súčasnú polohu miesto."" Second: ""Soukenické divadlo malo predchádzajúcu polohu miesto."" Third: ""Soukenické divadlo bolo predchádzajúcim názvom Divadlo F. X. Šaldy."" All facts covered. Could combine into one or two sentences. Could combine first two separate? Could be three sentences. Requirement: one sentence or two short if needed. Could combine first two: ""Divadlo F. X. Šaldy má súčasnú polohu miesto, zatiaľ čo Soukenické divadlo malo predchádzajúcu polohu miesto a bolo predchádzajúcim názvom Divadlo F. X. Šaldy."" That includes all. That is one sentence. Use proper translation. Ensure no extra facts. That sentence includes all three facts. Use ""a bolo predchádzajúcim názvom"". Good. Return only sentence."
Id476,sports,,,2,HC Kometa Brno má pôvodný názov TJ Rudá hvězda Brno a má typ hokejový klub.,"We need to produce Slovak sentence(s) that express both facts. Entities: ""HC Kometa Brno"" is a proper name, keep as is. Predicates: ""originalName"" -> translate to Slovak ""pôvodný názov"". ""type"" -> ""typ"". Objects: ""TJ Rudá hvězda Brno"" (proper name) keep. ""hokejový klub"" is not proper name, translate? It's already Slovak? It's Czech maybe but it's a common noun phrase, we should translate to Slovak: ""hokejový klub"" is already Slovak. So sentence: ""HC Kometa Brno má pôvodný názov TJ Rudá hvězda Brno a typ hokejový klub."" Or better: ""HC Kometa Brno má pôvodný názov TJ Rudá hvězda Brno a je hokejovým klubom."" But predicate ""type"" we need to use ""typ"". Could phrase: ""HC Kometa Brno má pôvodný názov TJ Rudá hvězda Brno a typ hokejový klub."" That expresses both. Ensure no extra info. Use ""má"" for originalName, ""typ"" maybe as ""má typ"". Could be: ""HC Kometa Brno má pôvodný názov TJ Rudá hvězda Brno a má typ hokejový klub."" That's fine. We must not add extra words beyond needed? It's okay. Provide one sentence."
Id477,sports,,,3,"Otmar Kučera je československý stíhací pilot, slúžil v Royal Air Force a bol aktívny v období 1939-09-01 1945-09-02.","We need to produce Slovak sentence(s) that convey all facts. Entities: Otmar Kučera (proper name) stays unchanged. Predicates: isA -> ""je"" (or ""je"" + noun). servedIn -> ""slúžil v"". activeDuring -> ""bol aktívny v období"". Need to translate object: ""československý stíhací pilot"" (already Slovak). ""Royal Air Force"" is proper name, keep. Dates: ""1939-09-01 1945-09-02"". Should we keep format? Probably keep as given. Could phrase: ""Otmar Kučera je československý stíhací pilot, slúžil v Royal Air Force a bol aktívny v období 1939-09-01 1945-09-02."" That's one sentence covering all. Ensure no extra facts. Use commas. That seems fine."
Id478,culture,,,2,Václav Havel napísal Antikódy. Antikódy je básnická zbierka.,"We need to produce Slovak sentence(s) expressing both facts. Entities: ""Václav Havel"" (proper name) keep. ""Antikódy"" (title) keep. Predicates: ""wrote"" -> ""napísal"". ""isA"" -> ""je"". Also need translate ""básnická sbírka"" is Czech for ""poetická zbierka""? Should translate to Slovak: ""básnická sbírka"" -> ""básnická zbierka""? In Slovak, ""básnická zbierka"". So sentence: ""Václav Havel napísal Antikódy a Antikódy je básnická zbierka."" Could be two sentences: ""Václav Havel napísal Antikódy. Antikódy je básnická zbierka."" Both fine. Must include all facts. Use proper translation of predicate: ""napísal"" (past masculine). ""je"" for isA. Provide one or two short sentences. I'll output two sentences."
Id479,geography,,,2,Česká Lípa je postavená blízko Lipého. Lipý je vodný hrad.,"We need to produce Slovak sentence(s) expressing both facts. Translate entities that are not proper names. ""Česká Lípa"" is a proper name (city). ""Lipý"" is proper name (maybe a place). ""builtNear"" -> ""postavený blízko"". ""isA"" -> ""je"". ""vodní hrad"" is not proper name, translate to Slovak: ""vodný hrad"". So sentences: ""Česká Lípa je postavená blízko Lipého."" Wait builtNear: subject builtNear object => ""Česká Lípa je postavená blízko Lipého."" Or ""Česká Lípa je postavená v blízkosti Lipého."" Use natural Slovak. Second: ""Lipý je vodný hrad."" That's fine. We must not add extra facts. Ensure we use proper translation of predicate: ""builtNear"" -> ""postavená blízko"". Could also be ""postavená v blízkosti"". Use singular feminine? ""Česká Lípa"" is feminine? It's a city, but we can use ""je postavená"". That's okay. Thus output two sentences."
Id480,culture,,,2,Ministerstvo kultury určuje kultúrne pamiatky. Kultúrne pamiatky sa nachádzajú v Českej republike.,"We need to produce Slovak sentence(s) that express all facts. Two triples: 1. Subject: Ministerstvo kultury, predicate: designates, object: kulturní památky. We need to translate predicate to Slovak: ""určuje"" or ""pripisuje""? ""designates"" meaning ""určuje"". So ""Ministerstvo kultury určuje (niečo)"". Object: ""kulturní památky"" is Czech phrase meaning ""kultúrne pamiatky"". Since not proper name, translate to Slovak: ""kultúrne pamiatky"". So: ""Ministerstvo kultury určuje kultúrne pamiatky."" 2. Subject: ""kulturní památky"" (cultural monuments) predicate: locatedIn, object: ""Česká republika"". Translate predicate: ""sa nachádza v"" or ""sa nachádzajú v"". Since subject plural, use ""nachádzajú sa v"". Object: ""Česká republika"" is proper name, keep as is. So: ""Kultúrne pamiatky sa nachádzajú v Českej republike."" Combine into one or two sentences. Could be two sentences: ""Ministerstvo kultury určuje kultúrne pamiatky. Kultúrne pamiatky sa nachádzajú v Českej republike."" Check requirement: Use only info given. Yes. Make sure translation of predicate ""designates"" to Slovak ""určuje"". Could also be ""pripisuje"". ""Určuje"" is fine. Thus final answer: two sentences."
Id481,history,,,1,Mesto Olomouc sa stalo kráľovským mestom dňa 1253-01-01.,"We need to produce Slovak sentence(s) expressing the fact. The triple: subject ""Město Olomouc"" (Czech for ""Mesto Olomouc"") predicate ""becameRoyalCity"" (became royal city) object ""1253-01-01"" (date). Need to translate predicate to Slovak: ""stalo sa kráľovským mestom"" maybe. Subject is not a proper name? ""Město Olomouc"" includes ""Město"" which is generic word ""Mesto"". Should translate entity that is not proper name. So ""Mesto Olomouc"". Keep proper name ""Olomouc"". So subject becomes ""Mesto Olomouc"". Predicate: ""stalo sa kráľovským mestom"". Object is date, keep as is. So sentence: ""Mesto Olomouc sa stalo kráľovským mestom dňa 1253-01-01."" Or ""Mesto Olomouc sa stalo kráľovským mestom 1253-01-01."" Use ""dňa"". Should be natural. Provide one sentence."
Id482,culture,,,2,Pardubice sú známe výrobou perníku a perník sa v nich vyrába.,"We need to produce Slovak sentence(s) that express both facts. Facts: 1. Pardubice knownFor výroba perníku. Translate: ""Pardubice je známe výrobou perníku."" (subject Pardubice, predicate knownFor => ""je známe"" maybe ""je známa"" but Pardubice is a city (feminine? In Slovak, ""Pardubice"" is plural? Actually city name is plural, but we can say ""Pardubice sú známe výrobou perníku."" Use ""sú"".) 2. perník productionLocation Pardubice => ""Perník sa vyrába v Pardubiciach."" Or ""Perník má miesto výroby Pardubice."" Better: ""Perník má miesto výroby Pardubice."" But we need natural. ""Perník sa vyrába v Pardubiciach."" We must include both facts. Could combine: ""Pardubice sú známe výrobou perníku a perník sa tam vyrába."" That includes both. Ensure no extra info. Use ""tam"" referencing Pardubice. That's okay. Provide one sentence. Check translation of predicate: knownFor => ""je známy"" or ""sú známe"". Use ""sú známe"". productionLocation => ""má miesto výroby"" or ""sa vyrába v"". Use ""sa vyrába v"". Provide sentence: ""Pardubice sú známe výrobou perníku a perník sa v nich vyrába."" That includes both. Make sure we didn't add extra facts. ""v nich"" refers to Pardubice, okay. Provide only sentence."
Id483,sports,,,4,"Eva Adamczyková, ktorá má rodné meno Samková, je olympijskou šampionkou v snowboardcrosse a vyhrala na zimných olympijských hrách 2014, ktoré sa konali v Soči.","We need to produce Slovak sentences expressing all facts. Facts: 1. Eva Adamczyková isOlympicChampionIn snowboardcross -> ""Eva Adamczyková je olympijskou šampionkou v snowboardcrosse."" 2. Eva Adamczyková birthName Samková -> ""Eva Adamczyková sa narodila pod menom Samková."" Or ""Eva Adamczyková má rodné meno Samková."" Use natural. 3. zimní olympijské hry 2014 location Soč -> ""Zimné olympijské hry 2014 sa konali v Soči."" 4. Eva Adamczyková wonAtEvent zimní olympijské hry 2014 -> ""Eva Adamczyková vyhrala na zimných olympijských hrách 2014."" We need to include all facts. Could combine into one or two sentences. Possibly: ""Eva Adamczyková, ktorá má rodné meno Samková, je olympijskou šampionkou v snowboardcrosse a vyhrala na zimných olympijských hrách 2014, ktoré sa konali v Soči."" That includes all. Ensure translation of predicate ""isOlympicChampionIn"" -> ""je olympijskou šampionkou v"". ""wonAtEvent"" -> ""vyhrala na"". ""location"" -> ""sa konali v"". ""birthName"" -> ""má rodné meno"". That seems fine. Check: we used ""Eva Adamczyková"" proper name unchanged. ""snowboardcross"" is a term, keep as is? It's not proper name, but it's a sport name; maybe keep as ""snowboardcross"". Could translate to ""snowboardcross"". It's fine. Thus final output single sentence."
Id484,geography,,,2,Kutná Hora je pomenovaná po ťažbe strieborných rúd a po tavení striebra.,"We need to produce Slovak sentence(s) that express all facts. Two triples: - Kutná Hora | namedAfter | těžba stříbrných rud - Kutná Hora | namedAfter | tavení stříbra We need to translate predicate ""namedAfter"" to Slovak: ""je pomenovaná po"" or ""má názov od""? Usually ""named after"" = ""pomenovaná po"". So we can say: ""Kutná Hora je pomenovaná po ťažbe strieborných rúd a po tavení striebra."" Need to translate objects: ""těžba stříbrných rud"" = ""ťažba strieborných rúd"". ""tavení stříbra"" = ""tavenie striebra"". Use Slovak: ""tavenie striebra"". So sentence: ""Kutná Hora je pomenovaná po ťažbe strieborných rúd a po tavení striebra."" That includes both facts. Ensure no extra info. Use proper Slovak diacritics. Provide only the sentence."
Id485,geography,,,3,"Příbor je mesto v Česku, nachádza sa v okrese Nový Jičín a je známe ako rodište Sigmunda Freuda.","We need to produce Slovak sentence(s) expressing all facts. Entities: ""Příbor"" is a city name (Czech). It's not a proper name? It's a city name, proper noun, keep as is. Predicates: isCityIn -> ""je mesto v"". isLocatedIn -> ""sa nachádza v"". isKnownAs -> ""je známe ako"". Need to translate objects: ""Česko"" is a country name, proper noun, keep. ""Okres Nový Jičín"" is proper name, keep. ""rodiště Sigmunda Freuda"" is phrase meaning ""birthplace of Sigmund Freud"". Need to translate: ""rodiště Sigmunda Freuda"" is not proper name, but phrase. Should translate to Slovak: ""rodište Sigmunda Freuda"". The predicate ""isKnownAs"" -> ""je známe ako"". So sentence: ""Příbor je mesto v Česku, nachádza sa v okrese Nový Jičín a je známe ako rodište Sigmunda Freuda."" Need to keep ""Česko"" maybe ""Česko"" is proper name, but Slovak would be ""Česko"". Use ""v Česku"" is correct. Provide one sentence. Ensure all facts included. Use ""Příbor je mesto v Česku, nachádza sa v okrese Nový Jičín a je známe ako rodište Sigmunda Freuda."" That covers all."
Id486,sports,,,2,Česká fotbalová liga má sponzorský názov Chance liga a rok sponzorského názvu je 2024.,"We need to produce Slovak sentence(s) expressing both facts. Entities: ""česká fotbalová liga"" is not a proper name? It's a generic description, but could be considered proper? It's a league name, but not proper? The instruction: translate each entity that is NOT a proper name. ""česká fotbalová liga"" likely is a proper name? It's the name of the league, but it's in Czech. Might be considered proper name, but they said proper names (mená osôb, miest, organizácií, diel). This is an organization, so keep original. So keep ""česká fotbalová liga"". Predikáty: ""sponzorskyNazev"" translate to ""sponzorský názov"". ""sponzorskyNazevRok"" translate to ""rok sponzorského názvu"" or ""rok sponzorského názvu"". Need natural Slovak sentence: ""Česká fotbalová liga má sponzorský názov Chance liga a rok sponzorského názvu je 2024."" Or two sentences. Must include both facts. Use exact numbers. Provide only sentence(s). Let's produce one sentence: ""Česká fotbalová liga má sponzorský názov Chance liga a rok sponzorského názvu je 2024."" Ensure no extra info."
Id487,history,,,1,Región Morava pochádza z rieky Moravy.,"We need to produce Slovak sentence(s) expressing the fact: subject ""region Morava"", predicate ""derivedFrom"", object ""řeka Moravy"". Need to translate non-proper nouns. ""region Morava"" - ""region"" is a common noun, translate to Slovak ""oblasť"" or ""kraj""? Probably ""región"". Use ""región Morava"". ""derivedFrom"" translate to Slovak ""pochádza z"". Object ""řeka Moravy"" - ""řeka"" is Czech for ""river"". Not a proper name, translate to ""rieka Moravy"". So sentence: ""Región Morava pochádza z rieky Moravy."" Ensure we keep proper names unchanged: ""Morava"" and ""Moravy"" are proper? ""Morava"" is region name, proper, keep. ""Moravy"" is genitive of river name, also proper. So final sentence: ""Región Morava pochádza z rieky Moravy."""
Id488,history,,,4,"Jan Nepomucký bol generálnym vikárom, bol spojený s pražským arcibiskupom, pochádzal z Nepomuku a neskôr bol svätým rehoľníkom.","We need to produce Slovak sentence(s) that convey all facts. Facts: - Jan Nepomucký has position generální vikář (Czech) meaning ""generálny vikár""? Actually ""generální vikář"" is Czech; translate to Slovak: ""generálny vikár"". - associatedWith: pražský arcibiskup -> translate: ""pražský arcibiskup"" (prague archbishop). Should we translate ""pražský"" to ""pražský""? It's an adjective, not proper name, so translate to Slovak: ""pražský"" is Czech; Slovak would be ""pražský"" as well? In Slovak, ""pražský"" also means ""of Prague"". So keep as ""pražský"". ""arcibiskup"" -> ""arcibiskup"". So phrase: ""je spojený s pražským arcibiskupom"". - origin: Nepomuk -> proper name, keep ""Nepomuk"". - laterStatus: svatořečen -> Czech for ""svätý rehoľník""? Actually ""svatořečen"" means ""svätý rehoľník""? Might be ""svätý rehoľník""? But we need translate to Slovak: ""svätý rehoľník"". However ""svatořečen"" is a title meaning ""svätý rehoľník"" (holy priest). Could translate as ""svätý rehoľník"". Use ""svätý rehoľník"". Now construct sentence: ""Jan Nepomucký bol generálnym vikárom, bol spojený s pražským arcibiskupom, pochádzal z Nepomuku a neskôr bol svätým rehoľníkom."" Ensure all facts included. Use past tense? Not required but natural. Use ""bol"" for position and later status. ""Pochádzal z Nepomuku"". ""Bol spojený s pražským arcibiskupom"". That covers all. Check translation of ""origin"" -> ""pochádzal z"". Good. Now output only the sentence."
Id489,sports,,,2,FC Baník Ostrava pochádza zo slovenského ekvivalentu horník a odkazuje na historické korene klubu.,"We need to produce Slovak sentence(s) that express both facts. Entities: ""FC Baník Ostrava"" is a proper name, keep as is. Predicates: ""derivedFrom"" -> translate to Slovak ""pochádza z"" or ""odvodený od"". Should be natural. ""refersTo"" -> ""odkazuje na"". Objects: ""slovenský ekvivalent horník"" (that's not a proper name, translate? It's already Slovak phrase meaning ""slovenský ekvivalent horník"". Should we translate? It's already Slovak, but it's a phrase. The instruction: translate each entity that is NOT a proper name. So ""slovenský ekvivalent horník"" is not a proper name, so we need to translate each word? But it's already Slovak. Maybe we keep as is because it's already Slovak. But maybe we need to translate to Slovak: it's already Slovak, so no change. ""historické kořeny klubu"" is Czech phrase meaning ""historické korene klubu"". Need to translate to Slovak: ""historické korene klubu"". So we must translate that object to Slovak. Also ""slovenský ekvivalent horník"" maybe we keep as is because it's Slovak already. But maybe we need to translate ""horník"" is Slovak word meaning ""horník"". It's already Slovak. So fine. Thus sentences: ""FC Baník Ostrava pochádza zo slovenského ekvivalentu horník a odkazuje na historické korene klubu."" Or separate sentences. Make sure we include both facts. Use ""pochádza z"" for derivedFrom, ""odkazuje na"" for refersTo. Thus final answer: one sentence."
Id490,geography,,,4,"Vršovice je obklopené Královskými Vinohradmi, Strašnicami, Michlami a Nuslami.","We need to produce Slovak sentence(s) expressing all facts. The triples: Vršovice surroundedBy Královské Vinohrady; Vršovice surroundedBy Strašnice; Vršovice surroundedBy Michle; Vršovice surroundedBy Nusle. Need to translate predicate ""surroundedBy"" to Slovak ""obklopuje"" or ""je obklopený"". Subject Vršovice is a proper name, keep. Objects are proper names, keep. So sentence: ""Vršovice je obklopené Královskými Vinohradmi, Strašnicami, Michlami a Nuslami."" That includes all. Ensure correct Slovak case: ""obklopené"" with instrumental plural? Actually ""obklopený"" + instrumental: ""Královskými Vinohradmi, Strašnicami, Michlami a Nuslami"". That covers all. Provide one sentence."
Id491,geography,,,1,Meno mesta Zlín pochádza z Zlo.,"We need to produce Slovak sentence(s) expressing the fact: subject ""jméno města Zlín"" predicate ""derivedFrom"" object ""Zlo"". Need to translate non-proper nouns. ""jméno města Zlín"" is Czech meaning ""meno mesta Zlín"". So translate to Slovak: ""meno mesta Zlín"". Predicate ""derivedFrom"" translate to Slovak ""pochádza z"". Object ""Zlo"" is a proper name? Could be a place name ""Zlo"". It's capitalized, likely proper noun. Keep as is. So sentence: ""Meno mesta Zlín pochádza z Zlo."" That expresses all facts. Ensure no extra info. Output only the sentence."
Id492,geography,,,1,Horní Štěpanice sa nachádza v Krkonošský národní park.,"We need to produce Slovak sentence(s) expressing the fact. Subject ""Horní Štěpanice"" is a proper name, keep as is. Predicate ""locatedIn"" translate to Slovak ""sa nachádza v"". Object ""Krkonošský národní park"" is not a proper name? It's a proper name of a park, likely keep original. But rule: translate each entity that is NOT a proper name. ""Krkonošský národní park"" is a proper name (national park). Should keep original. So sentence: ""Horní Štěpanice sa nachádza v Krkonošský národní park."" Ensure correct Slovak grammar: ""v"" + accusative? ""v Krkonošskom národnom parku"" would be translation, but we must keep original name. So ""v Krkonošský národní park"" maybe unnatural but follow rule. Could also say ""Horní Štěpanice sa nachádza v Krkonošský národní park."" That's fine. Return only sentence."
Id493,geography,,,2,Kněžná je rieka. Rychnov nad Kněžnou obsahuje v názve Kněžná.,"We need to produce Slovak sentence(s) expressing both facts. Entities: ""Kněžná"" is a river. ""Rychnov nad Kněžnou"" containsInName ""Kněžná"". Translate non-proper nouns: ""river"" = ""rieka"". Predicate ""isA"" => ""je"". So ""Kněžná je rieka."" Next: ""Rychnov nad Kněžnou"" containsInName ""Kněžná"". Translate predicate ""containsInName"" maybe ""obsahuje v názve"". So ""Rychnov nad Kněžnou obsahuje v názve Kněžná."" Should we keep proper names unchanged. Yes. Provide one or two short sentences. So two sentences. Ensure no extra info. Output only sentences."
Id494,geography,,,1,Turnov sa nachádza v Jičínskej pahorkatine.,"We need to produce a Slovak sentence expressing the fact: Turnov locatedIn Jičínská pahorkatina. Translate non-proper nouns: ""locatedIn"" -> ""sa nachádza v"". Turnov is proper name, Jičínská pahorkatina is proper? It's a geographic name, likely proper, keep as is. So sentence: ""Turnov sa nachádza v Jičínskej pahorkatine."" Need to adjust case: ""v Jičínskej pahorkatine"" (locative). Should we translate ""locatedIn"" as ""sa nachádza v"". Yes. Return only the sentence."
Id495,geography,,,1,Opočno sa nachádza v Královehradecký kraj.,"We need to produce Slovak sentence(s) expressing the fact: ""Opočno locatedIn Královehradecký kraj"". Translate non-proper nouns: ""locatedIn"" -> ""sa nachádza v"". Entities: Opočno is proper name, keep. Královehradecký kraj is proper name (region), keep. So sentence: ""Opočno sa nachádza v Královehradeckom kraji."" Note: need to translate region name? It's proper, keep original, but maybe adjust case: ""v Královehradecký kraj"" -> Slovak case: ""v Královehradeckom kraji"". However requirement: translate each entity that is not a proper name. Since ""Královehradecký kraj"" is a proper name (region name), keep as is. But grammar may require case change; but we cannot add morphological changes not in data. The data says ""Královehradecký kraj"". Should we keep exactly? Probably we can adapt to Slovak grammar but still keep name. Could write ""Opočno sa nachádza v Královehradecký kraj."" That is slightly off grammar but matches literal. However they said translate each entity that is not a proper name. Since it's proper, keep. So output that sentence."
Id496,geography,,,1,Kadaň sa nachádza na rieke Ohře.,"We need to produce Slovak sentence(s) expressing the fact: ""Kadaň locatedOnRiver Ohře"". Translate predicate to Slovak: ""sa nachádza na rieke"". Entity ""Ohře"" is a proper name (river name) keep as is. Subject ""Kadaň"" is proper name, keep. So sentence: ""Kadaň sa nachádza na rieke Ohře."" Ensure no extra info."
Id497,geography,,,2,"Červený hrádek sa nachádza v úpati Krušných hor, ktoré je súčasťou Krušných hôr.","We need to produce Slovak sentence(s) that express both facts. Triples: 1. ""Červený hrádek"" locatedAt ""úpatí Krušných hor"" 2. ""úpatí Krušných hor"" partOf ""Krušné hory"" We need to translate predicate: ""locatedAt"" -> ""sa nachádza v"" or ""sa nachádza na"". ""partOf"" -> ""je súčasťou"". Entities not proper names: ""úpatí Krušných hor"" is a phrase, but ""úpatí"" is common noun, ""Krušných hor"" is genitive of ""Krušné hory"" (proper name?). ""Krušné hory"" is proper name of mountain range, keep as is. So translate ""úpatí Krušných hor"" as ""úpatí Krušných hor"" (the phrase includes proper name). ""Červený hrádek"" is proper name? Likely a place name, keep as is. We need to include both facts. Could be one sentence: ""Červený hrádek sa nachádza v úpati Krušných hor, ktoré je súčasťou Krušných hôr."" But need to translate ""partOf"" as ""je súčasťou"". Use ""Krušné hory"" as proper name. The phrase ""Krušných hor"" is genitive; we can keep as ""Krušných hor"". In Slovak, ""Krušné hory"" is proper name, genitive ""Krušných hôr"". The triple says ""Krušné hory"". So we can say ""Krušné hory"". Use correct case: ""Krušných hôr"". But we must not add info not in triple. The triple says ""Krušné hory"". So we can say ""Krušné hory"". In sentence, we need proper case: ""Krušných hôr"". That's derived from proper name, but it's grammatical. It's okay. Thus sentence: ""Červený hrádek sa nachádza v úpati Krušných hor, ktoré je súčasťou Krušných hôr."" That includes both facts. Ensure we didn't add extra. ""ktoré je súčasťou"" expresses second triple. Good. Return only sentence."
Id498,geography,,,3,"Hrad Veveří sa nachádza v Ostrohu, ktorý leží nad riekou Svratka a je blízko Brna.","We need to produce Slovak sentence(s) that express all facts. Triples: 1. hrad Veveří | location | ostroh 2. ostroh | locatedAbove | řeka Svratka 3. ostroh | near | Brno We must translate predicate to Slovak: location -> ""sa nachádza v"" or ""je umiestnený v""? The predicate ""location"" likely means ""nachádza sa v"". So ""hrad Veveří sa nachádza v ostrohu."" Next: ostroh locatedAbove řeka Svratka -> ""Ostroh leží nad riekou Svratka."" Or ""Ostroh sa nachádza nad riekou Svratka."" Use ""leží nad"". Next: ostroh near Brno -> ""Ostroh je blízko Brna."" So we need to include all facts. Could combine: ""Hrad Veveří sa nachádza v Ostrohu, ktorý leží nad riekou Svratka a je blízko Brna."" That includes all three. Ensure proper translation of entities: ""řeka Svratka"" -> ""rieka Svratka"". ""Brno"" stays. ""ostroh"" is a place name, keep as ""Ostroh"". Use proper case. Provide one sentence."
Id499,history,,,2,Hrad Velhartice bol založený Pánmi z Velhartic. Páni z Velhartic sú panský rod.,"We need to produce Slovak sentence(s) that express all facts. Two triples: 1. Hrad Velhartice | foundedBy | Páni z Velhartic? Actually ""foundedBy"" means ""bol založený"". So translate: ""Hrad Velhartice bol založený Pánmi z Velhartic."" 2. Páni z Velhartic | isA | panský rod. Translate: ""Páni z Velhartic sú panský rod."" But need correct grammar: ""Páni z Velhartic sú panský rod."" Could also be ""Páni z Velhartic je panský rod."" Since subject is plural? ""Páni"" plural, so ""sú"". Use ""panský rod"" as noun phrase. Combine into one or two sentences. Could be two sentences: ""Hrad Velhartice bol založený Pánmi z Velhartic. Páni z Velhartic sú panský rod."" Make sure no extra info. Use exact names. Keep ""Páni z Velhartic"" as is. Use ""Hrad Velhartice"". Good. Return only sentences."
Id500,geography,,,3,Děčín sa nachádza pri sútoku Labe a Ploučnice. Soutok Labe a Ploučnice je sútokom Labe a sútokom Ploučnice.,"We need to produce Slovak sentence(s) that express all facts. Triples: 1. Děčín | locatedAt | Soutok Labe a Ploučnice 2. Soutok Labe a Ploučnice | confluenceOf | Labe 3. Soutok Labe a Ploučnice | confluenceOf | Ploučnice We must translate predicate to Slovak: ""locatedAt"" -> ""sa nachádza pri"" or ""sa nachádza na"". Use natural. ""confluenceOf"" -> ""je sútokom"" or ""je sútokom riek"". Since object is Labe (river) and Ploučnice (river). So sentence: ""Děčín sa nachádza pri sútoku Labe a Ploučnice, ktorý je sútokom Labe a Ploučnice."" But need to express both confluence facts: The confluence of Labe and Ploučnice is the ""Soutok Labe a Ploučnice"". So we can say: ""Soutok Labe a Ploučnice je sútokom Labe a zároveň sútokom Ploučnice."" But that sounds redundant. Better: ""Soutok Labe a Ploučnice je sútokom Labe a Ploučnice."" That covers both? Actually two triples: confluenceOf Labe, confluenceOf Ploučnice. Could combine: ""Soutok Labe a Ploučnice je sútokom Labe a sútokom Ploučnice."" But maybe ""Soutok Labe a Ploučnice je sútokom Labe a Ploučnice."" That expresses both? It says it's the confluence of Labe and Ploučnice, which implies both. But we need to ensure both facts are represented. The requirement: include all facts. If we say ""Soutok Labe a Ploučnice je sútokom Labe a Ploučnice"", that covers both? It states it's a confluence of Labe and Ploučnice, which is essentially both. Might be acceptable. But to be safe, we could produce two short sentences: one for each confluence. Eg: ""Soutok Labe a Ploučnice je sútokom Labe. Soutok Labe a Ploučnice je sútokom Ploučnice."" Then also Děčín location. So three sentences or combine. The instruction: one sentence (or two short if needed). Could do two sentences: first combine location and confluence? Might be three facts, could be two sentences: first: ""Děčín sa nachádza pri sútoku Labe a Ploučnice."" second: ""Soutok Labe a Ploučnice je sútokom Labe a sútokom Ploučnice."" That includes both confluence facts. That seems fine. Check translation: ""locatedAt"" -> ""sa nachádza pri"". ""confluenceOf"" -> ""je sútokom"". Use ""sútokom"" singular. For second fact, we need both. Use ""a"" to join. ""je sútokom Labe a sútokom Ploučnice."" That repeats ""sútokom"". Acceptable. Thus output two sentences."
Id501,geography,,,1,Březnice sa nachádza v okrese Příbram.,"We need to produce Slovak sentence(s) expressing the fact. Subject: Březnice (proper name) predicate: locatedIn (translate to ""sa nachádza v"") object: okres Příbram (should translate ""okres"" as ""okres"", Příbram is proper name). So ""Březnice sa nachádza v okrese Příbram."" Ensure correct Slovak grammar: ""v okrese Příbram"". Yes. We must not add anything else. Output only the sentence."
Id502,geography,,,1,Zámek Zásmuky sa nachádza v Středočeský kraj.,"We need to produce Slovak sentence(s) expressing the fact: ""Zámek Zásmuky"" locatedIn ""Středočeský kraj"". Need to translate non-proper nouns: ""locatedIn"" -> ""sa nachádza v"". Entities: Zámek Zásmuky is a proper name? It's a name of a castle, includes ""Zámek"" which is a common noun but part of name. Should we translate? The rule: translate each entity that is NOT a proper name. ""Zámek Zásmuky"" includes ""Zámek"" (castle) but it's part of the name; likely treat whole as proper name? Might keep as is. ""Středočeský kraj"" is a region name, proper name, keep. So sentence: ""Zámek Zásmuky sa nachádza v Středočeský kraj."" Should we add diacritics? Keep original. That's it."
Id503,history,,,4,"Chomutov je mesto, husiti ho dobyli dňa 1421-01-01. 1421 patrí do 15. storočia.","We need to produce Slovak sentence(s) that express all facts. Facts: 1. Chomutov | locationType | město -> translate entity ""město"" (Czech) to Slovak ""mesto"". So: Chomutov je mesto. (subject Chomutov, predicate locationType, object mesto) 2. husité | conquered | Chomutov -> translate ""husité"" (Czech) maybe ""husiti"" (Slovak). So: husiti dobyli Chomutov. 3. Chomutov | conquestDate | 1421-01-01 -> date. So: Chomutov bol dobytý dňa 1421-01-01. Or ""dňa 1421-01-01"". Use exact date. 4. 1421 | belongsToCentury | 15 -> translate ""belongsToCentury"" as ""patrí do storočia"". So: rok 1421 patrí do 15. storočia. But need to keep ""15"" as given. Should we add ""storočia""? The predicate translation: ""patrí do storočia"". So: 1421 patrí do 15. storočia. Might need ""rok 1421"". Use ""rok 1421"". So: Rok 1421 patrí do 15. storočia. We need to include all facts. Could combine into one sentence? Might be long. Could do two short sentences. Must not add extra facts. Ensure we don't add ""rok"" if not in data? ""1421"" is an entity, we can refer to it as ""rok 1421"". That's adding ""rok"" which is not in data. But we can say ""1421 patrí do 15. storočia"". That's okay, adding ""storočia"" is part of translation of predicate, not extra fact. The entity ""15"" is just number, we can say ""15. storočia"". That's fine. Now combine: ""Chomutov je mesto, husiti ho dobyli dňa 1421-01-01. 1421 patrí do 15. storočia."" That's three sentences. Could be two: combine first three into one: ""Chomutov je mesto, ktoré husiti dobyli dňa 1421-01-01."" But that adds relative clause ""ktoré"" not in data? It's okay as grammatical, not adding fact. It still expresses facts. It adds ""ktoré"" but not new fact. Should be fine. Then second sentence: ""1421 patrí do 15. storočia."" Thus final output: two sentences. Ensure no extra punctuation. Provide only sentences. Let's produce: ""Chomutov je mesto, husiti ho dobyli dňa 1421-01-01. 1421 patrí do 15. storočia."""
Id504,geography,,,1,Nový Jičín leží na rieke Jičínka.,"We need to produce a Slovak sentence expressing the fact: ""Nový Jičín lies on river Jičínka"". Translate predicate ""liesOnRiver"" to Slovak: ""leží na rieke"". Subject ""Nový Jičín"" is a proper name, keep. Object ""Jičínka"" is a proper name (river name), keep. So sentence: ""Nový Jičín leží na rieke Jičínka."" That's it."
Id505,culture,,,2,Jiří Wolker je autorom Host do domu a Host do domu je básnická zbierka.,"We need to produce Slovak sentence(s) that express all facts. Triples: 1. Jiří Wolker | authorOf | Host do domu 2. Host do domu | isA | básnická sbírka We need to translate non-proper nouns. ""authorOf"" -> ""je autorom"" or ""napísal"". Use Slovak. ""isA"" -> ""je"". So we need to say: Jiří Wolker je autorom Host do domu. Host do domu je básnická sbírka. Could combine: Jiří Wolker je autorom básnickej zbierky Host do domu. But that would add ""básnickej zbierky"" which is from second triple, but we must include both facts. If we combine into one sentence, we must convey both: Jiří Wolker je autorom Host do domu a Host do domu je básnická sbírka. That includes both. Ensure translation of ""básnická sbírka"" stays as is? It's Czech phrase but we keep as is? The instruction: translate each entity that is not a proper name. ""Host do domu"" is title, likely proper name, keep. ""básnická sbírka"" is a common noun phrase, translate to Slovak: ""básnická zbierka"". Should we translate? Yes. So we should use Slovak ""básnická zbierka"". So sentence: Jiří Wolker je autorom Host do domu a Host do domu je básnická zbierka. That includes both facts. No extra. Output only sentence."
Id506,geography,,,2,Gymnázium Jana Valeriána Jirsíka sa nachádza v Českých Budějovicích. České Budějovice je mesto v južných Čechách.,"We need to produce Slovak sentence(s) that express both facts. Entities: ""Gymnázium Jana Valeriána Jirsíka"" (proper name) locatedIn ""Českých Budějovicích"". The second: ""České Budějovice"" regionType ""jihočeské město"". Need to translate non-proper nouns: ""locatedIn"" -> ""sa nachádza v"". ""regionType"" -> ""má typ regiónu"" maybe ""je typom""? But need natural Slovak: ""České Budějovice je jihočeské město."" However ""jihočeské město"" is Czech phrase; translate to Slovak: ""južná česká mesto""? Actually ""jihočeské město"" means ""mesto v Jižných Čechách"". In Slovak, ""jihočeské mesto"" could be ""mesto v južných Čechách"". But requirement: translate each entity that is not a proper name. So ""jihočeské město"" is a phrase, not a proper name, so translate. So ""jihočeské město"" -> ""južné české mesto""? Better: ""mesto v južných Čechách"". But we need to keep the phrase as a noun phrase. Could be ""mesto v južných Čechách"". That is translation. Thus sentences: ""Gymnázium Jana Valeriána Jirsíka sa nachádza v Českých Budějovicích."" and ""České Budějovice je mesto v južných Čechách."" That covers both facts. Check: ""Českých Budějovicích"" is locative case of ""České Budějovice"". Should we translate? It's proper name, keep as is. Good. Thus output two sentences."
Id507,history,,,1,Boleslav I. má prezývku Ukrutný.,"We need to produce Slovak sentence(s) expressing the fact: subject Boleslav I., predicate hasNickname, object Ukrutný. Translate predicate to Slovak: ""má prezývku"". Object ""Ukrutný"" is not a proper name? It's a nickname, likely not proper name, but it's a word. Should translate? The rule: translate each entity that is not a proper name. ""Ukrutný"" is a common adjective used as nickname, but it's likely considered a nickname, maybe not proper name. Should we translate? It's already Slovak word ""Ukrutný"". So keep as is. Subject ""Boleslav I."" is proper name, keep. So sentence: ""Boleslav I. má prezývku Ukrutný."" That's it."
Id508,geography,,,2,Bruntál je mesto a nachádza sa v Moravskoslezský kraj.,"We need to produce Slovak sentence(s) that express both facts: Bruntál is a city, and Bruntál is located in Moravskoslezský kraj. Need to translate non-proper nouns: ""locatedIn"" -> ""sa nachádza v"" or ""sa nachádza v"". ""isA"" -> ""je"". ""město"" -> ""mesto"". ""Moravskoslezský kraj"" is a proper name, keep as is. ""Bruntál"" is proper name, keep. Thus sentence: ""Bruntál je mesto a nachádza sa v Moravskoslezský kraj."" Or ""Bruntál je mesto a nachádza sa v Moravskoslezskom kraji."" But we must keep exact string ""Moravskoslezský kraj"". Should we translate ""kraj"" as part? It's part of proper name, so keep as is. So ""v Moravskoslezský kraj"". Use ""sa nachádza v"". So final: ""Bruntál je mesto a nachádza sa v Moravskoslezský kraj."" Ensure no extra facts. That's fine."
Id509,geography,,,2,Mesto Jeseník je pomenované po polohe u Jesenického pohoří. Poloha u Jesenického pohoří sa nachádza blízko Jesenického pohoří.,"We need to produce Slovak sentence(s) expressing all facts. Triples: 1. ""Město Jeseník | namedAfter | poloha u jesenického pohoří"" Subject: Město Jeseník (city Jeseník). Predicate: namedAfter (named after). Object: ""poloha u jesenického pohoří"" (location near Jeseníc mountain? Actually ""poloha u jesenického pohoří"" means ""location near the Jeseník mountains""). We need to translate non-proper nouns. ""Město"" is ""mesto"". So ""Město Jeseník"" is proper name? ""Jeseník"" is name, but ""Město Jeseník"" includes generic ""Město"". Should we translate ""Město"" to ""mesto""? Yes, because it's not a proper name. So ""Město Jeseník"" becomes ""mesto Jeseník"". Keep ""Jeseník"" as proper. Object: ""poloha u jesenického pohoří"". ""poloha"" is location, ""u"" is ""near"". ""jesenického pohoří"" is ""Jesenické pohoří"" (mountain range). So translate: ""poloha u Jesenického pohoří"". Should we keep ""poloha"" as noun? Yes. Second triple: ""poloha u jesenického pohoří | locatedNear | jesenické pohoří"". Subject: ""poloha u jesenického pohoří"" (location near Jesenické pohoří). Predicate: locatedNear (nachádza sa blízko). Object: ""jesenické pohoří"" (Jesenické pohoří). Translate: ""poloha u Jesenického pohoří sa nachádza blízko Jesenického pohoří"". But we need to express both facts in one or two sentences. First fact: ""Mesto Jeseník je pomenované po polohe u Jesenického pohoří."" Actually ""named after"" means ""je pomenované po"". So we can say: ""Mesto Jeseník je pomenované po polohe u Jesenického pohoří."" That expresses first triple. Second: ""Poloha u Jesenického pohoří sa nachádza blízko Jesenického pohoří."" That expresses second triple. We must not add extra info. The phrase ""pomenované po"" is correct translation of ""named after"". Use ""je pomenované po"". Good. Thus output two sentences."
Id510,geography,,,1,Chrudim sa nachádza v Pardubický kraj.,"We need to produce a Slovak sentence expressing the fact: ""Chrudim is located in Pardubický kraj."" Need to translate predicate ""locatedIn"" to Slovak ""sa nachádza v"" or ""sa nachádza v"". Also translate entities that are not proper names. ""Chrudim"" is a proper name (city), keep as is. ""Pardubický kraj"" is a proper name (region), keep as is. So sentence: ""Chrudim sa nachádza v Pardubickom kraji."" Note that ""Pardubický kraj"" is proper name, but we might need to keep original case? In Slovak, proper name ""Pardubický kraj"" is correct. The phrase ""v Pardubickom kraji"" is grammatical. Should we keep original ""Pardubický kraj""? Yes, proper name unchanged, but we can inflect it. The instruction: ""Prelož do slovenčiny každú entitu, ktorá NIE JE vlastné meno (napr. všeobecné podstatné mená, roly, všeobecné opisy). Vlastné mená (mená osôb, miest, organizácií, diel atď.) ponechaj v pôvodnej podobe."" So we keep ""Chrudim"" and ""Pardubický kraj"" unchanged. But we can inflect? It says keep in original form, but inflection may be considered a change. Safer to keep exactly ""Pardubický kraj"". But we need to embed in sentence with preposition ""v"". Could we say ""v Pardubický kraj""? That is ungrammatical; need case. However instruction may allow morphological changes? It says ""ponechaj v pôvodnej podobe"". I'd interpret that we should not translate or modify the proper name, but we can add case endings? Might be considered modification. Safer to keep as is: ""Chrudim sa nachádza v Pardubický kraj."" That is slightly off but maybe acceptable. Could also use ""v Pardubickom kraji"" which changes the name. I'd go with minimal change: keep name unchanged. So final answer: one sentence."
Id511,geography,,,2,Vltava je najdlhšia rieka a nachádza sa v území Česka.,"We need to produce Slovak sentence(s) that express both facts. Entities: Vltava (proper name) stays. Predicates: ""isTheLongest"" -> translate to Slovak ""je najdlhšia"". Object ""řeka"" -> translate to ""rieka"". Second: location -> ""sa nachádza v"" or ""má polohu"". Should be natural: ""Vltava je najdlhšia rieka a nachádza sa v území Česka."" Need to keep ""Česka"" as is (proper name). Should we translate ""území Česka"" as given? It's already Slovak? ""území Česka"" is Slovak phrase meaning ""territory of Czechia"". It's fine. Provide one sentence. Ensure no extra facts. Use both facts. Sentence: ""Vltava je najdlhšia rieka a nachádza sa v území Česka."" That includes both. Good."
Id512,geography,,,1,Západočeský kraj má sídlo v Plzni.,"We need to produce Slovak sentence(s) expressing the fact: ""Západočeský kraj | hasSeat | Plzeň"". Translate predicate ""hasSeat"" to Slovak: ""má sídlo"". Entities: Západočeský kraj (proper name) keep as is. Plzeň is proper name, keep. So sentence: ""Západočeský kraj má sídlo v Plzni."" Should we include ""v""? The predicate ""má sídlo"" often takes ""v"". The fact says hasSeat Plzeň, meaning seat is Plzeň. So ""Západočeský kraj má sídlo Plzeň."" But natural Slovak would be ""Západočeský kraj má sídlo v Plzni."" However we must not add extra info not in triple. Adding ""v"" is a preposition, not a fact. Is that allowed? The triple says hasSeat Plzeň, which implies location. Using ""v"" is grammatical, not adding new fact. Should be okay. Provide one sentence."
Id513,geography,,,2,Lovosice sa nachádza na ľavom brehu. Ľavý breh je súčasťou rieky Labe.,"We need to produce Slovak sentence(s) that express all facts. Triples: 1. Lovosice | locatedOn | levý břeh 2. levý břeh | partOf | řeka Labe We must translate non-proper nouns to Slovak. ""Lovosice"" is a proper name (city). ""levý břeh"" is Czech phrase meaning ""left bank"". It's not a proper name? It's a generic term, so translate to Slovak: ""ľavý breh"". ""řeka Labe"" is ""river Labe"" (Labe is proper name of river, known as Elbe). So translate: ""rieka Labe"". ""locatedOn"" -> ""sa nachádza na"". ""partOf"" -> ""je súčasťou"". So we need sentences that convey both facts: Lovosice sa nachádza na ľavom brehu a ľavý breh je súčasťou rieky Labe. Or two sentences: ""Lovosice sa nachádza na ľavom brehu. Ľavý breh je súčasťou rieky Labe."" Both convey all facts. Must not add extra info. Use exact terms. Ensure ""ľavý breh"" matches case. Use ""na ľavom brehu"". Good. Return only sentence(s)."
Id514,geography,,,2,"Znojmo sa nachádza na ľavom brehu, ktorý je súčasťou Dyje.","We need to produce Slovak sentence(s) that express all facts. Triples: 1. Znojmo | locatedOn | levý břeh 2. levý břeh | partOf | Dyje We must translate non-proper nouns: ""locatedOn"" -> ""sa nachádza na"" or ""sa nachádza na"". ""partOf"" -> ""je súčasťou"". Entities: ""Znojmo"" is proper name, keep. ""levý břeh"" is not proper? It's a phrase meaning ""left bank"". It's a common noun phrase, so translate to Slovak: ""ľavý breh"". ""Dyje"" is a proper name (river), keep as is. Thus sentences: ""Znojmo sa nachádza na ľavom brehu, ktorý je súčasťou Dyje."" That includes both facts. Ensure we include both facts: Znojmo located on left bank; left bank part of Dyje. The sentence expresses both. Use proper translation. Check: ""levý břeh"" -> ""ľavý breh"". ""Dyje"" keep. Thus final answer: one sentence."
Id515,geography,,,1,Smíchov hraničí na severe s Malou Stranou.,"We need to produce Slovak sentence(s) expressing the fact: ""Smíchov bordersOnNorth Malá Strana"". Translate non-proper nouns: ""bordersOnNorth"" -> ""hraničí na severe s"". Subject ""Smíchov"" is proper name, keep. Object ""Malá Strana"" is also proper (a district in Prague). So sentence: ""Smíchov hraničí na severe s Malou Stranou."" Need correct Slovak case: ""s Malou Stranou"". Use ""hraničí na severe s"". That expresses the fact. Only one fact. Provide only the sentence."
Id516,geography,,,1,Liberecký kraj má najvyšší vrchol Kotel.,"We need to produce Slovak sentence(s) expressing the fact: ""Liberecký kraj | highestPeak | Kotel"". Translate non-proper nouns: ""kraj"" is proper? ""Liberecký kraj"" is a proper name (region). ""highestPeak"" predicate translates to ""najvyšší vrchol"". ""Kotel"" is a proper name (mountain). So sentence: ""Liberecký kraj má najvyšší vrchol Kotel."" Or ""Najvyšším vrcholom Libereckého kraja je Kotel."" Both fine. Must use predicate translated. Use ""najvyšší vrchol"". Provide one sentence."
Id517,geography,,,1,Hrad Kunětická hora sa nachádza blízko Pardubic.,"We need to produce Slovak sentence(s) expressing the fact: subject ""hrad Kunětická hora"", predicate ""locatedNear"", object ""Pardubice"". Translate non-proper nouns: ""hrad"" is a noun, ""Pardubice"" is a city name (proper). ""locatedNear"" translates to ""sa nachádza blízko"" or ""sa nachádza v blízkosti"". Use Slovak natural phrasing: ""Hrad Kunětická hora sa nachádza blízko Pardubic."" Ensure we keep proper name ""Pardubice"". Also ""hrad Kunětická hora"" is proper name? ""Kunětická hora"" is a proper name, but ""hrad"" is a common noun. So we translate ""hrad"" to ""hrad"". So sentence: ""Hrad Kunětická hora sa nachádza blízko Pardubic."" That's all."
Id518,geography,,,1,Divadlo na Vinohradech sa nachádza na náměstí Míru na Vinohradech.,"We need to produce Slovak sentence(s) expressing the fact. RDF triple: subject ""Divadlo na Vinohradech"", predicate ""locatedAt"", object ""náměstí Míru na Vinohradech"". Need to translate non-proper nouns. ""Divadlo na Vinohradech"" is a proper name? It's a theater name, likely proper. Keep as is. ""locatedAt"" translate to ""sa nachádza na"". Object ""náměstí Míru na Vinohradech"" is a place name, likely proper, keep as is. But ""náměstí"" is Czech for ""námestie"". It's part of proper name, but we might translate non-proper nouns. The rule: translate each entity that is NOT a proper name. The object is a proper name? It's a specific square name, includes ""náměstí Míru"". That's a proper name, so keep original? The instruction: ""Prelož do slovenčiny každú entitu, ktorá NIE JE vlastné meno (napr. všeobecné podstatné mená, roly, všeobecné opisy). Vlastné mená (mená osôb, miest, organizácií, diel atď.) ponechaj v pôvodnej podobe."" So ""náměstí Míru na Vinohradech"" is a place name, proper, keep as is. So sentence: ""Divadlo na Vinohradech sa nachádza na náměstí Míru na Vinohradech."" That's it."
Id519,geography,,,2,Plzeňský kraj hraničí s 4. Typ regiónu Plzeňského kraja je kraj.,"We need to produce Slovak sentence(s) expressing all facts. Two triples: 1. Plzeňský kraj | bordersWith | 4 2. Plzeňský kraj | regionType | kraj We must translate predicate to Slovak. ""bordersWith"" => ""hraničí s"". ""regionType"" => ""typ regiónu"". Also need to translate object if not proper name. Object ""4"" is a number, not a name. Should we translate? It's a number, keep as ""4"". But maybe it's a region identifier? It's not a proper name, but it's a number. We keep as ""4"". The second object ""kraj"" is a common noun, translate to Slovak: ""kraj"". Already Slovak. So sentence: ""Plzeňský kraj hraničí s 4 a typ regiónu je kraj."" But need to express both facts. Could be two sentences: ""Plzeňský kraj hraničí s 4. Plzeňský kraj je kraj."" But need to include region type. ""Plzeňský kraj má typ regiónu kraj."" Better: ""Plzeňský kraj hraničí s 4 a typ regiónu je kraj."" That includes both. Ensure no extra info. Use ""typ regiónu"" as translation of predicate. Could also say ""Plzeňský kraj má typ regiónu kraj."" That uses ""má"". But predicate translation should be natural. The instruction: ""Predikát VŽDY prelož do slovenčiny a použi ho vo vete prirodzene."" So we need to translate each predicate: ""bordersWith"" -> ""hraničí s"". ""regionType"" -> ""typ regiónu"". So we could say: ""Plzeňský kraj hraničí s 4 a typ regiónu je kraj."" That uses both. Or separate: ""Plzeňský kraj hraničí s 4. Typ regiónu Plzeňského kraja je kraj."" But that repeats subject. Might be okay. Provide one or two short sentences. Let's produce two sentences for clarity: ""Plzeňský kraj hraničí s 4. Typ regiónu Plzeňského kraja je kraj."" That includes both facts. Ensure no extra. Use ""Typ regiónu"" as predicate translation. Good."
Id520,culture,,,1,Karel Gott sa narodil v Plzni.,"We need to produce Slovak sentence(s) expressing the fact: ""Karel Gott | birthPlace | Plzeň"". Translate non-proper nouns: birthPlace -> ""miesto narodenia"". So sentence: ""Karel Gott sa narodil v Plzni."" Need to translate Plzeň? It's a proper name, keep as is. In Slovak, ""v Plzni"". So final answer: one sentence."
Id521,culture,,,3,Otto Wichterle a Jiří Wolker majú miesto pôvodu Prostějov a Prostějov sa nachádza v Morave.,"We need to produce Slovak sentence(s) that express all facts. Facts: 1. Otto Wichterle | placeOfOrigin | Prostějov -> Otto Wichterle pochádza z Prostějova (or miesto pôvodu je Prostějov). Translate predicate ""placeOfOrigin"" to Slovak: ""miesto pôvodu"". So ""Otto Wichterle má miesto pôvodu Prostějov."" Better: ""Otto Wichterle má miesto pôvodu Prostějov."" 2. Jiří Wolker | placeOfOrigin | Prostějov -> ""Jiří Wolker má miesto pôvodu Prostějov."" 3. Prostějov | locatedIn | Morava -> ""Prostějov sa nachádza v Morave."" We need to include all facts. Could combine into one sentence: ""Otto Wichterle a Jiří Wolker majú miesto pôvodu Prostějov a Prostějov sa nachádza v Morave."" That includes all. Ensure no extra info. Use ""majú"" plural. That covers both. Yes. Check translation: ""placeOfOrigin"" -> ""miesto pôvodu"". ""locatedIn"" -> ""nachádza sa v"". Good. Thus final output: one sentence."
Id522,geography,,,1,Zámek Trmice sa nachádza v Ústecký kraj.,"We need to produce Slovak sentence(s) expressing the fact: ""Zámek Trmice"" locatedIn ""Ústecký kraj"". Translate predicate ""locatedIn"" to Slovak: ""sa nachádza v"". Entities not proper names: ""Zámek Trmice"" is proper name? It's a name of a castle, likely proper name, keep as is. ""Ústecký kraj"" is a proper name of region, keep as is. So sentence: ""Zámek Trmice sa nachádza v Ústeckom kraji."" Need to keep exact phrase ""Ústecký kraj"". Should we inflect? The instruction: translate each entity that is not a proper name. Both are proper names, so keep unchanged. But grammar may require case. However we must not add details not in triple. Changing case might be considered adding morphological change? Probably acceptable as natural Slovak. But they said ""presne tak, ako sú uvedené"". So maybe keep exact phrase ""Ústecký kraj"". Could say ""Zámek Trmice sa nachádza v Ústecký kraj."" That is grammatically off but matches exact. Might be okay. I'd output that."
Id523,culture,,,1,Architektonický štýl hradu Pernštejn je gotický.,"We need to produce Slovak sentence(s) expressing the fact: ""Hrad Pernštejn | architecturalStyle | gotický"". Translate non-proper nouns: ""architecturalStyle"" -> ""architektonický štýl"". ""gotický"" is adjective, likely ""gotický"". Subject ""Hrad Pernštejn"" is proper name, keep. So sentence: ""Hrad Pernštejn má gotický architektonický štýl."" Or ""Architektonický štýl hradu Pernštejn je gotický."" Both fine. Must use predicate translated: ""architektonický štýl"". Use natural Slovak. Provide only sentence."
Id524,history,,,2,Polička bola založená Přemyslom Otákarom II. Přemysl Otakar II je český kráľ.,"We need to produce Slovak sentence(s) expressing both facts. Entities: Polička (proper name) keep as is. Přemysl Otakar II (proper name) keep. foundedBy -> ""založil"" maybe ""byl založený"". Need translate predicate to Slovak: ""foundedBy"" => ""založil"". So sentence: ""Polička bola založená Přemyslom Otákarom II."" Also second: ""Přemysl Otakar II je český kráľ."" Need to keep ""český král"" translate to Slovak ""český kráľ"". Use ""je"". So two sentences. Ensure no extra info. Provide exactly those."
Id525,geography,,,3,Holešovice oddeľuje rieka a je oddelené od Libně. Libně je súčasťou Prahy.,"We need to produce Slovak sentences expressing all facts. Triples: 1. Holešovice | separatedBy | řeka 2. Libně | partOf | Praha 3. Holešovice | separatedFrom | Libně We must translate predicate to Slovak: ""separatedBy"" -> ""oddeľuje"" or ""oddeľuje od""? Actually ""separatedBy"" means ""oddeľuje (niečo)"". Could be ""Holešovice je oddeľované riekou"". But we need to use predicate translation: ""separatedBy"" -> ""oddeľuje"". So ""Holešovice oddeľuje řeka"". But need to translate entity ""řeka"" is Czech for ""river"". It's not a proper name, so translate to Slovak ""rieka"". So ""Holešovice oddeľuje rieka"". That sounds odd; better ""Holešovice je oddeľované riekou"". But predicate translation maybe ""oddeľuje"". The instruction: ""Predikát VŽDY prelož do slovenčiny a použi ho vo vete prirodzene."" So we need to use the Slovak verb. Could be ""oddeľuje"". Use subject Holešovice, predicate ""oddeľuje"", object ""rieka"". So ""Holešovice oddeľuje rieka."" That's grammatically odd but okay. Second: ""Libně | partOf | Praha"". Translate ""partOf"" -> ""je súčasťou"". So ""Libně je súčasťou Prahy"". Need translate ""Praha"" is proper name, keep. ""Libně"" is proper name, keep. Third: ""Holešovice | separatedFrom | Libně"". Translate ""separatedFrom"" -> ""je oddelené od"". So ""Holešovice je oddelené od Libně"". Need to keep proper names. We need to include all facts, maybe combine into one or two sentences. Could combine: ""Holešovice oddeľuje rieka a je oddelené od Libně. Libně je súčasťou Prahy."" That's two sentences, includes all facts. Ensure no extra info. Use proper translation. Check: ""Holešovice oddeľuje rieka"" maybe better ""Holešovice oddeľuje rieka"" is okay. Could also ""Holešovice je oddeľované riekou"". But predicate translation ""oddeľuje"" used. We'll keep as ""Holešovice oddeľuje rieka"". Provide two sentences. Thus final answer."
Id526,geography,,,3,Zámek Lednice sa nachádza v Česku. Zámek Lednice má zámecký park. Zámecký park obsahuje minaret.,"We need to produce Slovak sentence(s) that express all facts. Facts: 1. Zámek Lednice isLocatedIn Česko -> ""Zámek Lednice sa nachádza v Česku."" 2. Zámek Lednice hasFeature zámecký park -> ""Zámek Lednice má zámecký park."" 3. zámecký park contains minaret -> ""Zámecký park obsahuje minaret."" We need to translate predicate to Slovak: isLocatedIn -> ""sa nachádza v"", hasFeature -> ""má"", contains -> ""obsahuje"". Entities: Zámek Lednice (proper name) keep. Česko (proper? It's a country name, but it's not a proper name? It's a proper noun, but instruction: translate each entity that is NOT a proper name. Česko is a proper name, keep as is. ""zámecký park"" is not proper, translate: ""zámecký park"". ""minaret"" is common noun, keep as ""minaret"". So sentences: ""Zámek Lednice sa nachádza v Česku. Zámek Lednice má zámecký park, ktorý obsahuje minaret."" But need to include all facts, could be two sentences. Must not add extra info like ""ktorý"". The third fact is ""zámecký park obsahuje minaret"". Could be separate sentence: ""Zámecký park obsahuje minaret."" That's fine. Thus output: ""Zámek Lednice sa nachádza v Česku. Zámek Lednice má zámecký park. Zámecký park obsahuje minaret."" Check: all facts covered. No extra. Good."
Id527,geography,,,3,"Neratovice je mesto, ktoré sa nachádza v Polabskej nížine, a Polabská nížina je nížina.","We need to produce Slovak sentence(s) that express all facts. Triples: 1. Neratovice | locatedIn | Polabská nížina 2. Neratovice | isA | město 3. Polabská nížina | isA | nížina We must translate predicate to Slovak: ""locatedIn"" -> ""sa nachádza v"" or ""je umiestnené v"". ""isA"" -> ""je"". Also translate non-proper nouns: ""město"" is Czech for ""mesto"". So ""Neratovice je mesto"". ""Polabská nížina"" is proper name? It's a geographic region name, likely proper, keep as is. ""nížina"" is common noun, translate to ""nížina"". So third triple: ""Polabská nížina je nížina"". That's a bit tautological but okay. We need to include all facts. Could combine: ""Neratovice je mesto, ktoré sa nachádza v Polabskej nížine, a Polabská nížina je nížina."" That includes all three. Ensure translation of ""Polabská nížina"" stays same, but we might need to keep case? In Slovak, ""v Polabskej nížine"". The name is proper, but we can decline. It's okay. Thus final output: one sentence."
Id528,geography,,,2,Ústí nad Orlicí sa nachádza v Podhůří Orlických hor a Podhůří Orlických hor je súčasťou Orlických hôr.,"We need to produce Slovak sentence(s) that express both facts. Entities: ""Ústí nad Orlicí"" is a proper name, keep as is. ""Podhůří Orlických hor"" is also proper name? It's a region name, likely proper, keep as is. ""Orlické hory"" also proper. Predicates: ""locatedIn"" => ""sa nachádza v"" or ""je umiestnené v"". ""partOf"" => ""je súčasťou"". Need to translate predicate to Slovak. So sentences: ""Ústí nad Orlicí sa nachádza v Podhůří Orlických hor a Podhůří Orlických hor je súčasťou Orlických hôr."" Or two sentences. Must include all facts. Use proper translation. Ensure no extra info. Provide only sentence(s)."
Id529,history,,,2,Edvard Beneš je posledný československý prezident. Posledný československý prezident má časové obdobie pred 1939‑09‑01.,"We need to produce Slovak sentence(s) expressing all facts. Triples: 1. Edvard Beneš | is | poslední československý prezident 2. poslední československý prezident | timePeriod | před 1939-09-01 We must translate predicate ""is"" to Slovak ""je"". Also ""timePeriod"" to something like ""časové obdobie"". But we need to translate predicate to Slovak and use naturally. So second triple: ""poslední československý prezident"" (subject) has timePeriod ""před 1939-09-01"". Translate ""před"" as ""pred"". So we could say: ""posledný československý prezident"" is the translation of the entity? Wait we need to translate entities that are not proper names. ""poslední československý prezident"" is a common noun phrase, not a proper name, so we translate to Slovak: ""posledný československý prezident"". Also ""před 1939-09-01"" is a phrase meaning ""pred 1939-09-01"". So we need to produce sentences: ""Edvard Beneš je posledný československý prezident."" (But we need to translate ""poslední československý prezident"" to Slovak: ""posledný československý prezident"".) Second: ""Posledný československý prezident má časové obdobie pred 1939-09-01."" But predicate ""timePeriod"" we need to translate to Slovak, maybe ""časové obdobie"". Use natural: ""Posledný československý prezident má časové obdobie pred 1939-09-01."" Or ""Posledný československý prezident je v časovom období pred 1939-09-01."" But predicate ""timePeriod"" is a relation, could be expressed as ""má časové obdobie"". Use ""má"". So sentence: ""Posledný československý prezident má časové obdobie pred 1939-09-01."" We must include all facts: Edvard Beneš is the last Czechoslovak president, and the last Czechoslovak president's time period is before 1939-09-01. Thus two sentences. Ensure no extra info. Provide only sentences."
