eid,category,shape,shape_type,size,sentence,reasoning
Id0,geography,,,1,Mikušovce sa nachádza v okrese Ilava.,"We need to produce a Slovak sentence expressing the fact: ""Mikušovce is located in Okres Ilava."" Need to translate predicate ""locatedIn"" to Slovak ""sa nachádza v"" or ""sa nachádza v okrese Ilava""? The entity ""Okres Ilava"" is a proper name? It's a district name, likely proper name, but ""Okres"" is a common noun, ""Ilava"" is proper. The instruction: translate each entity that is NOT a proper name. ""Okres Ilava"" includes ""Okres"" (common noun) and ""Ilava"" (proper). Should we translate ""Okres Ilava"" as ""okres Ilava""? Probably keep ""Ilava"" as is, but ""okres"" lowercased. So sentence: ""Mikušovce sa nachádza v okrese Ilava."" That uses predicate ""locatedIn"" -> ""sa nachádza v"". That includes all facts. One sentence is enough. Return only the sentence."
Id1,geography,,,1,UFO most bol dokončený v roku 1972.,"We need to produce a Slovak sentence expressing the fact: subject ""UFO most"" predicate ""completionYear"" object ""1972"". Translate predicate to Slovak: ""rok dokončenia"" or ""rok dokončenia""? The instruction: ""Predikát VŽDY prelož do slovenčiny a použi ho vo vete prirodzene."" So we need to translate ""completionYear"" to Slovak. Likely ""rok dokončenia"". So sentence: ""UFO most bol dokončený v roku 1972."" Or ""UFO most má rok dokončenia 1972."" Both natural. Use only given facts. The fact is that the completion year is 1972. So we can say ""UFO most bol dokončený v roku 1972."" That uses the fact. No extra info. Provide only the sentence."
Id2,history,,,1,Ján Golian vydal rozkaz začiatok Slovenské Národné Povstanie.,"We need to produce a Slovak sentence expressing the fact: ""Ján Golian issuedOrder start Of Slovenské Národné Povstanie"". Need to translate predicate ""issuedOrder"" to Slovak: ""vydal rozkaz"". The object ""start Of Slovenské Národné Povstanie"" is not a proper name? It seems like phrase ""start Of Slovenské Národné Povstanie"". ""Slovenské Národné Povstanie"" is a proper name (the Slovak National Uprising). ""start Of"" is part of phrase? The object is ""start Of Slovenské Národné Povstanie"". Should we translate ""start Of"" as ""začiatok""? The instruction: translate each entity that is NOT a proper name. ""start Of Slovenské Národné Povstanie"" includes ""start Of"" which is not proper name, and ""Slovenské Národné Povstanie"" is proper name. So we translate ""start Of"" to Slovak ""začiatok"". So object becomes ""začiatok Slovenského Národného Povstania""? But need to keep case? The original object is ""start Of Slovenské Národné Povstanie"". The proper name is ""Slovenské Národné Povstanie"". In Slovak genitive: ""Slovenského Národného Povstania"". Should we adjust? The instruction: translate each entity that is not a proper name. The phrase ""start Of"" is not proper name, translate to ""začiatok"". The proper name remains unchanged. So we could say: ""Ján Golian vydal rozkaz začiatok Slovenské Národné Povstanie."" That sounds odd; maybe ""začiatok Slovenského Národného Povstania"". But that changes the proper name's case, which might be considered altering. The proper name should stay exactly as given: ""Slovenské Národné Povstanie"". So we keep it unchanged. So sentence: ""Ján Golian vydal rozkaz začiatok Slovenské Národné Povstanie."" That is grammatically odd but meets constraints. We could also phrase: ""Ján Golian vydal rozkaz na začiatok Slovenské Národné Povstanie."" But adding ""na"" is extra. The predicate ""issuedOrder"" translates to ""vydal rozkaz"". The object is ""start Of Slovenské Národné Povstanie"". Could be ""vydal rozkaz na začiatok Slovenské Národné Povstanie"". That adds preposition ""na"". Not in original. Might be considered adding info. Safer to keep direct: ""Ján Golian vydal rozkaz začiatok Slovenské Národné Povstanie."" Thus output single sentence."
Id3,geography,,,3,"Zvolen má rieku Hron, rieku Slatina aj rieku Zolná.","We need to produce Slovak sentence(s) that express all facts: Zvolen hasRiver Hron, Zvolen hasRiver Slatina, Zvolen hasRiver Zolná. Translate predicate ""hasRiver"" to Slovak: ""má rieku"". Entities that are not proper names should be translated: ""river"" is ""rieka"". The objects are river names: Hron, Slatina, Zolná are proper names, keep as is. So sentence: ""Zvolen má rieku Hron, rieku Slatina aj rieku Zolná."" Or ""Zvolen má rieky Hron, Slatina a Zolná."" Need to include all facts. Could be one sentence. Use proper translation. Ensure no extra info. Provide only sentence."
Id4,geography,,,2,Slovensko má 1 ropnú rafinériu a ropná rafinéria sa nachádza na Slovensku.,"We need to produce Slovak sentence(s) that express both facts. Facts: 1. Slovensko | hasNumberOfOilRefineries | 1 -> ""Slovensko má počet ropných rafinérií 1"" but need natural: ""Slovensko má 1 ropnú rafinériu."" 2. ropná rafinéria | isLocatedIn | Slovensko -> ""Ropná rafinéria sa nachádza na Slovensku."" Combine both in one sentence or two short. Could be: ""Slovensko má 1 ropnú rafinériu a ropná rafinéria sa nachádza na Slovensku."" That repeats ""ropná rafinéria"". Might be okay. We must translate predicate: hasNumberOfOilRefineries -> ""má počet ropných rafinérií"" but natural: ""má 1 ropnú rafinériu"". isLocatedIn -> ""sa nachádza v"". Use ""na Slovensku"". Provide both facts. Thus final answer: ""Slovensko má 1 ropnú rafinériu a ropná rafinéria sa nachádza na Slovensku."""
Id5,politics,,,2,Robert Mistrík stiahol svoju kandidatúru v prezidentské voľby 2019 v prospech Zuzany Čaputovej.,"We need to produce Slovak sentence(s) that express all facts. Two triples: 1. Robert Mistrík withdrewCandidacyIn prezidentské voľby 2019. 2. Robert Mistrík withdrewInFavorOf Zuzana Čaputová. We must translate predicate to Slovak: ""withdrawed candidacy in"" -> ""stiahol svoju kandidatúru v"". Or ""odstúpil od kandidovania v"". Use natural Slovak. Also ""withdrawInFavorOf"" -> ""odstúpil v prospech"". So sentence: ""Robert Mistrík odstúpil od kandidovania v prezidentských voľbách 2019 v prospech Zuzany Čaputovej."" That includes both facts in one sentence. Ensure all facts: He withdrew candidacy in 2019 presidential election, and withdrew in favor of Zuzana Čaputová. Yes. We must not add extra info. ""presidentské voľby 2019"" is given. Use exactly that phrase? The triple object is ""prezidentské voľby 2019"". So we should keep that phrase. So: ""Robert Mistrík odvolal svoju kandidatúru v prezidentské voľby 2019 v prospech Zuzany Čaputovej."" But ""odvolal"" maybe not correct. Use ""stiahol svoju kandidatúru"". Keep phrase ""prezidentské voľby 2019"". So: ""Robert Mistrík stiahol svoju kandidatúru v prezidentské voľby 2019 v prospech Zuzany Čaputovej."" Check: predicate translation: ""withdrawCandidacyIn"" -> ""stiahol svoju kandidatúru v"". ""withdrawInFavorOf"" -> ""v prospech"". That seems fine. Return only sentence."
Id6,culture,,,1,Andrej Sládkovič má pôvodné meno Andrej Braxatoris.,"We need to produce a Slovak sentence expressing the fact: subject Andrej Sládkovič, predicate originalName, object Andrej Braxatoris. Translate predicate to Slovak: ""pôvodné meno"". So sentence: ""Andrej Sládkovič má pôvodné meno Andrej Braxatoris."" Or ""Andrej Sládkovič má pôvodné meno Andrej Braxatoris."" That includes all facts. Use only given info. Should we translate ""originalName"" as ""pôvodné meno""? Yes. So final answer: one sentence."
Id7,culture,,,1,Združenie pesničkárov Slnovrat má žáner folk.,"We need to produce a Slovak sentence expressing the fact: ""Združenie pesničkárov Slnovrat"" has genre ""folk"". Translate predicate ""genre"" to Slovak ""má žáner"" or ""patrí do žánru"". Use natural sentence. Must not add extra info. So: ""Združenie pesničkárov Slnovrat má žáner folk."" Or ""Združenie pesničkárov Slnovrat patrí do žánru folk."" Both fine. Use exactly the entity names. Provide only sentence."
Id8,geography,,,3,"Banská Štiavnica je známa pre ťažbu, ťažba je typ zdroja kovy a kovy majú primárny príklad striebro.","We need to produce Slovak sentence(s) that express all facts. Triples: 1. Banská Štiavnica | knownFor | Mining 2. Mining | resourceType | Kovy 3. Kovy | primaryExample | Striebro We must translate predicate to Slovak. ""knownFor"" -> ""je známa pre"" or ""sa vyznačuje"". Probably ""je známa pre"". ""resourceType"" -> ""typ zdroja"". ""primaryExample"" -> ""primárny príklad"". Entities not proper names: ""Mining"" is a common noun? It's a concept, maybe keep as ""ťažba"". Should translate ""Mining"" to Slovak ""ťažba"". ""Kovy"" is already Slovak (means metals). ""Striebro"" is Slovak. ""Banská Štiavnica"" is proper name, keep. Thus sentences: ""Banská Štiavnica je známa pre ťažbu. Ťažba je typ zdroja kovy. Kovy majú primárny príklad striebro."" Or combine: ""Banská Štiavnica je známa pre ťažbu, ťažba je typ zdroja kovy a kovy majú primárny príklad striebro."" Must include all facts. Could be one sentence with commas. Ensure all facts present. We must not add extra info. ""Ťažba je typ zdroja kovy"" uses ""typ zdroja"". That's translation of resourceType. Good. ""Kovy majú primárny príklad striebro."" That's translation of primaryExample. Thus final output: one sentence or two short. Provide maybe one sentence: ""Banská Štiavnica je známa pre ťažbu, ťažba je typ zdroja kovy a kovy majú primárny príklad striebro."" Check: includes all three facts. Yes. Return only the sentence."
Id9,geography,,,1,Bardejov je centrom Horného Šariša.,"We need to produce Slovak sentence(s) expressing the fact: Bardejov is center of Horný Šariš. Translate predicate ""isCenterOf"" to Slovak: ""je centrom"". Also need to translate entities that are not proper names. Bardejov is a proper name (city), keep as is. Horný Šariš is also a proper name (region), keep as is. So sentence: ""Bardejov je centrom Horného Šariša."" Need to keep case? In Slovak, ""centrom"" takes genitive: ""Horného Šariša"". That's fine. Provide only the sentence."
Id10,geography,,,2,Slovensko plánuje spoluprácu s Maďarskom. Slovensko plánuje projekt Vodné Dielo Gabčíkovo.,"We need to produce Slovak sentences expressing both facts. Must translate predicates to Slovak. Predicates: ""plannedCooperationWith"" -> ""plánuje spoluprácu s"". ""plannedProject"" -> ""plánuje projekt"". Entities not proper names translate: ""Slovensko"" is proper name, keep. ""Maďarsko"" proper name. ""Vodné Dielo Gabčíkovo"" is proper name (project name) keep. So sentences: ""Slovensko plánuje spoluprácu s Maďarskom."" and ""Slovensko plánuje projekt Vodné Dielo Gabčíkovo."" Could combine into one sentence with conjunction: ""Slovensko plánuje spoluprácu s Maďarskom a projekt Vodné Dielo Gabčíkovo."" But need to convey both facts. Might be clearer to have two short sentences. Both acceptable. Provide only sentences."
Id11,culture,,,1,IMT Smile pochádza z mesta Prešov.,"We need to produce a Slovak sentence expressing the fact: subject IMT Smile, predicate originCity, object Prešov. Translate predicate to Slovak: ""pochádza z mesta"" or ""má pôvodné mesto"". Need to translate non-proper nouns: originCity -> ""pôvodné mesto"" or ""mesto pôvodu"". Use natural phrasing: ""IMT Smile má pôvodné mesto Prešov."" Or ""IMT Smile pochádza z mesta Prešov."" Both fine. Must include all facts (just one). No extra info. Provide only sentence."
Id12,geography,,,2,Gbeliansky potok má zdroj v Gbeľanoch a Gbeľany je obec.,"We need to produce Slovak sentence(s) that express both facts. Triples: 1. Gbeliansky potok | sourceLocation | Gbeľany => ""Gbeliansky potok má zdrojové miesto Gbeľany"" or ""Gbeliansky potok má zdroj v Gbeľanoch"". The predicate ""sourceLocation"" translate to ""zdrojové miesto"" or ""má zdroj v"". Use natural Slovak: ""Gbeliansky potok má zdroj v Gbeľanoch."" 2. Gbeľany | isType | obec => ""Gbeľany je typom obec"" but better: ""Gbeľany je obec."" We need to include both facts in one sentence or two short sentences. Could combine: ""Gbeliansky potok má zdroj v Gbeľanoch a Gbeľany je obec."" That includes both. Ensure no extra info. Use proper Slovak grammar: ""Gbeliansky potok má zdroj v Gbeľanoch a Gbeľany je obec."" Check translation of predicate: ""sourceLocation"" -> ""zdrojové miesto"" but ""má zdroj v"" is fine. ""isType"" -> ""je typom"" but we can say ""je obec"". The requirement: translate predicate to Slovak and use naturally. So ""sourceLocation"" -> ""má zdroj v"". ""isType"" -> ""je typom"". Could phrase: ""Gbeliansky potok má zdroj v Gbeľanoch a Gbeľany je typom obec."" That sounds odd; better ""Gbeľany je obec"" is natural. The predicate ""isType"" could be ""je typom"". But we can drop ""typom"" maybe okay. The instruction: translate predicate and use naturally. So we need to reflect predicate. For second: predicate ""isType"" -> ""je typom"". So we could say ""Gbeľany je typom obec."" That is literal but maybe acceptable. However natural Slovak would be ""Gbeľany je obec"". But that omits ""typom"". The requirement says translate predicate and use naturally. Could interpret that we need to convey the meaning of predicate, not necessarily the word ""typom"". So ""Gbeľany je obec"" conveys isType. I think it's fine. Thus final answer: ""Gbeliansky potok má zdroj v Gbeľanoch a Gbeľany je obec."" Return only that."
Id13,culture,,,1,Kláštor a kostol kamaldulov na Zobore má architektonický štýl barok.,"We need to produce Slovak sentence(s) expressing the fact: ""Kláštor a kostol kamaldulov na Zobore"" (subject) has architectural style ""barok"". Translate predicate ""architecturalStyle"" to Slovak: ""architektonický štýl"". So sentence: ""Kláštor a kostol kamaldulov na Zobore má architektonický štýl barok."" Since subject is singular? It's a compound subject, could use ""majú"". But we can use ""má"" if treat as singular entity. Better ""má"" is okay. Provide one sentence."
Id14,geography,,,3,"Zrúcanina sa nachádza v obci Podbranč, volá sa Hrad Branč a Hrad Branč je typom zrúcaniny.","We need to produce Slovak sentence(s) that express all facts. Triples: 1. Zrúcanina isLocatedIn Obec Podbranč. 2. Zrúcanina isCalled Hrad Branč. 3. Hrad Branč isTypeOf Zrúcanina. We need to translate predicate to Slovak: ""isLocatedIn"" -> ""sa nachádza v"" or ""sa nachádza v"". ""isCalled"" -> ""sa volá"". ""isTypeOf"" -> ""je typom"". But need natural sentence. We must include all facts. Could be: ""Zrúcanina sa nachádza v obci Podbranč, volá sa Hrad Branč a Hrad Branč je typom zrúcaniny."" That includes all three. Ensure translation of ""Obec Podbranč"" -> ""obci Podbranč"". ""Zrúcanina"" is generic noun, keep as is. ""Hrad Branč"" is proper name, keep. Check: third triple: Hrad Branč isTypeOf Zrúcanina => ""Hrad Branč je typom zrúcaniny."" Good. All facts included. No extra info. Provide one sentence."
Id15,culture,,,1,Slovenský Strom roka rozhoduje o víťazovi prostredníctvom verejného hlasania.,"We need to produce a Slovak sentence expressing the fact: ""slovenský Strom roka"" decides winner by ""verejné hlasanie"". Need to translate predicate ""decidesWinnerBy"" to Slovak: ""rozhoduje o víťazovi prostredníctvom"" or ""určuje víťaza pomocou"". Use natural phrasing. Subject is ""slovenský Strom roka"". Object is ""verejné hlasanie"". So sentence: ""Slovenský Strom roka rozhoduje o víťazovi prostredníctvom verejného hlasania."" Need to keep ""verejné hlasanie"" as object; translation of object? It's not a proper name, so translate: ""verejné hlasanie"". Already in Slovak. Use correct case: ""verejným hlasaním"" maybe. But predicate translation: ""rozhoduje o víťazovi prostredníctvom verejného hlasania."" That uses ""verejného hlasania"" (genitive). The object originally ""verejné hlasanie"" is nominative; but in Slovak we need appropriate case. However requirement: ""Predikát VŽDY prelož do slovenčiny a použi ho vo vete prirodzene."" The object can be adapted to case. Should we keep exact phrase ""verejné hlasanie""? Might be okay to keep as is, but natural Slovak would adjust case. The instruction: ""Prelož do slovenčiny každú entitu, ktorá NIE JE vlastné meno (napr. všeobecné podstatné mená, roly, všeobecné opisy)."" So we translate ""verejné hlasanie"" which is already Slovak, so keep as is. But case? It says translate each entity, not necessarily keep original case. I'd produce: ""Slovenský Strom roka rozhoduje o víťazovi prostredníctvom verejného hlasania."" That uses ""verejného hlasania"" which is a grammatical form of the entity. That seems acceptable. Provide only the sentence."
Id16,sports,,,1,Klaudia Medlová súťaží v snowboardingu.,"We need to produce a Slovak sentence expressing the fact: ""Klaudia Medlová competesIn snowboarding"". Translate predicate to Slovak: ""súťaží v"". Object ""snowboarding"" is not a proper name, so translate to Slovak: ""snowboarding"" is a common noun, maybe ""snowboarding"" as sport name; translation could be ""snowboardingu"". Use natural phrasing: ""Klaudia Medlová súťaží v snowboardingu."" Ensure we only use given info. That's it."
Id17,culture,,,2,Mladé letá má pôvodný názov Slovenské nakladateľstvo detskej knihy a typ vydavateľstvo.,"We need to produce Slovak sentence(s) expressing both facts. Entities: ""Mladé letá"" is subject (likely a name). originalName predicate with object ""Slovenské nakladateľstvo detskej knihy"". type predicate with object ""vydavateľstvo"". Need to translate predicate to Slovak: ""má pôvodný názov"" maybe? originalName -> ""pôvodný názov"". type -> ""typ"". So sentence: ""Mladé letá má pôvodný názov Slovenské nakladateľstvo detskej knihy a typ vydavateľstvo."" Could be two short sentences: ""Mladé letá má pôvodný názov Slovenské nakladateľstvo detskej knihy. Mladé letá je vydavateľstvo."" But type predicate: ""type"" -> ""typ"". Could phrase ""Mladé letá má typ vydavateľstvo."" That is okay. Provide one or two sentences. Ensure no extra info. Use exact strings. Provide only sentence(s)."
Id18,politics,,,2,Andrej Stančík patrí do politickej strany OĽANO a je zvolený do parlamentu.,"We need to produce Slovak sentence(s) that express all facts. Two triples: - Subject: Andrej Stančík - predicate: politicalParty -> object: OĽANO - predicate: electedTo -> object: parlament We must translate predicate to Slovak: ""politicalParty"" -> ""politická strana"". ""electedTo"" -> ""zvolený do"". Also need to translate object if not proper name: ""parlament"" is a common noun, keep as ""parlament"". OĽANO is proper name, keep. Thus sentence: ""Andrej Stančík je členom politickej strany OĽANO a je zvolený do parlamentu."" But need to use predicate translation: ""politická strana"" maybe ""patrí do politickej strany OĽANO"". Use both facts. We must not add extra facts. ""je členom"" is an inference? The triple says politicalParty OĽANO, meaning affiliation. ""patrí do politickej strany OĽANO"" is direct. ""zvolený do parlamentu"" is direct. Thus sentence: ""Andrej Stančík patrí do politickej strany OĽANO a je zvolený do parlamentu."" Check: uses only given info. Good. Return only sentence."
Id19,history,,,2,Nemeckí vojaci čiastočne spálili obec Liptovská Teplička.,"We need to produce Slovak sentence(s) that express both facts: ""nemeckí vojaci"" (German soldiers) action partially burned, and target Liptovská Teplička (a municipality). So we need to say: ""Nemeckí vojaci čiastočne spálili obec Liptovská Teplička."" That includes both facts: action partially burned, target Liptovská Teplička. Ensure we use translation of predicate ""action"" to ""spálili"" (or ""pálili""?). ""partially burned"" -> ""čiastočne spálili"". The subject is ""nemeckí vojaci"". The object is ""obec Liptovská Teplička"". That covers both. Should we maybe separate into two sentences? Could be one sentence: ""Nemeckí vojaci čiastočne spálili obec Liptovská Teplička."" That includes both facts. Ensure no extra info. Good."
Id20,geography,,,2,"Kostol Najsvätejšej Trojice sa nachádza na ulici Hlavná ulica, ktorá sa nachádza v meste Košice.","We need to produce Slovak sentence(s) that express all facts. Two triples: 1. Kostol Najsvätejšej Trojice | locatedOnStreet | Hlavná ulica 2. Hlavná ulica | locatedInCity | Košice We need to translate predicate to Slovak: ""locatedOnStreet"" -> ""sa nachádza na ulici"". ""locatedInCity"" -> ""sa nachádza v meste"". Entities not proper names: ""Kostol Najsvätejšej Trojice"" is a proper name? It's a name of a church, likely proper name, keep as is. ""Hlavná ulica"" is a street name, proper name, keep. ""Košice"" is city name, proper. So we keep them. We need to express both facts. Could be one sentence: ""Kostol Najsvätejšej Trojice sa nachádza na ulici Hlavná ulica, ktorá sa nachádza v meste Košice."" That includes both facts. It uses ""ktorá"" referencing street. That's okay. It uses only given facts. It doesn't add extra. Should be fine. Check: we used ""ktorá"" but that's just a relative pronoun, not adding new facts. It's okay. Thus output just that sentence."
Id21,geography,,,1,Handlová ťaží hnedé uhlie.,"We need to produce Slovak sentence(s) expressing the fact: Handlová | minedResource | hnedé uhlie. Translate predicate ""minedResource"" to Slovak: ""ťaží zdroj""? Actually ""mined resource"" = ""ťažený zdroj"". Could be ""ťaží"" as verb? The subject is Handlová (likely a town). Object is ""hnedé uhlie"" (brown coal). So sentence: ""Handlová ťaží hnedé uhlie."" That uses predicate ""minedResource"" as ""ťaží"". That seems natural. Must not add extra info. So output just that sentence."
Id22,culture,,,1,Vysoká škola múzických umení v Bratislave má 3 fakulty.,"We need to produce a Slovak sentence expressing the fact: ""Vysoká škola múzických umení v Bratislave má 3 fakulty."" Need to translate predicate ""numberOfFaculties"" to Slovak: ""počet fakúlt"". So sentence: ""Vysoká škola múzických umení v Bratislave má 3 fakulty."" That uses the fact. Ensure no extra info. Output only the sentence."
Id23,sports,,,1,Tipos Extraliga má typ športu ľadový hokej.,"We need to produce Slovak sentence(s) expressing the fact: ""Tipos Extraliga"" (subject) | sportType | ""ľadový hokej"" (object). Translate predicate ""sportType"" to Slovak, likely ""má typ športu"" or ""je typ športu"". Need natural sentence: ""Tipos Extraliga je ľadový hokej."" But predicate is sportType, so ""Tipos Extraliga má typ športu ľadový hokej."" Better: ""Tipos Extraliga je typ športu ľadový hokej."" However natural: ""Tipos Extraliga je ľadový hokej."" Might lose predicate. But requirement: translate predicate and use naturally. So ""Tipos Extraliga má typ športu ľadový hokej."" That includes all info. Use only given info. Yes. Return only sentence."
Id24,politics,,,2,Údajné odpočúvanie má subjekt Jaroslav Haščák a vedie k Kauze Gorila.,"We need to produce Slovak sentence(s) that express all facts. Two triples: Subject: ""Údajné odpočúvanie"" (that's the subject? Actually first triple: ""Údajné odpočúvanie | subject | Jaroslav Haščák"". So predicate ""subject"" linking ""Údajné odpočúvanie"" to ""Jaroslav Haščák"". Means ""Údajné odpočúvanie"" has subject Jaroslav Haščák. So we need to say ""Údajné odpočúvanie má predmet Jaroslav Haščák"" or ""Údajné odpočúvanie sa týka Jaroslava Haščáka"". The predicate ""subject"" should be translated to Slovak ""má predmet"" maybe. But we need to translate predicate to Slovak and use naturally. The predicate ""subject"" in RDF is a property indicating the subject of something. In Slovak, ""subjekt"" is also a word. So we could say ""Údajné odpočúvanie má subjekt Jaroslav Haščák"". That seems literal. Second triple: ""Údajné odpočúvanie | leadsTo | Kauza Gorila"". Predicate ""leadsTo"" translate to ""vedie k"". So ""Údajné odpočúvanie vedie k Kauze Gorila"". Combine both facts maybe in one sentence: ""Údajné odpočúvanie má subjekt Jaroslav Haščák a vedie k Kauze Gorila."" That includes both facts. Ensure we use exactly the given names: ""Kauza Gorila"". Keep proper case. Thus final answer: one sentence."
Id25,other,,,2,Tempo Supermarket patrí k COOP Jednota. COOP Jednota je slovenský predajca.,"We need to produce Slovak sentence(s) that express all facts. Two triples: 1. Tempo Supermarket | belongsTo | COOP Jednota 2. COOP Jednota | isA | slovenský predajca We must translate predicate to Slovak: ""belongsTo"" -> ""patrí"" (or ""patrí k""?). ""isA"" -> ""je"". Also need to translate entities that are not proper names. ""slovenský predajca"" is already Slovak phrase, but it's the object of isA, which is a description, not a proper name, so keep as is. ""Tempo Supermarket"" is a proper name? It's a brand name, likely proper name, keep as is. ""COOP Jednota"" is proper name, keep. Thus sentences: ""Tempo Supermarket patrí do COOP Jednota a COOP Jednota je slovenský predajca."" Or two sentences: ""Tempo Supermarket patrí do COOP Jednota. COOP Jednota je slovenský predajca."" We must ensure we include all facts. Use ""patrí"" maybe ""patrí k"". The triple says belongsTo, could be ""patrí"". Use ""patrí k"". Both okay. Provide one or two sentences. Let's output two short sentences. Thus final answer: ""Tempo Supermarket patrí k COOP Jednota. COOP Jednota je slovenský predajca."" Check translation: ""patrí k"" is natural. Good. Return only the sentence(s)."
Id26,politics,,,3,"Politický spor má názov pomlčková vojna, má tému názov Česko‑Slovenska a začal dňa 1990‑01‑01.","We need to produce Slovak sentence(s) expressing all facts. Triples: 1. politický spor | name | pomlčková vojna 2. politický spor | topic | názov Česko-Slovenska 3. politický spor | startDate | 1990-01-01 We need to translate predicate to Slovak: ""name"" -> ""má názov"" or ""sa volá"". ""topic"" -> ""má tému"" or ""sa týka"". ""startDate"" -> ""začal dňa"". Use natural sentence. All facts: The political dispute has name ""pomlčková vojna"". It has topic ""názov Česko-Slovenska"". It started on 1990-01-01. We must translate entities that are not proper names. ""politický spor"" is a generic term, keep as is? It's not a proper name, but it's the subject. Should we translate? It's already Slovak. ""pomlčková vojna"" is a phrase, maybe not proper name? It's a name of the dispute, but it's a phrase; we keep as is. ""názov Česko-Slovenska"" includes ""Česko-Slovenska"" proper name, keep that part. So we keep ""Česko-Slovenska"". The date keep. Construct sentence: ""Politický spor má názov pomlčková vojna, jeho téma je názov Česko‑Slovenska a začal dňa 1990‑01‑01."" But need to use predicate translations: name -> ""má názov"", topic -> ""má tému"" or ""týka sa"". Use ""má tému"". startDate -> ""začal dňa"". Provide one sentence. Check: ""politický spor"" subject, ""má názov pomlčková vojna"". ""má tému názov Česko‑Slovenska"". ""začal dňa 1990‑01‑01"". Could combine with ""a"". That includes all facts. Make sure no extra info. Use exact date format. Thus final answer: one sentence."
Id27,history,,,3,"Belo IV bol kráľom Uhorska, počas jeho vlády sa udial prvý mongolský vpád, ktorý smeroval na Uhorsko.","We need to produce Slovak sentence(s) that express all facts. Facts: 1. Belo IV wasKingOf Uhorsko -> ""Belo IV bol kráľom Uhorska."" 2. prvý mongolský vpád occurredDuringReignOf Belo IV -> ""prvý mongolský vpád sa udial počas vlády Bela IV."" But need translate predicate ""occurredDuringReignOf"" to Slovak: ""sa udial počas vlády"". So ""prvý mongolský vpád sa udial počas vlády Bela IV."" Note: subject ""prvý mongolský vpád"" is not proper name, so translate? It's already Slovak phrase, keep as is. ""Belo IV"" is proper name, keep. ""Uhorsko"" is proper name, keep. 3. prvý mongolský vpád targetedLocation Uhorsko -> ""prvý mongolský vpád cielený na Uhorsko"" but natural: ""prvý mongolský vpád cielený na Uhorsko"" or ""prvý mongolský vpád smeroval na Uhorsko"". Predicate ""targetedLocation"" translate to ""cielil na"". So ""prvý mongolský vpád cielený na Uhorsko"" maybe ""prvý mongolský vpád cielený na Uhorsko"". Better: ""prvý mongolský vpád cielený na Uhorsko."" Or ""prvý mongolský vpád smeroval na Uhorsko."" We need include all facts. Could combine into one sentence: ""Belo IV bol kráľom Uhorska, počas jeho vlády sa udial prvý mongolský vpád, ktorý cielený na Uhorsko."" Need proper grammar: ""Belo IV bol kráľom Uhorska, počas jeho vlády sa udial prvý mongolský vpád, ktorý cielený na Uhorsko."" Might need verb ""bol"" for ""cielený"". Better: ""Belo IV bol kráľom Uhorska, počas jeho vlády sa udial prvý mongolský vpád, ktorý smeroval na Uhorsko."" That includes all three facts. Ensure we used all facts: yes. Check translation of predicate ""targetedLocation"" -> ""smeroval na"". Acceptable. Provide one sentence."
Id28,history,,,1,Múzeum obetí komunizmu sa nachádza v Košice.,"We need to produce a Slovak sentence expressing the fact: ""Múzeum obetí komunizmu"" located in ""Košice"". Translate predicate ""locatedIn"" to Slovak: ""sa nachádza v"". Entities: ""Múzeum obetí komunizmu"" is not a proper name? It's a name of museum, likely proper name, but rule: translate each entity that is NOT a proper name. ""Múzeum obetí komunizmu"" is a name, but it's a phrase. Probably treat as proper name? It's a museum name, likely proper noun. The rule: ""Prelož do slovenčiny každú entitu, ktorá NIE JE vlastné meno (napr. všeobecné podstatné mená, roly, všeobecné opisy). Vlastné mená (mená osôb, miest, organizácií, diel atď.) ponechaj v pôvodnej podobe."" So ""Múzeum obetí komunizmu"" is an organization name, so keep as is. ""Košice"" is a city name, keep as is. So sentence: ""Múzeum obetí komunizmu sa nachádza v Košice."" That's it."
Id29,history,,,3,piešťanský Grand Hotel Royal mal počas obdobia názov Grand Hotel Slovan a neskôr sa volal Slovan. socializmus trval v období 1948‑1989.,"We need to produce Slovak sentence(s) that express all facts. Triples: 1. piešťanský Grand Hotel Royal | nameDuringPeriod | Grand Hotel Slovan => ""piešťanský Grand Hotel Royal"" is subject, predicate ""nameDuringPeriod"" meaning ""mal názov počas obdobia"" maybe ""mal názov počas obdobia"". Object ""Grand Hotel Slovan"". So: ""piešťanský Grand Hotel Royal mal počas obdobia názov Grand Hotel Slovan."" Need translate predicate: ""nameDuringPeriod"" -> ""mal názov počas obdobia"". Good. 2. socializmus | timePeriod | 1948-1989 => ""socializmus"" had time period ""1948-1989"". Predicate ""timePeriod"" -> ""trval v období"". So: ""socializmus trval v období 1948‑1989."" Or ""socializmus má časové obdobie 1948‑1989."" Use natural: ""socializmus trval v období 1948‑1989."" 3. Grand Hotel Slovan | laterName | Slovan => ""Grand Hotel Slovan"" later name ""Slovan"". Predicate ""laterName"" -> ""neskôr nazývaný"". So: ""Grand Hotel Slovan neskôr nazývaný Slovan."" Or ""Grand Hotel Slovan mal neskorší názov Slovan."" Use natural: ""Grand Hotel Slovan mal neskôr názov Slovan."" We need include all facts. Could combine into one sentence? Might be long but possible: ""piešťanský Grand Hotel Royal mal počas obdobia názov Grand Hotel Slovan, ktorý neskôr nazývaný Slovan, a socializmus trval v období 1948‑1989."" But that mixes unrelated facts. Better separate sentences: one for hotel name, one for later name, one for socialism period. But requirement: one sentence (or two short if needed). Could do two sentences: first two facts about hotel, second about socialism. But need include all three facts. Could combine hotel facts in one sentence, socialism separate. That's two sentences, acceptable. Sentence 1: ""piešťanský Grand Hotel Royal mal počas obdobia názov Grand Hotel Slovan a neskôr sa volal Slovan."" This includes both nameDuringPeriod and laterName. Does it capture laterName? Yes ""následne sa volal Slovan"". Good. Sentence 2: ""socializmus trval v období 1948‑1989."" Check translation of entities: ""piešťanský Grand Hotel Royal"" is not proper name? It's a name with location adjective, keep as is. ""Grand Hotel Slovan"" is object, not proper? It's a name, keep as is. ""Slovan"" is name, keep. ""socializmus"" is common noun, keep as is. Good. Thus output two sentences."
Id30,culture,,,1,Slovenská kapela Fragile nepoužíva žiadne hudobné nástroje.,"We need to produce Slovak sentence(s) expressing the fact. The triple: subject ""Slovenská kapela Fragile"" predicate ""usesMusicalInstruments"" object ""none"". Translate predicate to Slovak: ""používa hudobné nástroje"". Object ""none"" means none. So sentence: ""Slovenská kapela Fragile nepoužíva žiadne hudobné nástroje."" Need to keep ""none"" as translation? The object is ""none"". Should we translate ""none"" to Slovak? The instruction: translate each entity that is not a proper name. ""none"" is not a proper name, so translate to Slovak. ""none"" translates to ""žiadne"". So sentence: ""Slovenská kapela Fragile nepoužíva žiadne hudobné nástroje."" That expresses the fact. Use ""používa"" with negation? The predicate ""usesMusicalInstruments"" means uses. Since object is none, we need to convey that it uses none. So ""nepoužíva žiadne hudobné nástroje."" Good. Return only the sentence."
Id31,politics,,,2,Vladimír Mečiar má vládny štýl mečiarizmus a mečiarizmus má časové obdobie 1992-01-01 1998-12-31.,"We need to produce Slovak sentence(s) that express all facts. Two triples: 1. Subject: Vladimír Mečiar, predicate: governingStyle, object: mečiarizmus. 2. Subject: mečiarizmus, predicate: timePeriod, object: 1992-01-01 1998-12-31. We must translate predicate to Slovak: ""governingStyle"" -> ""vládny štýl"" maybe? But need natural translation. Could be ""vládny štýl"". ""timePeriod"" -> ""časové obdobie"". So sentence: ""Vladimír Mečiar má vládny štýl mečiarizmus a mečiarizmus trvá od 1992-01-01 do 1998-12-31."" Or ""časové obdobie mečiarizmu je 1992-01-01 1998-12-31."" Must keep exact string for date? The object is ""1992-01-01 1998-12-31"". Should we keep space? Probably keep as is. So: ""Vladimír Mečiar má vládny štýl mečiarizmus a mečiarizmus má časové obdobie 1992-01-01 1998-12-31."" That includes both facts. Ensure no extra info. Use ""má"" for governingStyle? Could be ""má vládny štýl"". Good. Return only sentence(s). Probably one sentence is enough."
Id32,geography,,,2,Okres Čadca hraničí s Českom a s Poľskom.,"We need to produce Slovak sentence(s) expressing both facts: ""Okres Čadca borders Česko"" and ""Okres Čadca borders Poľsko"". Translate predicate ""borders"" to Slovak ""hraničí"". Entities not proper names: ""Okres Čadca"" is proper? It's a district name, likely proper, keep as is. ""Česko"" and ""Poľsko"" are proper names, keep. So sentence: ""Okres Čadca hraničí s Českem a s Poľskom."" But need to translate ""Česko"" maybe ""Českom""? In Slovak, ""hraničí s Českom"". Use proper case. Provide one sentence. Ensure includes both facts. That covers both."
Id33,culture,,,1,Film Iná láska má hlavnú postavu Peter Hradil.,"We need to produce a Slovak sentence expressing the fact: film Iná láska has main character Peter Hradil. Translate predicate ""mainCharacter"" to Slovak: ""hlavná postava"". Also translate entity ""film"" to Slovak? The subject is ""film Iná láska"". According to instruction: translate each entity that is not a proper name. ""film"" is a common noun, so translate to Slovak: ""film"". Actually ""film"" is already Slovak word, same. So we can say: Film Iná láska má hlavnú postavu Peter Hradil. Or ""hlavnou postavou je Peter Hradil"". Use natural sentence. Must include all facts: only one fact. So one sentence. Thus output: Film Iná láska má hlavnú postavu Peter Hradil."
Id34,culture,,,3,"Dračie srdce má miesto natáčania Strečno, je film a Strečno je hrad.","We need to produce Slovak sentence(s) that express all facts. Triples: 1. Dračie srdce | filmingLocation | Strečno 2. Dračie srdce | type | film 3. Strečno | type | hrad We need to translate predicate to Slovak: ""filmingLocation"" -> ""má miesto natáčania"" or ""miesto natáčania"". ""type"" -> ""je typ"" or ""je"". Probably ""je typom"". But need natural sentence. We must translate non-proper nouns: Dračie srdce is a proper name (title). Strečno is a proper name (place). So keep them. We need to convey: Dračie srdce je film, ktorý má miesto natáčania Strečno, a Strečno je hrad. We can combine: ""Dračie srdce je film, ktorý má miesto natáčania v Strečnom, a Strečno je hrad."" But ""v Strečnom"" maybe not needed. Use ""má miesto natáčania Strečno"". Could be ""má miesto natáčania Strečno"". That's okay. We must not add extra info like ""v"". The predicate translation: ""filmingLocation"" -> ""má miesto natáčania"". So sentence: ""Dračie srdce má miesto natáčania Strečno, je film a Strečno je hrad."" That includes all facts. Ensure order? Not required. Check: we used all facts: Dračie srdce má miesto natáčania Strečno. Dračie srdce je film. Strečno je hrad. All good. No extra. Provide one sentence."
Id35,culture,,,3,"Marián Čunderlík má profesionálny zameranie maľba, ilustrácia a grafika.","We need to produce Slovak sentence(s) that express all facts: Marián Čunderlík has professional focus painting, illustration, graphics. Need to translate predicate ""professionalFocus"" to Slovak, likely ""má profesionálny zameranie"" or ""má profesionálny fokus"". Use natural phrasing: ""Marián Čunderlík má profesionálny zameranie maľba, ilustrácia a grafika."" But need to keep each fact. Could be two short sentences: ""Marián Čunderlík má profesionálny zameranie maľba. Marián Čunderlík má profesionálny zameranie ilustrácia. Marián Čunderlík má profesionálny zameranie grafika."" But they said one sentence or two short if needed. Could combine with ""a"". Use plural: ""Marián Čunderlík má profesionálny zameranie maľba, ilustrácia a grafika."" That expresses all three. Ensure predicate translation: ""má profesionálny zameranie"". Might be ""má profesionálny fokus"". Use ""profesionálny zameranie"" is okay. Provide one sentence. Check requirement: translate each entity that is not a proper name. So ""maľba"", ""ilustrácia"", ""grafika"" are common nouns, keep as is. Predicate ""professionalFocus"" translate to Slovak: ""profesionálny zameranie"". Use ""má"". So final: ""Marián Čunderlík má profesionálny zameranie maľba, ilustrácia a grafika."" That is a single sentence. Ensure grammar: maybe ""profesionálny zameranie"" is neuter, but okay. Could also say ""profesionálny fokus"". But fine. Return only the sentence."
Id36,politics,,,1,Strana demokratickej ľavice pochádza z Komunistická strana Slovenska.,"We need to produce a Slovak sentence expressing the fact: ""Strana demokratickej ľavice originatedFrom Komunistická strana Slovenska"". Translate predicate ""originatedFrom"" to Slovak: ""pochádza z"" or ""vznikla z"". Use natural sentence: ""Strana demokratickej ľavice pochádza z Komunistickej strany Slovenska."" Ensure we keep proper case: ""Komunistická strana Slovenska"" is proper name, keep as is. Should we translate ""originatedFrom"" as ""pochádza z"". That seems fine. We must not add any extra facts. So one sentence. Thus output: ""Strana demokratickej ľavice pochádza z Komunistická strana Slovenska."" Wait need correct case: ""z Komunistickej strany Slovenska"". Since ""z"" requires genitive. The proper name is ""Komunistická strana Slovenska"". In Slovak, after ""z"" we use genitive: ""Komunistickej strany Slovenska"". So we need to decline the proper name? The instruction: ""Prelož do slovenčiny každú entitu, ktorá NIE JE vlastné meno (napr. všeobecné podstatné mená, roly, všeobecné opisy). Vlastné mená (mená osôb, miest, organizácií, diel atď.) ponechaj v pôvodnej podobe."" So we should not change the proper name. Keep it exactly as given: ""Komunistická strana Slovenska"". So we cannot decline it. So we must phrase sentence without requiring case change, maybe ""Strana demokratickej ľavice pochádza z organizácie Komunistická strana Slovenska."" But that adds ""organizácie"" which is not in triples. Can't add. Could use ""pochádza z Komunistická strana Slovenska"" which is grammatically odd but we must keep name unchanged. However maybe we can use ""pochádza z Komunistickej strany Slovenska"" but that changes the name. The rule says keep proper names unchanged. So we must keep exact string. Could we use ""pochádza z strany Komunistická strana Slovenska""? That adds ""strany"". Not allowed. Could we use ""pochádza z Komunistická strana Slovenska""? It's ungrammatical but maybe acceptable for this task. The instruction is strict about not altering proper names. So we must keep it unchanged. So sentence: ""Strana demokratickej ľavice pochádza z Komunistická strana Slovenska."" We'll output that."
Id37,culture,,,1,Peter Nagy skomponoval Aj tak sme frajeri.,"We need to produce Slovak sentence(s) expressing the fact: subject Peter Nagy, predicate composed, object Aj tak sme frajeri. Translate predicate to Slovak: ""zložil"" or ""skomponoval"". Since ""composed"" in music context: ""skomponoval"". Object is a title, keep as is (not translate because it's a title). So sentence: ""Peter Nagy skomponoval Aj tak sme frajeri."" Ensure no extra info. That's it."
Id38,geography,,,1,Národný ústav reumatických chorôb má sídlo v Piešťanoch.,"We need to produce Slovak sentence(s) expressing the fact: ""Národný ústav reumatických chorôb"" (proper name) has headquarterLocation ""Piešťany"". Translate predicate: headquarterLocation -> ""má sídlo"" or ""sídli v""? Should be natural: ""má sídlo v"". Use translation of predicate: ""headquarterLocation"" -> ""má sídlo"". So sentence: ""Národný ústav reumatických chorôb má sídlo v Piešťanoch."" Need to keep location name unchanged. Use correct case: ""v Piešťanoch"". That's fine. Return only sentence."
Id39,geography,,,2,Liptovský Mikuláš má najväčšiu osadu Podbreziny a Podbreziny je najväčšou osadou Liptovského Mikuláša.,"We need to produce Slovak sentence(s) that express all facts. Two triples: 1. Liptovský Mikuláš | hasLargestSettlement | Podbreziny 2. Podbreziny | isLargestSettlementOf | Liptovský Mikuláš These are essentially the same fact expressed both ways. Need to include both facts, but they are redundant. Must not omit any fact. Could produce one sentence that covers both: ""Liptovský Mikuláš má najväčšiu osadu Podbreziny a Podbreziny je najväčšou osadou Liptovského Mikuláša."" That includes both. Ensure translation: ""hasLargestSettlement"" -> ""má najväčšiu osadu"". ""isLargestSettlementOf"" -> ""je najväčšou osadou"". Use proper Slovak grammar. Provide only the sentence(s)."
Id40,geography,,,1,Stráže nad Myjavou sa zlúčila so Šaštínom.,"We need to produce Slovak sentence(s) expressing the fact: ""Stráže nad Myjavou"" mergedWith ""Šaštín"". Translate non-proper nouns: ""Stráže nad Myjavou"" is a proper name? Likely a place name, keep as is. ""mergedWith"" translate to ""sa zlúčil s"" or ""bol zlúčený s"". Need to use predicate in Slovak naturally. So sentence: ""Stráže nad Myjavou sa zlúčila s Šaštínom."" But ""Šaštín"" is proper name, need case: ""Šaštínom"". Use singular? ""Stráže nad Myjavou"" is plural? It's a place name maybe plural. Use ""sa zlúčila"" (singular feminine?) Might be okay. Provide one sentence."
Id41,culture,,,2,Slovenská televízia a rozhlas nahradila organizáciu Rozhlas a televízia Slovenska v roku 2024.,"We need to produce Slovak sentence(s) that express all facts. Two triples: Subject: ""Slovenská televízia a rozhlas"" Predicate: ""replacedOrganization"" Object: ""Rozhlas a televízia Slovenska"" Predicate translation: ""nahradila organizáciu"" maybe ""nahradila organizáciu"". Since subject is singular? ""Slovenská televízia a rozhlas"" is an organization name, treat as singular entity. So ""nahradila organizáciu Rozhlas a televízia Slovenska."" Second triple: predicate ""replacementYear"" -> ""rok nahradenia"". So ""rok nahradenia je 2024."" Or ""rok nahradenia je 2024"". Combine: ""Slovenská televízia a rozhlas nahradila organizáciu Rozhlas a televízia Slovenska v roku 2024."" That includes both facts. Ensure we use both predicates. That sentence expresses both. Should we keep ""rok nahradenia"" as phrase? The requirement: translate predicate and use naturally. So ""nahradila organizáciu"" and ""rok nahradenia"". Could be two sentences: ""Slovenská televízia a rozhlas nahradila organizáciu Rozhlas a televízia Slovenska. Rok nahradenia je 2024."" Both are fine. But one sentence is okay. It includes both facts. Use ""v roku 2024"". That conveys replacementYear. That is acceptable. Provide only sentence."
Id42,other,,,1,Milan Lapin sa zameriava na klimatológiu.,"We need to produce a Slovak sentence expressing the fact: ""Milan Lapin focusesOn klimatológia"". Translate predicate to Slovak: ""zameriava sa na"". Also need to translate object ""klimatológia"" (not a proper name) to Slovak, it's already Slovak word. So sentence: ""Milan Lapin sa zameriava na klimatológiu."" Wait grammar: ""zameriava sa na klimatológiu"" (accusative). Use ""zameriava sa na"". So final output: one sentence."
Id43,politics,,,3,"Andrej Kiska bol bývalým prezidentom Slovenska, založil Za ľudí a Za ľudí je politická strana.","We need to produce Slovak sentence(s) that express all facts. Facts: 1. Andrej Kiska formerPosition prezident Slovenska -> translate predicate: ""bol bývalým pozíciou""? Actually ""formerPosition"" means ""bývalá pozícia"". So ""Andrej Kiska bol bývalým prezidentom Slovenska."" Need to translate ""president Slovenska"" as ""prezident Slovenska"". Since ""president Slovenska"" is a role, not proper name, translate. So ""prezidentom Slovenska"". Use instrumental case. 2. Andrej Kiska founded Za ľudí. Predicate ""founded"" -> ""založil"". So ""Andrej Kiska založil Za ľudí."" 3. Za ľudí type political party -> predicate ""type"" -> ""je typom"". Actually ""type"" means ""typ"". So ""Za ľudí je politická strana."" We need to include all facts. Could combine into one sentence with commas: ""Andrej Kiska bol bývalým prezidentom Slovenska, založil Za ľudí a Za ľudí je politická strana."" That includes all. Ensure no extra info. Use ""bývalým"" maybe ""bývalým prezidentom"". Good. Return only sentence(s)."
Id44,other,,,2,Pa a Pi je seriál a hlavné postavy sú mačky.,"We need to produce Slovak sentence(s) that express all facts. Two triples: Subject: ""Pa a Pi"" Predicate: ""mainCharacters"" Object: ""mačky"" Second triple: Subject: ""Pa a Pi"" Predicate: ""type"" Object: ""seriál"" We need to translate predicate to Slovak: ""mainCharacters"" -> ""hlavné postavy"". ""type"" -> ""typ"". Object ""mačky"" is already Slovak (means cats). ""seriál"" is Slovak. Subject ""Pa a Pi"" is a proper name? It seems like a title maybe. It's not a typical proper name but likely a title of a work. According to rule: translate each entity that is not a proper name. ""Pa a Pi"" includes ""a"" which is conjunction, but the whole phrase is likely a title, maybe proper name. Should we keep as is? It's ambiguous. Probably treat ""Pa a Pi"" as proper name (title). So keep unchanged. Now produce sentence: ""Pa a Pi je seriál, v ktorom sú hlavné postavy mačky."" But need to use predicate ""typ"" maybe ""typ"" as noun: ""typ"" is not a verb. We need to express facts naturally. Could say: ""Pa a Pi je seriál a hlavné postavy sú mačky."" That includes both facts. Ensure we include both facts: type is seriál, main characters are mačky. Thus sentence: ""Pa a Pi je seriál a hlavné postavy sú mačky."" That covers both. Use Slovak grammar. Check: we used ""hlavné postavy"" translation of mainCharacters. Good. Return only the sentence."
Id45,culture,,,3,"Obálky kníh Harry Potter v slovenskom vydaní navrhol Adrián Macho, sú v slovenskom jazyku a patria do knižnej série Harry Potter.","We need to produce Slovak sentence(s) that express all facts. Facts: - ""obálky kníh Harry Potter v slovenskom vydaní"" (subject) has designer Adrián Macho. - same subject has language slovenský. - same subject has bookSeries Harry Potter. We need to translate predicate to Slovak: ""designer"" -> ""navrhol"" or ""má dizajnéra""? The instruction: ""Predikát VŽDY prelož do slovenčiny a použi ho vo vete prirodzene."" So we need to translate each predicate to Slovak verb or phrase. For ""designer"" maybe ""navrhol"" (designer = navrhol). For ""language"" maybe ""má jazyk"" or ""je v jazyku"". For ""bookSeries"" maybe ""patrí do knižnej série"". Could be ""je súčasťou knižnej série"". Need to convey all facts. Subject is ""obálky kníh Harry Potter v slovenskom vydaní"". That's a phrase, keep as is. Use proper Slovak grammar. We could say: ""Obálky kníh Harry Potter v slovenskom vydaní navrhol Adrián Macho, sú v slovenskom jazyku a patria do knižnej série Harry Potter."" Check: ""sú v slovenskom jazyku"" expresses language. The predicate ""language"" -> ""jazyk"". Could be ""má jazyk slovenský"". But ""sú v slovenskom jazyku"" is natural. All facts included: designer Adrián Macho, language slovenský, bookSeries Harry Potter. Make sure we keep ""slovenský"" as given. ""slovenský"" is adjective; we need ""slovenský jazyk"". Could say ""sú v slovenskom jazyku"". That uses ""slovenský"". Good. Thus one sentence covers all. Provide only sentence."
Id46,politics,,,1,Daňové identifikačné číslo (DIČ) má počet číslic 10.,"We need to produce Slovak sentence(s) expressing the fact: ""Daňové identifikačné číslo (DIČ) | numberOfDigits | 10"". Translate predicate ""numberOfDigits"" to Slovak: ""počet číslic"". Subject: ""Daňové identifikačné číslo (DIČ)"". Object: ""10"". So sentence: ""Daňové identifikačné číslo (DIČ) má počet číslic 10."" Or ""Počet číslic daňového identifikačného čísla (DIČ) je 10."" Both fine. Must use only given info. Provide one sentence."
Id47,geography,,,2,Pavelková sa nachádza v Muránskej planine a Muránska planina je geomorfologický podcelok.,"We need to produce Slovak sentence(s) that express all facts. Two triples: 1. Pavelková | locatedIn | Muránska planina 2. Muránska planina | isA | geomorfologický podcelok We must translate non-proper nouns. ""locatedIn"" -> ""sa nachádza v"" or ""je umiestnená v"". Subject ""Pavelková"" is a proper name? Likely a place (village). It's a proper name, keep as is. Object ""Muránska planina"" is proper name, keep. Second triple: ""Muránska planina"" is a proper name, object ""geomorfologický podcelok"" is a common noun phrase, translate to Slovak: ""geomorfologický podcelok"" is already Slovak? It's Czech/Slovak. Should we translate? It's already Slovak. But rule: translate each entity that is not a proper name. ""geomorfologický podcelok"" is a common noun phrase, keep as is (maybe no translation needed). Predikát ""isA"" -> ""je"". So sentence: ""Pavelková sa nachádza v Muránskej planine a Muránska planina je geomorfologický podcelok."" Need to ensure case: ""v Muránskej planine"" (locative). The triple says ""locatedIn"". Use ""sa nachádza v"". Good. Thus one sentence covers both facts. Provide only sentence."
Id48,sports,,,1,Medzinárodný maratón mieru v Košiciach založil Vojtech Bukovský.,"We need to produce a Slovak sentence expressing the fact: ""Medzinárodný maratón mieru v Košiciach"" (subject) foundedBy Vojtech Bukovský (object). Translate predicate ""foundedBy"" to Slovak ""založil"". Also need to translate entities that are not proper names. The subject is ""Medzinárodný maratón mieru v Košiciach"" - it's a proper name? It's a specific event, likely a proper name, but it's a phrase. The instruction: translate each entity that is NOT a proper name. Proper names (names of persons, places, organizations, works) keep original. ""Medzinárodný maratón mieru v Košiciach"" is a name of an event, likely proper name, but it's a phrase. Might be considered proper name, but it's not a person name. The rule: translate each entity that is NOT a proper name (e.g., common nouns, roles, general descriptions). Proper names (names of persons, places, organizations, works) keep original. ""Medzinárodný maratón mieru v Košiciach"" is a proper name of an event, but it's not a person, place, organization, work? It's a sports event, could be considered a proper name. I'd keep it as is. The object ""Vojtech Bukovský"" is a proper name, keep as is. Thus sentence: ""Medzinárodný maratón mieru v Košiciach založil Vojtech Bukovský."" That's it."
Id49,geography,,,1,Vihorlatské vrchy má typ pôvodu sopečný.,"We need to produce a Slovak sentence expressing the fact: ""Vihorlatské vrchy"" (proper name) has origin type ""sopečný"". Translate predicate ""originType"" to Slovak, likely ""má typ pôvodu"" or ""pochádza z"". But need to use predicate translated naturally. Could be ""má typ pôvodu"". The requirement: translate predicate always to Slovak and use it naturally. So ""originType"" -> ""typ pôvodu"". So sentence: ""Vihorlatské vrchy má typ pôvodu sopečný."" That seems fine. Check: Use only given info. No extra. Provide one sentence."
Id50,history,,,3,"Akademia Istropolitana bola založená Matejom Korvínom, nachádza sa v Bratislave a Matej Korvín je kráľ.","We need to produce Slovak sentence(s) that express all facts. Facts: 1. Academia Istropolitana foundedBy Matej Korvín -> ""Akademia Istropolitana bola založená Matejom Korvínom."" 2. Academia Istropolitana location Bratislava -> ""Akademia Istropolitana sa nachádza v Bratislave."" 3. Matej Korvín title kráľ -> ""Matej Korvín má titul kráľ."" Or ""Matej Korvín je kráľ."" We must translate predicate to Slovak. Predicates: foundedBy -> ""založená"" or ""založil"". location -> ""nachádza sa"". title -> ""má titul"". Use natural sentences. Could combine into one sentence: ""Akademia Istropolitana bola založená Matejom Korvínom, nachádza sa v Bratislave a Matej Korvín je kráľ."" That includes all facts. Ensure no extra info. Use proper Slovak diacritics. ""Akademia Istropolitana"" is proper name, keep. ""Matej Korvín"" proper. Title ""kráľ"". Use ""má titul kráľ"" maybe unnatural; better ""je kráľ"". That's fine. Thus output single sentence."
Id51,geography,,,2,Trstená má centrálny štvrt Námestie Milana Rastislava Štefánika. Námestie Milana Rastislava Štefánika sa nachádza v Trstenej.,"We need to produce Slovak sentence(s) that express all facts. Two triples: 1. Trstená | hasCentralSquare | Námestie Milana Rastislava Štefánika 2. Námestie Milana Rastislava Štefánika | isLocatedIn | Trstená We need to translate predicate to Slovak: ""hasCentralSquare"" -> ""má centrálny štvrt""? Actually central square: ""má centrálny trh""? The predicate should be translated naturally: ""má centrálny trh""? But we need to convey that Trstená has central square Námestie Milana Rastislava Štefánika. So ""Trstená má centrálny štvrt Námestie Milana Rastislava Štefánika""? Better: ""Trstená má centrálny štvrt Námestie Milana Rastislava Štefánika."" Or ""Trstená má centrálny námestie Námestie Milana Rastislava Štefánika."" The predicate ""hasCentralSquare"" could be ""má centrálny štvrt"" but ""námestie"" is square. So ""má centrálny štvrt"" maybe unnatural. Use ""má centrálny štvrt"" but we have object already ""Námestie Milana Rastislava Štefánika"". So ""Trstená má centrálny štvrt Námestie Milana Rastislava Štefánika."" That is okay. Second: ""Námestie Milana Rastislava Štefánika je umiestnené v Trstenej."" Predicate ""isLocatedIn"" -> ""sa nachádza v"". So ""Námestie Milana Rastislava Štefánika sa nachádza v Trstená."" But need correct case: ""v Trstené""? Actually location: ""v Trstené"" is accusative? Slovak: ""v Trstené"" (locative ""v Trstené""? Actually ""v Trstená"" is nominative, but after ""v"" we use locative: ""v Trstené""? The town is ""Trstená"" (feminine). Locative: ""v Trstenej"". So ""v Trstenej"". So sentence: ""Námestie Milana Rastislava Štefánika sa nachádza v Trstenej."" Thus two sentences. Ensure we include all facts. Yes. We must not add extra info. Use only given facts. Provide only sentences."
Id52,geography,,,1,Krahuľský vrch sa nachádza nad Kremnicou.,"We need to produce a Slovak sentence expressing the fact: ""Krahuľský vrch is located above Kremnica."" Need to translate predicate ""locatedAbove"" to Slovak: ""sa nachádza nad"" or ""je nad"". Use natural phrasing. Entities: Krahuľský vrch (proper name) keep as is. Kremnica (proper name). So sentence: ""Krahuľský vrch sa nachádza nad Kremnicou."" Or ""Krahuľský vrch leží nad Kremnicou."" Use ""nachádza sa nad"". Provide only sentence."
Id53,history,,,2,Nemeckí kolonisti začali osídľovať Poprad v 13. storočí.,"We need to produce Slovak sentence(s) that express both facts. Entities: ""Nemeckí kolonisti"" is not a proper name, so translate each entity that is not proper name. ""Nemeckí kolonisti"" is already Slovak phrase meaning ""German colonists"". It's not a proper name, but it's already in Slovak, so keep as is. ""Poprad"" is a city name, proper name, keep as is. ""13th Century"" is a time period; it's not a proper name? It's a historical period, but likely keep as ""13. storočie"" translation. The predicate ""beganSettling"" translate to ""začali osídľovať"". ""settlingPeriod"" translate to ""obdobie osídľovania"". So we need sentences: ""Nemeckí kolonisti začali osídľovať Poprad v 13. storočí."" But we must include both facts: the period is 13th Century. Could be ""Nemeckí kolonisti začali osídľovať Poprad. Obdobie ich osídľovania bolo 13. storočie."" Or combine: ""Nemeckí kolonisti začali osídľovať Poprad v 13. storočí."" That expresses both: began settling Poprad, and settling period 13th Century. That includes both facts. Ensure no extra info. Use ""v 13. storočí"" is translation of ""13th Century"". That seems fine. Thus output single sentence."
Id54,geography,,,2,Ľubochňa sa nachádza v Ružomberku a Ružomberok je okres.,"We need to produce Slovak sentence(s) that express all facts. Two triples: 1. Ľubochňa | isLocatedIn | Ružomberok 2. Ružomberok | isTypeOf | okres We need to translate predicate to Slovak: ""isLocatedIn"" -> ""sa nachádza v"" or ""je umiestnená v"". ""isTypeOf"" -> ""je typom"" or ""je typom"". But we need natural sentence. We must translate non-proper nouns: ""okres"" is a common noun, keep as ""okres"". Entities: Ľubochňa (proper name), Ružomberok (proper name). So sentence: ""Ľubochňa sa nachádza v Ružomberku a Ružomberok je okres."" However ""Ružomberok je typom okresu""? Actually ""isTypeOf"" means Ružomberok is a type of ""okres"". So ""Ružomberok je okres."" That is fine. Thus one sentence: ""Ľubochňa sa nachádza v Ružomberku a Ružomberok je okres."" Ensure grammar: ""Ružomberok je okres."" Good. We must not add extra facts. That's fine. Return only the sentence."
Id55,culture,,,3,"Dr. Tomáš Stach je postavou v seriáli Doktori, ktorý je slovenský televízny seriál. Alexander Bárta zahral rolu Dr. Tomáš Stach.","We need to produce Slovak sentence(s) that express all facts. Triples: 1. Dr. Tomáš Stach | characterIn | Doktori 2. Doktori | isA | Slovak TV Series 3. Alexander Bárta | playedRole | Dr. Tomáš Stach We need to translate predicates to Slovak: ""characterIn"" -> ""je postavou v"" maybe ""je postavou v"". ""isA"" -> ""je"". ""playedRole"" -> ""zahral rolu"". Use natural Slovak. We must include all facts: Dr. Tomáš Stach is a character in Doktori. Doktori is a Slovak TV series. Alexander Bárta played the role of Dr. Tomáš Stach. We need to translate non-proper nouns: ""character"" -> ""postava"". ""TV Series"" -> ""televízny seriál"". ""role"" -> ""rolu"". So sentence: ""Dr. Tomáš Stach je postavou v seriáli Doktori, ktorý je slovenský televízny seriál. Alexander Bárta zahral rolu Dr. Tomáš Stach."" But need to keep ""Doktori"" as proper name, keep as is. ""Slovak TV Series"" translate to ""slovenský televízny seriál"". Good. Make sure we include all facts. Could be two sentences. That's fine. Check: ""characterIn"" -> ""je postavou v"". ""isA"" -> ""je"". ""playedRole"" -> ""zahral rolu"". Use ""zahral rolu Dr. Tomáš Stach"". Might need ""zahral rolu Dr. Tomáš Stach"" or ""zahral rolu Dr. Tomáš Stach"". That's okay. Thus final output: two sentences."
Id56,culture,,,4,"Slovenský dokumentárny film s názvom Cesta Magdalény Robinsonovej, ktorý bol vydaný v roku 2008, zobrazuje životný príbeh židovskej fotografky z obdobia Slovenského štátu.","We need to produce Slovak sentence(s) that convey all facts. Triples: 1. Slovenský dokumentárny film | title | Cesta Magdalény Robinsonovej => ""Slovenský dokumentárny film"" is subject, predicate ""title"" => title is ""Cesta Magdalény Robinsonovej"". So we need to say: ""Slovenský dokumentárny film s názvom Cesta Magdalény Robinsonovej ..."" (title). Should translate predicate ""title"" to ""má názov"" or ""názov je"". Use natural. 2. Cesta Magdalény Robinsonovej | releaseYear | 2008 => The film ""Cesta Magdalény Robinsonovej"" has release year 2008. 3. Cesta Magdalény Robinsonovej | depicts | životný príbeh židovskej fotografky => The film depicts the life story of a Jewish photographer. 4. životný príbeh židovskej fotografky | timePeriod | obdobie Slovenského štátu => The life story of the Jewish photographer is set in the period of the Slovak State. We need to include all facts. Could be one sentence: ""Slovenský dokumentárny film s názvom Cesta Magdalény Robinsonovej, ktorý bol vydaný v roku 2008, zobrazuje životný príbeh židovskej fotografky z obdobia Slovenského štátu."" That includes all. Check translation: ""releaseYear"" -> ""bol vydaný v roku 2008"" or ""má rok vydania 2008"". Use ""bol vydaný"". Good. Make sure we didn't add extra facts. We said ""zobrazuje"" for depicts, okay. ""z obdobia Slovenského štátu"" conveys timePeriod. All good. Return only sentence."
Id57,culture,,,5,"Generácia NULA bola založená dňa 2011‑01‑01 ako zoskupenie básnikov, zakladateľmi sú Peter Papšo a Marcel Páleš, a sídli v Banskej Bystrici.","We need to produce Slovak sentence(s) that convey all facts. Entities: ""Generácia NULA"" is a proper name, keep as is. Predicates: foundingDate -> ""dátum založenia"" maybe translate as ""dátum založenia"". type -> ""typ"". foundedBy -> ""zakladateľ"". location -> ""miesto"". Need to include all facts: Generácia NULA má dátum založenia 2011-01-01, typ zoskupenie básnikov, zakladateľov Peter Papšo a Marcel Páleš, miesto Banská Bystrica. Could be one sentence: ""Generácia NULA bola založená dňa 2011-01-01 ako zoskupenie básnikov, zakladateľmi sú Peter Papšo a Marcel Páleš, a sídli v Banskej Bystrici."" That includes all. Ensure translation of location: ""miesto"" -> ""Banská Bystrica"". Use ""sídli v"". That's fine. Provide only sentence."
Id58,history,,,3,"Prvá banská škola v Uhorsku, ktorá bola založená dňa 1735-01-01 a patrí do krajiny Uhorsko, sa nachádza v Banskej Štiavnici.","We need to produce Slovak sentence(s) that express all facts. Triples: 1. Banská Štiavnica | locationOf | prvá banská škola v Uhorsku => Banská Štiavnica je miestom (location of) prvej banskej školy v Uhorsku. Should translate predicate ""locationOf"" as ""sa nachádza v"" or ""je miestom"". Probably ""Banská Štiavnica je miestom prvej banskej školy v Uhorsku."" 2. prvá banská škola v Uhorsku | foundingDate | 1735-01-01 => ""Prvá banská škola v Uhorsku bola založená dňa 1735-01-01."" 3. prvá banská škola v Uhorsku | country | Uhorsko => ""Prvá banská škola v Uhorsku sa nachádza v krajine Uhorsko."" Or ""patrí do krajiny Uhorsko."" Use predicate ""country"" as ""je v krajine"". So combine. We need to include all facts, maybe two sentences: one about location, one about founding date and country. Could combine: ""Prvá banská škola v Uhorsku, ktorá bola založená dňa 1735-01-01 a patrí do krajiny Uhorsko, sa nachádza v Banskej Štiavnici."" That includes all three. Ensure no extra info. Use ""patrí do krajiny"" for country. That seems fine. Check translation: ""locationOf"" -> ""sa nachádza v"". So sentence: ""Prvá banská škola v Uhorsku, ktorá bola založená dňa 1735-01-01 a patrí do krajiny Uhorsko, sa nachádza v Banskej Štiavnici."" All facts present. No extra. Provide only that sentence."
Id59,culture,,,6,"Slovenská filmová a televízna akadémia udela ocenenie Slnko v sieti, ktoré má dátum začatia udelenia 2004-01-01, patrí do kategórie filmové ocenenie, má účel najlepšie snímky a umelecké výkony a pôsobí v oblasti slovenskej kinematografie.","We need to produce Slovak sentence(s) that express all facts. Facts: 1. Slovenská filmová a televízna akadémia awards Slnko v sieti. 2. Slnko v sieti awardingStartDate 2004-01-01. 3. Slnko v sieti category filmové ocenenie. 4. Slnko v sieti purpose najlepšie snímky. 5. Slnko v sieti purpose umelecké výkony. 6. Slnko v sieti domain slovenská kinematografia. We need to translate predicate to Slovak: ""udeliť"" maybe ""udáva""? Actually ""awards"" -> ""udelíva"" or ""odmení"". Use natural: ""udeliť ocenenie"". So sentence: ""Slovenská filmová a televízna akadémia udela ocenenie Slnko v sieti, ktoré má dátum začatia udelenia 2004-01-01, patrí do kategórie filmové ocenenie, má účel najlepšie snímky a umelecké výkony a pôsobí v oblasti slovenskej kinematografie."" Check all facts: includes awardingStartDate, category, purpose (two), domain. Yes. Make sure we keep date format as given. Use ""dátum začatia udelenia"" maybe okay. Could also say ""dátum začatia"" but need to convey awardingStartDate. Use ""dátum začatia udelenia"". Good. Return only sentence."
Id60,culture,,,5,"Jana Hubinská je slovenská herečka, ktorá získala ocenenie Český lev, pričom ocenenie Český lev je udeľované za úlohu vo filme Děvčátko, a Děvčátko je film.","We need to produce Slovak sentence(s) that express all facts. Facts: 1. Jana Hubinská nationality slovenská -> Jana Hubinská je slovenská. 2. Jana Hubinská profession herečka -> Jana Hubinská je herečka. 3. Jana Hubinská awardReceived Český lev -> Jana Hubinská získala ocenenie Český lev. 4. Český lev awardedFor úloha vo filme Děvčátko -> Ocenenie Český lev je udeľované za úlohu vo filme Děvčátko. Or ""Český lev je ocenenie, ktoré sa udeľuje za úlohu vo filme Děvčátko."" 5. Děvčátko type film -> Děvčátko je film. We must include all facts. Could combine: ""Jana Hubinská je slovenská herečka, ktorá získala ocenenie Český lev za úlohu vo filme Děvčátko, pričom Děvčátko je film."" That includes all. Ensure translation of predicate: nationality -> národnosť? But we can phrase ""je slovenská"". Profession -> je herečka. awardReceived -> získala ocenenie. awardedFor -> je udeľované za. type -> je film. Make sure we include that Český lev is ocenenie. The fact ""Český lev | awardedFor | úloha vo filme Děvčátko"" says the award is for role in film Děvčátko. So we need to state that the award Český lev je udeľovaný za úlohu vo filme Děvčátko. And Děvčátko is film. Thus sentence: ""Jana Hubinská je slovenská herečka, ktorá získala ocenenie Český lev, pričom ocenenie Český lev je udeľované za úlohu vo filme Děvčátko, a Děvčátko je film."" That covers all. Ensure no extra facts. Good."
Id61,history,,,6,"Juraj (VII.) Turzo má sídlo v Bytči, je známy ako bojovník proti Turkom, podporuje Slovákov a protestantizmus, má úlohu radca a je radcom Rudolfa II.","We need to produce Slovak sentence(s) that express all facts. Must translate predicates to Slovak. Predicates: hasResidence -> ""má sídlo"" or ""má rezidenciu"". knownAs -> ""je známy ako"". supports -> ""podporuje"". role -> ""má úlohu"" or ""je"". advisorOf -> ""je radcom"". Actually ""advisorOf"" predicate: we need translate predicate to Slovak: ""je radcom"". But we also have role radca. So we need to include both: role radca (meaning his role is radca) and advisorOf Rudolf II. Could combine: ""Juraj (VII.) Turzo má sídlo v Bytči, je známy ako bojovník proti Turkom, podporuje Slovákov a protestantizmus, má úlohu radca a je radcom cisára Rudolfa II."" Need to keep ""Slováci"" maybe translate as ""Slovákov"". The rule: translate each entity that is not a proper name. ""Slováci"" is a plural noun, not proper name, so translate to Slovak? It's already Slovak. Keep as ""Slováci"". Should we keep ""Rudolf II."" as proper name, keep unchanged. ""Bytča"" is a place name, proper name, keep unchanged. ""Juraj (VII.) Turzo"" is proper name, keep unchanged. Predicate translation: ""hasResidence"" -> ""má rezidenciu"" or ""má sídlo"". Use natural. ""knownAs"" -> ""je známy ako"". ""supports"" -> ""podporuje"". ""role"" -> ""má úlohu"". ""advisorOf"" -> ""je radcom"". Could also phrase ""je radcom"". Provide one sentence covering all. Check no extra facts. We must include all six facts. Provide one sentence. Thus: ""Juraj (VII.) Turzo má sídlo v Bytči, je známy ako bojovník proti Turkom, podporuje Slovákov a protestantizmus, má úlohu radca a je radcom Rudolfa II."" Make sure ""Rudolf II."" is proper name, keep. Use ""Rudolfa II."" as genitive? The predicate ""advisorOf"" means ""je radcom"" of Rudolf II. So ""je radcom Rudolfa II."" That's fine. Check translation of ""supports"" object ""Slováci"" -> ""Slovákov"". But rule: translate each entity that is not proper name. ""Slováci"" is already Slovak, but it's a noun, we can keep as ""Slováci"". However ""podporuje Slovákov"" is correct grammar. The entity is ""Slováci"". Should we keep exactly as given? The instruction: ""Prelož do slovenčiny každú entitu, ktorá NIE JE vlastné meno"". So we need to translate the entity to Slovak. ""Slováci"" is already Slovak, so no change needed. So we can keep ""Slováci"". But grammar: ""podporuje Slovákov"" is case change, but that's not adding new info, just grammatical. Acceptable. We'll keep ""Slováci"". Use ""podporuje Slovákov"". Similarly ""protestantizmus"" is already Slovak. Thus final sentence: ""Juraj (VII.) Turzo má sídlo v Bytči, je známy ako bojovník proti Turkom, podporuje Slovákov a protestantizmus, má úlohu radca a je radcom Rudolfa II."" Check all facts: residence Bytča, known as..., supports Slováci, supports protestantizmus, role radca, advisorOf Rudolf II. Yes. Return only sentence."
Id62,culture,,,4,"Fontána pre Zuzanu je hudobný film, má rok vydania 1986, je založený na románe Eleonóry Gašparovej a hudobným skladateľom je Vašo Patejdl.","We need to produce Slovak sentence(s) that convey all facts. Translate predicates: isA -> je, releaseYear -> rok vydania, basedOn -> je založený na, musicComposer -> hudobný skladateľ. Entities: Fontána pre Zuzanu (proper name) keep. román Eleonóry Gašparovej (proper? It's a title, keep). Vašo Patejdl (proper). So sentence: ""Fontána pre Zuzanu je hudobný film, rok vydania 1986, je založený na románe Eleonóry Gašparovej a hudobným skladateľom je Vašo Patejdl."" Need natural Slovak. Could split into two sentences if needed. All facts included. Ensure no extra info. Use ""je"" for isA. ""rok vydania"" maybe ""má rok vydania"". But predicate translation: releaseYear -> ""rok vydania"". Could phrase: ""Fontána pre Zuzanu je hudobný film, má rok vydania 1986, je založený na románe Eleonóry Gašparovej a hudobným skladateľom je Vašo Patejdl."" That includes all. Use ""román"" not ""románe""? The phrase ""je založený na románe"". Good. Return only sentence(s)."
Id63,culture,,,8,"Miroslav Šmajda sa narodil v Košiciach, má rolu frontman, patrí do skupín Walda Gang a Terrapie, zúčastnil sa súťaže Česko Slovenská SuperStar, ktorá mala sezónu 1 v roku 2009, a dosiahol umiestnenie 2.","We need to produce a Slovak sentence(s) that includes all facts. Translate predicates: birthplace -> miesto narodenia, role -> rola, band -> skupina, competition -> súťaž, season -> sezóna, year -> rok, placement -> umiestnenie. Entities: Miroslav Šmajda (proper name), Košice (proper name, city, keep as is), frontman (role, not proper name, translate to ""frontman""? It's a role, maybe keep as ""frontman"" but translate? The instruction: translate each entity that is NOT a proper name. ""frontman"" is a common noun, so translate to Slovak: ""frontman"" maybe ""frontman"" is also used, but better ""frontman"" is English; Slovak could be ""frontman"" as loanword, but we can translate to ""frontman"" -> ""frontman""? Might be ""frontman"" = ""frontman"". Could also be ""frontman"" = ""frontman"". But maybe ""frontman"" as role: ""frontman"". Could also be ""frontman"" = ""frontman"". I'll keep ""frontman"". For band -> ""skupina"". Terrapie is proper name (band name). Walda Gang proper name. Česko Slovenská SuperStar proper name. season -> ""sezóna"". year -> ""rok"". placement -> ""umiestnenie"". Need to include all facts: Miroslav Šmajda sa narodil v Košiciach, je frontmanom skupín Walda Gang a Terrapie, zúčastnil sa súťaže Česko Slovenská SuperStar, ktorá mala sezónu 1 v roku 2009, a dosiahol umiestnenie 2. That covers all. Ensure we use Slovak translation of predicates: ""narodil sa v"", ""má rolu"", ""je frontmanom"" maybe ""má rolu frontman"". Use ""má rolu frontman"". Provide one sentence. Let's craft: ""Miroslav Šmajda sa narodil v Košiciach, má rolu frontman, je členom skupín Walda Gang a Terrapie, zúčastnil sa súťaže Česko Slovenská SuperStar, ktorá mala sezónu 1 v roku 2009, a dosiahol umiestnenie 2."" That includes all. Ensure we didn't add extra facts like ""členom"". The fact says band, not member. Could say ""patrí do skupín"". That's okay. Use ""patrí do skupín"". That doesn't add new fact. It's implied by band relation. Acceptable. Provide sentence."
Id64,geography,,,7,"Dolný Zemplín je slovenský región a skladá sa z okresov Michalovce, Sobrance a Trebišov. Michalovce, Sobrance a Trebišov sú okresy.","We need to produce Slovak sentence(s) that express all facts. Facts: - Dolný Zemplín consists of Michalovce. - Dolný Zemplín consists of Sobrance. - Dolný Zemplín consists of Trebišov. - Michalovce is type of okres. - Sobrance is type of okres. - Trebišov is type of okres. - Dolný Zemplín is type of slovenský región. We need to translate predicate to Slovak: ""consistsOf"" -> ""sa skladá z"" or ""obsahuje"". Use natural phrasing: ""Dolný Zemplín sa skladá z okresov Michalovce, Sobrance a Trebišov."" But we also need to state that each of those is an okres. Could be separate sentence: ""Michalovce, Sobrance a Trebišov sú okresy."" Also need to state Dolný Zemplín is a slovenský región: ""Dolný Zemplín je slovenský región."" We must not add any extra facts. The sentence(s) must include all facts. So we can produce two sentences: one stating Dolný Zemplín is a slovenský región, and that it consists of Michalovce, Sobrance, Trebišov; and another stating those three are okresy. That covers all. Make sure we keep proper names unchanged. Use ""okres"" as noun. So: ""Dolný Zemplín je slovenský región a skladá sa z okresov Michalovce, Sobrance a Trebišov. Michalovce, Sobrance a Trebišov sú okresy."" Check: we used ""skladá sa z"" for consistsOf. That's fine. We used ""je"" for isTypeOf. Good. We must not add any extra info. The phrase ""a"" connecting is okay. It doesn't add new facts. Should we separate into two sentences? It's okay. Provide one or two short sentences. We'll output exactly those two sentences."
Id65,other,,,2,Eugen Gressner má povolanie slovenský lekár a jeho oblasť excelencie je gerontológia.,"We need to produce Slovak sentence(s) that express both facts: Eugen Gressner profession slovenský lekár; Eugen Gressner fieldOfExcellence gerontológia. We must translate predicate to Slovak: ""profession"" -> ""povolanie"" or ""profesia""? Probably ""povolanie"". ""fieldOfExcellence"" -> ""oblasť vynikajúcej činnosti"" but we need natural translation: maybe ""oblasť vynikajúcej činnosti"" is too literal. Could be ""oblasť vynikajúcej činnosti"" but we need to use predicate translation. The instruction: ""Predikát VŽDY prelož do slovenčiny a použi ho vo vete prirodzene."" So we need to translate ""profession"" to Slovak word, likely ""povolanie"". ""fieldOfExcellence"" maybe ""oblasť vynikajúcej činnosti"" or ""oblasť excelencie"". Could be ""oblasť excelencie"". Let's choose ""oblasť excelencie"". Provide sentence: ""Eugen Gressner má povolanie slovenský lekár a jeho oblasť excelencie je gerontológia."" That includes both facts. Ensure we use exact values: ""slovenský lekár"" and ""gerontológia"". Good. We must not add extra facts. The sentence includes ""má povolanie"" which is a translation of predicate. That's okay. Also ""je"" for fieldOfExcellence. Could be ""je gerontológia"". But we need to convey that fieldOfExcellence is gerontológia. So ""je gerontológia"" is okay. Thus final answer: one sentence."
Id66,geography,,,4,"Ostrožnica je slovenská obec, nachádza sa v okrese Snina, zmizla v roku 1980 kvôli výstavbe Starinskej priehrady.","We need to produce Slovak sentence(s) that convey all facts. Facts: Ostrožnica is a Slovak village, located in district Snina, disappeared in 1980, disappearance reason: construction of Starinská priehrada. Must translate predicate to Slovak. Entities: Ostrožnica (proper name) keep. location -> ""sa nachádza v"" maybe. type -> ""je"". disappearanceDate -> ""zmizla v roku"". disappearanceReason -> ""zmizla kvôli výstavbe Starinskej priehrady"". Need to include all. Could be one sentence: ""Ostrožnica je slovenská obec, nachádza sa v okrese Snina, zmizla v roku 1980 kvôli výstavbe Starinskej priehrady."" That includes all. Ensure translation of predicates: type -> ""je"", location -> ""sa nachádza v"", disappearanceDate -> ""zmizla v roku"", disappearanceReason -> ""zmizla kvôli"". Use proper grammar. Provide only sentence."
Id67,culture,,,4,"Pacho, hybský zbojník bol vydaný v roku 1975, obsahuje postavu Melichar, ktorá je zbojníkom a stvárnil ju Michal Hraška.","We need to produce Slovak sentence(s) that express all facts. Triples: 1. Pacho, hybský zbojník | releaseYear | 1975 2. Melichar | characterType | zbojník 3. Melichar | portrayedBy | Michal Hraška 4. Pacho, hybský zbojník | featuresCharacter | Melichar We need to translate predicate to Slovak: releaseYear -> ""rok vydania"" maybe ""rok vydania"". characterType -> ""typ postavy"". portrayedBy -> ""zahral"" or ""stvárnil"". featuresCharacter -> ""obsahuje postavu"" or ""má postavu"". Use natural phrasing. We must keep proper nouns unchanged: Pacho, hybský zbojník (that's title maybe includes comma). Melichar, Michal Hraška. We need to include all facts: The film ""Pacho, hybský zbojník"" was released in 1975, features character Melichar. Melichar is a zbojník (type of character) and is portrayed by Michal Hraška. We can combine: ""Film Pacho, hybský zbojník bol vydaný v roku 1975, obsahuje postavu Melichar, ktorá je zbojníkom a stvárnil ju Michal Hraška."" Check translation of predicates: releaseYear -> ""bol vydaný v roku"". featuresCharacter -> ""obsahuje postavu"". characterType -> ""je"". portrayedBy -> ""stvoril"" maybe ""stvárnil"". Use ""stvoril"" is not correct; ""stvárnil"" is good. Make sure we include all facts: yes. We must not add extra facts. The phrase ""film"" is not in triples but we can infer it's a film? The triple subject is ""Pacho, hybský zbojník"". Could be a film. But adding ""film"" is extra info not in triple. The requirement: Use only info in triples, do not add facts. Adding ""film"" might be adding a classification not present. Safer to just say ""Pacho, hybský zbojník bol vydaný v roku 1975, obsahuje postavu Melichar, ktorá je zbojníkom a stvárnil ju Michal Hraška."" That uses only given facts. No extra classification. Good. Check translation of ""characterType"" -> ""typ postavy"". But we can phrase ""Melichar je zbojník"". That's fine. Thus final answer: one sentence."
Id68,culture,,,5,"Škvrna Records vydáva pre IMT Smile, Bukasový masív a Gladiator, bola premenovaná na Závodský, s.r.o. dňa 1998‑01‑01.","We need to produce Slovak sentences expressing all facts. Entities: ""Škvrna Records"" (proper name) - keep. Predicates: ""publishedFor"" -> translate to Slovak ""publikuje pre"" or ""vydáva pre"". Should be natural. ""renamedTo"" -> ""premenovaná na"". ""renameDate"" -> ""dátum premenovania"". Need to include all facts. Facts: 1. Škvrna Records publishedFor IMT Smile. 2. Škvrna Records publishedFor Bukasový masív. 3. Škvrna Records publishedFor Gladiator. 4. Škvrna Records renamedTo Závodský, s.r.o. 5. Škvrna Records renameDate 1998-01-01. We need one sentence or two short if needed, but must include all facts. Could be: ""Škvrna Records vydáva pre IMT Smile, Bukasový masív a Gladiator, bola premenovaná na Závodský, s.r.o. dňa 1998-01-01."" That includes all. Ensure proper Slovak: ""vydáva pre"" maybe ""vydáva pre"". Use ""premenovaná"" gender? Škvrna Records is a company, feminine? Could use ""bola premenovaná"". Use ""dňa"". Provide date as given. Thus final output: one sentence."
Id69,culture,,,3,"Pavel Paľo Drapák je spevák a členom Metalinda, ktorá je slovenská skupina.","We need to produce Slovak sentence(s) that express all facts. Facts: 1. Pavel Paľo Drapák occupation spevák -> ""Pavel Paľo Drapák je spevák."" 2. Pavel Paľo Drapák memberOf Metalinda -> ""Pavel Paľo Drapák je členom Metalinda."" 3. Metalinda type slovenská skupina -> ""Metalinda je slovenská skupina."" We need to include all facts, no extra. Could combine: ""Pavel Paľo Drapák je spevák a člen skupiny Metalinda, ktorá je slovenská skupina."" But that adds ""skupiny"" maybe not in original. Original says Metalinda type slovenská skupina. So we can say ""Metalinda je slovenská skupina."" The combined sentence: ""Pavel Paľo Drapák je spevák a člen Metalinda, ktorá je slovenská skupina."" But ""člen Metalinda"" maybe unnatural; better ""členom Metalinda"". Use ""členom"". So: ""Pavel Paľo Drapák je spevák a členom Metalinda, ktorá je slovenská skupina."" That includes all three facts. Does it add ""skupiny""? The phrase ""skupiny"" is part of ""slovenská skupina"". That's fine. It doesn't add extra facts. It uses ""ktorá je slovenská skupina"" which repeats fact. Should be okay. Check: we used ""členom Metalinda"" - original says memberOf Metalinda, so ""členom Metalinda"" is correct translation. Good. Thus output single sentence."
Id70,sports,,,2,Michaela Balcová je slovenská paralympijská športovkyňa a súťaží v boccia.,"We need to produce Slovak sentence(s) that express all facts. Two triples: - Subject: Michaela Balcová, predicate isA, object: slovenská paralympijská športovkyňa (already Slovak phrase, but it's not a proper name, it's a description). So we translate predicate ""isA"" to ""je"". So ""Michaela Balcová je slovenská paralympijská športovkyňa."" - Second: Michaela Balcová | competesIn | boccia. Translate predicate ""competesIn"" to Slovak ""súťaží v"" or ""súťaží v"". Object ""boccia"" is a sport name, likely keep as ""boccia"". So ""Michaela Balcová súťaží v boccia."" We need to include both facts, can be one sentence or two short. Could combine: ""Michaela Balcová je slovenská paralympijská športovkyňa a súťaží v boccia."" That includes both. Ensure no extra info. Use ""je"" for isA, ""súťaží v"" for competesIn. That seems fine. Return only the sentence."
Id71,culture,,,2,Postruheň je pečené jedlo a je vyrobená zo zvyškov chlebového cesta.,"We need to produce Slovak sentence(s) that express both facts. Entities: ""Postruheň"" is a proper name? It's a dish name, likely not proper name but a common noun. The instruction: translate each entity that is NOT a proper name. ""Postruheň"" is a dish name, likely a common noun, not a proper name. So translate? It's already Slovak word ""Postruheň"". Should we keep as is? It's not a proper name, but it's a term. The rule: translate each entity that is NOT a proper name (e.g., general nouns, roles, general descriptions). Keep proper names unchanged. ""Postruheň"" is a dish name, maybe considered a common noun, not a proper name, but it's already Slovak. So we keep it as is. Predicates: ""isA"" translate to ""je"". ""madeFrom"" translate to ""vyrobený z"" or ""vyrobená z""? Since subject ""Postruheň"" is feminine? ""Postruheň"" is feminine noun (ends with -ň). So predicate ""madeFrom"" should be ""vyrobená z"". But we need to keep grammar consistent. The instruction: translate predicate to Slovak and use naturally. So ""je"" for isA, ""vyrobený z"" maybe adjust gender. Could say ""je pečené jedlo"" (pečené jedlo is neuter). ""Postruheň je pečené jedlo a je vyrobená zo zvyškov chlebového cesta."" Need to translate object ""Zvyšky Chlebového Cesta"". That's a phrase: ""Zvyšky chlebového cesta"". Should we translate each word? It's already Slovak. Keep as is. Use ""zo"" before ""zvyškov"". So final sentence: ""Postruheň je pečené jedlo a je vyrobená zo zvyškov chlebového cesta."" That includes both facts. Ensure no extra info. Use ""a"" to combine. Could also split into two sentences. But one sentence is fine. Check grammar: ""Postruheň je pečené jedlo a je vyrobená zo zvyškov chlebového cesta."" Good. Return only the sentence."
Id72,politics,,,2,Eduard Heger má dátum založenia 2023 a založil politickú stranu Demokrati.,"We need to produce Slovak sentence(s) that express both facts. Entities: Eduard Heger (proper name) remains. Predicates: foundingDate -> ""dátum založenia""? Should translate predicate to Slovak: ""dátum založenia"" maybe ""dátum založenia"". foundedPoliticalParty -> ""založil politickú stranu"". So we need to say: Eduard Heger založil politickú stranu Demokrati dňa 2023? But need to include both facts. Could be two sentences: ""Eduard Heger má dátum založenia 2023."" That's odd. Better: ""Eduard Heger bol založený v roku 2023 a založil politickú stranu Demokrati."" But ""Eduard Heger"" is a person, not an organization. The predicate ""foundingDate"" likely refers to the party? Actually the triple says subject Eduard Heger, predicate foundingDate, object 2023. So we must state that Eduard Heger má dátum založenia 2023. Could phrase: ""Eduard Heger má dátum založenia 2023."" That's literal. And second: ""Eduard Heger založil politickú stranu Demokrati."" Combine: ""Eduard Heger má dátum založenia 2023 a založil politickú stranu Demokrati."" That includes both facts. Ensure no extra info. Use exact numbers. Use Slovak translation of predicates: ""má dátum založenia"" and ""založil politickú stranu"". That seems fine. Check requirement: translate each entity that is not proper name. ""Demokrati"" is proper name? It's a party name, likely proper, keep as is. ""2023"" is number. So final sentence: ""Eduard Heger má dátum založenia 2023 a založil politickú stranu Demokrati."""
Id73,history,,,2,Milan Hodža je prvý slovenský predseda vlády Česko‑Slovenska a Česko‑Slovensko má prvého slovenského premiéra Milana Hodžu.,"We need to produce Slovak sentence(s) that express both facts. Facts: 1. Milan Hodža | isFirst | slovenský predseda vlády Česko-Slovenska Interpretation: Milan Hodža is the first Slovak prime minister of Czechoslovakia. The predicate ""isFirst"" means ""je prvý"". So sentence: ""Milan Hodža je prvý slovenský predseda vlády Česko‑Slovenska."" 2. Česko-Slovensko | hasFirstSlovakPrimeMinister | Milan Hodža Predicate ""hasFirstSlovakPrimeMinister"" translates to ""má prvého slovenského premiéra"". So: ""Česko‑Slovensko má prvého slovenského premiéra Milana Hodžu."" We need to include both facts, can be one or two sentences. Could combine: ""Milan Hodža je prvý slovenský predseda vlády Česko‑Slovenska a Česko‑Slovensko má prvého slovenského premiéra Milana Hodžu."" That repeats name. But it's okay. Must not add extra facts. The combined sentence includes both facts. It repeats name but that's fine. Ensure translation of predicate: ""isFirst"" -> ""je prvý"". ""hasFirstSlovakPrimeMinister"" -> ""má prvého slovenského premiéra"". Use correct case: ""Milan Hodža"" as object of ""má"". Should be ""Milan Hodža"". In Slovak, after ""má"" we need accusative: ""Milan Hodžu"". Actually ""má"" takes accusative, so ""Milan Hodžu"". So sentence: ""Milan Hodža je prvý slovenský predseda vlády Česko‑Slovenska a Česko‑Slovensko má prvého slovenského premiéra Milana Hodžu."" Check: first clause uses nominative ""Milan Hodža"". second clause uses accusative ""Milan Hodžu"". That's correct. Thus output only that sentence."
Id74,culture,,,2,Metalinda vydal album Svetlo na druhom brehu. Svetlo na druhom brehu je albumom Metalinda.,"We need to produce Slovak sentence(s) that express both facts. Facts: 1. Metalinda releasedAlbum Svetlo na druhom brehu. 2. Svetlo na druhom brehu isAlbumOf Metalinda. We need to translate predicate to Slovak: ""releasedAlbum"" -> ""vydal album""? Actually ""releasedAlbum"" means ""vydal album"". So ""Metalinda vydal album Svetlo na druhom brehu."" The second: ""Svetlo na druhom brehu isAlbumOf Metalinda"" -> ""Svetlo na druhom brehu je albumom Metalinda."" Or ""Svetlo na druhom brehu je albumom skupiny Metalinda."" But we cannot add ""skupiny"". Only ""Metalinda"". So ""Svetlo na druhom brehu je albumom Metalinda."" That expresses both facts. Could combine into one sentence: ""Metalinda vydal album Svetlo na druhom brehu, ktorý je albumom Metalinda."" That repeats. Better two sentences: ""Metalinda vydal album Svetlo na druhom brehu. Svetlo na druhom brehu je albumom Metalinda."" That repeats but okay. We must not add extra info. Use proper Slovak grammar. ""Metalinda"" is a band name, treat as proper noun. Use ""vydal album"". Good. Return only sentences."
Id75,geography,,,2,Jakubov dom sa nachádza v Bratislava a na Hlavne namestie.,"We need to produce Slovak sentence(s) that express both facts: ""Jakubov dom"" locatedIn Bratislava, and ""Jakubov dom"" locatedOn Hlavne namestie. Translate non-proper nouns: ""locatedIn"" -> ""sa nachádza v"", ""locatedOn"" -> ""sa nachádza na"". Entities: ""Jakubov dom"" is a proper name? It's a building name, likely proper, keep as is. ""Bratislava"" proper, keep. ""Hlavne namestie"" is a proper name (square), keep. So sentence: ""Jakubov dom sa nachádza v Bratislave a na Hlavnom námestí."" Need to keep exact spelling: ""Hlavne namestie"" given, but Slovak would be ""Hlavné námestie"". However requirement: translate each entity that is not proper name. ""Hlavne namestie"" is a proper name (square), so keep as is. But we might need to keep original spelling. So: ""Jakubov dom sa nachádza v Bratislava a na Hlavne namestie."" However grammar: ""v Bratislava"" should be ""v Bratislave"". But we cannot change? The entity is ""Bratislava"" proper name, keep as is. Preposition ""v"" requires locative case, but we cannot modify entity. The instruction: translate each entity that is not proper name. Proper names keep original. So we keep ""Bratislava"". The sentence may be slightly ungrammatical but okay. Use ""v Bratislava"". Could also split into two sentences: ""Jakubov dom sa nachádza v Bratislava. Jakubov dom sa nachádza na Hlavne namestie."" That respects grammar? Still same. Probably okay. We must not add any extra facts. So produce one or two sentences. I'll produce one sentence with ""a"". Ensure no extra punctuation. Provide exactly the sentence. Thus: ""Jakubov dom sa nachádza v Bratislava a na Hlavne namestie."""
Id76,geography,,,1,Fatrikum je tektonickou jednotkou Západné Karpaty.,"We need to produce a Slovak sentence expressing the fact: ""Fatrikum is tectonic unit of Západné Karpaty."" Translate predicate to Slovak: ""je tektonickou jednotkou"". Subject ""Fatrikum"" is not a proper name? It seems maybe a proper name? It's a name of a tectonic unit, likely proper noun. But rule: translate each entity that is NOT a proper name. ""Fatrikum"" likely a proper name (geological unit). Should we keep as is. ""Západné Karpaty"" is proper name, keep. So sentence: ""Fatrikum je tektonickou jednotkou Západných Karpát."" Wait ""Západné Karpaty"" is plural? Should we keep exact phrase ""Západné Karpaty"". Use ""Západné Karpaty"". So: ""Fatrikum je tektonickou jednotkou Západné Karpaty."" That is fine."
Id77,culture,,,3,"Na love má moderátora Viktor Vincze, je televízna relácia a má jazyk slovenská.","We need to produce Slovak sentence(s) that express all facts. Triples: Subject: ""Na love"" (likely title of a TV show). Predicates: hasModerator -> Viktor Vincze; isType -> televízna relácia; hasLanguage -> slovenská. We need to translate predicate to Slovak: ""hasModerator"" -> ""má moderátora"". ""isType"" -> ""je typom"" or ""je"" maybe ""je typom"". ""hasLanguage"" -> ""má jazyk"". Should be natural. We must not add any extra info. So we can say: ""Na love má moderátora Viktora Vinczeho, je televízna relácia a má slovenský jazyk."" But need to keep ""slovenská"" as language adjective? The object is ""slovenská"". Should be ""slovenská"" as language, but proper phrase ""má jazyk slovenská"" is odd; better ""má jazyk slovenský"". But object is ""slovenská"". Must keep exactly as given. So we must use ""slovenská"". Could say ""má jazyk slovenská"". That is grammatically odd but we must keep exact. Maybe ""má jazyk slovenská"". Or ""má jazyk slovenská"". We'll keep. Also ""Viktor Vincze"" is proper name, keep unchanged. In Slovak genitive maybe ""Viktora Vinczeho"", but that adds suffix, which changes the name. The instruction: keep proper names unchanged. So we must keep ""Viktor Vincze"". So phrase ""má moderátora Viktor Vincze"". That's okay. Thus sentence: ""Na love má moderátora Viktor Vincze, je televízna relácia a má jazyk slovenská."" We need to include all facts. That covers all three. Could also split into two sentences: ""Na love má moderátora Viktor Vincze. Je televízna relácia a má jazyk slovenská."" Both fine. We'll output one sentence."
Id78,culture,,,3,Viktor Vincze je slovenský moderátor. Adela Vinczeová je manželkou Viktora Vinczeho.,"We need to produce Slovak sentence(s) that express all facts. Facts: 1. Viktor Vincze occupation moderator -> ""Viktor Vincze je moderátor."" 2. Viktor Vincze nationality slovenský -> ""Viktor Vincze je slovenský."" 3. Adela Vinczeova spouseOf Viktor Vincze -> ""Adela Vinczeová je manželkou Viktora Vinczeho."" Need to translate spouseOf: ""manželka"" (female spouse) or ""manžel"" if male. Since Adela is female, spouseOf Viktor Vincze => Adela is spouse of Viktor. So ""Adela Vinczeová je manželkou Viktora Vinczeho."" We must include all facts. Could combine into one sentence? Possibly: ""Viktor Vincze je slovenský moderátor a jeho manželkou je Adela Vinczeová."" But that would add ""jeho"" and ""manželkou"" but still includes all facts. However we must not add any extra info. ""jeho manželkou"" is okay? It adds pronoun ""jeho"" which is not in data but is implied. Might be considered adding info? The requirement: ""NEPRIDÁVAJ žiadne fakty, podrobnosti, atribúty ani kontext, ktoré nie sú výslovne uvedené."" Adding ""jeho"" is not a fact, it's just a pronoun referencing. Might be okay but could be considered extra. Safer to produce separate sentences: ""Viktor Vincze je moderátor. Viktor Vincze je slovenský. Adela Vinczeová je manželkou Viktora Vinczeho."" That's three sentences, but they said one sentence (or two short if needed). Could combine first two: ""Viktor Vincze je slovenský moderátor."" That's okay, includes both occupation and nationality. Then second sentence: ""Adela Vinczeová je manželkou Viktora Vinczeho."" That uses two sentences, which is allowed. Ensure translation of ""moderator"" to ""moderátor"". ""slovenský"" is nationality adjective. Good. Thus output two sentences."
Id79,history,,,1,Matej Bel má miesto pôvodu Očová.,"We need to produce a Slovak sentence expressing the fact: Matej Bel | placeOfOrigin | Očová. Translate predicate ""placeOfOrigin"" to Slovak: ""miesto pôvodu"". So sentence: ""Matej Bel má miesto pôvodu Očová."" Or ""Matej Bel pochádza z Očovej."" But need to use predicate translation: ""miesto pôvodu"". So ""Matej Bel má miesto pôvodu Očová."" That includes all facts. Use only given info. Should we keep Očová as is (proper name). Yes. So output just that sentence."
Id80,history,,,2,Hlas má miesto začatia publikácie v Skalici a Skalica je mesto v Slovensku.,"We need to produce Slovak sentence(s) that express all facts. Two triples: 1. Hlas | publicationStartLocation | Skalica 2. Skalica | isCityIn | Slovakia We must translate predicate to Slovak. ""publicationStartLocation"" maybe ""miesto začatia publikácie"" or ""miesto publikácie"". But we need to translate predicate to Slovak and use naturally. The subject ""Hlas"" is likely a newspaper? It's a proper name, keep as is. So sentence: ""Hlas má miesto začatia publikácie v Skalici a Skalica je mesto na Slovensku."" Or ""Hlas má miesto začatia publikácie v Skalici. Skalica je mesto na Slovensku."" Need to include both facts. Use proper translation of predicate: ""publicationStartLocation"" -> ""miesto začatia publikácie"". ""isCityIn"" -> ""je mesto v"". Could be ""je mesto v Slovensku"". Use ""v"" for location. Thus produce one or two sentences. Could be one sentence: ""Hlas má miesto začatia publikácie v Skalici a Skalica je mesto v Slovensku."" That includes both facts. Ensure no extra info. Good. Return only the sentence."
Id81,geography,,,1,Lysá sa nachádza v Slanských Vrchoch.,"We need to produce a Slovak sentence expressing the fact: Lysá is located in Slanské Vrchy. Translate predicate ""locatedIn"" to Slovak ""sa nachádza v"". Also translate non-proper nouns: ""Lysá"" is a proper name? Probably a mountain name, keep as is. ""Slanské Vrchy"" is a proper name (geographic region), keep as is. So sentence: ""Lysá sa nachádza v Slanských Vrchoch."" Wait, need correct case: ""v Slanských Vrchoch"" is locative plural. The original ""Slanské Vrchy"" is nominative plural. In Slovak, ""v Slanských Vrchoch"". So produce that. Ensure no extra info."
Id82,culture,,,2,Markíza je televízna stanica a vysiela reláciu Tvoja tvár znie povedome.,"We need to produce Slovak sentence(s) that express all facts. Two triples: 1. Markíza | broadcastsShow | Tvoja tvár znie povedome 2. Markíza | isA | televízna stanica We must translate predicate to Slovak: ""broadcastsShow"" -> ""vysiela"" (or ""vysiela reláciu""?). ""isA"" -> ""je"". Also need to translate object ""Tvoja tvár znie povedome"" is a show name, keep as is (proper name). ""televízna stanica"" is a common noun, keep as is. Thus sentence: ""Markíza je televízna stanica a vysiela reláciu Tvoja tvár znie povedome."" Or two sentences: ""Markíza je televízna stanica. Markíza vysiela reláciu Tvoja tvár znie povedome."" Both convey all facts. Use ""vysiela"" maybe ""vysiela show"". Use ""reláciu"". Should we include ""show""? The predicate ""broadcastsShow"" means ""vysiela (reláciu)"". So ""vysiela reláciu"". Good. Thus final answer: one or two sentences. Provide just the sentence(s)."
Id83,history,,,1,Všeobecná botanika bola publikovaná Slovenskou akadémiou vied a umení.,"We need to produce a Slovak sentence expressing the fact: ""Všeobecná botanika"" publishedBy ""Slovenská akadémia vied a umení"". Need to translate predicate ""publishedBy"" to Slovak, likely ""bola publikovaná"" or ""bola vydaná"". Since subject is ""Všeobecná botanika"" (likely a work). Use ""bola publikovaná"" by ""Slovenská akadémia vied a umení"". Must not add extra info. So sentence: ""Všeobecná botanika bola publikovaná Slovenskou akadémiou vied a umení."" Ensure correct case: ""Slovenskou akadémiou vied a umení"". That's it."
Id84,culture,,,1,Zbierka básní Nedeľa má autora Ladislava Novomeského.,"We need to produce a Slovak sentence expressing the fact: ""zbierka básni Nedeľa"" (collection of poems Nedeľa) has author Ladislav Novomeský. Translate predicate ""author"" to Slovak ""autor"". Also translate entity ""zbierka básni Nedeľa"" is not a proper name? It seems it's a title of a collection, likely proper name? The instruction: translate each entity that is NOT a proper name. ""zbierka básni Nedeľa"" includes generic words ""zbierka básni"" (collection of poems) and ""Nedeľa"" which is likely title, maybe proper? Hard to decide. Probably treat whole as title, but ""Nedeľa"" could be proper name of the collection. The phrase ""zbierka básni Nedeľa"" includes generic ""zbierka básni"" plus title ""Nedeľa"". We could keep ""Nedeľa"" as is, but translate ""zbierka básni"". So sentence: ""Zbierka básní Nedeľa má autora Ladislava Novomeského."" Need to keep proper name Ladislav Novomeský unchanged. Also need to keep case? In Slovak, ""Ladislav Novomeský"" as proper name, but in sentence we need ""Ladislava Novomeského"" for genitive? The instruction: use predicate in Slovak naturally. The predicate ""author"" -> ""má autora"". The object is Ladislav Novomeský, but we need correct case: ""má autora Ladislava Novomeského"". That's fine. Provide one sentence."
Id85,culture,,,3,Michal Dočolomanský zahral úlohu Jánošík. Jánošík je titulnou úlohou v Na skle maľované a Na skle maľované je typom divadelná hra.,"We need to produce Slovak sentence(s) that express all facts. Triples: 1. Michal Dočolomanský performedRole Jánošík. So ""Michal Dočolomanský"" performed role ""Jánošík"". Translate predicate: ""performedRole"" -> ""zahral úlohu"" or ""hral úlohu"". Use natural Slovak: ""zahral úlohu"". So sentence: ""Michal Dočolomanský zahral úlohu Jánošík."" 2. Jánošík isTitleRoleIn Na skle maľované. Translate predicate: ""isTitleRoleIn"" -> ""je titulnou úlohou v"". So: ""Jánošík je titulnou úlohou v Na skle maľované."" 3. Na skle maľované isType divadelná hra. Predicate ""isType"" -> ""je typ"". So: ""Na skle maľované je typ divadelná hra."" Better: ""Na skle maľované je divadelná hra."" But need to use predicate translation: ""je typ"". Could phrase: ""Na skle maľované je typ divadelná hra."" That sounds odd but okay. Could also ""je typom"". But we must translate predicate, not necessarily keep exact phrase? It says ""Predikát VŽDY prelož do slovenčiny a použi ho vo vete prirodzene."" So we need to translate predicate to Slovak, not necessarily literal ""je typ"". Use natural: ""je typom"". That's fine. Thus we need to include all facts. Could combine into one sentence? Might be long. Could do two short sentences. Let's produce two sentences: first about Michal Dočolomanský, second about Jánošík and Na skle maľované and its type. Could combine second and third: ""Jánošík je titulnou úlohou v Na skle maľované, ktorá je divadelná hra."" That includes both facts. That uses predicate translations: ""je titulnou úlohou v"" and ""je"". But we need to use predicate ""isType"" translated as ""je typom"". Could say ""je typom divadelnej hry"". But we need to keep ""divadelná hra"" exactly as given. So ""je typom divadelná hra"". Might be okay. Thus final output: two sentences. Sentence 1: ""Michal Dočolomanský zahral úlohu Jánošík."" Sentence 2: ""Jánošík je titulnou úlohou v Na skle maľované a Na skle maľované je typom divadelná hra."" Check: includes all facts. Yes. Return only sentences."
Id86,culture,,,2,Mariana Komorová napísala Najväčšie želanie a Hľadať a nájsť.,"We need to produce Slovak sentence(s) that express all facts. Two triples: subject ""Mariana Komorová"", predicate ""wrote"", object ""Najväčšie želanie"". And second: same subject, same predicate, object ""Hľadať a nájsť"". Need to translate predicate ""wrote"" to Slovak ""napísala"". Objects are titles, likely works, keep as is. So sentence: ""Mariana Komorová napísala Najväčšie želanie a Hľadať a nájsť."" Could also be two sentences: ""Mariana Komorová napísala Najväčšie želanie. Napísala aj Hľadať a nájsť."" Both fine. Must include all facts, no extra. Use proper Slovak. Probably one sentence is okay. Ensure no extra info. Provide only sentence(s)."
Id87,geography,,,2,Odeská ulica sa nachádza v Podunajských Biskupiciach a Podunajské Biskupice je súčasťou Bratislavy.,"We need to produce Slovak sentence(s) that express all facts. Two triples: 1. Odeská ulica | locatedIn | Podunajské Biskupice 2. Podunajské Biskupice | isPartOf | Bratislava We must translate predicate to Slovak: ""locatedIn"" -> ""sa nachádza v"" or ""sa nachádza v"". ""isPartOf"" -> ""je súčasťou"". Entities that are not proper names should be translated: Odeská ulica is a proper name? It's a street name, likely proper name, keep as is. Podunajské Biskupice is a place name, proper name, keep. Bratislava is proper name, keep. Thus sentence: ""Odeská ulica sa nachádza v Podunajských Biskupiciach a Podunajské Biskupice sú súčasťou Bratislavy."" Need to ensure grammar: ""Podunajské Biskupice sú súčasťou Bratislavy."" Could also be ""je súčasťou"". Since subject is singular? Podunajské Biskupice is plural? It's a place name, but treat as singular: ""je súčasťou"". Use ""je súčasťou"". So: ""Odeská ulica sa nachádza v Podunajských Biskupiciach a Podunajské Biskupice je súčasťou Bratislavy."" Check: we used all facts. Yes. Return only sentence."
Id88,history,,,2,Bazovská ulica sa nachádza v Bratislava a bola pomenovaná po Miloš Alexander Bazovský.,"We need to produce Slovak sentence(s) that express both facts. Entities: ""Bazovská ulica"" is subject, predicate ""locatedIn"" => translate predicate to Slovak: ""sa nachádza v"". Object ""Bratislava"" is proper name, keep. Second: ""Bazovská ulica"" namedAfter ""Miloš Alexander Bazovský"". Predicate translate: ""bola pomenovaná po"". Object is proper name, keep. Need to include both facts, maybe combine: ""Bazovská ulica sa nachádza v Bratislave a bola pomenovaná po Milošovi Alexanderovi Bazovskom."" But careful: translation of ""namedAfter"" to Slovak: ""bola pomenovaná po"". Should we include ""Miloš Alexander Bazovský"" unchanged. Should we add diacritics? Already there. Use proper case: ""v Bratislave"". Use ""po Milošovi Alexanderovi Bazovskom""? The object is a proper name; we can keep as is, but grammar may require case. However instruction: translate each entity that is not proper name. Proper names keep original. So ""Miloš Alexander Bazovský"" stays unchanged, not inflected. So sentence: ""Bazovská ulica sa nachádza v Bratislava a bola pomenovaná po Miloš Alexander Bazovský."" But ""v Bratislava"" is grammatically wrong; but they didn't require grammatical correctness beyond naturalness. Could we keep ""v Bratislava""? Might be okay. Could also say ""v Bratislave"". But ""Bratislava"" is proper name, we shouldn't change? It's proper name, keep original. But location preposition may require case; but they didn't forbid inflection. However they said translate each entity that is not proper name. Proper names keep original form, not inflected. So we keep ""Bratislava"". So ""v Bratislava"". That is slightly off but okay. Thus output single sentence."
Id89,geography,,,1,Veporské vrchy majú najvyšší vrchol Fabova hoľa.,"We need to produce a Slovak sentence expressing the fact: ""Veporské vrchy"" (subject) ""highestPeak"" (predicate) ""Fabova hoľa"" (object). Translate predicate to Slovak: ""najvyšší vrchol"". Also translate entities that are not proper names. ""Veporské vrchy"" is a proper name? It's a geographic name, likely proper, so keep as is. ""Fabova hoľa"" also proper name, keep. So sentence: ""Veporské vrchy majú najvyšší vrchol Fabova hoľa."" Or ""Veporské vrchy majú najvyšší vrchol Fabova hoľa."" Use natural Slovak. Provide only sentence."
Id90,history,,,1,Pezinský zámok bol postavený v 13. storočí.,"We need to produce a Slovak sentence expressing the fact: ""Pezinský zámok"" (proper name) ""constructionCentury"" (predicate) ""13"". Predicate should be translated to Slovak. ""constructionCentury"" likely means ""storočie výstavby"" or ""stáročie konštrukcie"". We need to translate predicate to Slovak and use naturally. So ""Pezinský zámok bol postavený v 13. storočí."" That expresses the fact. Use only given info. Yes. We must not add any extra facts. The sentence includes ""bol postavený v 13. storočí."" That's consistent. Provide only the sentence."
Id91,politics,,,2,"Ministerstvo financií Slovenskej republiky, ktoré je v krajine Slovensko, vyhlásilo Národna bločková lotéria.","We need to produce Slovak sentence(s) that express both facts. Triples: 1. Národna bločková lotéria | declaredBy | ministerstvo financií Slovenskej republiky 2. ministerstvo financií Slovenskej republiky | country | Slovensko We need to translate predicate to Slovak: ""declaredBy"" -> ""vyhlásila"" (or ""vyhlásená"" depending). Since subject is ""Národna bločková lotéria"" (a thing) and object is ""ministerstvo financií Slovenskej republiky"". So ""Národná bločková lotéria bola vyhlásená ministerstvom financií Slovenskej republiky."" Or ""Národná bločková lotéria je vyhlásená ministerstvom financií Slovenskej republiky."" Use past? The predicate ""declaredBy"" is passive. Use ""vyhlásila"" would be active: ""Ministerstvo financií Slovenskej republiky vyhlásilo Národnú bločkovú lotériu."" But that would invert order. The requirement: predicate must be translated and used naturally. Could be ""vyhlásila"" as verb with subject being lotéria? Actually ""vyhlásila"" would need subject being the entity that declares, i.e., ministerstvo. So better to keep active: ""Ministerstvo financií Slovenskej republiky vyhlásilo Národnú bločkovú lotériu."" That expresses first triple. Second triple: ""ministerstvo financií Slovenskej republiky | country | Slovensko"" => ""Ministerstvo financií Slovenskej republiky patrí k Slovensku"" or ""Ministerstvo financií Slovenskej republiky je v krajine Slovensko."" The predicate ""country"" could be translated as ""krajina"". So ""Ministerstvo financií Slovenskej republiky má krajinu Slovensko."" That's odd. Better: ""Ministerstvo financií Slovenskej republiky sa nachádza v krajine Slovensko."" But ""country"" as relation: maybe ""je v krajine"". So ""Ministerstvo financií Slovenskej republiky je v krajine Slovensko."" We need to include both facts in one or two sentences. Could combine: ""Ministerstvo financií Slovenskej republiky, ktoré je v krajine Slovensko, vyhlásilo Národnú bločkovú lotériu."" That includes both facts in one sentence. Does it use all facts? Yes: It says ministry is in country Slovakia, and it declared the lottery. It uses both predicates: ""vyhlásilo"" and ""je v krajine"". That seems fine. Check translation: ""country"" -> ""krajina"". Use ""je v krajine"". Good. Make sure we keep proper names unchanged: ""Národna bločková lotéria"" (should be ""Národná bločková lotéria"") but original has ""Národna bločková lotéria"" (maybe missing diacritic). Keep as given? The instruction: translate each entity that is not a proper name. ""Národna bločková lotéria"" is a proper name? It's a specific lottery, likely proper name, but it's a generic term? Might be considered proper name. Probably treat as proper name, keep as is. ""ministerstvo financií Slovenskej republiky"" is an organization name, proper name, keep. ""Slovensko"" is proper name, keep. Thus sentence: ""Ministerstvo financií Slovenskej republiky, ktoré je v krajine Slovensko, vyhlásilo Národna bločková lotéria."" But grammar: ""vyhlásilo Národna bločková lotéria"" should be ""vyhlásilo Národnú bločkovú lotériu"" (accusative). However we cannot change the name; but we can adjust case? The name is given as ""Národna bločková lotéria"". Changing to ""Národnú bločkovú lotériu"" adds a grammatical ending not present in original. The instruction: ""Prelož do slovenčiny každú entitu, ktorá NIE JE vlastné meno (napr. všeobecné podstatné mená, roly, všeobecné opisy). Vlastné mená (mená osôb, miest, organizácií, diel atď.) ponechaj v pôvodnej podobe."" So we should not modify proper names. ""Národna bločková lotéria"" is a proper name, keep unchanged. But we need to fit grammar; we can keep as object unchanged: ""vyhlásilo Národna bločková lotéria"". That is okay albeit not fully grammatical but meets constraints. Thus final output: one sentence. ""Ministerstvo financií Slovenskej republiky, ktoré je v krajine Slovensko, vyhlásilo Národna bločková lotéria."" Check: includes both facts. Yes. Return only the sentence."
Id92,other,,,1,Doc. RNDr. Július Krmešský dosiahol v oblasti fyziky.,"We need to produce Slovak sentence(s) expressing the fact: Subject: Doc. RNDr. Július Krmešský, predicate: achievedInField, object: fyzika. Translate predicate to Slovak: ""dosiahol v oblasti"" maybe? The instruction: translate predicate always to Slovak and use naturally. So ""dosiahol v oblasti"" or ""dosiahol v odbore"". The object ""fyzika"" is not a proper name, so translate to Slovak: it's already Slovak ""fyzika"". So sentence: ""Doc. RNDr. Július Krmešský dosiahol v oblasti fyziky."" Wait object is ""fyzika"" (noun). Should be ""v oblasti fyziky"" (genitive). But we must use exactly the object as given? It says translate each entity that is not a proper name. So ""fyzika"" stays ""fyzika"". But grammar may require case change? The instruction doesn't require grammatical case change, just translate. It doesn't forbid adjusting case? It says ""Preserve all numbers, dates and values exactly as they are"". For nouns, we can inflect? Probably we can adapt to natural Slovak. The object is ""fyzika"". In a sentence, we might say ""v oblasti fyziky"". That's a grammatical change but still same word. I think acceptable. Thus output: ""Doc. RNDr. Július Krmešský dosiahol v oblasti fyziky."""
Id93,geography,,,2,Tiesňava Kyseľ sa nachádza v Slovenskom Raji. Slovenský Raj je horské pásmo.,"We need to produce Slovak sentence(s) that express all facts. Two triples: 1. Tiesňava Kyseľ | locatedIn | Slovenský Raj 2. Slovenský Raj | isA | horské pásmo We must translate predicate to Slovak: ""locatedIn"" -> ""sa nachádza v"" or ""sa nachádza v"". ""isA"" -> ""je"". So we need sentences: ""Tiesňava Kyseľ sa nachádza v Slovenskom Raji."" And ""Slovenský Raj je horské pásmo."" Both facts must be expressed. Could combine into one sentence? Possibly: ""Tiesňava Kyseľ sa nachádza v Slovenskom Raji, ktorý je horské pásmo."" But that adds ""ktorý"" and ""je"" but still includes both facts. However we must not add extra info beyond given. Using relative clause ""ktorý je horské pásmo"" is okay because it states the second fact. It doesn't add new info. It's okay. But we must ensure we don't add extra attributes. The phrase ""ktorý je horské pásmo"" is just restating. That seems fine. But the instruction: ""vygeneruj jednu plynulú slovenskú vetu (alebo dve krátke, ak je to potrebné), ktorá prirodzene vyjadruje VŠETKY zadané fakty."" So we can produce two sentences. Simpler: two sentences. Thus output: ""Tiesňava Kyseľ sa nachádza v Slovenskom Raji. Slovenský Raj je horské pásmo."" Make sure proper diacritics. No extra."
Id94,geography,,,2,Podunajské Biskupice je mestská časť a je súčasťou Bratislavy.,"We need to produce Slovak sentence(s) that express both facts: Podunajské Biskupice is part of Bratislava, and Podunajské Biskupice is a city district (mestská časť). Must translate predicate ""isPartOf"" to Slovak ""je súčasťou"" or ""je časťou"". And ""type"" to ""je"". Actually ""type"" predicate: we need to express ""Podunajské Biskupice je mestská časť"". Also ""Podunajské Biskupice je súčasťou Bratislavy"". Should we combine? Could be one sentence: ""Podunajské Biskupice je mestská časť a je súčasťou Bratislavy."" That includes both facts. Ensure no extra info. Use ""je"" for type. Use ""je súčasťou"". That seems fine. Check requirement: translate each entity that is not a proper name. ""Bratislava"" is proper name, keep. ""Podunajské Biskupice"" is proper name, keep. ""mestská časť"" is translation of type. Good. Thus output single sentence."
Id95,geography,,,1,Zemplín je symbolom rieky Laborec.,"We need to produce a Slovak sentence expressing the fact: ""Zemplín | symbol | rieka Laborec"". Subject Zemplín, predicate symbol, object rieka Laborec. Translate predicate to Slovak: ""symbol"". So sentence: ""Zemplín je symbolom rieky Laborec."" Or ""Zemplín je symbolom rieky Laborec."" That expresses subject Zemplín, predicate symbol, object river Laborec. Use ""rieka Laborec"" as object. Should we keep ""rieka Laborec"" as phrase. Yes. So final answer: one sentence."
Id96,history,,,2,Vavro Šrobár je známy ako Andrej Bielik aj ako Pozorovateľ.,"We need to produce Slovak sentence(s) that express all facts. Two triples: Subject: Vavro Šrobár Predicate: knownAs (preklad: ""známy ako"") Object: Andrej Bielik Second triple: Vavro Šrobár knownAs Pozorovateľ We need to translate predicate to Slovak: ""známy ako"". So we need to say that Vavro Šrobár is known as Andrej Bielik and also known as Pozorovateľ. Must include both facts. Could be one sentence: ""Vavro Šrobár je známy ako Andrej Bielik aj ako Pozorovateľ."" That includes both. Ensure no extra info. Use ""je známy ako"". That covers both. Should we keep ""Vavro Šrobár"" unchanged (proper name). Objects: ""Andrej Bielik"" (proper) and ""Pozorovateľ"" (not proper? It's a noun, but maybe it's a nickname, but it's not a proper name, but we treat as not proper? The instruction: translate each entity that is NOT a proper name. ""Pozorovateľ"" is already Slovak word meaning ""Observer"". It's not a proper name, but it's already in Slovak. So keep as is. So final sentence: ""Vavro Šrobár je známy ako Andrej Bielik aj ako Pozorovateľ."" Check: includes both facts. Good."
Id97,geography,,,1,Prešovský kraj má hlavné mesto Prešov.,"We need to produce Slovak sentence(s) expressing the fact: ""Prešovský kraj has capital Prešov"". Translate predicate ""hasCapital"" to Slovak: ""má hlavné mesto"". Entities: Prešovský kraj (proper name) keep as is, Prešov (proper name) keep. So sentence: ""Prešovský kraj má hlavné mesto Prešov."" That's it."
Id98,geography,,,2,Stredná priemyselná škola stavebná sa nachádza na ulici Veľká okružná v meste Žilina.,"We need to produce Slovak sentence(s) that express all facts. Two triples: Subject: ""Stredná priemyselná škola stavebná"" Predicate1: ""locatedOnStreet"" -> translate predicate to Slovak: ""sa nachádza na ulici"" or ""je umiestnená na ulici"". Use natural. Object: ""Veľká okružná"" (street name, keep as is). So sentence: ""Stredná priemyselná škola stavebná sa nachádza na ulici Veľká okružná."" Second triple: predicate ""locatedInCity"" -> translate: ""sa nachádza v meste"". Object: ""Žilina"". So: ""Stredná priemyselná škola stavebná sa nachádza v meste Žilina."" We need to include both facts. Could combine into one sentence: ""Stredná priemyselná škola stavebná sa nachádza na ulici Veľká okružná v meste Žilina."" That includes both. That is natural. Ensure we used translation of predicates. Yes. Return only the sentence."
Id99,history,,,1,Prvé slovenské gymnázium pochádza z Revúca.,"We need to produce a Slovak sentence expressing the fact: ""prvé slovenské gymnázium"" (subject) placeOfOrigin ""Revúca"". Translate predicate to Slovak: ""pochádza z"" or ""má pôvod v"". Use natural phrasing: ""Prvé slovenské gymnázium pochádza z Revúca."" Ensure subject is as given, keep proper capitalization? Subject ""prvé slovenské gymnázium"" lower case? In sentence start capitalized: ""Prvé slovenské gymnázium pochádza z Revúca."" That's it."
Id100,geography,,,3,Slovensko má rieku Hron. Hron má poradie 2 podľa dĺžky a patrí k krajine Slovensko.,"We need to produce Slovak sentence(s) that express all facts. Triples: 1. Slovensko | hasRiver | Hron -> ""Slovensko má rieku Hron."" 2. Hron | rankByLength | 2 -> ""Hron je na druhom mieste podľa dĺžky."" Or ""Hron má poradie podľa dĺžky 2."" Need natural Slovak. Could be ""Hron je druhá najdlhšia rieka."" But that adds ""najdlhšia"". The predicate ""rankByLength"" with object ""2"" means rank by length = 2. So we can say ""Hron má poradie 2 podľa dĺžky."" Or ""Hron je na druhom mieste podľa dĺžky."" That conveys rank 2. 3. Hron | country | Slovensko -> ""Hron je v krajine Slovensko."" Or ""Hron sa nachádza v Slovensku."" Since we need translate predicate ""country"" to Slovak: ""krajina"". So ""Hron patrí k krajine Slovensko."" Better: ""Hron je v krajine Slovensko."" Might be okay. We need include all facts, no extra. Could combine into one sentence: ""Slovensko má rieku Hron, ktorá má poradie 2 podľa dĺžky a patrí k krajine Slovensko."" But that repeats Slovensko. Might be okay. However need not add extra info. The phrase ""ktorá má poradie 2 podľa dĺžky"" uses ""má"" which is okay. And ""patrí k krajine Slovensko"" expresses third triple. But we must not add any facts not in triples. ""ktorá má poradie 2 podľa dĺžky"" is derived from rankByLength 2. That's fine. ""patrí k krajine Slovensko"" is from country. Should we repeat ""Slovensko"" as subject? Already used. It's okay. Alternatively two sentences: ""Slovensko má rieku Hron. Hron má poradie 2 podľa dĺžky a patrí k krajine Slovensko."" That covers all. We must ensure we translate predicate ""hasRiver"" to ""má rieku"". ""rankByLength"" to ""má poradie podľa dĺžky"". ""country"" to ""patrí k krajine"". Use natural Slovak. Let's output two short sentences."
Id101,geography,,,2,Krompachy sa nachádza v Spišskej Novej Vsi a Spišská Nová Ves je typom okresu.,"We need to produce Slovak sentence(s) that express both facts. Entities: Krompachy, Spišská Nová Ves, okres. Need to translate non-proper nouns: ""isLocatedIn"" -> ""sa nachádza v"". ""isTypeOf"" -> ""je typom"" or ""je typom"" but likely ""je typom"". However ""okres"" is a noun, not proper name, so keep as ""okres"". So sentences: ""Krompachy sa nachádza v Spišskej Novej Vsi a Spišská Nová Ves je typom okresu."" But need to keep ""okres"" as object. The predicate ""isTypeOf"" means subject is type of object. So ""Spišská Nová Ves je typom okresu."" That seems correct. Could also split into two sentences. The instruction: one sentence (or two short if needed). One sentence can combine with ""a"". Provide exactly the facts. Ensure no extra info. So final answer: ""Krompachy sa nachádza v Spišskej Novej Vsi a Spišská Nová Ves je typom okresu."""
Id102,politics,,,1,Úrad jadrového dozoru Slovenskej republiky má prvého predsedu Jozef Mišák.,"We need to produce a Slovak sentence expressing the fact: ""Úrad jadrového dozoru Slovenskej republiky"" (the entity) has predicate ""firstChairman"" with object ""Jozef Mišák"". We must translate predicate to Slovak: ""firstChairman"" likely ""prvý predseda"" or ""prvý predseda""? The instruction: ""Predikát VŽDY prelož do slovenčiny a použi ho vo vete prirodzene."" So translate ""firstChairman"" to Slovak. The literal translation: ""prvý predseda"". Could also be ""prvý predseda"" (chairman). Use natural phrasing: ""Úrad jadrového dozoru Slovenskej republiky má prvého predsedu Jozefa Mišáka."" Or ""Úrad jadrového dozoru Slovenskej republiky má prvého predsedu Jozef Mišák."" Need to keep object name unchanged: Jozef Mišák. Use correct case: ""Jozefa Mišáka"" if using ""má"". But the object is a name; we can keep as is? The instruction: ""Prelož do slovenčiny každú entitu, ktorá NIE JE vlastné meno (napr. všeobecné podstatné mená, roly, všeobecné opisy). Vlastné mená (mená osôb, miest, organizácií, diel atď.) ponechaj v pôvodnej podobe."" So ""Jozef Mišák"" is a proper name, keep unchanged. But grammar may require case change; however they said keep in original form, not inflect? Usually proper names can be inflected, but they said keep in original form, so we should not change case. So we should keep ""Jozef Mišák"". Then sentence: ""Úrad jadrového dozoru Slovenskej republiky má prvého predsedu Jozef Mišák."" That sounds a bit off because ""má"" expects accusative, but we keep name unchanged. It's okay per instruction. Thus output only that sentence."
Id103,geography,,,1,Martin Rázus sa narodil v Liptovskom Mikuláši.,"We need to produce a Slovak sentence expressing the fact: Martin Rázus | birthPlace | Liptovský Mikuláš. Translate predicate ""birthPlace"" to Slovak: ""miesto narodenia"". So sentence: ""Martin Rázus sa narodil v Liptovskom Mikuláši."" That uses ""sa narodil v"". That's natural. Must not add extra info. That's fine. Output only the sentence."
Id104,sports,,,2,Ivan Schranz je najlepším strelcom slovenského národného futbalového mužstva a slovenské národné futbalové mužstvo sa zúčastnilo EURO 2024.,"We need to produce Slovak sentence(s) that express both facts. Facts: 1. Ivan Schranz isBestScorerOf slovenské národné futbalové mužstvo. 2. slovenské národné futbalové mužstvo participatedIn EURO 2024. We must translate predicate to Slovak: ""isBestScorerOf"" -> ""je najlepším streleckým hráčom"" maybe ""je najlepším strelcom"". Use natural phrasing. ""participatedIn"" -> ""sa zúčastnilo"". So sentence: ""Ivan Schranz je najlepším strelcom slovenského národného futbalového mužstva a slovenské národné futbalové mužstvo sa zúčastnilo EURO 2024."" Ensure translation of entity ""slovenské národné futbalové mužstvo"" stays same (already Slovak). ""EURO 2024"" keep. We must not add extra facts. The phrase ""najlepším strelcom"" is translation of best scorer. That's okay. Provide one sentence."
Id105,geography,,,3,Vrútky je miestom zjazdu riek Váh a Turiec. Váh je riekou v zjazde s Turiec a zjazd Váh a Turiec sa nachádza vo Vrútkoch.,"We need to produce Slovak sentence(s) that express all facts. Triples: 1. Vrútky | locationOfConfluence | Váh A Turiec 2. Váh | riverInConfluence | Turiec 3. Váh A Turiec | confluenceLocation | Vrútky We need to translate predicates to Slovak: locationOfConfluence = ""lokácia zjazdu""? maybe ""miesto zjazdu""? But we need natural. Could be ""lokácia zjazdu"". riverInConfluence = ""rieka v zjazde""? Actually ""riverInConfluence"" means the river is part of the confluence. Could translate as ""rieka v zjazde"". confluenceLocation = ""lokácia zjazdu"". Use consistent translation. We must include all facts: Vrútky is location of confluence of Váh and Turiec. Váh is river in confluence with Turiec. Váh A Turiec (the confluence) has location Vrútky. We need to not add extra info. So maybe one sentence: ""Vrútky je miestom zjazdu riek Váh a Turiec; rieka Váh je v zjazde s riekou Turiec a zjazd Váh a Turiec sa nachádza vo Vrútkoch."" That repeats but includes all facts. Ensure we use each triple. Check each triple: 1. Vrútky | locationOfConfluence | Váh A Turiec => ""Vrútky je miestom zjazdu Váh a Turiec."" 2. Váh | riverInConfluence | Turiec => ""Váh je riekou v zjazde s Turiec."" 3. Váh A Turiec | confluenceLocation | Vrútky => ""Zjazd Váh a Turiec má miesto vo Vrútkoch."" Combine maybe two sentences: ""Vrútky je miestom zjazdu riek Váh a Turiec. Váh je riekou v zjazde s Turiec a zjazd Váh a Turiec sa nachádza vo Vrútkoch."" That covers all. Ensure no extra facts. Use ""miestom zjazdu"" and ""riekou v zjazde"". Good. Now output only the sentence(s)."
Id106,sports,,,2,Hokejbal má zakladateľa Jaroslava Meliška. Jaroslav Melišek má národnosť Slovensko.,"We need to produce Slovak sentence(s) that express both facts. Entities: ""hokejbal"" (not proper name? It's a sport, generic noun, translate? It's already Slovak word ""hokejbal"". Should we translate? It's already Slovak, keep as is. ""founder"" predicate translate to ""zakladateľ"". So ""hokejbal má zakladateľa Jaroslav Melišek."" Next: ""Jaroslav Melišek"" nationality ""Slovensko"" -> predicate ""národnosť"". So ""Jaroslav Melišek má národnosť Slovensko."" Could combine: ""Hokejbal má zakladateľa Jaroslava Meliška, ktorý má národnosť Slovensko."" But that adds ""ktorý"". Might be okay but adds relative clause not in data? It adds inference that the founder is the same person, which is true from data but we are linking. However we must not add facts not in triples. The fact that Jaroslav Melišek is the founder of hokejbal is given, and his nationality is Slovensko. Combining them with ""ktorý"" is just connecting, not adding new fact. It's okay. But we must ensure we don't add extra info. The phrase ""ktorý má národnosť Slovensko"" is just restating second triple about the same subject. That's fine. Alternatively two separate sentences: ""Hokejbal má zakladateľa Jaroslava Meliška. Jaroslav Melišek má národnosť Slovensko."" That is straightforward. We need to translate predicate ""founder"" to ""zakladateľ"". ""nationality"" to ""národnosť"". Use proper case: ""Jaroslava Meliška"" (genitive) for ""zakladateľa"". The second sentence: ""Jaroslav Melišek má národnosť Slovensko."" Should we keep ""Slovensko"" as proper name, not translate. Good. Thus output two sentences."
Id107,geography,,,4,"Bratislava má mestskú časť Petržalka, ktorá je súčasťou Bratislavy, má najvyššiu hustotu obyvateľstva na Slovensku a je najľudnatejšia.","We need to produce Slovak sentence(s) that express all facts. Facts: 1. Bratislava hasCityPart Petržalka -> ""Bratislava má mestskú časť Petržalka."" 2. Petržalka isPartOf Bratislava -> ""Petržalka je súčasťou Bratislavy."" 3. Petržalka hasPopulationDensity highest in Slovakia -> ""Petržalka má najvyššiu hustotu obyvateľstva na Slovensku."" 4. Petržalka isMostPopulous true -> ""Petržalka je najľudnatejšia."" We need to include all facts, no extra. Could combine into one or two sentences. Possibly one sentence: ""Bratislava má mestskú časť Petržalka, ktorá je súčasťou Bratislavy, má najvyššiu hustotu obyvateľstva na Slovensku a je najľudnatejšia."" That includes all. Ensure translation of predicates: ""má mestskú časť"", ""je súčasťou"", ""má najvyššiu hustotu obyvateľstva na Slovensku"", ""je najľudnatejšia"". That seems fine. No extra facts. Provide only sentence."
Id108,geography,,,1,Veľká Fatra má najvyšší vrchol Ostredok.,"We need to produce a Slovak sentence expressing the fact: ""Veľká Fatra"" (proper name) has highest peak ""Ostredok"". Translate predicate ""highestPeak"" to Slovak: ""najvyšší vrchol"". So sentence: ""Veľká Fatra má najvyšší vrchol Ostredok."" Or ""Najvyšším vrcholom Veľkej Fatry je Ostredok."" Both fine. Must include all facts, only one fact. Use proper translation. Provide only sentence."
Id109,history,,,1,Jozef Ľudovít Miloslav Hurban je prvým predsedom Slovenskej národnej rady.,"We need to produce a Slovak sentence expressing the fact: ""Jozef Ľudovít Miloslav Hurban isFirstChairmanOf Slovenská národná rada"". Translate predicate to Slovak: ""je prvým predsedom"". The object is ""Slovenská národná rada"". So sentence: ""Jozef Ľudovít Miloslav Hurban je prvým predsedom Slovenskej národnej rady."" Need to keep proper case: ""Slovenskej národnej rady"" (genitive). The predicate ""isFirstChairmanOf"" -> ""je prvým predsedom"". That seems correct. Output only the sentence."
Id110,culture,,,1,Tatrín má za prvého predsedu Michala Miloslava Hodžu.,"We need to produce Slovak sentence(s) expressing the fact: ""Tatrín | firstChairman | Michal Miloslav Hodža"". Translate non-proper nouns: ""firstChairman"" -> ""prvý predseda"". Subject ""Tatrín"" is likely a proper name (maybe organization). Keep as is. Object ""Michal Miloslav Hodža"" is proper name, keep. Thus sentence: ""Tatrín má za prvého predsedu Michala Miloslava Hodžu."" Or ""Tatrín je prvým predsedom Michal Miloslav Hodža""? Need to use predicate translation: ""firstChairman"" -> ""prvý predseda"". Could phrase: ""Tatrín má prvého predsedu Michala Miloslava Hodžu."" That expresses subject, predicate, object. Use ""má"" maybe. Or ""Tatrín je prvým predsedom Michala Miloslava Hodžu."" Both okay. Must include all facts: that Tatrín's first chairman is Michal Miloslav Hodža. So sentence: ""Tatrín má za prvého predsedu Michala Miloslava Hodžu."" That includes all. Return only the sentence."
Id111,history,,,2,Ľudovít Štúr prijal stredné meno Velislav v Devíne.,"We need to produce Slovak sentence(s) that express both facts: Ľudovít Štúr adopted middle name Velislav, and location of adoption is Devín. Must translate predicate to Slovak: ""adoptedMiddleName"" -> ""prijal stredné meno"" maybe ""prijal prostredné meno""? Should be natural: ""prijal stredné meno"". ""locationOfAdoption"" -> ""miesto prijatia"". So sentence: ""Ľudovít Štúr prijal stredné meno Velislav v Devíne."" That includes both facts. Ensure no extra info. Use ""v Devíne"" location. That covers both. Provide only sentence."
Id112,history,,,3,"Legalization Of Standard Slovak je typom Legalization, legalizuje Spisovnú Slovenčinu a konala sa v Hlboké.","We need to produce Slovak sentence(s) that express all facts. Triples: 1. Hlboké | locationOfEvent | Legalization Of Standard Slovak => ""Hlboké"" is location of event ""Legalization Of Standard Slovak"". Translate predicate: ""locationOfEvent"" => ""je miestom udalosti"" maybe ""sa konala v"". We need to produce natural sentence: ""Udalosť Legalization Of Standard Slovak sa konala v Hlboké."" But we need to translate non-proper nouns: ""Legalization Of Standard Slovak"" is a proper name? Probably it's the name of the event, keep as is. ""Hlboké"" is a place name, proper, keep. So sentence: ""Legalization Of Standard Slovak sa konala v Hlboké."" 2. Legalization Of Standard Slovak | eventType | Legalization => ""Legalization Of Standard Slovak"" is of type ""Legalization"". Translate predicate: ""eventType"" => ""je typom"". So: ""Legalization Of Standard Slovak je typom Legalization."" But ""Legalization"" maybe also a term, keep as is. 3. Legalization Of Standard Slovak | objectOfLegalization | Spisovná Slovenčina => ""Legalization Of Standard Slovak"" has object of legalization ""Spisovná Slovenčina"". Translate predicate: ""objectOfLegalization"" => ""legalizuje"". Could be ""legalizuje"". So: ""Legalization Of Standard Slovak legalizuje Spisovnú Slovenčinu."" Need to translate ""Spisovná Slovenčina"" is a proper term? It's a phrase meaning ""Standard Slovak"". It's likely a proper term, keep as is, but we need to translate non-proper nouns. ""Spisovná Slovenčina"" is a proper name of language, keep. Now combine into one or two sentences covering all facts. Could be: ""Legalization Of Standard Slovak je typom Legalization, legalizuje Spisovnú Slovenčinu a konala sa v Hlboké."" That includes all three facts. Ensure we used all facts: type, object, location. Yes. Check translation of predicates: eventType -> ""je typom"". objectOfLegalization -> ""legalizuje"". locationOfEvent -> ""sa konala v"". Use proper grammar. Thus final output: one sentence."
Id113,culture,,,1,Sokol Časopis Pre Krásno Umenie A Literatúru má editora Pavola Dobšinského.,"We need to produce a Slovak sentence expressing the fact: ""Sokol Časopis Pre Krásno Umenie A Literatúru"" (that's a title) has editor Pavol Dobšinský. Need to translate predicate ""editor"" to Slovak ""editor"". The subject is not a proper name? It's a title of a magazine, likely proper name, but it's not a person. It's a publication name, treat as proper name? The instruction: translate each entity that is NOT a proper name. The title ""Sokol Časopis Pre Krásno Umenie A Literatúru"" is likely a proper name (title). So keep as is. The object ""Pavol Dobšinský"" is a proper name, keep. So sentence: ""Sokol Časopis Pre Krásno Umenie A Literatúru má editora Pavola Dobšinského."" Use ""má"" as translation of predicate ""editor"". Could also say ""je editovaný Pavolom Dobšinským""? But natural: ""Sokol Časopis Pre Krásno Umenie A Literatúru má editora Pavola Dobšinského."" That includes all facts. Provide only sentence."
Id114,geography,,,2,Machnáčov grúň sa nachádza nad Čiernym Balogom a Čierny Balog je obec.,"We need to produce Slovak sentence(s) that express both facts. Triples: 1. Machnáčov grúň | locatedAbove | Čierny Balog 2. Čierny Balog | isType | obec We need to translate predicate to Slovak: ""locatedAbove"" -> ""sa nachádza nad"" or ""leží nad"". ""isType"" -> ""je typom"" or ""je"". Probably ""je typom"". But we need natural sentence. We must translate non-proper nouns: ""grúň"" is a noun, ""obec"" is noun. Keep proper names: Machnáčov grúň, Čierny Balog. Thus sentences: ""Machnáčov grúň sa nachádza nad Čiernym Balogom a Čierny Balog je obec."" But need to keep ""obec"" as noun, maybe ""je obec"". The predicate ""isType"" could be ""je typom"". But ""Čierny Balog je obec"" is fine. Thus one sentence: ""Machnáčov grúň sa nachádza nad Čiernym Balogom a Čierny Balog je obec."" Check: we used ""Čiernym Balogom"" (instrumental) due to ""nad"". That's natural. The requirement: translate predicate to Slovak and use naturally. ""locatedAbove"" -> ""sa nachádza nad"". ""isType"" -> ""je"". Could also be ""je typom"". But ""Čierny Balog je obec"" expresses type. Thus final answer: one sentence."
Id115,geography,,,1,Rádio Aetter má vysielacie miesto Trnava.,"We need to produce a Slovak sentence expressing the fact: ""Rádio Aetter broadcastingLocation Trnava"". Translate predicate to Slovak: ""má vysielacie miesto"" or ""vysiela v"". The instruction: translate predicate always to Slovak and use naturally. So ""Rádio Aetter má vysielacie miesto Trnava."" Or ""Rádio Aetter má vysielaciu lokalitu Trnava."" Probably ""má vysielacie miesto"". Provide one sentence. Ensure no extra facts. Use proper translation of entity ""Trnava"" stays same. So final answer: ""Rádio Aetter má vysielacie miesto Trnava."""
Id116,other,,,1,Ľubomír Lisý má odbor neurológia.,"We need to produce a Slovak sentence expressing the fact: ""Ľubomír Lisý has field neurology."" Need to translate non-proper nouns: ""hasField"" -> ""má oblasť"" or ""má odbor""? The predicate should be translated to Slovak naturally. ""hasField"" could be ""má odbor"" or ""má pole""? Probably ""má oblasť"". The object ""neurológia"" is a common noun, not proper name, so translate to Slovak: ""neurológia"" is already Slovak. So sentence: ""Ľubomír Lisý má oblasť neurológia."" Might need correct case: ""má oblasť neurológia"" sounds odd; maybe ""má oblasť neurológia"" is okay. Could also be ""má odbor neurológia"". Use ""má odbor neurológia"". Both fine. We'll output one sentence."
Id117,geography,,,1,Šarišské múzeum sa nachádza v Bardejove.,"We need to produce a Slovak sentence expressing the fact: ""Šarišské múzeum locatedIn Bardejov"". Translate predicate ""locatedIn"" to Slovak ""sa nachádza v"". Also translate entity Bardejov is a proper name, keep as is. So sentence: ""Šarišské múzeum sa nachádza v Bardejovi."" Note that location in Slovak uses locative case: ""v Bardejove"". Should we use ""v Bardejove""? Yes. So final answer: one sentence."
Id118,geography,,,2,Sobášny palác sa nachádza v Bytči. Bytča je slovenské mesto.,"We need to produce Slovak sentence(s) that express all facts. Two triples: 1. Sobášny palác | locatedIn | Bytča 2. Bytča | isA | slovenské mesto We must translate predicate to Slovak: ""locatedIn"" -> ""sa nachádza v"" or ""sa nachádza v"". ""isA"" -> ""je"". Also need to translate non-proper nouns: ""sobášny palác"" is proper? It's a name? Probably a proper name, but we keep as is. ""Bytča"" is proper, keep. ""slovenské mesto"" is not proper, translate as is (already Slovak). So sentence: ""Sobášny palác sa nachádza v Bytči a Bytča je slovenské mesto."" Or two sentences: ""Sobášny palác sa nachádza v Bytči. Bytča je slovenské mesto."" Both fine. Must include all facts, no extra. Use correct case: ""v Bytči"". Good. Return only sentence(s)."
Id119,geography,,,1,Slovenská národná knižnica má sídlo v Martine.,"We need to produce a Slovak sentence expressing the fact: ""Slovenská národná knižnica | headquarterLocation | Martin"". Translate predicate ""headquarterLocation"" to Slovak: likely ""má sídlo"" or ""sídlo"". The instruction: translate predicate to Slovak and use naturally. So ""Slovenská národná knižnica má sídlo v Martine."" Need to keep entity ""Martin"" unchanged (proper name). Use ""v Martine"" as location. That expresses the fact. No extra info. Output only the sentence."
Id120,culture,,,1,Pavol Dobšinský má literárne obdobie romantizmus.,"We need to produce a Slovak sentence expressing the fact: ""Pavol Dobšinský | literaryPeriod | romantizmus"". Translate predicate to Slovak: ""literárne obdobie"" maybe? The predicate ""literaryPeriod"" should be translated to Slovak, likely ""literárne obdobie"". So sentence: ""Pavol Dobšinský patrí do literárneho obdobia romantizmus."" Or ""Pavol Dobšinský má literárne obdobie romantizmus."" Need natural. Use ""literárne obdobie"" as noun phrase. Could say: ""Pavol Dobšinský je spojený s literárnym obdobím romantizmus."" But keep simple: ""Pavol Dobšinský má literárne obdobie romantizmus."" That is okay. We must not add extra info. So one sentence. Thus output: ""Pavol Dobšinský má literárne obdobie romantizmus."""
Id121,other,,,1,Projekt Toto je Kevin má lídra Romana Ferienca.,"We need to produce Slovak sentence(s) expressing the fact. The triple: subject ""projekt This is Kevin"" | predicate ""hasLeader"" | object ""Roman Ferienc"". Need to translate predicate to Slovak: ""má lídra"" or ""má vedúceho""? ""hasLeader"" -> ""má lídra"". Subject is ""projekt This is Kevin"". Need to translate non-proper nouns: ""projekt"" is common noun, keep as ""projekt"". ""This is Kevin"" is likely a title, maybe proper name? It's the name of the project, includes English phrase. It's not a proper name? It's the project name, treat as proper name? The rule: translate each entity that is NOT a proper name. ""projekt This is Kevin"" includes ""projekt"" (common) and ""This is Kevin"" (maybe title). The whole phrase is the name of the project, but ""This is Kevin"" is not a proper name, it's a phrase. Should translate ""This is Kevin"" to Slovak? The rule: translate each entity that is not a proper name (e.g., general nouns, roles, general descriptions). ""This is Kevin"" is a phrase, not a proper name. So we need to translate it: ""Toto je Kevin"". So the subject becomes ""projekt Toto je Kevin""? That sounds odd. Maybe we keep ""projekt This is Kevin"" as a whole, but translate ""projekt"". The phrase ""This is Kevin"" is not a proper name, so translate to Slovak: ""Toto je Kevin"". So subject: ""projekt Toto je Kevin"". That seems weird but follow rule. Object ""Roman Ferienc"" is a proper name, keep as is. Thus sentence: ""Projekt Toto je Kevin má lídra Romana Ferienca."" Need correct case: ""má lídra Romana Ferienca"". Yes. Return only sentence."
Id122,geography,,,1,Log Mošoviec obsahuje ovcu.,"We need to produce a Slovak sentence expressing the fact: subject ""log Mošoviec"" (probably a proper name? ""log Mošoviec"" maybe a location). Predicate ""containsAnimal"" -> translate to Slovak ""obsahuje zviera"" or ""obsahuje zviera""? The instruction: translate predicate to Slovak and use naturally. So ""obsahuje zviera"" but we need specific animal: object ""ovca"" which is not proper name, so translate to Slovak: ""ovca"". So sentence: ""Log Mošoviec obsahuje ovcu."" Need to keep case? ""obsahuje ovcu"" is correct. Use proper name unchanged. So output just that sentence."
Id123,culture,,,3,Ester Šimerová Martinčeková je tiež známa ako prvá dáma slovenského maliarstva a má povolanie maliarstvo. Prvá dáma slovenského maliarstva odkazuje na Ester Šimerová Martinčeková.,"We need to produce Slovak sentence(s) that express all facts. Triples: 1. Ester Šimerová Martinčeková | alsoKnownAs | prvá dáma slovenského maliarstva 2. Ester Šimerová Martinčeková | profession | maliarstvo 3. prvá dáma slovenského maliarstva | refersTo | Ester Šimerová Martinčeková We must translate predicate to Slovak: alsoKnownAs = ""je tiež známa ako"" or ""má alias"". profession = ""povolanie"" or ""profesia"". refersTo = ""odkazuje na"". Need natural sentences. We must include all facts. So we need to say: Ester Šimerová Martinčeková je tiež známa ako prvá dáma slovenského maliarstva. Jej povolanie je maliarstvo. Prvá dáma slovenského maliarstva odkazuje na Ester Šimerová Martinčeková. We must not add extra info. Use exact terms. ""maliarstvo"" is a noun, but profession maybe ""maliarstvo"". Use ""profesia"" maybe ""profesia"". The predicate ""profession"" translate to ""povolanie"". So ""Ester Šimerová Martinčeková má povolanie maliarstvo."" That is okay. Make sure we include all three facts. Could be two sentences: first two facts in one sentence, third separate. Or one sentence with conjunction. The instruction: one sentence (or two short if needed). We'll produce two sentences. Thus final answer: ""Ester Šimerová Martinčeková je tiež známa ako prvá dáma slovenského maliarstva a má povolanie maliarstvo. Prvá dáma slovenského maliarstva odkazuje na Ester Šimerová Martinčeková."" Check: includes all facts. Yes. Return only the sentences."
Id124,geography,,,1,Múzeum Andreja Kmeťa sa nachádza v Martine.,"We need to produce a Slovak sentence expressing the fact: ""Múzeum Andreja Kmeťa"" location Martin. Translate predicate location to Slovak ""sa nachádza v"" or ""má polohu"". Use natural sentence: ""Múzeum Andreja Kmeťa sa nachádza v Martine."" Ensure we keep proper case: Martin is a city, location. In Slovak, ""v Martine"". So output that single sentence."
Id125,geography,,,1,Galéria Mikuláša Galandu sa nachádza v Turčianskych Tepliciach.,"We need to produce a Slovak sentence expressing the fact: ""Galéria Mikuláša Galandu"" locatedIn ""Turčianske Teplice"". Translate predicate ""locatedIn"" to Slovak ""sa nachádza v"" or ""sa nachádza v"". Also translate non-proper nouns: ""Galéria Mikuláša Galandu"" is a proper name? It's a gallery name, likely proper, keep as is. ""Turčianske Teplice"" is a place name, proper, keep. So sentence: ""Galéria Mikuláša Galandu sa nachádza v Turčianskych Tepliciach."" Need correct case: ""v Turčianskych Tepliciach"". Use ""nachádza sa v"". Provide only sentence."
Id126,geography,,,1,Obec Stráne pod Tatrami sa nachádza v okrese Kežmarok.,"We need to produce a Slovak sentence expressing the fact: ""Obec Stráne pod Tatrami je umiestnená v okrese Kežmarok."" The predicate ""locatedIn"" translates to ""sa nachádza v"" or ""je umiestnená v"". Use natural Slovak. Must include all facts (only one). No extra info. So output one sentence."
Id127,culture,,,2,Roman Grigely je známy ako Momo a Momo je umeleckým menom Romana Grigelyho.,"We need to produce Slovak sentence(s) that express all facts. Two triples: 1. Roman Grigely | knownAs | Momo 2. Momo | artisticNameOf | Roman Grigely We need to translate predicate to Slovak: ""knownAs"" -> ""je známy ako"". ""artisticNameOf"" -> ""je umeleckým menom"". Also need to translate entities that are not proper names. Here ""Roman Grigely"" is a proper name, keep. ""Momo"" is also a proper name? It's a nickname, but likely proper name, keep as is. So we just produce sentences. We must include both facts. Could combine: ""Roman Grigely je známy ako Momo a Momo je umeleckým menom Romana Grigelyho."" Wait need to keep proper name unchanged, but we need to reflect ""artisticNameOf"" relation: Momo is artistic name of Roman Grigely. In Slovak, ""Momo je umeleckým menom Romana Grigelyho."" Note the genitive case of Roman Grigely. However we must not add extra morphological changes? The instruction: translate each entity that is not a proper name. Proper names remain unchanged. Changing case may be considered adding morphological inflection, but it's part of Slovak grammar. Should be okay. We must not add any extra facts. The sentence ""Roman Grigely je známy ako Momo a Momo je umeleckým menom Romana Grigelyho."" includes both facts. It uses ""a"" to join. That's fine. Check: does it add any extra info? No. Thus output only that sentence."
Id128,geography,,,1,Vodná nádrž Zemplínska šírava bola predtým nazývaná Vihorlatská nádrž.,"We need to produce Slovak sentence(s) expressing the fact: ""Vodná nádrž Zemplínska šírava previouslyCalled Vihorlatská nádrž"". Translate predicate ""previouslyCalled"" to Slovak: ""predtým nazývaná"". Subject: ""Vodná nádrž Zemplínska šírava"". Object: ""Vihorlatská nádrž"". So sentence: ""Vodná nádrž Zemplínska šírava bola predtým nazývaná Vihorlatská nádrž."" Or ""Vodná nádrž Zemplínska šírava bola predtým nazývaná Vihorlatská nádrž."" That includes all facts. Use only given info. Should we include ""bola""? The predicate translation ""predtým nazývaná"" is an adjective phrase; we need a verb. Could be ""bola predtým nazývaná"". That's fine. Provide one sentence."
Id129,other,,,2,Skupina Tristana má skladateľa a speváka Petra Wilsena.,"We need to produce Slovak sentence(s) that express all facts. Two triples: - subject: ""skupina Tristana"" - predicate: ""composer"" - object: ""Peter Wilsen"" - subject: ""skupina Tristana"" - predicate: ""singer"" - object: ""Peter Wilsen"" We need to translate predicate to Slovak: ""composer"" -> ""skladateľ"". ""singer"" -> ""spevák"". Also need to translate entity that is not proper name: ""skupina Tristana"" is a proper name? It includes ""skupina"" which is a common noun, but the whole phrase is likely a proper name of a group. The instruction: ""Prelož do slovenčiny každú entitu, ktorá NIE JE vlastné meno (napr. všeobecné podstatné mená, roly, všeobecné opisy). Vlastné mená (mená osôb, miest, organizácií, diel atď.) ponechaj v pôvodnej podobe."" So ""skupina Tristana"" includes ""skupina"" (common noun) and ""Tristana"" maybe a proper name? ""Tristana"" could be a name, but it's part of group name. The group name is likely ""Tristana"". The phrase ""skupina Tristana"" is a description: ""the group Tristana"". So we should translate ""skupina"" to Slovak (already Slovak) and keep ""Tristana"". So we keep ""skupina Tristana"". The object ""Peter Wilsen"" is a proper name, keep as is. Thus sentences: ""Skupina Tristana má skladateľa Petra Wilsena a speváka Petra Wilsena."" But need to reflect both facts: that Peter Wilsen is composer and singer of the group. Could be two short sentences: ""Skupina Tristana má skladateľa Petra Wilsena. Skupina Tristana má speváka Petra Wilsena."" Or combine: ""Skupina Tristana má skladateľa a speváka Petra Wilsena."" That expresses both facts. The predicate translation: ""composer"" -> ""skladateľ"". ""singer"" -> ""spevák"". Use ""má"" (has). That seems natural. We must not add any extra facts. The combined sentence ""Skupina Tristana má skladateľa a speváka Petra Wilsena."" includes both facts, no extra. It's okay. Thus output just that sentence."
Id130,history,,,2,Námestie sa nachádza v Považskej Bystrici a je pomenované po Andrejovi Hlinkovi.,"We need to produce Slovak sentence(s) that express both facts: ""námestie"" is located in Považská Bystrica, and ""námestie"" is named after Andrej Hlinka. Need to translate predicate: ""locatedIn"" -> ""sa nachádza v"" or ""sa nachádza v"". ""namedAfter"" -> ""je pomenované po"". Also need to translate entity ""námestie"" is not proper name, so translate to Slovak ""námestie"". The object ""Považská Bystrica"" is proper name, keep. ""Andrej Hlinka"" proper name, keep. We must not add extra facts. So sentence: ""Námestie sa nachádza v Považskej Bystrici a je pomenované po Andrejovi Hlinkovi."" Wait careful: ""pomenované po Andrej Hlinka"" - in Slovak grammar, ""po Andrejovi Hlinkovi"". But we must not add extra morphological changes? The instruction: translate predicate and use naturally. The entity ""Andrej Hlinka"" is proper name, we can inflect. That's okay. Should we keep original case? Probably we can inflect for grammar. It's natural. So final: ""Námestie sa nachádza v Považskej Bystrici a je pomenované po Andrejovi Hlinkovi."" That's one sentence covering both facts. Ensure no extra facts. Good."
Id131,geography,,,1,Vozovňa Solivar sa nachádza v Prešove.,"We need to produce a Slovak sentence expressing the fact: ""Vozovňa Solivar"" is located in ""Prešov"". Translate predicate ""locatedIn"" to Slovak ""sa nachádza v"". Also translate entities that are not proper names: ""Vozovňa Solivar"" is a proper name? It's a name of a depot, likely proper name, but it's a noun phrase. The instruction: translate each entity that is NOT a proper name. ""Vozovňa Solivar"" includes ""Vozovňa"" (depot) and ""Solivar"" (maybe a place name). ""Solivar"" is a proper name (a district). The whole phrase is likely a proper name of a depot. I'd treat ""Vozovňa Solivar"" as a proper name, keep as is. ""Prešov"" is a proper name, keep. So sentence: ""Vozovňa Solivar sa nachádza v Prešove."" Use correct case: ""v Prešove"". Yes. Return only the sentence."
Id132,geography,,,1,Košická univerzita bola predtým nazývaná Právnická akadémia.,"We need to produce a Slovak sentence expressing the fact: ""Košická univerzita"" had former name ""Právnická akadémia"". Translate predicate ""formerName"" to Slovak, likely ""bola predtým nazývaná"" or ""predtým nazývaná"". Need to keep subject and object. Use proper translation: ""Košická univerzita"" (proper name) ""bola predtým nazývaná"" ""Právnická akadémia"". That expresses the fact. Ensure no extra info. One sentence."
Id133,geography,,,1,Andrej Kmeť sa narodil v Bzenici.,"We need to produce a Slovak sentence expressing the fact: Andrej Kmeť | birthPlace | Bzenica. Translate predicate ""birthPlace"" to Slovak: ""miesto narodenia"". Entities: Andrej Kmeť is a proper name, keep. Bzenica is a place name, proper name, keep. So sentence: ""Andrej Kmeť sa narodil v Bzenici."" Or ""Andrej Kmeť má miesto narodenia Bzenica."" Better natural: ""Andrej Kmeť sa narodil v Bzenici."" That expresses the fact. Use only given info. Yes."
Id134,geography,,,1,Trnava leží na rieke Trnávka.,"We need to produce Slovak sentence(s) expressing the fact: ""Trnava lies on river Trnávka"". Need to translate predicate ""liesOnRiver"" to Slovak. Likely ""leží na rieke"". Subject ""Trnava"" is a proper name, keep. Object ""Trnávka"" is a river name, proper name, keep. So sentence: ""Trnava leží na rieke Trnávka."" Ensure correct grammar: ""Trnava leží na rieke Trnávka."" That expresses the fact. No extra."
Id135,sports,,,2,Atlas klub a Klub Atlas Sládkovičova pochádzajú z Pezinoka.,"We need to produce Slovak sentence(s) that express all facts. Two triples: 1. Atlas klub | placeOfOrigin | Pezinok 2. Klub Atlas Sládkovičova | placeOfOrigin | Pezinok We must translate predicate ""placeOfOrigin"" to Slovak: ""pôvod"" or ""miesto pôvodu"". Use natural phrase: ""pochádza z"". So we need sentences that convey both facts. We must translate entities that are not proper names. ""Atlas klub"" maybe not proper? It seems a name? ""Atlas klub"" could be a name, but it's not a proper name? It's a club name. Probably treat as proper name? The instruction: translate each entity that is NOT a proper name. ""Atlas klub"" maybe a name of a club, but it's not a proper name? Hard. ""Klub Atlas Sládkovičova"" is clearly a proper name. ""Atlas klub"" maybe also a proper name. I'd keep as is? The rule: translate each entity that is not a proper name (e.g., common nouns, roles). ""Atlas klub"" includes common noun ""klub"". Might translate to ""klub Atlas""? But original is ""Atlas klub"". Could be ""Atlas club"". Since ""Atlas"" is proper, ""klub"" is common, we should translate ""klub"" to Slovak ""klub"". Already Slovak. So keep as ""Atlas klub"". It's already Slovak. So no change. Thus sentences: ""Atlas klub pochádza z Pezinoka."" and ""Klub Atlas Sládkovičova pochádza z Pezinoka."" Could combine: ""Atlas klub a Klub Atlas Sládkovičova pochádzajú z Pezinoka."" But need to express both facts. That single sentence includes both subjects, predicate same. That is okay. It expresses both facts. Use plural verb ""pochádzajú"". That covers both. Should we keep singular for each? Both okay. The instruction: one sentence (or two short if needed). One sentence is fine. Thus output: ""Atlas klub a Klub Atlas Sládkovičova pochádzajú z Pezinoka."""
Id136,geography,,,2,Čachtice sa nachádza v Novom Meste nad Váhom. Nové Mesto nad Váhom je okres.,"We need to produce Slovak sentence(s) that express all facts. Two triples: 1. Čachtice | locatedIn | Nové Mesto nad Váhom 2. Nové Mesto nad Váhom | isType | okres We must translate predicate to Slovak: ""locatedIn"" -> ""sa nachádza v"" or ""je umiestnená v"". ""isType"" -> ""je typ"" but better ""je typom"". However need natural sentence: ""Nové Mesto nad Váhom je okres."" Or ""Nové Mesto nad Váhom je okres."" That's fine. First: ""Čachtice sa nachádza v Novom Meste nad Váhom."" Note that ""Nové Mesto nad Váhom"" is a proper name, keep as is. Use correct case: ""v Novom Meste nad Váhom"". Good. Second: ""Nové Mesto nad Váhom je okres."" That's a sentence. Thus output two short sentences."
Id137,geography,,,1,Štiavnica má zdroj v Banskej Štiavnici.,"We need to produce Slovak sentence(s) expressing the fact: subject Štiavnica, predicate riverSource, object Banská Štiavnica. Translate predicate to Slovak: ""riverSource"" likely ""zdroj rieky"". Subject ""Štiavnica"" is not a proper name? It could be a river name? It's likely a river. It's not a proper name? It is a name of a river, but it's a proper noun? The instruction: translate each entity that is NOT a proper name. Proper names (names of persons, places, organizations, works) keep original. ""Štiavnica"" is a name of a river, likely proper name, so keep as is. ""Banská Štiavnica"" is a town, proper name, keep as is. Predicate translate: ""riverSource"" -> ""je zdrojom rieky"" or ""má zdroj rieky""? Actually ""riverSource"" meaning ""river source"" i.e., the subject is the source of the river? The triple: subject | riverSource | object. Usually ""riverSource"" means the subject is the source of the river named object? Actually typical RDF: subject riverSource object means subject is the source of the river object. So ""Štiavnica je zdrojom rieky Banská Štiavnica""? That sounds odd: Banská Štiavnica is a town, not a river. Maybe the river is named Štiavnica and its source is Banská Štiavnica (town). So subject Štiavnica (river) has source Banská Štiavnica (town). So predicate translation: ""má zdroj"" or ""má svoj zdroj v"". Could be ""má zdroj v"". The instruction: translate predicate and use naturally. So ""riverSource"" -> ""má zdroj"". So sentence: ""Štiavnica má zdroj v Banskej Štiavnici."" That uses proper names unchanged, translates predicate. That expresses the fact. Should we include ""v""? The predicate ""riverSource"" could be ""zdroj rieky"". Could be ""je zdrojom rieky"". But we need to convey subject is the source? Actually triple: subject riverSource object => subject has river source object. So ""Štiavnica má zdroj v Banskej Štiavnici."" That includes all facts. Use ""v"" to indicate location. It's okay. Provide one sentence."
Id138,geography,,,4,"Žitný ostrov je riečny ostrov, nachádza sa na Slovensku, má veľkostný rebríček 1 a patrí do regiónu Európa.","We need to produce Slovak sentence(s) that express all facts. Facts: - Žitný ostrov is a river island (riečny ostrov) - Žitný ostrov location Slovensko (i.e., is located in Slovakia) - Žitný ostrov sizeRank 1 (rank 1 in size) - Žitný ostrov region Európa (region Europe) We must translate predicate to Slovak: ""isA"" -> ""je"". ""location"" -> ""sa nachádza v"". ""sizeRank"" -> maybe ""má veľkostný rebríčkový poradový číslo 1""? But need natural: ""má poradové číslo 1 v veľkosti"". Could be ""má veľkostný rebríček 1"". Simpler: ""má poradové číslo 1 v rebríčku veľkosti"". But must be natural. Could say ""má veľkostný rebríček 1"". Might be okay. ""region"" -> ""patrí do regiónu"". So sentence: ""Žitný ostrov je riečny ostrov, nachádza sa na Slovensku, má veľkostný rebríček 1 a patrí do regiónu Európa."" Check: we used all facts. Yes. Make sure no extra info. Use ""na Slovensku"" vs ""v Slovensku""? Usually ""na Slovensku"". Acceptable. Thus output single sentence."
Id139,other,,,3,Eva Landlová má syna Mateja Landla. Matej Landl je synom Evy Landlovej a má povolanie herec.,"We need to produce Slovak sentence(s) that express all facts. Triples: 1. Eva Landlová | hasSon | Matej Landl (Matej Landl) 2. Matej Landl | isSonOf | Eva Landlová 3. Matej Landl | hasProfession | actor We must translate predicate to Slovak: ""hasSon"" -> ""má syna"". ""isSonOf"" -> ""je synom"". ""hasProfession"" -> ""má povolanie"". Also need to translate object ""actor"" to Slovak ""herec"". Entities that are not proper names: ""actor"" is a common noun, translate to ""herec"". Also ""son"" is common noun but part of predicate translation. We must not add extra facts. The two first triples are redundant (they convey same relationship). But we must include both facts. Could combine: ""Eva Landlová má syna Mateja Landla a Matej Landl je synom Evy Landlovej a má povolanie herec."" However need to ensure proper Slovak grammar: ""Eva Landlová má syna Mateja Landla, Matej Landl je synom Evy Landlovej a má povolanie herec."" But we need to include both facts: the relationship both ways. Could be two sentences: ""Eva Landlová má syna Mateja Landla. Matej Landl je synom Evy Landlovej a má povolanie herec."" That covers all three facts. Ensure no extra info. Use proper case: ""Eva Landlová má syna Mateja Landla."" ""Matej Landl je synom Evy Landlovej a má povolanie herec."" That includes both relationships and profession. Good. Check translation: ""hasSon"" -> ""má syna"". ""isSonOf"" -> ""je synom"". ""hasProfession"" -> ""má povolanie"". ""actor"" -> ""herec"". Good. Return only sentences."
Id140,geography,,,2,Malý Dunaj prúdi do Dunaja a miesto zbiehu je v Kolárovom.,"We need to produce Slovak sentence(s) that express both facts. Entities: ""Malý Dunaj"" is proper name? It's a river name, likely proper noun, keep as is. ""Dunaj"" also proper name. ""Kolárovo"" is a place name, proper. Predicates: ""flowsInto"" => ""preteká do"" or ""prúdi do""? Should translate predicate to Slovak natural. ""confluenceLocation"" => ""sa vlieva v"" or ""miesto zbiehu"". Need to use natural Slovak. Provide both facts in one sentence or two short sentences. Must include both facts. Could say: ""Malý Dunaj preteká do Dunaja a jeho zbieh sa nachádza v Kolárovom."" But need proper translation of predicate: ""flowsInto"" -> ""prúdi do"". ""confluenceLocation"" -> ""miesto zbiehu"". So: ""Malý Dunaj prúdi do Dunaja a miesto zbiehu je v Kolárovom."" That includes both facts. Ensure no extra info. Use exact names. Provide one sentence."
Id141,geography,,,2,Súdna rada Slovenskej republiky má sídlo v Miestodržiteľskom paláci a Miestodržiteľský palác sa nachádza v Bratislave.,"We need to produce Slovak sentence(s) that express both facts. Translate predicate to Slovak. Predicates: ""hasHeadquarters"" -> ""má sídlo"" or ""má ústredie""? In Slovak, ""hasHeadquarters"" could be ""má sídlo"". ""isLocatedIn"" -> ""sa nachádza v"". Entities: ""Súdna rada Slovenskej republiky"" is proper name, keep. ""Miestodržiteľský palác"" also proper name, keep. ""Bratislava"" proper name. Need to translate predicate: ""hasHeadquarters"" -> ""má sídlo"". ""isLocatedIn"" -> ""sa nachádza v"". So sentence: ""Súdna rada Slovenskej republiky má sídlo v Miestodržiteľskom paláci, ktorý sa nachádza v Bratislave."" But we must not add extra info like ""ktorý"". We can combine: ""Súdna rada Slovenskej republiky má sídlo v Miestodržiteľskom paláci a Miestodržiteľský palác sa nachádza v Bratislave."" That uses both facts. Ensure no extra. Use proper translation of predicate. ""hasHeadquarters"" -> ""má sídlo"". ""isLocatedIn"" -> ""sa nachádza v"". Provide two sentences or one. Could be one sentence with ""a"". That's fine. Check: ""Miestodržiteľský palác"" is proper name, keep. ""Bratislava"" proper name. No extra. Provide exactly the sentence(s)."
Id142,history,,,1,Andrej Kmeť je tiež známy ako slovenský Schliemann.,"We need to produce a Slovak sentence expressing the fact: ""Andrej Kmeť also known as slovenský Schliemann"". Translate predicate ""alsoKnownAs"" to Slovak: ""je tiež známy ako"". Entities: subject ""Andrej Kmeť"" is proper name, keep. Object ""slovenský Schliemann"" is not a proper name? It includes ""slovenský"" (adjective) and ""Schliemann"" (surname). ""Schliemann"" is a proper name, but phrase ""slovenský Schliemann"" is a description. According to rule: translate each entity that is not a proper name. ""slovenský Schliemann"": ""slovenský"" is already Slovak, ""Schliemann"" is proper name, keep. So object stays ""slovenský Schliemann"". So sentence: ""Andrej Kmeť je tiež známy ako slovenský Schliemann."" That's it."
Id143,other,,,1,Michal Bacúrik má povolanie speleológia.,"We need to produce a Slovak sentence expressing the fact: ""Michal Bacúrik | profession | speleológia"". Translate predicate ""profession"" to Slovak ""povolanie"". Also translate object ""speleológia"" is a noun, not a proper name, so translate? It's already Slovak word ""speleológia"". Keep as is. So sentence: ""Michal Bacúrik má povolanie speleológia."" Or ""Michal Bacúrik je speleológ."" But predicate is profession, so ""povolanie"". Use natural: ""Michal Bacúrik má povolanie speleológia."" That expresses all facts. Should we include ""povolanie"" as noun? Yes. Provide one sentence."
Id144,geography,,,2,Stredná priemyselná škola strojnícka sa nachádza na Fajnorovom nábreží. Fajnorovo nábrežie sa nachádza v Bratislave.,"We need to produce Slovak sentence(s) that express all facts. Two triples: 1. Subject: ""Stredná priemyselná škola strojnícka"" (proper name? It's a school name, likely proper noun, keep as is). Predicate: location (English) -> translate to Slovak ""nachádza sa na"" or ""má polohu"". Use natural sentence: ""Stredná priemyselná škola strojnícka sa nachádza na Fajnorovom nábreží."" Need to translate predicate ""location"" to Slovak: ""nachádza sa na"". Good. 2. Subject: ""Fajnorovo nábrežie"" (not proper? It's a place name, but it's a specific location, maybe proper, but rule: translate entities that are not proper names. ""Fajnorovo nábrežie"" is a proper name of a street, likely keep as is? It's a specific place name, but rule says translate each entity that is NOT a proper name. Since it's a proper name, keep original. So keep ""Fajnorovo nábrežie"". Predicate ""locatedIn"" translate to ""sa nachádza v"". So sentence: ""Fajnorovo nábrežie sa nachádza v Bratislave."" Combine both facts maybe two sentences. Could combine: ""Stredná priemyselná škola strojnícka sa nachádza na Fajnorovom nábreží, ktoré sa nachádza v Bratislave."" But that would add extra fact ""ktoré"" linking, but still uses only given facts? It adds relationship that Fajnorovo nábrežie is in Bratislava, which is given. The combined sentence uses both facts, but also adds ""ktoré"" which is just a relative pronoun, not new fact. It's okay. However we must not add any extra facts. The combined sentence states both facts, but also implies that the school is on Fajnorovo nábreží, which is in Bratislava. That's logically derived but not explicitly stated; but we are not adding new fact, just connecting. Might be okay. Safer to output two separate sentences to avoid inference. The instruction: ""vygeneruj jednu plynulú slovenskú vetu (alebo dve krátke, ak je to potrebné), ktorá prirodzene vyjadruje VŠETKY zadané fakty."" So two short sentences is allowed. Let's output two sentences. Thus final answer: ""Stredná priemyselná škola strojnícka sa nachádza na Fajnorovom nábreží. Fajnorovo nábrežie sa nachádza v Bratislave."" Check translation: predicate ""location"" -> ""sa nachádza na"". predicate ""locatedIn"" -> ""sa nachádza v"". Good. Return only sentences."
Id145,geography,,,2,Kúpeľný ostrov sa nachádza na Váhu a Váh je rieka.,"We need to produce Slovak sentence(s) that express all facts. Two triples: 1. Subject: ""Kúpeľný ostrov"" (not a proper name, translate? It's already Slovak phrase meaning ""spa island"". It's not a proper name, so keep as is? The rule: translate each entity that is NOT a proper name. ""Kúpeľný ostrov"" is a common noun phrase, not a proper name, so we keep it in Slovak (already). So we keep ""Kúpeľný ostrov"". Predicate: ""locatedOn"" -> translate to Slovak: ""sa nachádza na"" or ""sa nachádza na"". Use natural. Object: ""Váh"" is a proper name (river name). Keep as is. Second triple: Subject ""Váh"" (proper name). Predicate ""isA"" -> translate to ""je"". Object ""river"" (common noun) translate to ""rieka"". We need to include both facts in one sentence or two short sentences. Could be: ""Kúpeľný ostrov sa nachádza na Váhu a Váh je rieka."" But note grammar: ""na Váhu"" uses locative case. The triple says ""locatedOn"" with object ""Váh"". In Slovak, ""nachádza sa na Váhu"". So sentence: ""Kúpeľný ostrov sa nachádza na Váhu a Váh je rieka."" That includes both facts. Ensure no extra info. That's fine. Check: we used ""na Váhu"" correct case. Yes. Return only the sentence."
Id146,history,,,2,Emil Belluš má akademický titul profesor a profesor je najvyšší akademický titul pravda.,"We need to produce Slovak sentence(s) that express all facts. Two triples: 1. Emil Belluš | hasAcademicTitle | profesor 2. profesor | isHighestAcademicTitle | true We must translate non-proper nouns: ""profesor"" is a common noun, translate to Slovak ""profesor"". Already Slovak. ""hasAcademicTitle"" translate predicate to Slovak: ""má akademický titul"". ""isHighestAcademicTitle"" translate: ""je najvyšší akademický titul"". The object ""true"" is a boolean, maybe ""pravda"". Should we translate ""true"" to ""pravda""? Probably yes, as it's not a proper name. So sentence: ""Emil Belluš má akademický titul profesor a tento titul je najvyšší akademický titul pravda."" That sounds odd. Better: ""Emil Belluš má akademický titul profesor a tento titul je najvyšší akademický titul."" But need to include true. Could say ""a je pravda, že je najvyšší akademický titul."" But must use predicate translation. Maybe: ""profesor je najvyšší akademický titul pravda."" Could be ""profesor je najvyšší akademický titul pravda."" That includes true. Combine: ""Emil Belluš má akademický titul profesor a profesor je najvyšší akademický titul pravda."" Check requirements: Use only info. Yes. Provide sentence(s). Probably one sentence is fine. Let's output that."
Id147,geography,,,3,Pezinok má námestie Hlavné námestie. Hlavné námestie má aktuálny názov Radničné námestie a nachádza sa v Pezinku.,"We need to produce Slovak sentence(s) that express all facts. Triples: 1. Pezinok | hasSquare | Hlavné námestie 2. Hlavné námestie | currentName | Radničné námestie 3. Radničné námestie | location | Pezinok We must translate predicates to Slovak: ""hasSquare"" -> ""má námestie""? Actually ""hasSquare"" meaning ""má námestie"". ""currentName"" -> ""má aktuálny názov"". ""location"" -> ""sa nachádza"". Need to express all facts. We need to include all facts: Pezinok má námestie Hlavné námestie. Hlavné námestie má aktuálny názov Radničné námestie. Radničné námestie sa nachádza v Pezinku. We must not add extra info. That's fine. Could combine into one sentence: ""Pezinok má námestie Hlavné námestie, ktoré má aktuálny názov Radničné námestie a nachádza sa v Pezinku."" But that repeats location. Actually third fact says Radničné námestie location Pezinok, i.e., Radničné námestie sa nachádza v Pezinku. That's already implied but we must state. We could do two sentences: ""Pezinok má námestie Hlavné námestie. Hlavné námestie má aktuálny názov Radničné námestie a nachádza sa v Pezinku."" That covers all. Check translation of predicate ""hasSquare"": ""má námestie"". Good. ""currentName"": ""má aktuálny názov"". Good. ""location"": ""sa nachádza v"". Good. Make sure we keep proper nouns unchanged: Pezinok, Hlavné námestie, Radničné námestie. Thus final output: two sentences."
Id148,geography,,,5,Čadca má rieku Kysuca a rieku Čierňanka. Kysuca sa stretáva s riečou Čierňanka v Čadca a obe rieky sa stretávajú v Čadca.,"We need to produce Slovak sentence(s) that express all facts. Facts: 1. Čadca hasRiver Kysuca → ""Čadca má rieku Kysuca."" 2. Čadca hasRiver Čierňanka → ""Čadca má rieku Čierňanka."" 3. Kysuca meetsRiver Čierňanka → ""Kysuca sa stretáva s riečou Čierňanka."" But need translate predicate ""meetsRiver"" to Slovak: maybe ""stretáva sa s riečou"". Use ""stretnúť rieku""? Better: ""Kysuca sa stretáva s riečou Čierňanka."" 4. Kysuca meetingLocation Čadca → ""Kysuca sa stretáva v Čadca."" Actually ""meetingLocation"" means location of meeting: ""Kysuca má miesto stretnutia Čadca"" but natural: ""Kysuca sa stretáva v Čadca."" 5. Čierňanka meetingLocation Čadca → ""Čierňanka sa stretáva v Čadca."" We need include all facts. Could combine: ""Čadca má rieky Kysuca a Čierňanka; Kysuca sa stretáva s riečou Čierňanka v Čadca a obe rieky sa stretávajú v Čadca."" But need not add extra. Ensure each fact present. We must not add facts not in triples. The phrase ""obe rieky sa stretávajú v Čadca"" repeats meetingLocation for both, but that's derived from two facts, not extra. It's okay. But careful: ""Kysuca meetsRiver Čierňanka"" is already expressed by ""Kysuca sa stretáva s riečou Čierňanka"". Good. Now produce one or two sentences. Could be one sentence: ""Čadca má rieky Kysuca a Čierňanka; Kysuca sa stretáva s riečou Čierňanka v Čadca a obe rieky sa stretávajú v Čadca."" However ""obe rieky sa stretávajú v Čadca"" repeats meetingLocation for both, but we already said Kysuca meetingLocation Čadca and Čierňanka meetingLocation Čadca. That sentence covers both. But does it add any new fact? It says ""obe rieky sa stretávajú v Čadca"" which is essentially the same as each meetingLocation, not new. It's okay. Alternatively two sentences: ""Čadca má rieku Kysuca a rieku Čierňanka. Kysuca sa stretáva s riečou Čierňanka v Čadca a obe rieky sa stretávajú v Čadca."" Might be okay. We must not add ""a rieku"" maybe ""rieku"" is translation of object. Use ""rieku"". Good. Let's output two sentences."
Id149,geography,,,1,Rieka Ipeľ má svoj zdroj v Veporské vrchy.,"We need to produce a Slovak sentence expressing the fact: ""rieka Ipeľ"" (river Ipeľ) has sourceLocation Veporské vrchy. Translate predicate ""sourceLocation"" to Slovak, likely ""má svoj zdroj v"" or ""pochádza z"". Must use natural Slovak. Entities not proper names: ""rieka"" is common noun, keep as is. ""Veporské vrchy"" is proper name (mountains). So sentence: ""Rieka Ipeľ má svoj zdroj v Veporských vrchoch."" Or ""Rieka Ipeľ má zdrojové miesto Veporské vrchy."" Better: ""Rieka Ipeľ má svoj zdroj v Veporských vrchoch."" Use correct case: ""Veporské vrchy"" is nominative; after ""v"" we need locative: ""Veporských vrchoch"". But the entity is ""Veporské vrchy"" as proper name; we may keep original form? Usually proper names decline. But instruction: translate each entity that is not proper name; proper names keep original. So ""Veporské vrchy"" is proper name, keep as is. However grammar may be off. But we can keep as is: ""Rieka Ipeľ má svoj zdroj v Veporské vrchy."" That is slightly ungrammatical but maybe acceptable. Could also phrase: ""Rieka Ipeľ má svoj zdroj v pohorí Veporské vrchy."" But adding ""pohorí"" adds info not in triple. So not allowed. So simplest: ""Rieka Ipeľ má svoj zdroj v Veporské vrchy."" Provide one sentence."
Id150,sports,,,1,Kamil Čapkovič hrá profesionálne tenis.,"We need to produce Slovak sentence(s) expressing the fact: ""Kamil Čapkovič playsProfessionally tenis"". Translate predicate to Slovak: ""hrá profesionálne"". Object ""tenis"" is not a proper name, translate to Slovak: ""tenis"". So sentence: ""Kamil Čapkovič hrá profesionálne tenis."" That's it. Ensure no extra info."
Id151,geography,,,1,Múzeum Janka Kráľa sa nachádza v Liptovskom Mikuláši.,"We need to produce Slovak sentence(s) expressing the fact: ""Múzeum Janka Kráľa"" locatedIn ""Liptovský Mikuláš"". Translate predicate ""locatedIn"" to Slovak ""sa nachádza v"". Also translate entities that are not proper names. ""Múzeum Janka Kráľa"" is a proper name? It's a museum name, likely proper, keep as is. ""Liptovský Mikuláš"" is a city name, proper, keep. So sentence: ""Múzeum Janka Kráľa sa nachádza v Liptovskom Mikuláši."" Ensure correct case: ""v Liptovskom Mikuláši"". Yes. Return only the sentence."
Id152,geography,,,2,Mlynská dolina je časťou Karlovej Vsi. Karlova Ves je mestskou časťou Bratislavy.,"We need to produce Slovak sentence(s) that express both facts. Entities: ""Mlynská dolina"" (proper name) isPartOf ""Karlova Ves"". ""Karlova Ves"" isCityPartOf ""Bratislava"". Translate predicates: ""isPartOf"" -> ""je časťou"". ""isCityPartOf"" -> ""je mestskou časťou"". So sentences: ""Mlynská dolina je časťou Karlovej Vsi a Karlova Ves je mestskou časťou Bratislavy."" Need to keep proper names unchanged. Should we translate ""Karlova Ves"" as proper name unchanged. The predicate translation: ""je časťou"" and ""je mestskou časťou"". Use correct case: ""Mlynská dolina je časťou Karlovej Vsi."" ""Karlova Ves je mestskou časťou Bratislavy."" Could combine with ""a"". Both facts must be included. Provide one or two short sentences. Provide exactly the sentences, nothing else. Let's output two sentences."
Id153,geography,,,3,"Tatranský Národný Park má prístupnú jaskyňu Belinská jaskyňa, ktorá sa nachádza v Tatranskom Národnom Parku a je prístupná.","We need to produce Slovak sentence(s) that express all facts. Facts: 1. Tatranský Národný Park hasAccessibleCave Belinská jaskyňa. 2. Belinská jaskyňa isLocatedIn Tatranský Národný Park. 3. Belinská jaskyňa isAccessible true. We must translate predicate to Slovak: ""hasAccessibleCave"" -> ""má prístupnú jaskyňu""? Actually ""hasAccessibleCave"" means ""má prístupnú jaskyňu"". ""isLocatedIn"" -> ""sa nachádza v"". ""isAccessible"" -> ""je prístupná"". The object true -> ""áno"" or ""pravda""? Should be ""pravda""? In Slovak, we can say ""je prístupná"". The fact is that Belinská jaskyňa is accessible (true). So we can say ""Belinská jaskyňa je prístupná."" We need to include all facts. Could be one sentence: ""Tatranský Národný Park má prístupnú jaskyňu Belinská jaskyňa, ktorá sa nachádza v Tatranskom Národnom Parku a je prístupná."" But that repeats location. Actually we need to state that Belinská jaskyňa is located in Tatranský Národný Park. Already said ""má prístupnú jaskyňu Belinská jaskyňa"". That implies location? Not necessarily. So we need separate clause: ""Belinská jaskyňa sa nachádza v Tatranskom Národnom Parku a je prístupná."" That covers all. Thus final output: ""Tatranský Národný Park má prístupnú jaskyňu Belinská jaskyňa, ktorá sa nachádza v Tatranskom Národnom Parku a je prístupná."" That includes all facts. Ensure no extra info. Use ""má prístupnú jaskyňu"". Good. Return only sentence."
Id154,geography,,,1,Belianske Tatry majú najvyšší vrchol Havran.,"We need to produce Slovak sentence(s) expressing all facts. Only one triple: subject Belianske Tatry, predicate highestPeak, object Havran. Translate predicate to Slovak: ""najvyšší vrchol"". Subject is Belianske Tatry (proper name, keep). Object Havran (proper name). So sentence: ""Belianske Tatry majú najvyšší vrchol Havran."" Or ""Najvyšším vrcholom Belianských Tatier je Havran."" Both fine. Must use predicate translated. Use ""najvyšší vrchol"". Provide one sentence. Ensure no extra info. I'll output: ""Belianske Tatry majú najvyšší vrchol Havran."""
Id155,culture,,,2,Gitarové múzeum sa nachádza v Sobrancoch. Gitarové múzeum má typ nástroja gitara.,"We need to produce Slovak sentence(s) that express all facts. Two triples: - subject: ""gitarové múzeum"" - predicate: ""locatedIn"" - object: ""Sobranci"" - subject: ""gitarové múzeum"" - predicate: ""instrumentType"" - object: ""gitara"" We must translate predicate to Slovak: ""locatedIn"" -> ""sa nachádza v"" or ""je umiestnené v"". ""instrumentType"" -> ""typ nástroja"" maybe ""má typ nástroja"". But need natural sentence. Use ""nachádza sa v"" and ""má typ nástroja gitara"" or ""má typ nástroja gitara"". Could be two short sentences: ""Gitarové múzeum sa nachádza v Sobrancoch a typ jeho nástroja je gitara."" But need to use each fact. Could also separate: ""Gitarové múzeum sa nachádza v Sobrancoch. Gitarové múzeum má typ nástroja gitara."" That expresses both. We must not add extra info. Use exact names: ""Sobranci"" is place; we might need case: ""v Sobrancoch"". That's fine. Thus output two sentences."
Id156,geography,,,2,Klokočina sa nachádza v Nitre. Klokočina je sídlisko A mestská časť.,"We need to produce Slovak sentence(s) that express both facts. Entities: ""Klokočina"" is a proper name, keep as is. Predicates: ""isLocatedIn"" -> ""sa nachádza v"". ""isType"" -> ""je"". Actually ""isType"" meaning type: ""je typom"" or ""je"". The object ""Sídlisko A Mestská Časť"" is a type description, not a proper name? It's a phrase, maybe keep as is. Should translate? It's not a proper name? It seems like a type description, but it's a phrase. The instruction: translate each entity that is NOT a proper name. ""Sídlisko A Mestská Časť"" maybe is a type name, not a proper name. Could translate ""sídlisko A mestská časť""? But it's a specific designation maybe proper? I'd treat as not proper, so translate each word: ""Sídlisko"" -> ""sídlisko"", ""A"" maybe letter, keep, ""Mestská"" -> ""mestská"", ""Časť"" -> ""časť"". So ""sídlisko A mestská časť"". But maybe keep capital? The instruction: translate to Slovak each entity that is not a proper name. It's already Slovak, but capital letters maybe. Keep as is? It's already Slovak. So we can keep phrase as is. Thus sentence: ""Klokočina sa nachádza v Nitre a je sídlisko A mestská časť."" Might need article? ""je sídlisko A mestská časť."" Could be ""je sídliskom A mestskou časťou""? But predicate ""isType"" maybe ""je typom"". So ""Klokočina je sídlisko A mestská časť."" That sounds okay. We need to include both facts. Could be two short sentences: ""Klokočina sa nachádza v Nitre. Klokočina je sídlisko A mestská časť."" That satisfies. We must not add any extra info. Use proper translation of predicates: ""isLocatedIn"" -> ""sa nachádza v"". ""isType"" -> ""je"". Good. Thus output two sentences."
Id157,other,,,4,Peter Krištúfek je prezidentom Slovenskej lekárskej spoločnosti a drží pozíciu prezidenta; Slovenská lekárska spoločnosť má prezidenta v roku 2024 a prezidentský mandát je v roku 2024.,"We need to produce Slovak sentences that convey all facts. Triples: 1. Slovenská lekárska spoločnosť | presidentInYear | 2024 2. Peter Krištúfek | holdsPosition | prezident 3. Peter Krištúfek | presidentOf | Slovenská lekárska spoločnosť 4. prezidentský mandát | year | 2024 We need to translate predicates to Slovak: ""presidentInYear"" -> ""president v roku""? Could be ""má prezidenta v roku"". But we need natural sentence. We must include all facts: Slovenská lekárska spoločnosť má prezidenta v roku 2024. Peter Krištúfek drží pozíciu prezident. Peter Krištúfek je prezidentom Slovenskej lekárskej spoločnosti. Prezidentský mandát je v roku 2024. We need to ensure no extra info. Use each fact. We can combine into one or two sentences. Possibly: ""Peter Krištúfek je prezidentom Slovenskej lekárskej spoločnosti a drží pozíciu prezidenta; v roku 2024 je prezidentom tejto spoločnosti a prezidentský mandát je v roku 2024."" But need to reflect first triple: ""Slovenská lekárska spoločnosť má prezidenta v roku 2024."" That is covered. Better: ""Peter Krištúfek je prezidentom Slovenskej lekárskej spoločnosti a drží pozíciu prezidenta; Slovenská lekárska spoločnosť má prezidenta v roku 2024 a prezidentský mandát je v roku 2024."" Check each fact: - Slovenská lekárska spoločnosť | presidentInYear | 2024 -> ""Slovenská lekárska spoločnosť má prezidenta v roku 2024."" - Peter Krištúfek | holdsPosition | prezident -> ""Peter Krištúfek drží pozíciu prezidenta."" - Peter Krištúfek | presidentOf | Slovenská lekárska spoločnosť -> ""Peter Krištúfek je prezidentom Slovenskej lekárskej spoločnosti."" - prezidentský mandát | year | 2024 -> ""Prezidentský mandát je v roku 2024."" We can combine: ""Peter Krištúfek je prezidentom Slovenskej lekárskej spoločnosti a drží pozíciu prezidenta; Slovenská lekárska spoločnosť má prezidenta v roku 2024 a prezidentský mandát je v roku 2024."" That includes all. Ensure no extra. Use ""presidenta"" vs ""prezidenta""? In Slovak, ""prezident"" is masculine, genitive ""prezidenta"". ""drží pozíciu prezidenta"" is okay. Return only sentence(s)."
Id158,geography,,,2,Hrad Lietava má najbližšie regionálne mesto Žilina a Žilina je regionálne mesto.,"We need to produce Slovak sentence(s) that express all facts. Triples: 1. Hrad Lietava | nearestRegionalCity | Žilina 2. Žilina | isRegionalCity | true We must translate predicate to Slovak. ""nearestRegionalCity"" -> ""najbližšie regionálne mesto"". ""isRegionalCity"" -> ""je regionálne mesto"". The object ""Žilina"" is a proper name, keep. Subject ""Hrad Lietava"" is proper name, keep. So sentences: ""Hrad Lietava má najbližšie regionálne mesto Žilina."" Or ""Hrad Lietava je najbližšie k regionálnemu mestu Žilina."" But need to use predicate translation: ""najbližšie regionálne mesto"". Could phrase: ""Hrad Lietava má najbližšie regionálne mesto Žilina."" That expresses first triple. Second: ""Žilina je regionálne mesto."" Since true. We must include both facts. Could combine: ""Hrad Lietava má najbližšie regionálne mesto Žilina a Žilina je regionálne mesto."" That's one sentence. Ensure no extra info. Use ""má"" for predicate? The predicate is ""nearestRegionalCity"". Could be ""najbližšie regionálne mesto"". Use ""má najbližšie regionálne mesto"". That seems okay. Thus final output: one sentence."
Id159,geography,,,3,Kysucké Nové Mesto je mesto a nachádza sa v Kysuciach. Kysucké Nové Mesto má vlastnosť najstaršie.,"We need to produce Slovak sentence(s) expressing all facts. Triples: 1. Kysucké Nové Mesto isLocatedIn Kysuce -> ""Kysucké Nové Mesto sa nachádza v Kysuciach."" 2. Kysucké Nové Mesto isType mesto -> ""Kysucké Nové Mesto je mesto."" 3. Kysucké Nové Mesto hasProperty najstaršie -> ""Kysucké Nové Mesto má vlastnosť najstaršie."" But need translate ""najstaršie"" maybe as ""najstaršie"". Could phrase: ""Kysucké Nové Mesto má vlastnosť najstaršie."" Or ""Kysucké Nové Mesto je najstaršie."" But predicate is hasProperty, so we should keep ""má vlastnosť"". So sentence: ""Kysucké Nové Mesto má vlastnosť najstaršie."" Combine maybe two sentences: first two can be combined: ""Kysucké Nové Mesto je mesto a nachádza sa v Kysuciach."" Then third separate: ""Kysucké Nové Mesto má vlastnosť najstaršie."" We must not add extra facts. The phrase ""a"" is okay. Ensure all facts present. Provide only sentences. Thus final answer."
Id160,culture,,,1,Balneologické múzeum v Piešťanoch je pomenované po Imrichovi Winterovi.,"We need to produce Slovak sentence(s) expressing the fact: ""Balneologické múzeum v Piešťanoch"" named after Imrich Winter. Translate predicate ""namedAfter"" to Slovak: ""názov je po"" or ""je pomenované po"". Use natural phrasing: ""Balneologické múzeum v Piešťanoch je pomenované po Imrichovi Winterovi."" Need to translate entity ""Balneologické múzeum v Piešťanoch"" - it's not a proper name? It's a museum name, but it's a common noun phrase, keep as is. Imrich Winter is proper name, keep. Should we add ""Imrich Winter"" unchanged. In Slovak, ""pomenované po Imrichovi Winterovi"" is correct. Provide one sentence."
Id161,history,,,1,Gorazd má pôvodnú lokalitu Okolie Nitry.,"We need to produce a Slovak sentence expressing the fact: subject Gorazd, predicate originLocation, object Okolie Nitry. Translate predicate to Slovak: ""pôvodné miesto"" or ""pôvodné miesto"" maybe ""pôvodné miesto"" or ""pôvodná lokalita"". The instruction: translate predicate to Slovak and use naturally. So ""Gorazd má pôvodné miesto Okolie Nitry""? Better: ""Gorazd má pôvodné miesto Okolie Nitry."" Or ""Gorazd pochádza z Okolia Nitry."" But predicate is originLocation, translation could be ""pôvodná lokalita"". Use natural: ""Gorazd má pôvodnú lokalitu Okolie Nitry."" That conveys fact. Must not add extra info. Use exactly given names. So final answer: one sentence."
Id162,geography,,,2,Vrbové sa nachádza v Piešťanoch. Piešťany je typom okresu.,"We need to produce Slovak sentence(s) that express all facts. Triples: 1. Vrbové | isLocatedIn | Piešťany 2. Piešťany | isTypeOf | okres We must translate predicates to Slovak: ""isLocatedIn"" -> ""sa nachádza v"" or ""je umiestnený v"". ""isTypeOf"" -> ""je typom"" or ""je typom"". Probably ""je typom"". So sentences: ""Vrbové sa nachádza v Piešťanoch a Piešťany je typom okresu."" But need to keep ""okres"" as noun. Should we translate ""okres"" as ""okres""? It's already Slovak. So ""Piešťany je typom okresu."" That expresses both facts. Could also split: ""Vrbové sa nachádza v Piešťanoch. Piešťany je typom okresu."" Both okay. Use one or two short sentences. Provide only the sentence(s). Ensure no extra info. Use proper case: ""Vrbové sa nachádza v Piešťanoch. Piešťany je typom okresu."" That includes both facts."
Id163,geography,,,2,Mochovce obsahuje jadrovú elektráreň. Jadrová elektráreň sa nachádza v Mochovciach.,"We need to produce Slovak sentence(s) that express both facts. Triples: 1. Mochovce | contains | jadrová elektráreň 2. jadrová elektráreň | location | Mochovce We need to translate predicate to Slovak. ""contains"" -> ""obsahuje"". ""location"" -> ""nachádza sa"". Actually ""location"" as predicate could be ""lokácia"" but we need natural Slovak: ""nachádza sa"". So we need sentences that convey both facts. We must not add any extra info. Both facts essentially say that Mochovce contains a nuclear power plant, and the nuclear power plant is located in Mochovce. That's essentially the same fact, but we must include both. Could be one sentence: ""Mochovce obsahuje jadrovú elektráreň, ktorá sa nachádza v Mochovciach."" But careful: ""v Mochovciach"" is plural? The place is ""Mochovce"". Use same form: ""v Mochovciach"" is genitive? Actually ""Mochovce"" is a municipality, location phrase ""v Mochovciach"" is correct. But we must not add extra words not in triples. The phrase ""ktorá sa nachádza v Mochovciach"" adds relative pronoun ""ktorá"" and ""sa"". Are those allowed? They are not facts but grammatical. Should be okay as they are not adding facts. The requirement: Use only information from triples, not add facts. Adding ""ktorá"" is just linking, not new fact. So okay. Alternatively two sentences: ""Mochovce obsahuje jadrovú elektráreň. Jadrová elektráreň sa nachádza v Mochovciach."" That repeats location. That uses ""sa nachádza"". That seems fine. We must keep proper case: ""v Mochovciach"". The original entity is ""Mochovce"". In Slovak, location preposition ""v"" takes locative: ""v Mochovciach"". That's fine. Thus output two short sentences."
Id164,geography,,,2,Bohunice obsahuje atómovú elektráreň a atómová elektráreň je typom atomovej elektrárne.,"We need to produce Slovak sentence(s) that express both facts. Entities: ""Bohunice"" (proper name) contains ""atómová elektrána"" (but we need translate non-proper nouns). ""atómová elektráren"" is already Slovak? It's a generic term, but it's not a proper name, so we keep as is? Actually rule: translate each entity that is NOT a proper name. ""atómová elektráreň"" is a generic noun, but it's already Slovak, so we keep as is. ""type"" predicate translates to ""je typu"" or ""má typ"". Should be natural: ""Bohunice obsahuje atómovú elektráreň a atómová elektráreň je typom atomic power plant""? Wait ""type"" object is ""atomic power plant"" which is English phrase, not proper name. Must translate to Slovak: ""atomová elektráreň"". Actually ""atomic power plant"" translates to ""atomová elektráreň"". So we need to translate object. So second triple: ""atómová elektráreň | type | atomic power plant"". Translate predicate ""type"" to Slovak ""má typ"". So sentence: ""Bohunice obsahuje atómovú elektráreň a atómová elektráreň má typ atomová elektráreň."" But that repeats same phrase. Could be ""Bohunice obsahuje atómovú elektráreň a táto elektráreň je typom atomovej elektrárne."" But need to keep object translation exactly ""atomová elektráreň"". Use singular. So: ""Bohunice obsahuje atómovú elektráreň a atómová elektráreň je typom atomovej elektrárne."" That expresses both facts. Ensure no extra info. Use ""obsahuje"" for contains. Good. Return only sentence."
Id165,other,,,2,Malženice obsahuje paroplynovú elektráreň. Paroplynová elektráreň je elektrárňou kombinovaného cyklu.,"We need to produce Slovak sentence(s) that express both facts. Triples: 1. Malženice | contains | paroplynová elektrána (but original says ""paroplynová elektráreň"") 2. paroplynová elektráreň | type | combined cycle power plant We need to translate non-proper nouns. ""Malženice"" is a proper name (likely a place). Keep as is. ""paroplynová elektráreň"" is a common noun, translate? It's already Slovak. Should we translate to Slovak? It's already Slovak, so keep. ""type"" predicate translate to ""má typ"" or ""je typu"". Use natural Slovak. We need to include both facts: Malženice obsahuje paroplynovú elektráreň. Paroplynová elektráreň je typu combined cycle power plant. Or ""paroplynová elektráreň je kombinovaná cyklická elektráreň""? But we must keep ""combined cycle power plant"" as is because it's a proper term? It's not a proper name, but it's English phrase. The rule: translate each entity that is not a proper name. ""combined cycle power plant"" is a generic term, not a proper name, so we should translate it to Slovak: ""kombinovaná cyklická elektráreň""? Actually correct translation: ""kombinovaná cyklická elektráreň"" is weird. The usual term is ""kombinovaná cyklická elektráreň"" or ""elektráreň kombinovaného cyklu"". Probably ""elektráreň kombinovaného cyklu"". But the rule says translate each entity that is not a proper name. So we need to translate ""combined cycle power plant"" to Slovak. Let's do ""elektráreň kombinovaného cyklu"". That is a proper translation. Thus sentence: ""Malženice obsahuje paroplynovú elektráreň, ktorá je elektrárňou kombinovaného cyklu."" Or two sentences: ""Malženice obsahuje paroplynovú elektráreň. Paroplynová elektráreň je elektrárňou kombinovaného cyklu."" We need to use predicate translation: ""contains"" -> ""obsahuje"". ""type"" -> ""má typ"" or ""je typu"". Use natural. Thus final output: ""Malženice obsahuje paroplynovú elektráreň. Paroplynová elektráreň je elektrárňou kombinovaného cyklu."" Check: includes all facts. Yes. Return only the sentence(s)."
Id166,geography,,,2,"Veterná elektráreň sa nachádza v Skalitých, ktoré sa nachádzajú v okrese Čadca.","We need to produce Slovak sentence(s) that express all facts: ""veterná elektráreň locatedIn Skalité"" and ""Skalité isInDistrict Čadca"". Translate predicates: ""locatedIn"" -> ""sa nachádza v"" or ""je umiestnená v"". ""isInDistrict"" -> ""sa nachádza v okrese"". Entities not proper names: ""veterná elektráreň"" is common noun, keep as is. ""Skalité"" is proper name, keep. ""Čadca"" is proper name. So sentence: ""Veterná elektráreň sa nachádza v Skalitých, ktoré sa nachádzajú v okrese Čadca."" But need to keep facts: Skalité isInDistrict Čadca, so ""Skalité sa nachádza v okrese Čadca"". Could combine: ""Veterná elektráreň sa nachádza v Skalitých, ktoré sa nachádzajú v okrese Čadca."" That expresses both. Ensure no extra info. Use ""v okrese"". Good. Return only sentence."
Id167,history,,,3,Archeologická lokalita s názvom Havránok sa nachádza nad Liptovskou Marou a objavila keltské opevnenie.,"We need to produce Slovak sentence(s) that express all facts. Facts: 1. archeologická lokalita | locatedAbove | Liptovská Mara 2. archeologická lokalita | discovery | keltské opevnenie 3. archeologická lokalita | name | Havránok We need to translate predicate to Slovak: ""locatedAbove"" -> ""sa nachádza nad"" or ""je nad"". ""discovery"" -> ""objavila"" or ""objavuje""? Actually ""discovery"" as predicate: ""objavila"" maybe ""bola objavená"". Since subject is ""archeologická lokalita"". So ""archeologická lokalita"" discovered ""keltské opevnenie"". Could be ""objavila keltské opevnenie"". But need natural: ""Archeologická lokalita Havránok sa nachádza nad Liptovskou Marou a objavila keltské opevnenie."" However need to include name: ""name"" -> ""názov"". So we need to state that the archaeological site is named Havránok. So maybe: ""Archeologická lokalita s názvom Havránok sa nachádza nad Liptovskou Marou a objavila keltské opevnenie."" That includes all three facts. Ensure no extra info. Use exact names: Liptovská Mara, keltské opevnenie, Havránok. Good. Check: ""objavila"" is past tense, but the fact is ""discovery"". Could also be ""bola objavená"". But subject is the site, so ""objavila"" is okay. Provide one sentence. Thus final answer: one sentence."
Id168,geography,,,1,Múzeum kysuckej dediny sa nachádza vo Vychylovke.,"We need to produce a Slovak sentence expressing the fact: ""Múzeum kysuckej dediny"" (subject) location (predikát) ""Vychylovka"" (object). Need to translate predicate to Slovak: ""nachádza sa v"" or ""je umiestnené v"". Use natural sentence: ""Múzeum kysuckej dediny sa nachádza vo Vychylovke."" Ensure we translate non-proper nouns: ""Múzeum kysuckej dediny"" is proper name? It's likely a proper name, but we keep as is. ""Vychylovka"" is a place name, proper, keep. Use predicate translation: ""nachádza sa v"". Provide one sentence."
Id169,geography,,,2,Súbor Pamiatok K Osobnosti Ľudovíta Štúra sa nachádza v Modre a súvisí s Ľudovítom Štúrom.,"We need to produce Slovak sentence(s) that express all facts. Two triples: Subject: ""Súbor Pamiatok K Osobnosti Ľudovíta Štúra"" (that's a proper name? It's a collection of monuments to the personality Ľudovít Štúr). It's not a proper name? It's a title, likely treat as proper name, keep as is. Predicate ""location"" -> object ""Modra"". So: ""Súbor Pamiatok K Osobnosti Ľudovíta Štúra sa nachádza v Modre."" (translate location to ""nachádza sa v""). Second triple: same subject, predicate ""relatedTo"" -> object ""Ľudovít Štúr"". Translate relatedTo to ""súvisí s"" or ""je spojený s"". Use natural: ""Súbor Pamiatok K Osobnosti Ľudovíta Štúra súvisí s Ľudovítom Štúrom."" Need to keep proper name unchanged. We need to include both facts, could be one sentence with both: ""Súbor Pamiatok K Osobnosti Ľudovíta Štúra sa nachádza v Modre a súvisí s Ľudovítom Štúrom."" That includes both. Ensure translation of predicate ""relatedTo"" as ""súvisí s"". Good. Return only the sentence."
Id170,geography,,,2,"Mohyla Milana Rastislava Štefánika sa nachádza na Bradle, pričom Bradlo je vrch.","We need to produce Slovak sentence(s) that express all facts. Two triples: 1. Subject: ""Mohyla Milana Rastislava Štefánika"" (proper name) predicate: ""locatedOn"" object: ""Bradlo"". Translate predicate to Slovak: ""sa nachádza na"" or ""je umiestnená na"". Use natural. So: ""Mohyla Milana Rastislava Štefánika sa nachádza na Bradle."" (Bradlo is a noun, need to decline: ""na Bradle""). 2. Subject: ""Bradlo"" predicate: ""isA"" object: ""vrch"". Translate: ""je"". So: ""Bradlo je vrch."" We must include both facts. Could combine: ""Mohyla Milana Rastislava Štefánika sa nachádza na Bradle, pričom Bradlo je vrch."" That's one sentence containing both facts. Ensure no extra info. Use proper translation of ""isA"" as ""je"". Use ""vrch"" as noun. Good. Check requirement: translate each entity that is not proper name. ""Bradlo"" is a proper name? It's a place name, likely proper, but it's a toponym. Should we keep as is. It's a proper name, so keep. ""vrch"" is common noun, keep as is. ""Mohyla Milana Rastislava Štefánika"" is proper name, keep. So sentence: ""Mohyla Milana Rastislava Štefánika sa nachádza na Bradle, pričom Bradlo je vrch."" That includes both facts. Should we use ""nachádza sa na"" vs ""sa nachádza na"". Both fine. Return only sentence."
Id171,geography,,,1,Biskupický kanál je postavený na rieke Váh.,"We need to produce a Slovak sentence expressing the fact: ""Biskupický kanál builtOnRiver Váh"". Translate predicate ""builtOnRiver"" to Slovak. Likely ""postavený na rieke"". So sentence: ""Biskupický kanál je postavený na rieke Váh."" Or ""Biskupický kanál je postavený na rieke Váh."" Use proper translation. Should we include ""postavený na rieke""? Yes. Provide one sentence."
Id172,culture,,,2,Múzeum v Krupine je venované Andrejovi Sládkovičovi a nachádza sa v Krupine.,"We need to produce Slovak sentence(s) that express all facts. Two triples: - subject: ""múzeum v Krupine"" (that's already Slovak phrase, but it's a generic noun phrase, not a proper name? It's a museum in Krupina. Should we translate subject? It's already Slovak. Keep as is.) - predicate: ""dedicatedTo"" -> translate to Slovak: ""venované"" or ""venované (komu?)"". Use ""venované"" maybe. Or ""venované"" is past participle. Could be ""je venované"". We'll produce sentence: ""Múzeum v Krupine je venované Andrejovi Sládkovičovi a nachádza sa v Krupine."" Need to include both facts. Use ""nachádza sa"" for locatedIn. Check requirement: translate predicate always to Slovak and use naturally. So ""dedicatedTo"" -> ""venované"" (or ""venované"" as adjective). ""locatedIn"" -> ""nachádza sa v"". So sentence: ""Múzeum v Krupine je venované Andrejovi Sládkovičovi a nachádza sa v Krupine."" Make sure we keep proper name Andrej Sládkovič unchanged. Use diacritics correct. Thus final answer: one sentence."
Id173,culture,,,2,Mária Rázusová Martáková má pseudonym Ivo Medin a je spisovateľka.,"We need to produce Slovak sentence(s) expressing both facts. Entities: ""Mária Rázusová Martáková"" is a proper name, keep as is. Predicate ""hasPseudonym"" translate to ""má pseudonym"". Object ""Ivo Medin"" is proper name, keep. Second: predicate ""isOccupation"" translate to ""je povolanie""? Actually ""isOccupation"" means ""má povolanie"" or ""je (povolanie)"". Should be ""je spisovateľka"". So sentence: ""Mária Rázusová Martáková má pseudonym Ivo Medin a je spisovateľka."" Or two sentences. Must include both facts. Use exactly given info. No extra. So final answer: one sentence."
Id174,geography,,,2,Vodné dielo Čerenec leží na Holeška. Holeška je potok.,"We need to produce Slovak sentence(s) that express all facts. Two triples: 1. Subject: ""Vodné dielo Čerenec"" predicate: ""liesOn"" object: ""Holeška"" 2. Subject: ""Holeška"" predicate: ""isA"" object: ""potok"" We must translate predicate to Slovak: ""liesOn"" -> ""sa nachádza na"" or ""leží na"". ""isA"" -> ""je"". So we need sentences: ""Vodné dielo Čerenec leží na Holeška."" and ""Holeška je potok."" Could combine: ""Vodné dielo Čerenec leží na Holeška, ktorá je potok."" But need to include both facts. The second fact: Holeška is a potok. Could be separate sentence. The instruction: one sentence (or two short if needed). We can do two sentences: ""Vodné dielo Čerenec leží na Holeška. Holeška je potok."" That covers both. Ensure no extra info. Use proper Slovak: ""Vodné dielo Čerenec leží na Holeška. Holeška je potok."" That is fine. Check translation of ""liesOn"": ""leží na"". Good. Thus output only those sentences."
Id175,culture,,,1,Eugen Suchoň je zakladateľom slovenskej národnej opery.,"We need to produce Slovak sentence(s) expressing the fact: ""Eugen Suchoň isFounderOf slovenská národná opera"". Translate predicate ""isFounderOf"" to Slovak: ""je zakladateľom"". Subject: Eugen Suchoň (proper name, keep). Object: ""slovenská národná opera"" (translate entity, it's already Slovak). So sentence: ""Eugen Suchoň je zakladateľom slovenskej národnej opery."" Need correct case: ""zakladateľom"" takes genitive? Actually ""zakladateľom"" + genitive: ""slovenskej národnej opery"". Yes. Thus output single sentence."
Id176,geography,,,1,Pamätná izba Jána Hollého sa nachádza v Dobrej Vode.,"We need to produce a Slovak sentence expressing the fact: ""Pamätná izba Jána Hollého"" location ""Dobrej Vode"". Translate non-proper nouns: ""Pamätná izba Jána Hollého"" is a proper name? It's a name of a place, but includes generic words ""Pamätná izba"". Should we translate? The rule: translate each entity that is NOT a proper name (e.g., general nouns, roles, general descriptions). Proper names keep original. ""Pamätná izba Jána Hollého"" includes ""Pamätná izba"" (memorial room) and ""Jána Hollého"" (proper name). The whole phrase is likely a proper name of a location. But we might treat ""Pamätná izba"" as generic, but it's part of the name. The rule: ""Prelož do slovenčiny každú entitu, ktorá NIE JE vlastné meno (napr. všeobecné podstatné mená, roly, všeobecné opisy). Vlastné mená (mená osôb, miest, organizácií, diel atď.) ponechaj v pôvodnej podobe."" The entity ""Pamätná izba Jána Hollého"" is likely a proper name of a memorial room. It contains a proper name ""Jána Hollého"". The rest ""Pamätná izba"" is generic but part of the name. However, it's still the name of the entity. I'd keep it as is because it's the name. The location ""Dobrej Vode"" is a place name (proper). So the sentence: ""Pamätná izba Jána Hollého sa nachádza v Dobrej Vode."" Use predicate ""nachádza sa"". The predicate ""location"" translates to ""nachádza sa"". So final answer: one sentence."
Id177,culture,,,1,Anton Bernolák je prvým kodifikátorom spisovnej slovenčiny.,"We need to produce a Slovak sentence expressing the fact: ""Anton Bernolák | firstCodifierOf | spisovná slovenčina"". Translate predicate to Slovak: ""prvý kodifikátor"". Actually ""firstCodifierOf"" -> ""prvý kodifikátor"". The object ""spisovná slovenčina"" is not a proper name, so translate? It's already Slovak phrase meaning ""standard Slovak"". Keep as is. Subject is proper name, keep. So sentence: ""Anton Bernolák je prvým kodifikátorom spisovnej slovenčiny."" Need to reflect ""firstCodifierOf"" meaning ""prvý kodifikátor"". Use ""je"" maybe. Provide one sentence."
Id178,culture,,,2,Prvá kodifikovaná forma slovenčiny má názov bernolákovčina a má nárok na celospoločenskú platnosť.,"We need to produce Slovak sentence(s) that express both facts. Triples: - ""prvá kodifikovaná forma slovenčiny"" | hasName | bernolákovčina - ""prvá kodifikovaná forma slovenčiny"" | hasClaim | celospoločenská platnosť We need to translate predicate to Slovak: ""hasName"" -> ""má názov"". ""hasClaim"" -> ""má nárok"" or ""má tvrdenie""? Probably ""má nárok"" or ""má nárok na"". The object ""bernolákovčina"" is a proper name? It's a name of a language form, likely not a proper name? It's a term, but maybe treat as proper? The instruction: translate each entity that is NOT a proper name. ""bernolákovčina"" is a name of a language form, likely considered a proper name? It's a term, but maybe it's a proper noun? I'd treat as proper name? The rule: keep proper names unchanged. ""prvá kodifikovaná forma slovenčiny"" is a description, not proper name, so translate each part: ""prvá kodifikovaná forma slovenčiny"" is already Slovak. So we keep as is. The object ""celospoločenská platnosť"" is a phrase, not proper name, so translate? It's already Slovak. So we keep. Thus sentence: ""Prvá kodifikovaná forma slovenčiny má názov bernolákovčina a má nárok na celospoločenskú platnosť."" But ""hasClaim"" maybe ""má nárok"". Could be ""má nárok na"". The object is ""celospoločenská platnosť"". So ""má nárok na celospoločenskú platnosť"". That seems natural. Thus produce one sentence. Check: Use all facts, no extra. Yes. Return only the sentence."
Id179,sports,,,1,Erik Vlček má povolanie kanoistika.,"We need to produce Slovak sentence(s) expressing the fact: Erik Vlček | profession | kanoistika. Translate predicate ""profession"" to Slovak ""povolanie"" or ""profesia""? Likely ""povolanie"". Entity ""kanoistika"" is not a proper name, so translate? It's already Slovak word meaning ""canoeing"". Keep as is. So sentence: ""Erik Vlček má povolanie kanoistika."" Or ""Erik Vlček je kanoistika""? Better: ""Erik Vlček má povolanie kanoistika."" That expresses subject, predicate, object. Use ""má povolanie"". Should we translate predicate ""profession"" as ""povolanie""? Yes. So final answer: one sentence."
Id180,politics,,,2,Ministerstvo obrany má skratku MO SR. MO SR zastupuje Ministerstvo obrany.,"We need to produce Slovak sentence(s) that express all facts. Two triples: 1. Subject: Ministerstvo obrany, predicate: abbreviation, object: MO SR. 2. Subject: MO SR, predicate: represents, object: Ministerstvo obrany. We need to translate predicate to Slovak: ""abbreviation"" -> ""skratka"". ""represents"" -> ""zastupuje"". Entities that are not proper names should be translated: ""Ministerstvo obrany"" is a generic term? It's a proper name? It's likely a proper name of a ministry, but it's a generic term? The instruction: translate each entity that is NOT a proper name (e.g., common nouns, roles, general descriptions). Proper names (names of persons, places, organizations, works) keep original. ""Ministerstvo obrany"" is the name of a ministry, likely considered proper name, but could be considered generic? It's a specific institution, but it's a proper name in Slovak. The instruction says keep proper names in original form. Since it's already Slovak, it's fine. ""MO SR"" is an abbreviation, likely proper name, keep as is. Thus we need sentences: ""Ministerstvo obrany má skratku MO SR."" and ""MO SR zastupuje Ministerstvo obrany."" But second seems reversed: MO SR represents Ministerstvo obrany. Actually ""represents"" means ""zastupuje"". So ""MO SR zastupuje Ministerstvo obrany."" That expresses both facts. Could combine: ""Ministerstvo obrany má skratku MO SR, ktorá zastupuje Ministerstvo obrany."" That would be weird. Better separate sentences. Thus output two sentences. Ensure no extra text."
Id181,geography,,,1,Ľubomír Feldek má miesto narodenia Žilina.,"We need to produce a Slovak sentence expressing the fact: ""Ľubomír Feldek | birthPlace | Žilina"". Translate predicate ""birthPlace"" to Slovak: ""miesto narodenia"". So sentence: ""Ľubomír Feldek má miesto narodenia Žilina."" Or ""Ľubomír Feldek sa narodil v Žiline."" But need to use predicate translation ""miesto narodenia"". Could be ""Ľubomír Feldek má miesto narodenia Žilina."" That is natural. Ensure we use only given info. No extra. Provide only sentence."
Id182,geography,,,1,Kňazský seminár sv. Františka Xaverského sa nachádza v Badíne.,"We need to produce Slovak sentence(s) expressing the fact: ""Kňazský seminár sv. Františka Xaverského"" locatedIn ""Badín"". Translate predicate ""locatedIn"" to Slovak ""sa nachádza v"" or ""sa nachádza v"". Entities not proper names: ""Kňazský seminár sv. Františka Xaverského"" is a proper name? It's a name of institution, includes title, but likely proper name, keep as is. ""Badín"" is a place name, proper name, keep. So sentence: ""Kňazský seminár sv. Františka Xaverského sa nachádza v Badíne."" Use correct case: ""v Badíne"". Yes. Return only sentence."
Id183,geography,,,2,Kulisovo je národná prírodná rezervácia a nachádza sa v Badíne.,"We need to produce Slovak sentence(s) that express both facts: Kulisovo is a national nature reserve, and Kulisovo is located in Badín. Must translate predicate to Slovak: ""is"" -> ""je"", ""locatedIn"" -> ""sa nachádza v"". Also translate non-proper nouns: ""národná prírodná rezervácia"" already Slovak, ""Badín"" is proper name, keep. So sentence: ""Kulisovo je národná prírodná rezervácia a nachádza sa v Badíne."" Or two sentences: ""Kulisovo je národná prírodná rezervácia. Kulisovo sa nachádza v Badíne."" Both fine. Must include all facts, no extra. Use proper translation. Provide only sentence(s). I'll output one sentence."
Id184,history,,,1,Kňazský seminár sv. Františka Xaverského je súčasťou Univerzity Komenského.,"We need to produce a Slovak sentence expressing the fact: ""Kňazský seminár sv. Františka Xaverského"" is part of ""Univerzita Komenského"". Translate predicate ""partOf"" to Slovak ""je súčasťou"" or ""patrí k"". Use natural sentence. Must not add any other info. So: ""Kňazský seminár sv. Františka Xaverského je súčasťou Univerzity Komenského."" Ensure proper case: ""Univerzita Komenského"" is proper name, keep. Use ""je súčasťou"". That's it."
Id185,culture,,,1,Katolícke noviny je vydavateľom spolku svätého Vojtecha.,"We need to produce Slovak sentence(s) expressing the fact: subject ""Katolícke noviny"", predicate ""publisher"", object ""spolok sväteho Vojtecha"". Translate predicate to Slovak: ""vydavateľ"". So sentence: ""Katolícke noviny je vydavateľom spolku svätého Vojtecha."" Need to translate object: ""spolok sväteho Vojtecha"" is not a proper name? It's likely an organization name, but it's not a proper name? It's a name of an association, could be considered proper, but instruction: translate each entity that is NOT a proper name. ""spolok sväteho Vojtecha"" includes ""svätého Vojtecha"" which is a proper name (Saint Vojtěch). The whole phrase is the name of the association, maybe treat as proper? The rule: translate each entity that is NOT a proper name. ""spolok sväteho Vojtecha"" includes a generic term ""spolok"" (association) plus proper name ""svätého Vojtecha"". So we keep ""svätého Vojtecha"" as is, translate ""spolok"" to Slovak (already Slovak). So keep as is. So sentence: ""Katolícke noviny je vydavateľom spolku svätého Vojtecha."" Use genitive ""spolku"". Good. Return only sentence."
Id186,culture,,,2,Ján Palárik je autorom Zmierenie alebo Dobrodružstvo pri obžinkoch a toto dielo má žáner komédia.,"We need to produce Slovak sentence(s) that express all facts. Two triples: 1. Ján Palárik | authorOf | Zmierenie alebo Dobrodružstvo pri obžinkoch 2. Zmierenie alebo Dobrodružstvo pri obžinkoch | genre | comedy We need to translate predicate to Slovak: ""authorOf"" -> ""je autorom"" or ""napísal"". ""genre"" -> ""má žáner"". Use natural sentence. We must include both facts. Could be: ""Ján Palárik je autorom diela Zmierenie alebo Dobrodružstvo pri obžinkoch, ktoré má žáner komédia."" Or two sentences: ""Ján Palárik je autorom Zmierenie alebo Dobrodružstvo pri obžinkoch. Zmierenie alebo Dobrodružstvo pri obžinkoch má žáner komédia."" We need to translate ""comedy"" to Slovak ""komédia"". Use ""komédia"". Ensure no extra info. Thus output one or two sentences. Provide only the sentence(s)."
Id187,geography,,,1,Vodné dielo Gabčíkovo je postavené na rieke Dunaj.,"We need to produce a Slovak sentence expressing the fact: ""Vodné dielo Gabčíkovo"" builtOnRiver ""Dunaj"". Translate predicate to Slovak: ""postavené na rieke"". Entities: ""Vodné dielo Gabčíkovo"" is a proper name? It's a name of a water structure, but it's not a person, but it's a proper name. Should we translate? The rule: translate each entity that is NOT a proper name. ""Vodné dielo Gabčíkovo"" includes a generic term ""Vodné dielo"" plus proper name ""Gabčíkovo"". Probably treat whole as proper name? Might keep as is. ""Dunaj"" is proper name (river name). So keep both. Sentence: ""Vodné dielo Gabčíkovo je postavené na rieke Dunaj."" Or ""Vodné dielo Gabčíkovo bolo postavené na rieke Dunaj."" Predicate ""builtOnRiver"" could be present or past. Use present: ""je postavené na rieke"". That conveys fact. Provide one sentence."
Id188,culture,,,2,Film Sokoliar Tomáš je založený na scenári od Jozefa Cígera Hronského. Jozef Cíger Hronský napísal scenár pre film Sokoliar Tomáš.,"We need to produce Slovak sentence(s) that express all facts. Two triples: 1. film Sokoliar Tomáš | basedOnScriptBy | Jozef Cíger Hronský -> ""film Sokoliar Tomáš je založený na scenári od Jozefa Cígera Hronského"" but need translate predicate ""basedOnScriptBy"" to Slovak: ""založený na scenári od"". Or ""film Sokoliar Tomáš je založený na scenári od Jozefa Cígera Hronského"". Use proper case. 2. Jozef Cíger Hronský | wroteScriptFor | film Sokoliar Tomáš -> ""Jozef Cíger Hronský napísal scenár pre film Sokoliar Tomáš."" We must include both facts. Could combine: ""Film Sokoliar Tomáš je založený na scenári od Jozefa Cígera Hronského a Jozef Cíger Hronský napísal scenár pre tento film."" But need not add ""tento"". Might be okay. Ensure no extra facts. Use both. Provide one or two sentences. Probably two sentences: first about basedOnScriptBy, second about wroteScriptFor. Ensure translation of predicate: ""basedOnScriptBy"" -> ""založený na scenári od"". ""wroteScriptFor"" -> ""napísal scenár pre"". Provide exactly. Let's output: ""Film Sokoliar Tomáš je založený na scenári od Jozefa Cígera Hronského. Jozef Cíger Hronský napísal scenár pre film Sokoliar Tomáš."" Check: uses all facts, no extra. Good."
Id189,culture,,,2,Festival Soaré sa nachádza v Banskej Bystrici a typ podujatia je festival.,"We need to produce Slovak sentence(s) that express both facts: Festival Soaré is located in Banská Bystrica, and Festival Soaré has event type festival. Must translate predicate to Slovak. Predicates: ""location"" -> ""nachádza sa v"" or ""má miesto konania v"". ""eventType"" -> ""typ podujatia"". Use natural phrasing. Must include both facts, no extra info. Could be one sentence: ""Festival Soaré sa nachádza v Banskej Bystrici a typ podujatia je festival."" That uses both. Ensure translation of ""location"" as ""nachádza sa v"". ""eventType"" as ""typ podujatia"". Provide exactly that sentence. No extra."
Id190,geography,,,1,Poľana je najvyšším vrchom Poľany.,"We need to produce Slovak sentence(s) expressing the fact: Poľana is highest peak of Poľana. Both subject and object are ""Poľana"". Need to translate predicate to Slovak: ""je najvyšším vrchom"". The entity ""Poľana"" is a proper name, keep as is. So sentence: ""Poľana je najvyšším vrchom Poľany."" That repeats Poľana twice, but that's fine. Ensure no extra info. Output only the sentence."
Id191,geography,,,3,"CHKO Dunajské luhy spravuje Ostrovné lúky, ktoré sú chránené vtáčie územie a nachádzajú sa v Nitrianskom kraji.","We need to produce Slovak sentence(s) that express all facts. Triples: 1. CHKO Dunajské luhy | manages | Ostrovné lúky 2. Ostrovné lúky | isA | chránené vtáčie územie 3. Ostrovné lúky | locatedIn | Nitriansky kraj We need to translate predicate to Slovak: ""manages"" -> ""spravuje"" (or ""riadi""? but ""spravuje"" is natural). ""isA"" -> ""je"" (or ""je typom""? but ""je"" works). ""locatedIn"" -> ""sa nachádza v"". Use proper forms. We need to include all facts. Could be one sentence: ""CHKO Dunajské luhy spravuje Ostrovné lúky, ktoré sú chránené vtáčie územie a nachádzajú sa v Nitrianskom kraji."" That includes all three. Ensure translation of ""CHKO Dunajské luhy"" stays same. ""Ostrovné lúky"" stays same. ""chránené vtáčie územie"" is translation of isA. Good. Check: ""spravuje"" is correct for ""manages"". ""sú"" for ""are"". ""nachádzajú sa v"" for ""locatedIn"". All facts included. Make sure not to add extra info. The phrase ""ktoré sú chránené vtáčie územie a nachádzajú sa v Nitrianskom kraji"" includes both facts. That's fine. Return only the sentence."
Id192,geography,,,2,Trenčín sa nachádza v Údolie Váh a Údolie Váh obsahuje rieku Váh.,"We need to produce Slovak sentence(s) that express all facts. Two triples: 1. Trenčín | location | Údolie Váh 2. Údolie Váh | containsRiver | Váh We must translate predicate to Slovak: ""location"" -> ""sa nachádza v"" or ""má polohu"". Probably ""sa nachádza v"". For ""containsRiver"" -> ""obsahuje rieku"". So we need sentences that include both facts. We must not add extra info. So we can say: ""Trenčín sa nachádza v Údolí Váh a Údolie Váh obsahuje rieku Váh."" That includes both facts. Ensure translation of entities: ""Trenčín"" is proper name, keep. ""Údolie Váh"" is proper name? It's a geographic name, likely proper, but instruction: translate each entity that is NOT a proper name. ""Údolie Váh"" is a name of a place, likely proper, but it's a phrase meaning ""Valley of the Váh"". Might be considered proper name, but could be considered generic? The rule: translate each entity that is not a proper name. Since ""Údolie Váh"" is a proper name of a valley, we should keep as is. ""Váh"" is proper name of river, keep. So sentence as above. Check predicate translation: ""location"" -> ""sa nachádza v"". ""containsRiver"" -> ""obsahuje rieku"". Good. Thus final answer: one sentence."
Id193,culture,,,1,Zdena Studenková je slovenská herečka.,"We need to produce a Slovak sentence expressing the fact: Zdena Studenková is a Slovak actress. Translate predicate isA to ""je"". Also translate entity ""slovenská herečka"". Already Slovak. So sentence: ""Zdena Studenková je slovenská herečka."" That's it."
Id194,history,,,5,"Trojica reprezentuje Historické Slovenské Národné Hnutie, má členov Štúra, Hurbana a Hodžu a je najznámejší true.","We need to produce Slovak sentence(s) expressing all facts. Entities: ""Trojica"" is subject? Actually each triple uses subject ""Trojica"". So we need to say: Trojica represents Historické Slovenské Národné Hnutie. Trojica hasMembers Štúr, Hurban, Hodža. Trojica isMostFamous true. Need to translate predicate to Slovak: ""represents"" -> ""reprezentuje"". ""hasMembers"" -> ""má členov"". ""isMostFamous"" -> ""je najznámejší"". The object ""true"" maybe keep as ""true""? Should we translate? It's a boolean literal. Probably keep as ""true"". But maybe we can say ""je najznámejší true""? That sounds odd. Could say ""je najznámejší: true"". But requirement: use only info, no extra. So we must include that fact: Trojica je najznámejší true. Might be okay. We need to translate non-proper nouns: ""Historické Slovenské Národné Hnutie"" is a proper name? It's an organization name, likely proper, keep as is. ""Štúr"", ""Hurban"", ""Hodža"" are proper names, keep. Thus sentence: ""Trojica reprezentuje Historické Slovenské Národné Hnutie, má členov Štúra, Hurbana a Hodžu a je najznámejší true."" Note need correct Slovak grammar: ""Štúr"" in genitive? ""má členov Štúra, Hurbana a Hodžu"". Use proper case. Provide one sentence. Let's output that."
Id195,FAIL,,,5,"Univerzita Komenského v Bratislave je typom univerzita, nachádza sa v Slovensku, má stav aktívna, je najstaršia a je najväčšia.","We need to produce Slovak sentences expressing all facts. Entities: ""Univerzita Komenského v Bratislave"" is a proper name, keep as is. Predicates need translation: isType -> ""je typom"" or ""je"". Probably ""je typom"". country -> ""sa nachádza v krajine"" or ""má krajinu"". Use natural: ""sa nachádza v"". status -> ""má stav"" maybe ""má status"". Could say ""má stav aktívna"". isOldest -> ""je najstaršia"". isLargest -> ""je najväčšia"". Need include all facts. Could combine: ""Univerzita Komenského v Bratislave je typom univerzita, nachádza sa v Slovensku, má stav aktívna, je najstaršia a je najväčšia."" But need proper grammar: ""je typom univerzita"" sounds odd; better ""je univerzitou"". But predicate is isType, translation ""je typom"". Could phrase ""je typom univerzita"". Might be acceptable. Use commas. Ensure all facts: type, country, status, isOldest true, isLargest true. Provide one sentence. Let's craft: ""Univerzita Komenského v Bratislave je typom univerzita, nachádza sa v Slovensku, má stav aktívna, je najstaršia a je najväčšia."" That includes all. Ensure no extra info. Good."
Id196,geography,,,2,Most SNP má neoficiálnu prezývku UFO most a nachádza sa v Bratislave.,"We need to produce Slovak sentence(s) that express all facts: ""Most SNP"" has unofficial nickname ""UFO most"" and location ""Bratislava"". Translate non-proper nouns: ""most"" is a noun, but ""Most SNP"" is a proper name? It's a proper name of a bridge, but it's a proper noun. Should we keep as is? The rule: translate each entity that is NOT a proper name. ""Most SNP"" is a proper name (bridge name). So keep as is. ""unofficialNickname"" translate predicate to Slovak: ""má neoficiálnu prezývku"". ""location"" translate to ""sa nachádza v"". So sentence: ""Most SNP má neoficiálnu prezývku UFO most a nachádza sa v Bratislave."" Need to keep ""UFO most"" as is? It's a nickname, not proper name? It's a phrase, but likely not proper name. However rule: translate each entity that is NOT a proper name. ""UFO most"" includes ""most"" which is common noun, but it's part of nickname. Should we translate ""UFO most"" to Slovak? It's already Slovak ""UFO most"". It's fine. Keep as is. Also ""Bratislava"" is proper name, keep. Thus one sentence."
Id197,history,,,2,Bratislava má starý nemecký názov Pressburg a starý grécky názov Istropolis.,"We need to produce Slovak sentence(s) that express both facts. Entities: subject ""Bratislava"" (proper name) keep as is. Predicates: ""oldGermanName"" translate to ""starý nemecký názov"". Object ""Pressburg"" (proper name) keep. Second: ""oldGreekName"" translate to ""starý grécky názov"". Object ""Istropolis"". So sentence: ""Bratislava má starý nemecký názov Pressburg a starý grécky názov Istropolis."" Or two sentences. Must include both facts. Use only given info. That seems fine. Ensure no extra info. Provide only sentence(s)."
Id198,history,,,1,Pribina vládol v Nitrianskom kniežatstve.,"We need to produce a Slovak sentence expressing the fact: ""Pribina ruledIn Nitrianske Kniežatstvo"". Need to translate predicate ""ruledIn"" to Slovak. Likely ""vládol v"". So sentence: ""Pribina vládol v Nitrianskom kniežatstve."" Need to translate entity Nitrianske Kniežatstvo: it's not a proper name? It seems a proper name of a principality, but instruction: translate each entity that is NOT a proper name. Is ""Nitrianske Kniežatstvo"" a proper name? It's a specific historical entity, likely considered proper name, but they say proper names (mená osôb, miest, organizácií, diel) keep original. ""Nitrianske Kniežatstvo"" is a proper name of a principality, so keep as is. However ""Nitrianske Kniežatstvo"" includes adjective ""Nitrianske"" and noun ""Kniežatstvo"". Might be considered proper name, so keep unchanged. The predicate translation: ""vládol v"". So final sentence: ""Pribina vládol v Nitrianskom kniežatstve."" Wait, need to keep original case? The original is ""Nitrianske Kniežatstvo"". Should we keep that exact phrase? The instruction: translate each entity that is NOT a proper name. Since it's a proper name, keep original. So we keep ""Nitrianske Kniežatstvo"". But the preposition ""v"" requires locative case; but we cannot change the name? Could we say ""v Nitrianskom kniežatstve""? That changes the name. Might be considered translation. However they said keep proper names unchanged. So we should keep ""Nitrianske Kniežatstvo"". But then grammar: ""vládol v Nitrianske Kniežatstvo"" is ungrammatical. Could we say ""vládol nad Nitrianskym kniežatstvom""? That changes. Maybe we can use ""vládol v Nitrianskom kniežatstve"" but that modifies the name. Might be acceptable because we are translating the entity to Slovak? The entity is already Slovak. It's a proper name, but we might need to adjust case. The instruction didn't forbid case changes; they said translate each entity that is NOT a proper name. For proper names, keep original form. But case inflection is part of grammar, not translation. Could we keep the base form and inflect? Probably okay. So ""Nitrianske Kniežatstvo"" base, inflected to locative ""Nitrianskom kniežatstve"". That changes the ending but not the name. I'd output: ""Pribina vládol v Nitrianskom kniežatstve."" That respects grammar. Let's do that."
Id199,geography,,,3,"Vážska kaskáda je systém, ktorý obsahuje priehrady a vodné elektrárne.","We need to produce Slovak sentence(s) that express all facts. Triples: - vážska kaskáda isA systém -> ""vážska kaskáda je systém."" - vážska kaskáda contains priehrady -> ""vážska kaskáda obsahuje priehrady."" - vážska kaskáda contains vodné elektrárne -> ""vážska kaskáda obsahuje vodné elektrárne."" We need to combine maybe into one sentence: ""Vážska kaskáda je systém, ktorý obsahuje priehrady a vodné elektrárne."" That includes all facts. Use translation: ""isA"" -> ""je"". ""contains"" -> ""obsahuje"". Entities not proper names: ""systém"", ""priehrady"", ""vodné elektrárne"". Keep ""vážska kaskáda"" as is. Provide one sentence. Ensure no extra facts. That sentence includes that it is a system and contains both. It's natural. Provide only the sentence."
Id200,geography,,,3,"Budova sa nachádza v Bratislave, je oproti OC Avion a patrí spoločnosti Ikea.","We need to produce Slovak sentence(s) that express all facts. Triples: - Budova | location | Bratislava -> The building is located in Bratislava. - Budova | oppositeTo | OC Avion -> The building is opposite OC Avion. - Budova | belongsTo | Ikea -> The building belongs to Ikea. We must translate predicate to Slovak: location -> ""nachádza sa v"" or ""je umiestnená v"". oppositeTo -> ""sa nachádza oproti"" or ""je oproti"". belongsTo -> ""patrí"". Use natural sentences. We must not add extra info. So maybe: ""Budova sa nachádza v Bratislave, je oproti OC Avion a patrí spoločnosti Ikea."" That includes all three facts. Ensure translation of entities not proper names: ""Budova"" is generic noun, keep as is? It's not proper name, but it's the subject. Should we translate? It's already Slovak. ""OC Avion"" is proper name, keep. ""Ikea"" proper name. Good. Thus one sentence."
Id201,culture,,,3,"Slovenské nárečia sú rozdelené na západoslovenské, stredoslovenské a východoslovenské.","We need to produce Slovak sentences expressing all facts. Triples: ""slovenské nárečia"" dividedInto ""západoslovenské"", ""stredoslovenské"", ""východoslovenské"". So we need to say that Slovak dialects are divided into western Slovak, central Slovak, eastern Slovak. Must translate predicate ""dividedInto"" to Slovak ""sú rozdelené na"" or ""sú rozdelené do"". Use natural sentence. Could be one sentence: ""Slovenské nárečia sú rozdelené na západoslovenské, stredoslovenské a východoslovenské."" That includes all three. Ensure we use ""slovenské nárečia"" as subject (not proper name). Predicate translated. Good."
Id202,geography,,,1,Budova Slovenského rozhlasu je označená ako Obrátená pyramída.,"We need to produce Slovak sentence(s) expressing the fact: ""Budova Slovenského rozhlasu"" designatedAs ""Obrátená pyramída"". Translate predicate ""designatedAs"" to Slovak: ""je označená ako"" or ""má označenie"". Use natural phrasing: ""Budova Slovenského rozhlasu je označená ako Obrátená pyramída."" Need to translate entity that is not proper name: ""Obrátená pyramída"" is a description, but it's likely a proper term? It's a shape name, but not a proper name? It's a generic term, but we can keep as is? The instruction: translate each entity that is NOT a proper name. ""Obrátená pyramída"" is a common noun phrase, not a proper name, so translate to Slovak. It's already Slovak. So keep as is. The subject ""Budova Slovenského rozhlasu"" is proper name? It's a building name, likely proper, keep as is. So final sentence: ""Budova Slovenského rozhlasu je označená ako Obrátená pyramída."""
Id203,geography,,,1,Rieka Teplica má neoficiálny názov Žarnovica.,"We need to produce a Slovak sentence expressing the fact: subject ""rieka Teplica"", predicate ""unofficialName"", object ""Žarnovica"". Translate predicate to Slovak: ""má neoficiálny názov"". The subject is ""rieka Teplica"". The object ""Žarnovica"" is a place name, proper noun, keep as is. So sentence: ""Rieka Teplica má neoficiálny názov Žarnovica."" That expresses the fact. Ensure no extra info."
Id204,history,,,2,Anton Bernolák sa pokúsil kodifikovať slovenčinu a jej základom pre kodifikáciu bolo západoslovenské nárečie.,"We need to produce Slovak sentence(s) that express both facts. Facts: 1. Anton Bernolák attempted to codify Slovak language (slovenčina). The predicate ""attemptedToCodify"" -> ""pokusil sa kodifikovať"". Object ""slovenčina"" is not a proper name, so translate to ""slovenčinu"". Subject is proper name, keep. 2. Anton Bernolák basisForCodification -> ""základ pre kodifikáciu"" of ""západoslovenské nárečie"". So ""západoslovenské nárečie"" is not proper name, translate to ""západoslovenské nárečie"". Already Slovak. We need to include both facts in one sentence or two short sentences. Could be: ""Anton Bernolák sa pokúsil kodifikovať slovenčinu a jej základom pre kodifikáciu bolo západoslovenské nárečie."" That includes both. Ensure we use ""pokusil sa kodifikovať"" maybe. Use ""základom pre kodifikáciu"". Should be natural. Check: we must not add extra facts. The sentence says ""a jej základom pre kodifikáciu bolo západoslovenské nárečie."" That states that the basis for codification was západoslovenské nárečie, which matches second triple. Good. Thus output only the sentence."
Id205,geography,,,1,Stará slovenská 20 halierová minca zobrazuje Kriváň.,"We need to produce a Slovak sentence expressing the fact: ""stará slovenská 20 halierová minca"" (subject) ""depicts"" (predicate) ""Kriváň"" (object). Translate predicate to Slovak: ""zobrazuje"". Also translate non-proper nouns: ""stará slovenská 20 halierová minca"" is already Slovak, keep as is. ""Kriváň"" is a proper name (mountain), keep. So sentence: ""Stará slovenská 20 halierová minca zobrazuje Kriváň."" Ensure no extra info. That's it."
Id206,culture,,,1,Pesnička „Cesty II. triedy“ má autora IMT Smile.,"We need to produce Slovak sentence(s) expressing the fact: Song ""Cesty II. triedy"" has author IMT Smile. Translate predicate ""author"" to Slovak ""autor"". Also translate entity ""Pesníčka"" which is not a proper name? Actually ""Pesníčka"" is a Slovak word meaning ""song"". It's a common noun, so translate to Slovak: ""pesnička"". The title is ""Cesty II. triedy"". Keep as is. So sentence: Pesnička ""Cesty II. triedy"" má autora IMT Smile. Or ""Autorom pesničky ... je IMT Smile."" Both fine. Must include all facts: subject, predicate, object. So one sentence: Pesnička ""Cesty II. triedy"" má autora IMT Smile."
Id207,geography,,,4,"Morské Oko je jazero, ktoré sa nachádza v Vihorlatských vrchoch a leží v Slovensku; Vihorlatské vrchy sú pohorie.","We need to produce Slovak sentence(s) that express all facts. Facts: 1. Morské Oko locatedIn Vihorlatské vrchy -> ""Morské Oko sa nachádza v Vihorlatských vrchoch."" 2. Morské Oko type jazero -> ""Morské Oko je jazero."" 3. Morské Oko country Slovensko -> ""Morské Oko leží v Slovensku."" (or ""Morské Oko je v Slovensku."") 4. Vihorlatské vrchy type pohorie -> ""Vihorlatské vrchy sú pohorie."" We need to include all facts, maybe combine: ""Morské Oko je jazero, ktoré sa nachádza v Vihorlatských vrchoch, a leží v Slovensku; Vihorlatské vrchy sú pohorie."" That's two sentences. Ensure no extra info. Use translation of predicates: ""nachádza sa v"", ""je"", ""leží v"", ""sú"". Should we keep ""type"" as ""je""? For Vihorlatské vrchy type pohorie -> ""Vihorlatské vrchy sú pohorie."" Good. Thus output two sentences."
Id208,politics,,,2,Ján Slota je známy svojou nenávisťou voči Maďarom a je slovenský politik.,"We need to produce Slovak sentences expressing both facts. Entities: Ján Slota (proper name) keep. Predicates: isKnownFor -> ""je známy pre"" maybe ""je známy svojou nenávisťou voči Maďarom"". Object: hatred towards Maďarom -> ""nenávisť voči Maďarom"". profession -> ""povolanie"" or ""profesia"". Should translate predicate to Slovak: ""profesia"" maybe ""povolanie"". Use ""profesia"" as translation of profession. So sentence: ""Ján Slota je známy svojou nenávisťou voči Maďarom a je slovenský politik."" Wait second fact: profession = slovenský politik. So we can combine: ""Ján Slota je známy svojou nenávisťou voči Maďarom a je slovenský politik."" That includes both facts. Ensure no extra info. Use ""je známy pre"" maybe ""je známy svojou"". The predicate is ""isKnownFor"". Could translate as ""je známy pre"". But ""pre nenávisť"" sounds odd. Better ""je známy svojou nenávisťou"". That's acceptable. Provide one sentence."
Id209,geography,,,2,Devínska Brána sa nachádza v Údolie Dunaja a Údolie Dunaja obsahuje Dunaj.,"We need to produce Slovak sentence(s) that express both facts. Entities: ""Devínska Brána"" (proper name) locatedIn ""Údolie Dunaja"". ""Údolie Dunaja"" contains ""Dunaj"". Translate non-proper nouns: ""locatedIn"" -> ""sa nachádza v"". ""contains"" -> ""obsahuje"". So sentence: ""Devínska Brána sa nachádza v Údolí Dunaja a Údolie Dunaja obsahuje Dunaj."" Need to keep exact names: ""Údolie Dunaja"" is proper? It's a geographic name, but likely considered proper, but instruction: translate each entity that is not a proper name. ""Údolie Dunaja"" is a name of a place, likely proper, but could be considered generic? It's a specific valley, but it's a proper name. The rule: keep proper names unchanged. So keep ""Údolie Dunaja"". ""Dunaj"" is proper name, keep. So sentence as above. Ensure diacritics correct. Provide only sentence."
Id210,history,,,2,"Morové stĺpy je pamiatka, ktorá spomína ukončenie morovej epidémie.","We need to produce Slovak sentence(s) that express both facts: ""Morové stĺpy"" is a ""pamiatka"" (monument) and ""Morové stĺpy"" commemorates the ""ukončenie morovej epidémie"" (the end of the plague epidemic). Need to translate predicate: isA -> ""je"". commemorates -> ""spomína"" or ""pamätá"" maybe ""spomína"". Use natural Slovak. Provide both facts in one sentence or two short sentences. Must not add any extra info. So: ""Morové stĺpy je pamiatka a spomína ukončenie morovej epidémie."" Or ""Morové stĺpy je pamiatka, ktorá spomína ukončenie morovej epidémie."" That includes both. Use ""je"" for isA. Use ""spomína"" for commemorates. Ensure no extra facts. Provide only sentence."
Id211,geography,,,5,"Západná časť je súčasťou D2, D2 je dialnicou; západná časť začína cezhraničným mostom nad riekou Morava, ktorý sa nachádza na štátnej hranici Česko/Slovensko a pretína rieku Morava.","We need to produce Slovak sentence(s) that express all facts. Facts: 1. ""západná časť"" partOf D2. 2. D2 type dialnica. 3. ""západná časť"" startsAt ""cezhraničný most nad riekou Morava"". 4. ""cezhraničný most nad riekou Morava"" location ""štátna hranica Česko/Slovensko"". 5. ""cezhraničný most nad riekou Morava"" crosses ""rieka Morava"". We need translate non-proper nouns: ""západná časť"" is generic? It's a phrase, keep as is? It's not proper name, but we translate predicate. The entities: D2 is probably identifier, keep as is. ""dialnica"" is type, keep as is. ""cezhraničný most nad riekou Morava"" is a description, not proper name, but we keep as is? It's a phrase, but it's not a proper name, but we keep original? The rule: translate each entity that is NOT a proper name. So we need to translate ""cezhraničný most nad riekou Morava"" to Slovak? It's already Slovak. ""štátna hranica Česko/Slovensko"" also Slovak. ""rieka Morava"" also Slovak. So no change. Now produce sentences: maybe combine: ""Západná časť je súčasťou D2, ktoré je dialnicou; západná časť začína cezhraničným mostom nad riekou Morava, ktorý sa nachádza na štátnej hranici Česko/Slovensko a pretína rieku Morava."" Check that we used all facts: partOf, type, startsAt, location, crosses. Yes. Make sure we used predicate translations: ""je súčasťou"" for partOf, ""je"" for type? Actually type predicate: ""type"" -> ""je"". Could be ""je typom"". But we need natural: ""D2 je dialnicou"". Good. ""startsAt"" -> ""začína"". ""location"" -> ""nachádza sa na"". ""crosses"" -> ""pretína"". Good. Now output only sentence(s). One sentence is fine."
Id212,history,,,1,Moravianska Venuša sa nachádza v Piešťany.,"We need to produce a Slovak sentence expressing the fact: ""Moravianska Venuša foundIn Piešťany"". Translate predicate ""foundIn"" to Slovak: ""sa nachádza v"" or ""bola nájdená v"". Since subject is ""Moravianska Venuša"" (likely a proper name) and object ""Piešťany"" (city). Use translation of predicate: ""sa nachádza v"". So sentence: ""Moravianska Venuša sa nachádza v Piešťanoch."" But need to keep object exactly as given? The object is ""Piešťany"". In Slovak, locative case is ""v Piešťanoch"". However requirement: preserve numbers, dates, values exactly as given, but not necessarily case? It says preserve all numbers, dates, values exactly as they are. For place names, we might need to keep the form? The object is ""Piešťany"". If we say ""v Piešťanoch"", we changed the form. Might be considered altering. Safer: ""Moravianska Venuša sa nachádza v Piešťany."" That is grammatically odd but maybe acceptable. Could also use ""bola nájdená v Piešťany"". That keeps object unchanged. Use predicate translation ""bola nájdená v"". So: ""Moravianska Venuša bola nájdená v Piešťany."" That respects object unchanged. Use past tense? ""foundIn"" could be present: ""sa nachádza v"". But ""sa nachádza v Piešťany"" also keeps object unchanged. I'll output: ""Moravianska Venuša sa nachádza v Piešťany."""
Id213,geography,,,1,Slovenská Štátna opera sa nachádza v Banskej Bystrici.,"We need to produce a Slovak sentence expressing the fact: ""Slovenská Štátna opera"" (subject) location (predikát) ""Banská Bystrica"" (object). Translate predicate to Slovak: ""sa nachádza v"" or ""má polohu v"". Use natural phrasing. Must not add extra info. So sentence: ""Slovenská Štátna opera sa nachádza v Banskej Bystrici."" Ensure location case: ""v Banskej Bystrici"". That's fine."
Id214,geography,,,1,Prievidza sa nachádza v Trenčianskom kraji.,"We need to produce a Slovak sentence expressing the fact: ""Prievidza is located in Trenčiansky kraj."" Translate predicate ""locatedIn"" to Slovak ""sa nachádza v"" or ""sa nachádza v"". Use proper translation of entities that are not proper names: ""Trenčiansky kraj"" is a proper name? It's a region name, likely proper, keep as is. ""Prievidza"" is proper name. So sentence: ""Prievidza sa nachádza v Trenčianskom kraji."" Wait ""Trenčiansky kraj"" is the name; in Slovak, the locative case is ""v Trenčianskom kraji"". Should we adjust? The instruction: translate each entity that is not a proper name. Since ""Trenčiansky kraj"" is a proper name (region name), keep as is. But grammar may require case change; however they didn't ask to inflect? They said translate each entity that is not a proper name. For proper names, keep original. So we keep ""Trenčiansky kraj"". But we need a natural Slovak sentence, so we might need case: ""v Trenčianskom kraji"". That's inflection, not translation. It's still the same entity but case changed. Is that allowed? Probably yes, as it's natural grammar. The entity is ""Trenčiansky kraj"". In sentence we can say ""v Trenčianskom kraji"". That's fine. Thus final answer: ""Prievidza sa nachádza v Trenčianskom kraji."""
Id215,geography,,,4,"Devínsky hrad sa nachádza vedľa sútoku, vedľa sútoku sa nachádza blízko riek Dunaj a Morava; Dunaj je typom rieka a Morava je typom rieka.","We need to produce Slovak sentence(s) that express all facts. Facts: 1. Devínsky hrad | location | vedľa sútoku 2. vedľa sútoku | nearRivers | Dunaj a Morava 3. Dunaj | riverType | river 4. Morava | riverType | river We must translate non-proper nouns. Entities: ""Devínsky hrad"" is proper name, keep. ""location"" predicate translate to ""sa nachádza"". ""vedľa sútoku"" is not proper? It's phrase meaning ""next to the confluence"". It's not a proper name, so translate each word? Actually ""vedľa sútoku"" is phrase, but we treat as entity, not proper name, so translate each word: ""vedľa sútoku"" maybe ""vedľa sútoku"" is already Slovak. It's fine. ""nearRivers"" predicate translate to ""sa nachádza blízko riek"". ""Dunaj a Morava"" are proper names (rivers). ""riverType"" predicate translate to ""je typom"". ""river"" translate to ""rieka"". So we need sentences covering all. We need to express that Devínsky hrad sa nachádza vedľa sútoku. Then vedľa sútoku sa nachádza blízko riek Dunaj a Morava. Then Dunaj je typom rieka. Morava je typom rieka. We could combine: ""Devínsky hrad sa nachádza vedľa sútoku, ktorý sa nachádza blízko riek Dunaj a Morava; Dunaj je rieka a Morava je rieka."" But need to use predicate translations: ""riverType"" -> ""je typom"". So ""Dunaj je typom rieka"" maybe unnatural but okay. Could say ""Dunaj je typom rieka"" and ""Morava je typom rieka"". Or ""Dunaj je rieka"" is simpler but must reflect predicate. The instruction: translate predicate to Slovak and use naturally. So ""riverType"" -> ""je typom"". So ""Dunaj je typom rieka"". Similarly. We must not add facts. The phrase ""ktorý sa nachádza"" adds relative clause referencing ""vedľa sútoku"". That's okay because it's just linking facts, not adding new info. Should we keep ""nearRivers"" translation as ""sa nachádza blízko riek""? So ""vedľa sútoku sa nachádza blízko riek Dunaj a Morava"". That expresses second fact. Thus final: ""Devínsky hrad sa nachádza vedľa sútoku, vedľa sútoku sa nachádza blízko riek Dunaj a Morava; Dunaj je typom rieka a Morava je typom rieka."" Check all facts: 1,2,3,4 covered. No extra. Use proper names unchanged. Good. Return only sentence(s)."
Id216,politics,,,3,"Parlamentné voľby sa konali v roku 2006 a vyhrala ich Smer Sociálna Demokracia, ktorá je slovenská politická strana.","We need to produce Slovak sentence(s) that express all facts. Facts: 1. parlamentné voľby | year | 2006 → ""parlamentné voľby"" is subject, predicate ""year"" (rok), object ""2006"". So ""Parlamentné voľby sa konali v roku 2006."" Or ""Parlamentné voľby mali rok 2006."" Better: ""Parlamentné voľby sa konali v roku 2006."" 2. parlamentné voľby | winner | Smer Sociálna Demokracia → ""Parlamentné voľby"" winner ""Smer Sociálna Demokracia"". So ""Parlamentné voľby vyhrala Smer Sociálna Demokracia."" 3. Smer Sociálna Demokracia | type | slovenská politická strana → ""Smer Sociálna Demokracia"" type ""slovenská politická strana"". So ""Smer Sociálna Demokracia je slovenská politická strana."" We need to include all facts, can be one or two sentences. Could combine: ""Parlamentné voľby sa konali v roku 2006 a vyhrala ich Smer Sociálna Demokracia, ktorá je slovenská politická strana."" That includes all three facts in one sentence. Ensure translation of predicate: year -> ""rok"", winner -> ""víťaz"", but we can phrase naturally. Use ""vyhrala"". type -> ""typ"" but we phrase ""je"". That's okay. We must not add extra facts. The sentence includes that the elections were in 2006, winner Smer Sociálna Demokracia, and that Smer Sociálna Demokracia is a Slovak political party. That's all. Check no extra info. Good. Return only the sentence."
Id217,geography,,,2,Ostredok sa nachádza v Velka Fatra. Velka Fatra je Podhorie.,"We need to produce Slovak sentence(s) that express both facts. Entities: Ostredok, Velka Fatra, Podhorie. Non-proper nouns translate: ""locatedIn"" -> ""sa nachádza v"". ""isA"" -> ""je"". So sentences: ""Ostredok sa nachádza v Veľkej Fatre."" and ""Veľká Fatra je podhorie."" Need to keep proper names unchanged: Ostredok, Velka Fatra, Podhorie. But we need to translate non-proper nouns: ""Podhorie"" is a common noun? Actually it's a name of a region, but likely proper noun. The instruction: translate each entity that is NOT a proper name. ""Podhorie"" is a region name, likely proper, but could be considered proper. However they said proper names (mená osôb, miest, organizácií, diel). Podhorie is a region, likely proper. So keep as is. ""Velka Fatra"" is proper name, keep. ""Ostredok"" is a mountain, proper name, keep. So only translate predicates. So final: ""Ostredok sa nachádza v Velka Fatra a Velka Fatra je Podhorie."" But need natural flow. Could be two sentences. Provide both. Ensure diacritics? Original has ""Velka Fatra"" without diacritics, keep as is. ""Podhorie"" also. So final answer: two sentences."
Id218,geography,,,2,Južný obchvat Nitry tvorí R1. R1 je diaľnica.,"We need to produce Slovak sentence(s) that express all facts. Two triples: 1. ""Južný obchvat Nitry | forms | R1"" 2. ""R1 | isA | diaľnica"" We must translate predicate ""forms"" to Slovak, likely ""tvoria"" or ""vytvára"". Subject ""Južný obchvat Nitry"" is a proper name? It's a name of a road, but it's not a proper name? It's a specific thing, but likely treat as proper name? The instruction: translate each entity that is NOT a proper name. ""Južný obchvat Nitry"" is a specific name, maybe considered proper name, but it's a phrase. Might keep as is. ""R1"" is identifier, not proper name, but it's a code. Probably keep as is. ""diaľnica"" is a common noun, translate predicate ""isA"" to ""je"". So we need sentences: ""Južný obchvat Nitry tvorí R1 a R1 je diaľnica."" But need to convey both facts. Could be two sentences: ""Južný obchvat Nitry tvorí R1. R1 je diaľnica."" That uses ""tvorí"" for ""forms"". Should we use ""tvoria""? Subject singular, so ""tvorí"". Good. Make sure we include all facts. Yes. Return only the sentence(s)."
Id219,sports,,,3,Najväčší Trenčiansky hokejový klub má názov HK Dukla Trenčín. HK Dukla Trenčín je typom hokejový klub a sa nachádza v Trenčín.,"We need to produce Slovak sentence(s) that express all facts. Facts: 1. Najväčší Trenčiansky hokejový klub hasName HK Dukla Trenčín. 2. HK Dukla Trenčín isType hokejový klub. 3. HK Dukla Trenčín isLocatedIn Trenčín. We must translate predicate to Slovak: ""hasName"" -> ""má názov"". ""isType"" -> ""je typom"" or ""je"". Probably ""je typom"". ""isLocatedIn"" -> ""sa nachádza v"". Also need to translate non-proper nouns: ""Najväčší Trenčiansky hokejový klub"" is a phrase, but it's a proper description? It's not a proper name, but it's a phrase. Should we translate? It's already Slovak. So we keep as is. We need to include all facts. Could be one sentence: ""Najväčší Trenčiansky hokejový klub má názov HK Dukla Trenčín, je typom hokejový klub a nachádza sa v Trenčín."" But ""je typom hokejový klub"" maybe ""je hokejovým klubom"". But predicate translation: ""isType"" -> ""je typom"". Could be ""je typom hokejový klub"". Might be okay. Or ""je hokejovým klubom"". But we must translate predicate, not necessarily keep original phrase. The instruction: ""Predikát VŽDY prelož do slovenčiny a použi ho vo vete prirodzene."" So we need to translate each predicate. So ""hasName"" -> ""má názov"". ""isType"" -> ""je typom"". ""isLocatedIn"" -> ""sa nachádza v"". So we need to use those forms. Thus sentence: ""Najväčší Trenčiansky hokejový klub má názov HK Dukla Trenčín, je typom hokejový klub a sa nachádza v Trenčín."" Might need ""je typom hokejového klubu""? But object is ""hokejový klub"". So ""je typom hokejový klub"". Could be ""je typom hokejový klub"". It's a bit odd but okay. We could also split into two short sentences: ""Najväčší Trenčiansky hokejový klub má názov HK Dukla Trenčín. HK Dukla Trenčín je typom hokejový klub a sa nachádza v Trenčín."" That covers all. Make sure no extra facts. Use exact names. Provide only sentence(s). Let's output two sentences for clarity."
Id220,geography,,,3,"Bratislavský kraj je regiónom Slovenska, má najmenšiu veľkosť oblasti a je typu kraj.","We need to produce Slovak sentence(s) expressing all facts. Triples: 1. Bratislavský kraj | isRegionOf | Slovensko -> ""Bratislavský kraj je regiónom Slovenska"" (translate predicate ""isRegionOf"" to ""je regiónom"" maybe ""je regiónom"" or ""je regiónom krajiny""? but keep literal: ""je regiónom"". Should we translate ""isRegionOf"" as ""je regiónom""? Yes. 2. Bratislavský kraj | hasAreaSize | smallest -> ""Bratislavský kraj má veľkosť oblasti najmenšiu"" maybe ""má najmenšiu veľkosť oblasti"". Need natural Slovak: ""má najmenšiu rozlohu"". But ""hasAreaSize"" -> ""má veľkosť oblasti"". Object ""smallest"" translate to ""najmenšiu"". So ""Bratislavský kraj má najmenšiu veľkosť oblasti"". Could also be ""má najmenšiu rozlohu"". But stick to translation. 3. Bratislavský kraj | regionType | kraj -> ""Bratislavský kraj je typu kraj"". Or ""je krajinou""? Actually regionType = ""kraj"". So ""Bratislavský kraj je typu kraj"". Might be ""je krajinou""? But ""kraj"" is a type, so ""je typu kraj"". Use ""je typu kraj"". So combine. We need one sentence or two short if needed, but must include all facts. Could combine: ""Bratislavský kraj je regiónom Slovenska, má najmenšiu veľkosť oblasti a je typu kraj."" That includes all three. Ensure translation of predicates: ""isRegionOf"" -> ""je regiónom"", ""hasAreaSize"" -> ""má najmenšiu veľkosť oblasti"", ""regionType"" -> ""je typu kraj"". The sentence: ""Bratislavský kraj je regiónom Slovenska, má najmenšiu veľkosť oblasti a je typu kraj."" That seems fine. Check requirement: translate each entity not proper name. ""Slovensko"" is proper name, keep. ""smallest"" is not proper name, translate to ""najmenšiu"". ""kraj"" is a common noun, translate? It's already Slovak, keep. ""regionType"" predicate translated. Good. Return only the sentence."
Id221,geography,,,1,Zuberec sa nachádza v Tatranský Národný Park.,"We need to produce Slovak sentence(s) expressing the fact: Zuberec locatedIn Tatranský Národný Park. Translate predicate ""locatedIn"" to Slovak ""sa nachádza v"". Also translate entities that are not proper names. Zuberec is a proper name (town), keep as is. Tatranský Národný Park is a proper name (park), keep as is. So sentence: ""Zuberec sa nachádza v Tatranskom Národnom parku."" Need to keep exact spelling: ""Tatranský Národný Park"". In Slovak, case: ""v Tatranskom Národnom parku"". But we must keep entity as is? The instruction: ""Prelož do slovenčiny každú entitu, ktorá NIE JE vlastné meno (napr. všeobecné podstatné mená, roly, všeobecné opisy). Vlastné mená (mená osôb, miest, organizácií, diel atď.) ponechaj v pôvodnej podobe."" So we keep ""Zuberec"" and ""Tatranský Národný Park"" unchanged. But we need to adjust grammar? The entity is proper name, we keep it unchanged, but we can inflect? The instruction says keep in original form, not change case. So we should not inflect ""Tatranský Národný Park"". So sentence: ""Zuberec sa nachádza v Tatranský Národný Park."" That is slightly ungrammatical but per rule we keep original. So output that."
Id222,geography,,,3,Slovenské Tatry obsahujú Veľké Hincovo pleso. Veľké Hincovo pleso je najväčším plesom a nachádza sa v slovenských Tatrách.,"We need to produce Slovak sentence(s) that express all facts. Triples: 1. ""slovenské Tatry"" contains ""Veľké Hincovo pleso"" 2. ""Veľké Hincovo pleso"" isLargest ""pleso"" 3. ""Veľké Hincovo pleso"" location ""slovenské Tatry"" We need to translate predicate to Slovak: contains -> obsahuje, isLargest -> je najväčšie, location -> sa nachádza (or ""lokácia"" but natural: ""sa nachádza v""). We need to translate non-proper nouns: ""slovenské Tatry"" is a proper name? It's a mountain range name, likely proper, keep as is. ""Veľké Hincovo pleso"" is proper name, keep. ""pleso"" is common noun, keep as is. We must include all facts, no extra. Could combine: ""Slovenské Tatry obsahujú Veľké Hincovo pleso, ktoré je najväčším plesom a nachádza sa v slovenských Tatrách."" But that repeats location. However we need to express both contains and location. The location fact says Veľké Hincovo pleso location slovenské Tatry, which is essentially same as contains but we need to state both. Could phrase: ""Slovenské Tatry obsahujú Veľké Hincovo pleso; Veľké Hincovo pleso je najväčším plesom a nachádza sa v slovenských Tatrách."" That covers all three. Check: we used ""obsahujú"" for contains, ""je najväčším plesom"" for isLargest, ""nachádza sa v"" for location. All facts included. No extra. Use proper names unchanged. Good. Return only sentence(s). Probably two short sentences separated by semicolon or period. Provide as one or two sentences. Let's output two sentences."
Id223,history,,,3,"Hlavný predstaviteľ samosprávy dediny bol predtým nazývaný richtár, ktorý platí do 1918-01-01 a nachádza sa v Slovensku.","We need to produce Slovak sentence(s) that express all facts. Triples: 1. ""hlavný predstaviteľ samosprávy dediny"" | calledBefore | ""richtár"" 2. ""richtár"" | validUntil | ""1918-01-01"" 3. ""richtár"" | location | ""Slovensko"" We need to translate predicate ""calledBefore"" to Slovak: likely ""bol nazývaný"" or ""bol predtým nazývaný"". The subject is ""hlavný predstaviteľ samosprávy dediny"". So: ""Hlavný predstaviteľ samosprávy dediny bol predtým nazývaný richtár."" Then second: ""Richtár platil do 1. januára 1918."" But predicate ""validUntil"" maybe ""platí do"" or ""platnosť do"". Use ""platnosť do"". So: ""Richtár platí do 1918-01-01."" Or ""Richtár platí do 1. januára 1918."" Keep date as given. Use exact format? Requirement: preserve numbers, dates exactly as given. So keep ""1918-01-01"". So: ""Richtár platí do 1918-01-01."" Third: ""Richtár sa nachádza na Slovensku."" Or ""Richtár je v Slovensku."" Use location: ""nachádza sa"". So: ""Richtár sa nachádza v Slovensku."" Use ""v"" for location. Should we combine into one or two sentences? Could be two short sentences. All facts must be included. Could be three sentences. But requirement: one sentence or two short if needed. Could combine: ""Hlavný predstaviteľ samosprávy dediny bol predtým nazývaný richtár, ktorý platí do 1918-01-01 a nachádza sa v Slovensku."" That includes all. That is one sentence. Use ""platí do"" maybe ambiguous but okay. Use ""platí do"" meaning valid until. So final answer: one sentence."
Id224,geography,,,1,Rieka Hron pochádza z Národného parku Nízke Tatry.,"We need to produce a Slovak sentence expressing the fact: ""Rieka Hron originatesIn Národný park Nízke Tatry"". Translate predicate ""originatesIn"" to Slovak: ""pochádza z"" or ""vychádza z"". Use natural sentence: ""Rieka Hron pochádza z Národného parku Nízke Tatry."" Need to translate entity ""Národný park Nízke Tatry"" - it's a proper name, but includes generic ""Národný park"". Should we translate? It's already Slovak. Keep as is. So sentence: ""Rieka Hron pochádza z Národného parku Nízke Tatry."" Ensure correct case: ""z Národného parku Nízke Tatry"". Yes. Return only the sentence."
Id225,geography,,,1,Nízke Tatry majú najvyšší vrchol Ďumbier.,"We need to produce a Slovak sentence expressing the fact: ""Nízke Tatry | highestPeak | Ďumbier"". Translate entities that are not proper names. ""Nízke Tatry"" is a proper name (mountain range) keep as is. ""Ďumbier"" is a proper name (mountain). Predicate ""highestPeak"" translate to Slovak: ""najvyšší vrchol"". So sentence: ""Nízke Tatry majú najvyšší vrchol Ďumbier."" Or ""Najvyšším vrcholom Nízkych Tatier je Ďumbier."" Both fine. Must include all facts, only one fact. Use proper translation. Provide only sentence."
Id226,history,,,1,Ministerstvo životného prostredia Slovenskej republiky má pôvodný názov Slovenská komisia pre životné prostredie.,"We need to produce a Slovak sentence expressing the fact: ""Ministerstvo životného prostredia Slovenskej republiky"" has original name ""Slovenská komisia pre životné prostredia"". Translate predicate ""originalName"" to Slovak, likely ""pôvodný názov"". So sentence: ""Ministerstvo životného prostredia Slovenskej republiky má pôvodný názov Slovenská komisia pre životné prostredie."" Ensure no extra info. Use proper Slovak. That's it."
Id227,geography,,,2,Šariš má centrum Prešov. Prešov je mesto.,"We need to produce Slovak sentence(s) that express all facts. Two triples: 1. Šariš | hasCenter | Prešov -> ""Šariš má centrum Prešov"" (translate predicate ""hasCenter"" to Slovak ""má centrum""). Subject Šariš (proper name) keep. Object Prešov (proper name) keep. 2. Prešov | isType | mesto -> predicate ""isType"" translate to ""je typ"" or ""je typom""? Probably ""je typom"" but better ""je typom"" or ""je typom mesta""? Actually ""isType"" means ""is a type of"". In Slovak: ""je typom"" or ""je typom"". But we need natural sentence: ""Prešov je mesto."" Since object is ""mesto"" which is a common noun, translate. So ""Prešov je mesto."" Thus combine: ""Šariš má centrum Prešov a Prešov je mesto."" Or two sentences: ""Šariš má centrum Prešov. Prešov je mesto."" Both are fine. Provide one or two short sentences. We'll output two sentences."
Id228,geography,,,3,"Šebastovce je súčasťou Košíc, patrí do okresu Košice IV a okres Košice IV ho obsahuje.","We need to produce Slovak sentence(s) that express all facts. Triples: 1. Šebastovce isPartOf Košice -> ""Šebastovce je súčasťou Košíc."" 2. Šebastovce district Košice IV -> predicate ""district"" meaning ""je v okrese""? Actually ""district"" as predicate: Šebastovce district Košice IV => ""Šebastovce je v okrese Košice IV."" Or ""Šebastovce patrí do okresu Košice IV."" Use natural Slovak. Should translate predicate ""district"" to ""je v okrese"". So sentence: ""Šebastovce patrí do okresu Košice IV."" 3. Košice IV contains Šebastovce -> ""Košice IV obsahuje Šebastovce."" But that repeats same fact. Could combine: ""Košice IV obsahuje Šebastovce."" However we must include all facts. Could combine into two sentences: one covering first two, second covering third. Or one sentence with conjunction: ""Šebastovce je súčasťou Košíc, patrí do okresu Košice IV a Košice IV ho obsahujú."" That includes all. Ensure no extra info. Use proper translation of predicates: isPartOf -> ""je súčasťou"". district -> ""patrí do okresu"". contains -> ""obsahuje"". Provide one sentence. Let's produce: ""Šebastovce je súčasťou Košíc, patrí do okresu Košice IV a okres Košice IV ho obsahuje."" That includes all. Ensure numbers and diacritics correct. Use non-breaking space? Not needed. Provide just sentence."
Id229,geography,,,2,Štrba je spojená s Ozubnicovou traťou. Ozubnicová trať spája Štrbské Pleso.,"We need to produce Slovak sentence(s) expressing both facts. Entities: Štrba (proper name), Ozubnicová Trať (proper name), Štrbské Pleso (proper name). Predikáty: ""connectedBy"" and ""connects"". Translate predicates to Slovak: ""connectedBy"" -> ""je spojená s"" maybe? But need natural. ""connectedBy"" means subject is connected by object. So ""Štrba je spojená Ozubnicovou Traťou"". Use proper case: ""Štrba je spojená Ozubnicovou traťou."" Next: ""Ozubnicová Trať spája Štrbské Pleso."" Or ""Ozubnicová trať spája Štrbské Pleso."" Use proper nouns unchanged. Provide one or two short sentences. Must include both facts. So output two sentences. Check translation of predicate: ""connects"" -> ""spája"". ""connectedBy"" -> ""je spojená"". Could also be ""je spojená s"". Probably ""je spojená s"". Use ""s"". So: ""Štrba je spojená s Ozubnicovou traťou."" Then ""Ozubnicová trať spája Štrbské Pleso."" Ensure proper diacritics. Provide exactly those sentences."
Id230,history,,,1,Milan Rastislav Štefánik študoval astronómiu.,"We need to produce a Slovak sentence expressing the fact: ""Milan Rastislav Štefánik studied Astronomy."" Need to translate predicate ""studied"" to Slovak ""študoval"" (or ""študoval"" is past masculine). Also need to translate object ""Astronomy"" to Slovak ""astronómiu"" (accusative). So sentence: ""Milan Rastislav Štefánik študoval astronómiu."" That's it. Ensure no extra info."
Id231,sports,,,1,KVP Nováky je najúspešnejší klub Slovenského pohára vo vodnom póle mužov.,"We need to produce a Slovak sentence expressing the fact: ""Slovenský pohár vo vodnom póle mužov"" (subject) ""mostSuccessfulClub"" (predicate) ""KVP Nováky"" (object). Translate predicate to Slovak: ""najúspešnejší klub"". So sentence: ""Najúspešnejším klubom Slovenského pohára vo vodnom póle mužov je KVP Nováky."" Or ""KVP Nováky je najúspešnejší klub Slovenského pohára vo vodnom póle mužov."" Both fine. Must use only given info. Provide one sentence. Use proper translation. Provide only the sentence."
Id232,other,,,2,Denník N publikuje Minúta po Minúte. Minúta po Minúte je stručná spravodajská relácia.,"We need to produce Slovak sentence(s) expressing all facts. Two triples: 1. ""Denník N | publishes | Minúta po Minúte"" 2. ""Minúta po Minúte | isA | brief news broadcast"" We must translate predicate to Slovak: ""publishes"" -> ""publikuje"". ""isA"" -> ""je"". Actually ""isA"" meaning type: ""je"". Could be ""je"". So sentence: ""Denník N publikuje Minúta po Minúte, ktorý je stručná spravodajská relácia."" But need to translate entity ""brief news broadcast"" to Slovak: ""stručná spravodajská relácia"". Also ""Minúta po Minúte"" is a proper name, keep as is. ""Denník N"" is proper name, keep. We must include both facts. Could be two sentences: ""Denník N publikuje Minúta po Minúte. Minúta po Minúte je stručná spravodajská relácia."" That covers both. Ensure no extra info. Use ""publikuje"" and ""je"". Good. Return only sentences."
Id233,geography,,,1,Čierny Váh má zdrojové miesto Pod Kráľovou hoľou.,"We need to produce a Slovak sentence expressing the fact: subject ""Čierny Váh"", predicate ""sourceLocation"", object ""Pod Kráľovou hoľou"". Translate predicate to Slovak: ""má zdrojové miesto"" or ""pochádza z""? The instruction: translate predicate to Slovak and use naturally. ""sourceLocation"" likely ""zdrojové miesto"". So sentence: ""Čierny Váh má zdrojové miesto Pod Kráľovou hoľou."" Or ""Čierny Váh má zdrojové miesto v Pod Kráľovej hoľe."" But object is ""Pod Kráľovou hoľou"" exactly; we shouldn't change case? Should we keep exact string? It says preserve exactly as given. So keep ""Pod Kráľovou hoľou"". So sentence: ""Čierny Váh má zdrojové miesto Pod Kráľovou hoľou."" That includes all facts. No extra."
Id234,sports,,,3,"Nitra má najväčší hokejový klub HK Nitra, ktorého typ klubu je hokej a ktorý sa nachádza v Nitre.","We need to produce Slovak sentence(s) that express all facts. Triples: 1. Nitra | largestHockeyClub | HK Nitra 2. HK Nitra | clubType | hockey 3. HK Nitra | locatedIn | Nitra We must translate predicate to Slovak. Predicates: ""largestHockeyClub"" -> ""najväčší hokejový klub"". ""clubType"" -> ""typ klubu"". ""locatedIn"" -> ""sa nachádza v"". Also need to translate entities that are not proper names. Nitra is a city name, proper name, keep as Nitra. HK Nitra is proper name, keep. ""hockey"" is a common noun, translate to ""hokej"". So sentence(s) must include all facts. We need to express: Nitra má najväčší hokejový klub HK Nitra. HK Nitra je hokejový klub. HK Nitra sa nachádza v Nitre. But need to use predicate translation: ""najväčší hokejový klub"" as predicate? Could phrase: ""Nitra má najväčší hokejový klub HK Nitra."" That's okay. ""HK Nitra má typ klubu hokej."" Might be ""HK Nitra je hokejový klub."" But need to use predicate translation: ""typ klubu"" maybe ""typ klubu je hokej"". So ""Typ klubu HK Nitra je hokej."" And ""HK Nitra sa nachádza v Nitre."" We must not add extra facts. The sentences above are fine. We can combine into one or two sentences. Could be: ""Nitra má najväčší hokejový klub HK Nitra, ktorého typ klubu je hokej a ktorý sa nachádza v Nitre."" That includes all facts in one sentence. Does it add any extra? It uses ""ktorého"" linking, but not adding new facts. It's okay. Check: ""Nitra má najväčší hokejový klub HK Nitra, ktorého typ klubu je hokej a ktorý sa nachádza v Nitre."" All facts present. No extra. Thus output that single sentence."
Id235,culture,,,4,"Jana Kirschner je speváčka a je autorkou titulnej piesne, ktorá patrí k filmu Pokoj v duši, pričom Pokoj v duši je film.","We need to produce Slovak sentence(s) that convey all facts. Facts: 1. Jana Kirschner occupation speváčka -> Jana Kirschner je speváčka. 2. Jana Kirschner authorOf titulná pieseň -> Jana Kirschner je autorom titulnej piesne (but ""authorOf"" translate to ""autor"" maybe ""autorka""? Since Jana Kirschner is female, but we must translate predicate, not gender? Use ""autorka"". The predicate ""authorOf"" -> ""je autorom"" or ""je autorkou"". We'll use ""je autorkou"".) 3. titulná pieseň belongsTo Pokoj v duši -> titulná pieseň patrí k filmu Pokoj v duši (or ""je súčasťou""? Use ""patrí k"".) 4. Pokoj v duši type film -> Pokoj v duši je film. We need to include all facts. Could be one sentence: ""Jana Kirschner je speváčka, je autorkou titulnej piesne, ktorá patrí k filmu Pokoj v duši, pričom Pokoj v duši je film."" That includes all. Check translation: ""titulná pieseň"" is a title, keep as is. ""Pokoj v duši"" keep. Make sure we use Slovak grammar. Use ""autorkou"" maybe ""autorom"" but gender? Use ""autorkou"". Provide one sentence. Let's craft: ""Jana Kirschner je speváčka a je autorkou titulnej piesne, ktorá patrí k filmu Pokoj v duši, pričom Pokoj v duši je film."" That includes all facts. Ensure no extra info. Good."
Id236,history,,,2,Februárový prevrat sa odohral v roku 1948 na Slovensku.,"We need to produce Slovak sentence(s) that express both facts: ""Februárový prevrat occurredInYear 1948"" and ""Februárový prevrat location Slovensko"". Translate predicate: ""occurredInYear"" -> ""sa odohral v roku"". ""location"" -> ""sa odohral na území"" or ""sa odohral v"". Use Slovak translation of entities that are not proper names. ""Februárový prevrat"" is a proper name? It's a name of event, likely proper noun, keep as is. ""Slovensko"" is proper name, keep. So sentence: ""Februárový prevrat sa odohral v roku 1948 na Slovensku."" That includes both facts. Ensure no extra info. Use ""na Slovensku"" for location. That covers both. Provide only sentence."
Id237,culture,,,2,OVCE.sk varuje pred nástrahy internet a je slovenský seriál.,"We need to produce Slovak sentence(s) that express both facts: OVGE.sk warns about internet traps, and OVGE.sk is a Slovak series. Must translate predicate to Slovak. Predicates: ""warnsAbout"" -> ""varuje pred"". ""isA"" -> ""je"". Also need translate object ""nástrahy internet"" maybe ""nástrahy internetu"". But object given is ""nástrahy internet"". Should we keep as is? The rule: translate each entity that is not a proper name. So ""nástrahy internet"" is not a proper name, so translate each word: ""nástrahy"" stays, ""internet"" is a common noun? It's a proper term but maybe considered common. Should translate to Slovak ""internet"". Already Slovak. So keep ""nástrahy internetu""? The original object is ""nástrahy internet"". Might be a phrase ""nástrahy internet"". Should we adjust grammar? The instruction: translate each entity that is not a proper name (e.g., general nouns, roles, general descriptions). So we need to translate ""nástrahy internet"" to Slovak. It's already Slovak words, but maybe need correct case. However we must not add details not in triple. The triple says ""nástrahy internet"". So we should keep exactly that phrase? The rule says preserve numbers, dates, values exactly as given. For words, we can translate but not change meaning. ""nástrahy internet"" is not grammatical; maybe it's ""nástrahy internetu"". But that adds a grammatical change not present. Might be considered translation of ""internet"" to Slovak ""internet"". So keep phrase as is. So sentence: ""OVCE.sk varuje pred nástrahy internet a je slovenský seriál."" But need proper grammar: ""varuje pred nástrahami internetu"". But that changes. Might be okay? The instruction: ""Prelož do slovenčiny každú entitu, ktorá NIE JE vlastné meno"". So we translate ""nástrahy internet"" to Slovak. It's already Slovak, but we might need to adjust case? Not required. I'd keep as ""nástrahy internet"". So sentence: ""OVCE.sk varuje pred nástrahy internet a je slovenský seriál."" However ""varuje pred"" expects accusative? Actually ""varuje pred"" takes genitive? ""varovať pred niečím"". So ""nástrahami internetu"". But that adds morphological change. Might be considered adding detail. Safer to keep phrase unchanged: ""varuje pred nástrahy internet"". That is slightly ungrammatical but matches triple. Thus final answer: one sentence."
Id238,culture,,,5,"Najstaršia slovenská vysoká škola zameraná na výtvarné umenie sa volá Vysoká škola výtvarných umení v Bratislave, zameriava sa na výtvarné umenie, nachádza sa v Bratislave, je vysoká škola a je najstaršia.","We need to produce a Slovak sentence(s) that express all facts. Facts: 1. Najstaršia slovenská vysoká škola zameraná na výtvarné umenie | name | Vysoká škola výtvarných umení v Bratislave Interpretation: The entity ""Najstaršia slovenská vysoká škola zameraná na výtvarné umenie"" has name ""Vysoká škola výtvarných umení v Bratislave"". So we need to say that the ""najstaršia slovenská vysoká škola zameraná na výtvarné umenie"" sa volá Vysoká škola výtvarných umení v Bratislave. 2. Vysoká škola výtvarných umení v Bratislave | focus | výtvarné umenie -> The school focuses on výtvarné umenie. 3. Vysoká škola výtvarných umení v Bratislave | location | Bratislava -> The school is located in Bratislava. 4. Vysoká škola výtvarných umení v Bratislave | type | vysoká škola -> The school is a vysoká škola. 5. Vysoká škola výtvarných umení v Bratislave | attribute | najstaršia -> The school has attribute ""najstaršia"". So we need to say that it je najstaršia. We must translate predicate to Slovak: name -> ""sa volá"" or ""má názov"". focus -> ""sa zameriava na"". location -> ""sa nachádza v"". type -> ""je"". attribute -> ""má atribút"" but we can phrase ""je najstaršia"". Since attribute is ""najstaršia"". So we can say ""je najstaršia"". Must include all facts. We need to ensure we don't add extra info. So sentence: ""Najstaršia slovenská vysoká škola zameraná na výtvarné umenie sa volá Vysoká škola výtvarných umení v Bratislave, zameriava sa na výtvarné umenie, nachádza sa v Bratislave, je vysoká škola a je najstaršia."" Check each fact: name, focus, location, type, attribute. Yes. Make sure we translate ""focus"" as ""zameriava sa na"". Good. Thus output only that sentence."
Id239,geography,,,1,Primátor Bratislavy býva v Primaciálnom paláci.,"We need to produce Slovak sentence(s) expressing the fact: ""Primátor Bratislavy"" (subject) ""residesIn"" (predicate) ""Primaciálny palác"" (object). Need to translate predicate to Slovak: ""bydlí v"" or ""bydlí v"". Use natural sentence: ""Primátor Bratislavy býva v Primaciálnom paláci."" Need to keep proper case: object ""Primaciálny palác"" -> in Slovak locative ""v Primaciálnom paláci"". Should we keep original name unchanged? The instruction: translate each entity that is NOT a proper name. ""Primátor Bratislavy"" is a title + city, likely proper? ""Primátor Bratislavy"" includes proper name ""Bratislavy"" but the whole phrase is a role, not a proper name. So we need to translate ""Primátor Bratislavy"" to Slovak? It's already Slovak. So keep as is. ""Primaciálny palác"" is a proper name? It's a building name, likely proper, but instruction says proper names keep original. It's already Slovak, so fine. So sentence: ""Primátor Bratislavy býva v Primaciálnom paláci."" That expresses the fact. Use ""bydlí"" maybe. Both okay. Provide one sentence."
Id240,geography,,,1,Poprad sa volá Vstupná Brána Do Vysokých Tatier.,"We need to produce a Slovak sentence expressing the fact: Poprad called Vstupná Brána Do Vysokých Tatier. Translate predicate ""called"" to Slovak ""sa volá"" or ""sa nazýva"". Subject Poprad is a proper name, keep. Object is Vstupná Brána Do Vysokých Tatier (proper name). So sentence: ""Poprad sa volá Vstupná Brána Do Vysokých Tatier."" Or ""Poprad sa nazýva Vstupná Brána Do Vysokých Tatier."" Both fine. Must include all facts (just one). No extra. Output only sentence."
Id241,geography,,,3,"Most SNP sa nachádza v Bratislave, má stĺpky v Dunaji a v Dunaji má 0 stĺpikov.","We need to produce Slovak sentence(s) that express all facts. Triples: - Most SNP | location | Bratislava => ""Most SNP"" is located in Bratislava. - Most SNP | hasPillarsIn | Dunaj => ""Most SNP"" has pillars in Dunaj. - Most SNP | numberOfPillarsInDunaj | 0 => number of pillars in Dunaj is 0. We must translate predicate to Slovak: location -> ""sa nachádza v"" or ""je umiestnený v"". hasPillarsIn -> ""má stĺpky v"". numberOfPillarsInDunaj -> ""má v Dunaji počet stĺpikov"" but we need natural: ""má v Dunaji 0 stĺpikov"". Use singular/plural? ""0 stĺpikov"". So combine. We need to include all facts. Could be one sentence: ""Most SNP sa nachádza v Bratislave, má stĺpky v Dunaji a v Dunaji má 0 stĺpikov."" But that repeats. Could be two sentences: ""Most SNP sa nachádza v Bratislave. V Dunaji má 0 stĺpikov."" But we need also ""hasPillarsIn Dunaj"" which says it has pillars in Dunaj, but number is 0, contradictory but we must state both. So we must include both: ""Most SNP má stĺpky v Dunaji a v Dunaji má 0 stĺpikov."" That's okay. Thus final: ""Most SNP sa nachádza v Bratislave, má stĺpky v Dunaji a v Dunaji má 0 stĺpikov."" Check translation of entities: ""Dunaj"" is proper name, keep. ""Bratislava"" proper. ""Most SNP"" proper. Predicates translated. Return only sentence."
Id242,culture,,,3,Slovenská skupina má názov Hex. Hex je slovenská skupina a vydala album Nikdy nebolo lepšie.,"We need to produce Slovak sentence(s) that express all facts. Facts: 1. Slovenská skupina hasName Hex. Means ""Slovenská skupina"" is a subject? Actually subject is ""Slovenská skupina"". That's a generic term, not a proper name, so translate to Slovak: ""slovenská skupina"". Predicate ""hasName"" => ""má názov"". Object ""Hex"" is proper name, keep as is. 2. Hex releasedAlbum Nikdy nebolo lepšie. So ""Hex vydal album Nikdy nebolo lepšie"". Album title is ""Nikdy nebolo lepšie"" (keep as is). Predicate ""releasedAlbum"" => ""vydal album"". Could also ""vydala album""? Hex is a group, gender neutral? Use ""vydala"". But group is neuter? In Slovak, ""skupina"" is feminine, but Hex is a name, treat as group, use feminine ""vydala"". However we can use ""vydala album"". Or ""vydal album"". Might be okay. Use ""vydala album"". Keep title. 3. Hex isType slovenská skupina. Means ""Hex je slovenská skupina"". Predicate ""isType"" => ""je"". Object ""slovenská skupina"". Already translated. We need to include all facts. Could combine: ""Slovenská skupina má názov Hex, Hex je slovenská skupina a vydala album Nikdy nebolo lepšie."" That repeats ""slovenská skupina"". Might be okay. Ensure all facts: first fact: ""Slovenská skupina má názov Hex."" second: ""Hex vydala album Nikdy nebolo lepšie."" third: ""Hex je slovenská skupina."" Could combine into two sentences. Provide one or two short sentences. Let's produce two sentences: ""Slovenská skupina má názov Hex. Hex je slovenská skupina a vydala album Nikdy nebolo lepšie."" That covers all. Ensure no extra info. Good."
Id243,geography,,,2,Najsevernejší bod Slovenska sa nachádza v regióne Orava a Orava je regiónom Slovenska.,"We need to produce Slovak sentence(s) that express all facts. Two triples: 1. ""Najsevernejší bod Slovenska"" | locatedInRegion | Orava 2. ""Orava"" | isRegionOf | Slovensko We must translate predicates to Slovak: ""locatedInRegion"" -> ""sa nachádza v regióne"" or ""sa nachádza v"". ""isRegionOf"" -> ""je regiónom"". Need to keep entities: ""Najsevernejší bod Slovenska"" is not a proper name? It's a phrase, but treat as entity, keep as is. ""Orava"" is proper name, keep. ""Slovensko"" proper name. Thus sentence: ""Najsevernejší bod Slovenska sa nachádza v regióne Orava a Orava je regiónom Slovenska."" Or could split into two sentences. Must include both facts. Use ""sa nachádza v regióne"" and ""je regiónom"". Ensure no extra info. Return only sentence(s)."
Id244,sports,,,3,"Adam Žampa má slovenskú národnosť, je športovec a špecializuje sa na zjazdové lyžovanie.","We need to produce Slovak sentence(s) that express all facts. Facts: Adam Žampa nationality slovenský, profession športovec, specializesIn zjazdové lyžovanie. Need translate predicate to Slovak: ""nationality"" -> ""má národnosť"", ""profession"" -> ""má povolanie"", ""specializesIn"" -> ""špecializuje sa na"". Entities not proper names translate: ""slovenský"" is adjective, but it's nationality; keep as ""slovenský"". ""športovec"" is profession. ""zjazdové lyžovanie"" is sport. So sentence: ""Adam Žampa má slovenskú národnosť, je športovec a špecializuje sa na zjazdové lyžovanie."" Need to keep ""slovenský"" as adjective; but phrase ""má slovenskú národnosť"". Should we keep ""slovenský"" unchanged? It's not proper name, so translate to Slovak, it's already Slovak. So fine. Make sure all facts included. Yes. Return only sentence."
Id245,history,,,1,Ľudovít Štúr sa narodil v Uhrovci.,"We need to produce a Slovak sentence expressing the fact: ""Ľudovít Štúr | birthPlace | Uhrovec"". Translate predicate ""birthPlace"" to Slovak: ""miesto narodenia"". Entities: subject is proper name, keep. Object ""Uhrovec"" is a place name, proper name, keep as is. So sentence: ""Ľudovít Štúr sa narodil v Uhrovci."" Or ""Miesto narodenia Ľudovíta Štúra je Uhrovec."" Both convey. Must use predicate translated naturally. Use ""narodil sa v"". That expresses birthPlace. Provide one sentence."
Id246,geography,,,2,Zemplínska Šírava je vodná nádrž a nachádza sa blízko Michalovce.,"We need to produce Slovak sentence(s) that express both facts. Entities: Zemplínska Šírava (proper name) isLocatedNear Michalovce => ""Zemplínska Šírava sa nachádza blízko Michalovce."" Also isType water reservoir => ""Zemplínska Šírava je vodná nádrž."" Need to include both facts, could be one sentence with both: ""Zemplínska Šírava je vodná nádrž a nachádza sa blízko Michalovce."" That includes both. Ensure translation of predicate: isLocatedNear -> ""sa nachádza blízko"". isType -> ""je"". Use proper nouns unchanged. Provide only sentence."
Id247,politics,,,3,Andrej Kiska porazil v prezidentských voľbách v roku 2014 Roberta Fica; typ voľby bol prezidentské voľby.,"We need to produce Slovak sentences expressing all facts. Facts: - Andrej Kiska defeatedInElection Robert Fico - Andrej Kiska electionType presidential election - Andrej Kiska electionYear 2014 We must translate predicate to Slovak: ""defeatedInElection"" -> ""porazil v voľbách"". ""electionType"" -> ""typ voľby"". ""electionYear"" -> ""rok voľby"". Entities: Andrej Kiska (proper name) keep. Robert Fico (proper). ""presidential election"" translate: ""prezidentské voľby"". Year 2014 keep. We need to include all facts in one or two sentences. Could be: ""Andrej Kiska porazil v prezidentských voľbách v roku 2014 Roberta Fica."" But we also need to state election type: ""typ voľby bol prezidentské voľby"". Could incorporate: ""Andrej Kiska porazil v prezidentských voľbách v roku 2014 Roberta Fica; typ voľby bol prezidentské voľby."" But that repeats. Better: ""Andrej Kiska porazil v prezidentských voľbách v roku 2014 Roberta Fica; typ voľby bol prezidentské voľby."" That includes all three facts: defeated, election type, election year. However ""typ voľby bol prezidentské voľby"" repeats same phrase. Could be ""typ voľby bol prezidentská voľba"". But need to keep exact phrase ""presidential election"". The translation requirement: translate each entity that is not proper name. So ""presidential election"" is not proper name, translate to ""prezidentské voľby"". So we can say ""typ voľby bol prezidentské voľby"". That's okay. Thus final output: one sentence maybe with semicolon. Provide only sentence(s)."
Id248,geography,,,3,Kramáre sa nachádza v Novom Meste. Nové Mesto je mestská časť a je súčasťou Bratislavy.,"We need to produce Slovak sentence(s) that express all facts. Facts: 1. Kramáre locatedIn Nové Mesto. 2. Nové Mesto isPartOf Bratislava. 3. Nové Mesto isA mestská časť. We need to translate non-proper nouns: ""locatedIn"" -> ""sa nachádza v"" or ""sa nachádza v"". ""isPartOf"" -> ""je súčasťou"". ""isA"" -> ""je"". ""mestská časť"" is already Slovak. Entities: Kramáre (proper name?), likely a place name, keep as is. Nové Mesto (proper name) keep. Bratislava (proper). So sentence: ""Kramáre sa nachádza v Novom Meste, ktoré je mestská časť a je súčasťou Bratislavy."" Need to ensure grammar: ""Kramáre sa nachádza v Novom Meste, ktoré je mestská časť a je súčasťou Bratislavy."" That includes all three facts. Could also split into two sentences: ""Kramáre sa nachádza v Novom Meste. Nové Mesto je mestská časť a je súčasťou Bratislavy."" Both fine. Provide one or two short sentences. Let's output two sentences for clarity. Ensure no extra info."
Id249,geography,,,4,"Najvýchodnejší slovenský národný park sa volá Národný park Poloniny. Národný park Poloniny je národný park, nachádza sa v Slovensku a je najvýchodnejší.","We need to produce Slovak sentence(s) that express all facts. Facts: 1. Najvýchodnejší slovenský národný park | name | Národný park Poloniny 2. Národný park Poloniny | type | národný park 3. Národný park Poloniny | location | Slovensko 4. Národný park Poloniny | position | najvýchodnejší We need to translate predicate to Slovak. Predicates: ""name"", ""type"", ""location"", ""position"". So sentences: ""Najvýchodnejší slovenský národný park sa volá Národný park Poloniny."" ""Národný park Poloniny je národný park."" ""Národný park Poloniny sa nachádza v Slovensku."" ""Národný park Poloniny je najvýchodnejší."" But we need to include all facts, maybe combine. Could be two sentences: ""Najvýchodnejší slovenský národný park sa volá Národný park Poloniny a je národný park, ktorý sa nachádza v Slovensku a je najvýchodnejší."" But need to avoid redundancy? The fact ""najvýchodnejší"" appears twice: as name attribute and position. Actually first triple says ""Najvýchodnejší slovenský národný park"" is the subject, name is ""Národný park Poloniny"". So we need to convey that the entity ""Najvýchodnejší slovenský národný park"" has name ""Národný park Poloniny"". So we can phrase: ""Najvýchodnejší slovenský národný park sa volá Národný park Poloniny."" Then other facts about Národný park Poloniny: type, location, position. Position already expressed as ""najvýchodnejší"". Could be ""Národný park Poloniny je národný park, nachádza sa v Slovensku a je najvýchodnejší."" That covers all. Ensure we don't add extra. Use ""type"" -> ""je"". ""location"" -> ""sa nachádza v"". ""position"" -> ""je najvýchodnejší"". Good. Thus two sentences."
Id250,geography,,,1,D1 prechádza pri Novom Meste nad Váhom.,"We need to produce Slovak sentence(s) expressing the fact: subject D1, predicate passesNear, object Nové Mesto nad Váhom. Translate predicate to Slovak: ""prechádza pri"" or ""prechádza blízko"". Use natural phrasing: ""D1 prechádza pri Novom Meste nad Váhom."" Need to translate entity that is not proper name: D1 is likely a proper name? It's a code, maybe not proper name, but it's an identifier. Should we translate? It's not a common noun, it's an identifier, treat as proper name? The instruction: ""Prelož do slovenčiny každú entitu, ktorá NIE JE vlastné meno (napr. všeobecné podstatné mená, roly, všeobecné opisy). Vlastné mená (mená osôb, miest, organizácií, diel atď.) ponechaj v pôvodnej podobe."" D1 is not a proper name, it's an identifier, but it's not a common noun either. Probably treat as proper name? It's ambiguous. I'd keep D1 as is, because it's an identifier. The object ""Nové Mesto nad Váhom"" is a proper name, keep unchanged. So sentence: ""D1 prechádza pri Novom Meste nad Váhom."" Ensure correct case: ""pri Novom Meste nad Váhom"". Yes. Return only the sentence."
Id251,geography,,,1,Rozprávková dedinka Habakuky sa nachádza v Donovaly.,"We need to produce a Slovak sentence expressing the fact: ""Rozprávková dedinka Habakuky"" is located in Donovaly. Translate predicate ""locatedIn"" to Slovak ""sa nachádza v"" or ""sa nachádza v"". Entities: ""Rozprávková dedinka Habakuky"" is not a proper name? It includes ""Rozprávková dedinka"" (common noun) and ""Habakuky"" (proper name?). The instruction: translate each entity that is NOT a proper name. ""Rozprávková dedinka"" is a description, not a proper name, so translate to Slovak (already Slovak). ""Habakuky"" is a proper name, keep as is. ""Donovaly"" is a proper name, keep. So sentence: ""Rozprávková dedinka Habakuky sa nachádza v Donovaly."" That expresses the fact. Should we use ""v"" or ""na""? ""v Donovaly"" is okay. Provide only the sentence."
Id252,geography,,,4,"Čierny Balog sa nachádza na Slovensku, futbalové ihrisko sa nachádza v Čiernom Balogu a železničná trať prechádza cez Čierny Balog aj cez futbalové ihrisko.","We need to produce Slovak sentences expressing all facts. Facts: 1. Čierny Balog isLocatedIn Slovakia → ""Čierny Balog sa nachádza na Slovensku."" 2. železničná trať passesThrough Čierny Balog → ""Železničná trať prechádza cez Čierny Balog."" 3. železničná trať passesThrough futbalové ihrisko → ""Železničná trať prechádza cez futbalové ihrisko."" 4. futbalové ihrisko isLocatedIn Čierny Balog → ""Futbalové ihrisko sa nachádza v Čiernom Balogu."" We need to include all facts, can be one sentence or two short. Could combine: ""Čierny Balog sa nachádza na Slovensku, futbalové ihrisko sa nachádza v Čiernom Balogu a železničná trať prechádza cez Čierny Balog aj cez futbalové ihrisko."" That includes all. Ensure translation of predicate: ""isLocatedIn"" -> ""sa nachádza v/na"". ""passesThrough"" -> ""prechádza cez"". Use correct preposition for Slovakia: ""na Slovensku"". For Čierny Balog location: ""v Čiernom Balogu"". Good. Return only sentence(s). Probably one sentence is fine."
Id253,geography,,,1,Oravské Beskydy majú najvyšší vrchol Babia hora.,"We need to produce Slovak sentence(s) expressing the fact: subject Oravské Beskydy, predicate highestPeak, object Babia hora. Translate predicate to Slovak: ""najvyšší vrchol"". Subject is a proper name? Oravské Beskydy is a geographic region, likely proper name, keep as is. Object Babia hora is also proper name, keep. So sentence: ""Oravské Beskydy majú najvyšší vrchol Babia hora."" Or ""Najvyšším vrcholom Oravských Beskýd je Babia hora."" Both fine. Must include all facts: that Oravské Beskydy highestPeak Babia hora. Use proper translation. Provide one sentence. Let's output: ""Oravské Beskydy majú najvyšší vrchol Babia hora."""
Id254,geography,,,2,Historická budova Slovenského národného divadla sa nachádza na Hviezdoslavovom námestí a Hviezdoslavovo námestie sa nachádza v Bratislave.,"We need to produce Slovak sentence(s) that express both facts. Entities: ""Historická budova Slovenského národného divadla"" is a proper name? It's a building name, likely proper noun, but includes generic words. The rule: translate each entity that is NOT a proper name. ""Historická budova Slovenského národného divadla"" includes ""Historická budova"" (historical building) and ""Slovenského národného divadla"" (of the Slovak National Theatre). This is likely a proper name? Might be considered proper name of the building. But rule: translate each entity that is not a proper name. Since it's a specific building name, treat as proper name, keep as is. ""Hviezdoslavovo námestie"" is a proper name (square). Keep as is. ""Bratislava"" is proper name. So we keep them unchanged. Predicates: ""location"" translate to ""sa nachádza na"" or ""má polohu"". ""locatedIn"" translate to ""sa nachádza v"". Need natural sentence(s) covering both facts. We must not add extra info. So we can say: ""Historická budova Slovenského národného divadla sa nachádza na Hviezdoslavovom námestí a Hviezdoslavovo námestie sa nachádza v Bratislave."" That includes both facts. Ensure correct preposition: ""na"" for square. Use ""na"" as location. Good. Check: we used ""a"" to combine two sentences into one. That's okay. Must not add any extra facts. The sentence includes both facts exactly. Return only the sentence."
Id255,geography,,,5,"Kremnica je miestom najstaršej dodnes existujúcej mincovne na svete, ktorá sa nachádza v Kremnici, je typu mincovňa, má stav dodnes existujúca a je najstaršia.","We need to produce a Slovak sentence(s) that express all facts. Facts: 1. Kremnica | locationOf | najstaršia dodnes existujúca mincovňa na svete => Kremnica je miestom najstaršej dodnes existujúcej mincovne na svete. Or ""Kremnica je lokalitou najstaršej dodnes existujúcej mincovne na svete."" 2. najstaršia dodnes existujúca mincovňa na svete | isIn | Kremnica => The mincovňa is in Kremnica. Redundant with first but must include. 3. najstaršia dodnes existujúca mincovňa na svete | type | mincovňa => It is a mincovňa. 4. najstaršia dodnes existujúca mincovňa na svete | status | dodnes existujúca => Its status is ""dodnes existujúca"". Already implied but must state. 5. najstaršia dodnes existujúca mincovňa na svete | age | najstaršia => Its age is ""najstaršia"". So it's the oldest. We need to translate predicate to Slovak: locationOf -> ""je miestom"" or ""nachádza sa"". isIn -> ""sa nachádza v"". type -> ""je typu"". status -> ""má stav"". age -> ""má vek"". But we need natural sentences. We must include all facts. Could be two short sentences. Possible: ""Kremnica je miestom najstaršej dodnes existujúcej mincovne na svete, ktorá je v Kremnici, je typu mincovňa, má stav dodnes existujúca a je najstaršia."" But need to avoid redundancy? It's okay to repeat. Must include all facts. The sentence must be natural. We need to translate entity ""najstaršia dodnes existujúca mincovňa na svete"" stays as is (since it's not proper name). So we keep that phrase. Thus final output: one sentence. Let's craft: ""Kremnica je miestom najstaršej dodnes existujúcej mincovne na svete, ktorá sa nachádza v Kremnici, je typu mincovňa, má stav dodnes existujúca a je najstaršia."" Check: includes locationOf (Kremnica je miestom...), isIn (sa nachádza v Kremnici), type (je typu mincovňa), status (má stav dodnes existujúca), age (je najstaršia). All facts present. Return only sentence."
Id256,culture,,,2,Nox Et Solitudo má autora Ivana Kraska a Ivan Krasko je autorom Nox Et Solitudo.,"We need to produce Slovak sentence(s) that express all facts. Two triples: 1. Nox Et Solitudo | author | Ivan Krasko 2. Ivan Krasko | isAuthorOf | Nox Et Solitudo We need to translate predicate to Slovak. ""author"" as predicate: subject ""Nox Et Solitudo"" author Ivan Krasko. So ""Nox Et Solitudo má autora Ivana Kraska"" or ""Autorom Nox Et Solitudo je Ivan Krasko"". The second: ""Ivan Krasko je autorom Nox Et Solitudo"". Both convey same fact. Need to include both facts, but they are essentially same. Must not omit any fact. Could combine: ""Nox Et Solitudo má autora Ivana Kraska a Ivan Krasko je autorom Nox Et Solitudo."" That includes both. Ensure proper translation: ""author"" predicate -> ""má autora"" or ""je autorom"". Use both forms. Provide one sentence. Should be fine. Check requirement: translate each entity that is not a proper name. ""author"" is predicate, we translate. ""Nox Et Solitudo"" is title, likely proper name, keep. ""Ivan Krasko"" proper name, keep. So final sentence: ""Nox Et Solitudo má autora Ivana Kraska a Ivan Krasko je autorom Nox Et Solitudo."" Ensure diacritics: ""Ivana Kraska"" (genitive). Good. Return only sentence."
Id257,politics,,,5,"Ivan Gašparovič má slovenskú národnosť, je politik, je prezident, mal 2 funkčné obdobia a je jediný.","We need to produce Slovak sentence(s) that express all facts. Facts: Ivan Gašparovič nationality Slovak, profession politician, position president, numberOfTerms 2, uniqueness ""jediný"". The last fact: uniqueness = jediný (means ""the only one""). So we need to convey that Ivan Gašparovič is Slovak, is a politician, was president, served 2 terms, and is the only one (maybe only president with 2 terms? But we cannot infer context, just state that he is jediný). So we can say: ""Ivan Gašparovič je slovenský politik, prezident, ktorý mal 2 funkčné obdobia a je jediný."" That covers all. Ensure we use Slovak translation of predicates: ""je"" for nationality? Actually ""nationality"" -> ""národnosť"". Could phrase: ""Ivan Gašparovič má slovenskú národnosť, je politik, je prezident, mal 2 funkčné obdobia a je jediný."" That includes all. Use ""počet funkčných období"" maybe. But we must not add extra info not in triples. ""počet funkčných období"" is translation of numberOfTerms, okay. ""jediný"" is uniqueness. Should we mention ""počet funkčných období"" or ""mal 2 funkčné obdobia""? That's fine. Provide one sentence. Ensure no extra facts. Provide exactly the facts. Let's craft: ""Ivan Gašparovič má slovenskú národnosť, je politik, je prezident, mal 2 funkčné obdobia a je jediný."" That includes all. Good."
Id258,politics,,,1,Počet členov Národnej rady Slovenskej republiky je 150.,"We need to produce Slovak sentence(s) expressing the fact: ""Národná rada Slovenskej republiky"" (subject) | numberOfMembers | 150 (object). Predicate ""numberOfMembers"" should be translated to Slovak, likely ""má počet členov"" or ""počet členov je"". Must use natural sentence. Use only given info. So: ""Národná rada Slovenskej republiky má 150 členov."" That expresses number of members. Should we translate predicate as ""počet členov""? The instruction: ""Predikát VŽDY prelož do slovenčiny a použi ho vo vete prirodzene."" So ""numberOfMembers"" -> ""počet členov"". So sentence: ""Národná rada Slovenskej republiky má počet členov 150."" That sounds odd. Better: ""Národná rada Slovenskej republiky má 150 členov."" That uses predicate ""má"" and object ""150 členov"". But we need to include predicate translation. Could be ""počet členov"" as part of phrase: ""Počet členov Národnej rady Slovenskej republiky je 150."" That uses predicate translation ""počet členov"". That seems correct. Provide one sentence."
Id259,history,,,3,"Najstaršia univerzita na území Slovenska má názov Universitas Istropolitana, dátum založenia 1465-01-01 a lokalitu území Slovenska.","We need to produce Slovak sentence(s) that express all facts. Facts: 1. Najstaršia univerzita na území Slovenska | foundingDate | 1465-01-01 2. Najstaršia univerzita na území Slovenska | name | Universitas Istropolitana 3. Universitas Istropolitana | location | území Slovenska We must translate predicate to Slovak. Predicates: ""foundingDate"" -> ""dátum založenia"" maybe ""dátum založenia"". ""name"" -> ""názov"". ""location"" -> ""lokalita"" or ""umiestnenie"". Use natural Slovak. We need to include all facts. Could be: ""Najstaršia univerzita na území Slovenska má názov Universitas Istropolitana, dátum založenia 1465-01-01 a nachádza sa na území Slovenska."" That includes all three. Ensure we use translation of predicates: ""má názov"", ""má dátum založenia"", ""má lokalitu"". Could be: ""Najstaršia univerzita na území Slovenska má názov Universitas Istropolitana, dátum založenia 1465-01-01 a lokalitu území Slovenska."" That expresses all. Check requirement: translate each entity that is not proper name. ""území Slovenska"" is not proper name? It's a phrase, but ""Slovenska"" is proper? It's a country name, but it's a proper noun. The phrase ""území Slovenska"" includes ""území"" (common noun) and ""Slovenska"" (proper). Should we translate ""území Slovenska""? It's already Slovak. So fine. Thus output single sentence."
Id260,politics,,,3,Parlamentné voľby sa konali v roku 2023; po nich sa Martina Šimkovičová stala ministerkou kultúry Slovenskej republiky.,"We need to produce Slovak sentence(s) that express all facts. Triples: 1. parlamentné voľby | year | 2023 => ""parlamentné voľby"" (subject) year 2023. Translate predicate ""year"" to Slovak ""rok"". So: ""Parlamentné voľby sa konali v roku 2023."" Or ""Parlamentné voľby majú rok 2023."" Better natural: ""Parlamentné voľby sa konali v roku 2023."" 2. Slovenská republika | ministerOfCulture | Martina Šimkovičová => predicate ""ministerOfCulture"" translate ""ministerka kultúry"". So: ""Slovenská republika má ministerku kultúry Martinu Šimkovičovú."" 3. Martina Šimkovičová | becameMinisterAfter | parlamentné voľby 2023 => predicate ""becameMinisterAfter"" translate ""stala sa ministerkou po"". So: ""Martina Šimkovičová sa stala ministerkou po parlamentných voľbách 2023."" Need to keep ""parlamentné voľby 2023"" as object. Could be ""po parlamentných voľbách 2023"". That's fine. We need to include all facts, maybe combine into one or two sentences. Could combine: ""Parlamentné voľby sa konali v roku 2023, po ktorých sa Martina Šimkovičová stala ministerkou kultúry Slovenskej republiky."" But that adds ""kultúry"" which is from predicate, okay. But we must not add extra facts. The second triple says Slovenská republika ministerOfCulture Martina Šimkovičová. So we need to state that she is minister of culture of Slovak Republic. The third says she became minister after the 2023 elections. So we can combine: ""Parlamentné voľby sa konali v roku 2023; po nich sa Martina Šimkovičová stala ministerkou kultúry Slovenskej republiky."" This includes all three facts: year, she is minister of culture of Slovak Republic, and she became minister after the elections 2023. It uses ""ministerkou kultúry Slovenskej republiky"" which is consistent. No extra facts. Check translation: predicate ""ministerOfCulture"" -> ""ministerka kultúry"". Good. Thus final answer: one sentence maybe with semicolon. Provide only sentence(s)."
Id261,geography,,,4,"Univerzita Pavla Jozefa Šafárika v Košiciach sa nachádza v Košiciach, je univerzitou, má poradové číslo 2 podľa veku a sa nachádza v krajine Slovensko.","We need to produce Slovak sentence(s) that convey all facts. Facts: University is located in Košice, is type of university, rank by age 2, is in country Slovakia. Need to translate predicate to Slovak: ""isLocatedIn"" -> ""sa nachádza v"" or ""sa nachádza v"". ""isTypeOf"" -> ""je typom"" or ""je"". Probably ""je univerzitou"". ""rankByAge"" -> ""má vekové poradie 2"" maybe ""má poradové číslo 2 podľa veku"". Use literal ""2"". ""isInCountry"" -> ""sa nachádza v krajine"". Could combine: ""Univerzita Pavla Jozefa Šafárika v Košiciach sa nachádza v Košiciach, je univerzitou, má poradové číslo 2 podľa veku a nachádza sa v krajine Slovensko."" Might be redundant location. Could phrase: ""Univerzita Pavla Jozefa Šafárika v Košiciach sa nachádza v Košiciach, je univerzitou, má vekové poradie 2 a patrí do Slovenska."" Need to keep ""isInCountry"" as ""sa nachádza v krajine Slovensko"". Use exact phrase ""v krajine Slovensko"". Provide one sentence. Ensure all facts included. Use ""rankByAge"" -> ""má poradové číslo 2 podľa veku"". Acceptable. Provide only sentence."
Id262,geography,,,5,"Fakulta matematiky, fyziky a informatiky Univerzity Komenského v Bratislave má budovu v Mlynskej doline, ktorá je súčasťou Bratislavy a má mnoho študentov, pričom títo študenti zahŕňajú študentov FMFI UK a iných študentov.","We need to produce Slovak sentence(s) that express all facts. Facts: 1. Faculty of Mathematics, Physics and Informatics of Comenius University in Bratislava has building in Mlynská dolina. 2. Mlynská dolina is part of Bratislava. 3. Mlynská dolina has many students. 4. Students include students of FMFI UK. 5. Students include other students. We must translate predicate to Slovak: ""has building in"" -> ""má budovu v"" or ""má budovu v"". ""is part of"" -> ""je súčasťou"". ""has many"" -> ""má mnoho"". ""include"" -> ""zahŕňa"". Use natural sentences. Need to include all facts. Could be one sentence: ""Fakulta matematiky, fyziky a informatiky Univerzity Komenského v Bratislave má budovu v Mlynskej doline, ktorá je súčasťou Bratislavy a má mnoho študentov, pričom títo študenti zahŕňajú študentov FMFI UK a iných študentov."" Check each fact: building in Mlynská dolina (yes). Mlynská dolina is part of Bratislava (yes). Mlynská dolina has many students (yes). Students include students FMFI UK (yes). Students include other students (yes). All included. Make sure translation of ""has building in"" is correct: ""má budovu v"". Good. We must not add extra facts. The phrase ""ktorá je súčasťou Bratislavy a má mnoho študentov"" includes both facts about Mlynská dolina. That's fine. The phrase ""títo študenti zahŕňajú študentov FMFI UK a iných študentov"" includes both include facts. No extra info. Make sure we keep proper names unchanged: ""Fakulta matematiky, fyziky a informatiky Univerzity Komenského v Bratislave"", ""Mlynská dolina"", ""Bratislava"", ""FMFI UK"". Good. Return only sentence(s). Probably one sentence is enough. Let's output."
Id263,history,,,1,Matica slovenská bola založená v 19. storočí.,"We need to produce Slovak sentence(s) expressing the fact: ""Matica slovenská | foundingCentury | 19"". The predicate ""foundingCentury"" means ""zakladateľné storočie""? Actually translate predicate to Slovak: ""zakladateľné storočie"" maybe ""storočie založenia"". Use natural phrasing: ""Matica slovenská bola založená v 19. storočí."" That expresses the fact. Use only given info. Yes. We must translate entity not proper name: ""foundingCentury"" -> ""storočie založenia"". So sentence: ""Matica slovenská bola založená v 19. storočí."" Check: includes all facts: subject Matica slovenská, predicate foundingCentury, object 19. Yes. Return only sentence."
Id264,other,,,3,"Nemocnica má názov Philippa Pinela, nachádza sa v Pezinku a typ je Psychiatrická.","We need to produce Slovak sentence(s) expressing all facts: hospital has name Philippa Pinela, location Pezinok, type Psychiatric. Translate non-proper nouns: ""nemocnica"" is subject, predicate ""hasName"" -> ""má názov"", ""location"" -> ""sa nachádza v"" or ""lokácia"". ""type"" -> ""je typu"". Provide sentences. Must include all facts, no extra. Could be one sentence: ""Nemocnica má názov Philippa Pinela, nachádza sa v Pezinku a je psychiatrická."" Need to translate type ""Psychiatrická"" maybe keep as adjective. Since type is ""Psychiatrická"" (maybe ""Psychiatrická"" as type). Use ""je typu Psychiatrická"". But better: ""je psychiatrická"". However must use predicate translation: ""type"" -> ""typ"". Could say ""typ je Psychiatrická"". So sentence: ""Nemocnica má názov Philippa Pinela, nachádza sa v Pezinku a typ je Psychiatrická."" That includes all. Ensure no extra. Provide only sentence."
Id265,geography,,,1,Oravská Magura má najvyšší vrchol Minčol.,"We need to produce a Slovak sentence expressing the fact: subject Oravská Magura, predicate highestPeak, object Minčol. Translate predicate to Slovak: ""najvyšší vrchol"". Subject is Oravská Magura (proper name, keep). Object Minčol (proper name). So sentence: ""Oravská Magura má najvyšší vrchol Minčol."" Or ""Najvyšším vrcholom Oravskej Magury je Minčol."" Both fine. Must include all facts, only one fact. Use proper translation. Provide only sentence."
Id266,culture,,,1,Najväčšou menšinou v Humennom sú Rusíni.,"We need to produce Slovak sentence(s) expressing the fact: ""Humenné | largestMinority | Rusíni"". Subject: Humenné (likely a town). Predicate: largestMinority (largest minority). Object: Rusíni (Rusyns). Need to translate predicate to Slovak: ""najväčšia menšina"". So sentence: ""Humenné má najväčšiu menšinu Rusínov."" But object is Rusíni (plural). In Slovak, ""Rusíni"" is the plural noun. Could say ""Humenné má najväčšiu menšinu Rusínov."" However ""Rusíni"" is already plural; ""menšina Rusíni"" maybe ""menšina Rusínov"". The instruction: translate each entity that is not a proper name. ""Humenné"" is a proper name (town). ""Rusíni"" is an ethnic group, maybe considered proper name? It's a demonym, likely not proper name? Probably treat as common noun, translate? It's already Slovak. So keep as ""Rusíni"". Predicate translate: ""najväčšia menšina"". So sentence: ""Humenné má najväčšiu menšinu Rusíni."" That sounds okay. Could also ""Najväčšou menšinou v Humennom sú Rusíni."" That uses predicate as ""najväčšia menšina"". Both fine. Must include all facts: subject Humenné, predicate largestMinority, object Rusíni. So sentence: ""Najväčšou menšinou v Humennom sú Rusíni."" That expresses that the largest minority in Humenné are Rusíni. That includes all facts. Use proper translation. Provide only sentence."
Id267,geography,,,2,Slovenský kras obsahuje jaskyne. Jaskyne majú približný počet 1300.,"We need to produce Slovak sentence(s) that express both facts. Entities: ""Slovenský kras"" is proper name, keep as is. ""contains"" translate to ""obsahuje"". ""jaskyne"" is not proper, translate? It's already Slovak word ""jaskyne"" (caves). Should we translate? It's already Slovak, but rule: translate each entity that is not a proper name. ""jaskyne"" is a common noun, but it's already Slovak; we keep as is. ""approximateCount"" translate to ""približný počet"". So second triple: ""jaskyne"" approximateCount ""1300"". So sentence: ""Slovenský kras obsahuje jaskyne a ich približný počet je 1300."" Or two sentences: ""Slovenský kras obsahuje jaskyne. Jaskyne majú približný počet 1300."" Need to include both facts. Use natural Slovak. Ensure no extra info. Use ""približný počet"" as predicate. Could be ""jaskyne majú približný počet 1300"". That expresses second triple. Provide one or two sentences. Let's produce two short sentences."
Id268,culture,,,4,"Boy Wonder má povolanie raper a producent, je slovenský a jeho skutočné meno je Lukáš Jedlička.","We need to produce Slovak sentence(s) that express all facts. Facts: Boy Wonder occupation raper, occupation producent, nationality slovenský, realName Lukáš Jedlička. Need translate predicate to Slovak: ""occupation"" -> ""povolanie"" or ""zamestnanie""? Probably ""povolanie"". ""nationality"" -> ""národnosť"". ""realName"" -> ""skutočné meno"". So sentence: ""Boy Wonder má povolanie raper a producent, je slovenský a jeho skutočné meno je Lukáš Jedlička."" That includes all. Ensure no extra info. Use ""povolanie"" twice? Could combine. Use ""povolanie"" for both. Could say ""má povolanie raper a producent"". That's fine. Provide one sentence."
Id269,geography,,,2,Hrušov sa nachádza v Rožňave. Rožňava je typom okresu.,"We need to produce Slovak sentence(s) that express all facts. Triples: 1. Hrušov | isLocatedIn | Rožňava 2. Rožňava | isTypeOf | okres We must translate predicates to Slovak: ""isLocatedIn"" -> ""sa nachádza v"" or ""je umiestnený v"". ""isTypeOf"" -> ""je typom"" or ""je typom"". Probably ""je typom"". Entities not proper names: Hrušov is a place name (proper), Rožňava is proper, okres is common noun (district). So we keep Hrušov, Rožňava unchanged, translate ""okres"". So sentence: ""Hrušov sa nachádza v Rožňave a Rožňava je typom okresu."" But ""typom okresu"" maybe ""typom okres"". The predicate ""isTypeOf"" means subject is a type of object. So ""Rožňava je typom okresu."" That seems fine. We must include both facts. Could be two short sentences: ""Hrušov sa nachádza v Rožňave. Rožňava je typom okresu."" That expresses both. Ensure no extra info. Use proper translation of predicate: ""sa nachádza v"". Good. Return only the sentence(s)."
Id270,sports,,,2,Volejbalová extraliga mužov na Slovensku má rok 2024 a počet tímov 7.,"We need to produce Slovak sentence(s) that express both facts: ""volejbalová extraliga mužov na Slovensku"" has year 2024 and numberOfTeams 7. Translate predicate: ""year"" -> ""rok"", ""numberOfTeams"" -> ""počet tímov"". Entities not proper names: ""volejbalová extraliga mužov na Slovensku"" is a description, not a proper name, so translate each word? It's already Slovak. Keep as is. So sentence: ""Volejbalová extraliga mužov na Slovensku má rok 2024 a počet tímov 7."" But ""má rok"" is odd; better ""má rok 2024"" maybe ""sa koná v roku 2024"". However predicate translation: ""rok"" as noun, we can say ""má rok 2024"". It's okay. Or two sentences: ""Volejbalová extraliga mužov na Slovensku má rok 2024. Má počet tímov 7."" But better combine. Ensure we include both facts. Use ""má rok 2024 a počet tímov 7."" That expresses both. Provide only sentence."
Id271,geography,,,1,Topľa prúdi do Ondavy.,"We need to produce Slovak sentence(s) expressing the fact: ""Topľa flowsInto Ondava"". Translate predicate to Slovak: ""prúdi do"" or ""tečie do"". Use ""prúdi do"". Subject ""Topľa"" is a proper name? It's a river name, likely proper, keep as is. Object ""Ondava"" also proper. So sentence: ""Topľa prúdi do Ondavy."" Need to translate object case? In Slovak, ""do"" requires genitive: ""Ondavy"". Should we keep original name unchanged? The instruction: translate each entity that is not a proper name. Both are proper names (river names). So keep as is. But need correct grammar: ""Topľa prúdi do Ondavy."" That's fine. Provide only sentence."
Id272,geography,,,2,Prvá veterná elektráreň sa nachádza v Cerovej a je v krajine Slovensko.,"We need to produce Slovak sentence(s) that express all facts: ""prvá veterná elektráreň"" location Cerová, country Slovensko. Translate non-proper nouns: ""prvá veterná elektráreň"" is likely a proper name? It's a phrase, maybe not proper. But rule: translate each entity that is not a proper name. ""prvá veterná elektráreň"" is a description, not a proper name, so translate each word? Already Slovak. So keep as is. ""Cerová"" is a place name, proper, keep. ""Slovensko"" proper, keep. Predikáty: ""location"" -> ""sa nachádza v"" or ""má polohu"". ""country"" -> ""je v krajine"". Need natural sentence(s) covering both facts. Could be: ""Prvá veterná elektráreň sa nachádza v obci Cerová a patrí do krajiny Slovensko."" But ""patrí do krajiny"" maybe unnatural. Better: ""Prvá veterná elektráreň sa nachádza v Cerovej a je v krajine Slovensko."" Use ""je v krajine"". So one sentence: ""Prvá veterná elektráreň sa nachádza v Cerovej a je v krajine Slovensko."" That includes both facts. Ensure no extra info. Good."
Id273,geography,,,3,"Matej Tóth má slovenskú národnosť, je atlét a narodil sa v Nitre.","We need to produce a Slovak sentence(s) that express all facts: Matej Tóth nationality slovenský, profession atlét, birthPlace Nitra. Translate non-proper nouns: nationality -> národnosť, profession -> povolanie, birthPlace -> miesto narodenia. Entities: Matej Tóth is proper name, slovenský is adjective (not proper), atlét is noun (common), Nitra is proper (city). So sentence: ""Matej Tóth je slovenský, je atlét a narodil sa v Nitre."" Need to include all facts. ""narodil sa v Nitre"" expresses birthplace. Could also ""Matej Tóth má slovenskú národnosť, je atlét a narodil sa v Nitre."" That includes nationality. Use ""národnosť"" maybe. The predicate ""nationality"" -> ""má národnosť"". So sentence: ""Matej Tóth má slovenskú národnosť, je atlét a narodil sa v Nitre."" That covers all. Ensure no extra info. Good."
Id274,culture,,,8,"Ivan Matúšik je slovenský architekt, ktorý navrhol komplex Prior a hotel Kyjev; oba sa nachádzajú na Kamennom námestí v Bratislave, a Ivan Matúšik získal cenu Dušana Jurkoviča.","We need to produce a Slovak sentence(s) that includes all facts. Translate predicates to Slovak. Entities that are not proper names should be translated. Let's list facts: 1. Ivan Matúšik nationality slovenský -> ""Ivan Matúšik je slovenský."" 2. Ivan Matúšik profession architekt -> ""Ivan Matúšik je architekt."" 3. Ivan Matúšik designed komplex Prior -> ""Ivan Matúšik navrhol komplex Prior."" 4. Ivan Matúšik designed hotel Kyjev -> ""Ivan Matúšik navrhol hotel Kyjev."" 5. komplex Prior location Kamenné námestie -> ""Komplex Prior sa nachádza na Kamennom námestí."" 6. hotel Kyjev location Kamenné námestie -> ""Hotel Kyjev sa nachádza na Kamennom námestí."" 7. Kamenné námestie city Bratislava -> ""Kamenné námestie je v Bratislave."" 8. Ivan Matúšik receivedAward cena Dušana Jurkoviča -> ""Ivan Matúšik získal cenu Dušana Jurkoviča."" Need to include all facts in one or two sentences, natural flow. Could combine: ""Ivan Matúšik je slovenský architekt, ktorý navrhol komplex Prior a hotel Kyjev; oba sa nachádzajú na Kamennom námestí v Bratislave, a Ivan Matúšik získal cenu Dušana Jurkoviča."" This includes all facts. Ensure translation of predicates: ""je"" for nationality and profession, ""navrhol"" for designed, ""sa nachádza na"" for location, ""je v"" for city, ""získal"" for receivedAward. All facts present. Check: includes nationality, profession, designed both, location of both, city of square, award. Yes. Make sure not to add extra info. The phrase ""oba"" refers to both complex and hotel, okay. No extra facts. Provide just sentence(s). Probably one sentence is fine. Let's output that."
Id275,politics,,,5,"Jaroslav Spišiak bol bývalým policajným prezidentom, zúčastnil sa parlamentných volieb 2023 a zastupoval stranu Progresívne Slovensko. Parlamentné voľby 2023 sa konali v roku 2023 na Slovensku.","We need to produce Slovak sentence(s) that convey all facts. Facts: 1. Jaroslav Spišiak formerPosition bývalý policajný prezident (so ""Jaroslav Spišiak bol bývalým policajným prezidentom""? Actually formerPosition = ""bývalý policajný prezident"". So we need to say ""Jaroslav Spišiak bol bývalým policajným prezidentom."" 2. Jaroslav Spišiak participatedIn parlamentné voľby 2023 -> ""Jaroslav Spišiak sa zúčastnil parlamentných volieb 2023."" 3. parlamentné voľby 2023 location Slovensko -> ""Parlamentné voľby 2023 sa konali na Slovensku."" 4. Jaroslav Spišiak representedParty Progresívne Slovensko -> ""Jaroslav Spišiak zastupoval stranu Progresívne Slovensko."" 5. parlamentné voľby 2023 year 2023 -> ""Parlamentné voľby 2023 sa konali v roku 2023."" But we already have year in name, but we must include. Could combine: ""Parlamentné voľby 2023, ktoré sa konali v roku 2023 na Slovensku,..."" Might be okay. We need to include all facts, no extra. Use only given info. Avoid adding ""sa konali"" maybe not in predicate. The predicate is location and year. We need to express location and year. Could say ""Parlamentné voľby 2023 sa konali v roku 2023 na Slovensku."" That includes both. Now combine sentences: maybe two sentences: one about Jaroslav Spišiak, another about elections. Sentence 1: ""Jaroslav Spišiak bol bývalým policajným prezidentom, zúčastnil sa parlamentných volieb 2023 a zastupoval stranu Progresívne Slovensko."" Check: includes formerPosition, participatedIn, representedParty. Good. Sentence 2: ""Parlamentné voľby 2023 sa konali v roku 2023 na Slovensku."" All facts covered. Ensure no extra info. Use ""zúčastnil sa"" for participatedIn. Use ""zastupoval"" for representedParty. Good. Return only sentences."
Id276,geography,,,3,"Hron je významná rieka, preteká cez Zvolen a nachádza sa v krajine Slovensko.","We need to produce Slovak sentence(s) that express all facts: Hron is a significant river (true), Hron flows through Zvolen, Hron country Slovensko. Need to translate predicate to Slovak: ""isSignificantRiver"" -> ""je významná rieka"". ""flowsThrough"" -> ""preteká cez"" or ""preteká"". ""country"" -> ""krajina"". Use proper grammar. Entities: Hron (proper name) stays. Zvolen (proper). Slovensko (proper). So sentence: ""Hron je významná rieka, preteká cez Zvolen a patrí do krajiny Slovensko."" But ""patrí do krajiny"" maybe ""sa nachádza v krajine Slovensko"". Better: ""Hron je významná rieka, preteká cez Zvolen a leží v krajine Slovensko."" Need to include all facts. Could be two sentences: ""Hron je významná rieka. Hron preteká cez Zvolen a leží v krajine Slovensko."" Ensure all facts. Use ""krajina"" as noun. ""leží v krajine Slovensko"" maybe ""sa nachádza v krajine Slovensko"". Acceptable. Provide one or two sentences. I'll output one sentence: ""Hron je významná rieka, preteká cez Zvolen a nachádza sa v krajine Slovensko."""
Id277,culture,,,5,"Bánhidské nárečie je súčasťou Západoslovenskej časti a je typom slovenského nárečia. Bánhidské nárečie má charakteristickú formu venku, má charakteristickú formu jedenác a má charakteristickú formu čepec.","We need to produce Slovak sentences expressing all facts. Entities: ""Bánhidské nárečie"" is subject. Predicates: partOf, isTypeOf, hasCharacteristicForm (three objects). Need to translate predicate to Slovak: ""je súčasťou"", ""je typom"", ""má charakteristickú formu"". Objects: ""Západoslovenská časť"", ""Slovenské nárečie"", ""venku"", ""jedenác"", ""čepec"". Need to translate non-proper nouns: ""Západoslovenská časť"" maybe proper? It's a region, but likely not proper name? Could be considered proper, but instruction: translate each entity that is NOT a proper name. ""Západoslovenská časť"" is a descriptive phrase, not a proper name, so translate to Slovak? It's already Slovak. So keep as is. ""Slovenské nárečie"" also Slovak. ""venku"", ""jedenác"", ""čepec"" are Slovak words. So just use them. We need to include all facts in one or two short sentences. Could say: ""Bánhidské nárečie je súčasťou Západoslovenskej časti, je typom slovenského nárečia a má charakteristické formy venku, jedenác a čepec."" That includes all. Ensure predicate translation: ""je súčasťou"", ""je typom"", ""má charakteristickú formu"". Since multiple forms, we can list them. Use plural ""formy"". The predicate is singular but we can adapt: ""má charakteristické formy"". Might be acceptable. But requirement: use predicate translated and use naturally. Could say ""má charakteristickú formu venku, má charakteristickú formu jedenác a má charakteristickú formu čepec."" That repeats predicate. Could be two sentences. Let's produce two sentences: first two facts, second three forms. Sentence1: ""Bánhidské nárečie je súčasťou Západoslovenskej časti a je typom slovenského nárečia."" Sentence2: ""Bánhidské nárečie má charakteristickú formu venku, má charakteristickú formu jedenác a má charakteristickú formu čepec."" That covers all. Ensure no extra info. Provide only sentences."
Id278,geography,,,2,Okres Levice je najväčší okres a nachádza sa v Slovensku.,"We need to produce Slovak sentence(s) that express all facts. Two triples: - ""okres Levice | isLargest | okres"" - ""okres Levice | location | Slovensko"" We must translate predicate to Slovak. ""isLargest"" -> ""je najväčší"". Subject ""okres Levice"" is a proper name? It's a specific district, but ""okres Levice"" includes the word ""okres"" which is a common noun, but the whole phrase is a proper name? Probably treat ""okres Levice"" as entity, but we need to translate non-proper nouns. ""okres"" is a common noun, but it's part of the name? The instruction: ""Prelož do slovenčiny každú entitu, ktorá NIE JE vlastné meno (napr. všeobecné podstatné mená, roly, všeobecné opisy). Vlastné mená (mená osôb, miest, organizácií, diel atď.) ponechaj v pôvodnej podobe."" So ""okres Levice"" includes ""okres"" (common noun) and ""Levice"" (proper name of town). So we should translate ""okres"" to Slovak (already Slovak) and keep ""Levice"". So ""okres Levice"". The object ""okres"" is a common noun, translate to ""okres"". So first triple: ""okres Levice je najväčší okres."" Second: ""okres Levice sa nachádza v Slovensku."" Or ""okres Levice leží v Slovensku."" Predicate ""location"" -> ""nachádza sa v"". So produce sentence(s) covering both facts. Could combine: ""Okres Levice je najväčší okres a nachádza sa v Slovensku."" That includes both facts. Ensure we include both facts. Yes. We must not add extra info. The phrase ""najväčší okres"" is okay. The second fact: location = Slovensko. So ""nachádza sa v Slovensku"". Good. Return only the sentence."
Id279,geography,,,3,Váh je najdlhšou riekou na Slovensku a vznikol spojením Čierneho Vahu a Bieleho Vahu.,"We need to produce Slovak sentence(s) that express all facts. Facts: 1. Váh is longest river in Slovakia. 2. Váh formed by confluence of Čierny Váh. 3. Váh formed by confluence of Biely Váh. We must translate predicate to Slovak: ""isLongestRiverIn"" -> ""je najdlhšou riekou v"". ""formedByConfluenceOf"" -> ""vznikol spojením"" or ""vznikol z prítoku""? Need natural: ""vznikol spojením"". So sentence: ""Váh je najdlhšou riekou na Slovensku a vznikol spojením Čierneho Vahu a Bieleho Vahu."" Ensure proper case: ""Čierny Váh"" -> genitive ""Čierneho Vahu"". ""Biely Váh"" -> ""Bieleho Vahu"". Use ""na Slovensku"" rather than ""v Slovensku"". Acceptable. Provide one sentence."
Id280,history,,,5,"Jozef Murgaš je slovenský vynálezca a priekopník, ktorý sa zaoberá bezdrôtovou komunikáciou a narodil sa v Tajove.","We need to produce a Slovak sentence(s) that includes all facts. Facts: - Jozef Murgaš nationality slovenský -> ""Jozef Murgaš je slovenský."" - profession vynálezca -> ""Jozef Murgaš je vynálezca."" - profession priekopník -> ""Jozef Murgaš je priekopník."" - fieldOfWork bezdrôtová komunikácia -> ""Jozef Murgaš pracuje v oblasti bezdrôtovej komunikácie."" Or ""Jozef Murgaš sa zaoberá bezdrôtovou komunikáciou."" - birthPlace Tajist? Actually ""Tajov"". So ""Jozef Murgaš sa narodil v Tajove."" We need to include all facts, maybe combine: ""Jozef Murgaš je slovenský vynálezca a priekopník, ktorý sa zaoberá bezdrôtovou komunikáciou a narodil sa v Tajove."" That includes all. Ensure we use translation of predicate: ""je"" for nationality and profession, ""sa zaoberá"" for fieldOfWork, ""sa narodil v"" for birthPlace. That seems fine. We must not add any extra facts. The sentence includes all. Should we mention ""je"" twice? It's okay. The combined sentence includes all. Thus output only the sentence."
Id281,culture,,,3,"Najdlhšia ľúbostná báseň na svete, nazvaná Marína, bola napísaná známym slovenským básnikom, ktorý patrí do 19. storočia.","We need to produce Slovak sentence(s) that convey all facts. Triples: 1. Najdlhšia ľúbostná báseň na svete | writtenBy | známym slovenským básnikom 2. známym slovenským básnikom | timePeriod | 19 storočia 3. Najdlhšia ľúbostná báseň na svete | hasName | Marína We need to translate predicate to Slovak: ""writtenBy"" -> ""napísal"" (or ""napísaná"" depending). Since subject is ""Najdlhšia ľúbostná báseň na svete"" (feminine), we can say ""Najdlhšia ľúbostná báseň na svete, nazvaná Marína, bola napísaná známym slovenským básnikom, ktorý pôsobil v 19. storočí."" But need to include all facts: name Marína, written by known Slovak poet, that poet's time period is 19th century. Use ""známy slovenský básnik"" (but original says ""známym slovenským básnikom"" which is instrumental case). In sentence we can say ""známym slovenským básnikom"" as part of phrase: ""bola napísaná známym slovenským básnikom"". Then we need to convey that poet's time period is 19th century. Could be separate clause: ""známy slovenský básnik patrí do 19. storočia."" But need to keep facts: ""známym slovenským básnikom | timePeriod | 19 storočia"". So we can say ""známy slovenský básnik patrí do 19. storočia."" Or ""známy slovenský básnik pôsobí v 19. storočí."" Use ""v 19. storočí"". Provide both facts in one sentence maybe: ""Najdlhšia ľúbostná báseň na svete, nazvaná Marína, bola napísaná známym slovenským básnikom, ktorý pôsobí v 19. storočí."" That includes name, writtenBy, poet time period. Should we keep ""známym slovenským básnikom"" as instrumental? In Slovak, ""bola napísaná známym slovenským básnikom"". Then ""ktorý pôsobí v 19. storočí"". That covers all. Make sure not to add extra facts. ""ktorý pôsobí"" is a bit inferred? The triple says timePeriod = 19 storočia, which can be expressed as ""patrí do 19. storočia"". Using ""ktorý pôsobí v 19. storočí"" is acceptable translation of timePeriod. It's not adding new info, just stating period. Thus final output: one sentence. Check: includes all facts: name Marína, written by known Slovak poet, poet time period 19th century. Return only sentence."
Id282,culture,,,2,Reduta sa nachádza v Bratislave a v súčasnosti slúži Slovenskej filharmónii.,"We need to produce Slovak sentence(s) that express both facts. Entities: Reduta (proper name) locatedIn Bratislava -> ""Reduta sa nachádza v Bratislave."" Next: Reduta currentlyServes Slovenská filharmónia -> ""Reduta v súčasnosti slúži Slovenskej filharmónii."" Combine maybe: ""Reduta sa nachádza v Bratislave a v súčasnosti slúži Slovenskej filharmónii."" Ensure translation of predicate: ""locatedIn"" -> ""sa nachádza v"". ""currentlyServes"" -> ""v súčasnosti slúži"". Use proper nouns unchanged. Provide one sentence."
Id283,culture,,,2,Košice sa stali Európskym hlavným mestom kultúry v roku 2013.,"We need to produce Slovak sentence(s) that express all facts. Two triples: Subject: Košice (proper name) - keep as is. Predicate: became -> ""stala sa"" (became) in Slovak. Object: Európske hlavné mesto kultúry (translate? It's not a proper name, it's a phrase, so translate each word? It's already Slovak? ""Európske hlavné mesto kultúry"" is Slovak phrase meaning ""European Capital of Culture"". It's not a proper name, but it's a title. Should we translate? It's already Slovak, so keep as is. Probably fine. Second triple: Košice | becameInYear | 2013. Predicate ""becameInYear"" translate to ""stala sa v roku"". So we need to combine: ""Košice sa stala Európskym hlavným mestom kultúry v roku 2013."" Need correct grammar: ""Košice sa stali Európskym hlavným mestom kultúry v roku 2013."" Since Košice is plural? In Slovak, city names are neuter singular? Actually ""Košice"" is plural form, but often treated as plural: ""Košice sa stali"". So use ""stali"". Also ""Európskym hlavným mestom kultúry"". Should we keep ""Európske hlavné mesto kultúry""? The phrase is nominative; in instrumental case: ""Európskym hlavným mestom kultúry"". So we need to adjust grammar accordingly. The instruction: translate predicate, but object is phrase; we can keep as is? It says translate each entity that is not a proper name. ""Európske hlavné mesto kultúry"" is not a proper name, so we should translate each word to Slovak, but it's already Slovak. So we keep phrase but adjust case? The instruction didn't mention case changes, but to produce natural sentence we need correct case. It's allowed because it's still same words, just inflected. That's okay. Thus final sentence: ""Košice sa stali Európskym hlavným mestom kultúry v roku 2013."" Check: includes both facts: became and becameInYear. Yes. Return only sentence."
Id284,sports,,,7,"Miloslav Mečíř je slovenský tenista, ktorý v roku 1988 reprezentoval Československo a dosiahol olympijskú zlatú medailu na LOH v Soule. LOH v Soule sa konala v roku 1988.","We need to produce a fluent Slovak sentence(s) that express all facts. Facts: 1. Miloslav Mečíř nationality slovenský -> ""Miloslav Mečíř je slovenský."" 2. Miloslav Mečíř profession tenista -> ""Miloslav Mečíř je tenista."" 3. Miloslav Mečíř achieved olympijskú zlatú medailu -> ""Miloslav Mečíř získal olympijskú zlatú medailu."" 4. Miloslav Mečíř yearOfAchievement 1988 -> ""Miloslav Mečíř získal ju v roku 1988."" (but need combine) 5. Miloslav Mečíř representedCountry Československo -> ""Miloslav Mečíř reprezentoval Československo."" 6. olympijskú zlatú medailu event LOH v Soule -> ""Olympijská zlatá medaila bola udelená na LOH v Soule."" 7. LOH v Soule year 1988 -> ""LOH v Soule sa konala v roku 1988."" We need to include all facts, but not add extra. We can combine into one or two sentences. We must translate predicate to Slovak: nationality -> národnosť, profession -> povolanie, achieved -> dosiahol, yearOfAchievement -> rok dosiahnutia, representedCountry -> reprezentoval krajinu, event -> udalosť, year -> rok. But we need natural sentences. We must not add facts not in triples. For example, ""získal ju"" is okay? It implies he achieved the medal. That's fine. We need to ensure we mention that the medal is ""olympijskú zlatú medailu"". Also that the event is LOH v Soule, which is the same as ""LOH v Soule"". Should we translate ""LOH v Soule"" as is (proper name). Keep as is. We need to include that LOH v Soule year 1988. Already covered. We must not add extra like ""v roku 1988"" twice maybe okay. We can produce two sentences: one about Miloslav Mečíř, another about the medal and event. Sentence 1: ""Miloslav Mečíř je slovenský tenista, ktorý v roku 1988 reprezentoval Československo a dosiahol olympijskú zlatú medailu."" This includes nationality, profession, year, representedCountry, achieved. It also includes medal but not linking to event. Need to include that the medal was at LOH v Soule. Could add: ""na LOH v Soule"". So: ""Miloslav Mečíř je slovenský tenista, ktorý v roku 1988 reprezentoval Československo a dosiahol olympijskú zlatú medailu na LOH v Soule."" That covers all facts about him and the event. Now we need to also state that LOH v Soule year 1988. Already mentioned ""v roku 1988"" but that refers to his achievement. The triple says LOH v Soule year 1988. Our sentence says ""na LOH v Soule"" but does not explicitly state that LOH v Soule was in 1988. However we already said ""v roku 1988"" for his achievement, which implies the event also in 1988? Might be considered enough? But the fact ""LOH v Soule year 1988"" is not explicitly stated. Could add second sentence: ""LOH v Soule sa konala v roku 1988."" That directly states the fact. Thus two sentences: first includes all Miloslav facts and medal event, second states event year. Check no extra facts: ""konala"" is okay, it's just stating year of LOH. Not adding extra. Thus final output: two sentences. Make sure to keep proper Slovak diacritics. Let's produce: ""Miloslav Mečíř je slovenský tenista, ktorý v roku 1988 reprezentoval Československo a dosiahol olympijskú zlatú medailu na LOH v Soule. LOH v Soule sa konala v roku 1988."" Check each fact: - nationality: ""je slovenský"" yes. - profession: ""je ... tenista"" yes. - achieved: ""dosiahol olympijskú zlatú medailu"" yes. - yearOfAchievement: ""v roku 1988"" yes. - representedCountry: ""reprezentoval Československo"" yes. - medal event: ""na LOH v Soule"" yes. - LOH year: second sentence. All good."
Id285,geography,,,2,Rudolf Schuster bol bývalým prezidentom Slovenská republika a narodil sa v Košice.,"We need to produce Slovak sentence(s) that express both facts. Entities: Rudolf Schuster (proper name) - formerPresidentOf - Slovenská republika (proper name of country). Also Rudolf Schuster - birthPlace - Košice (city). Need to translate predicate to Slovak: ""formerPresidentOf"" -> ""bol bývalým prezidentom"". ""birthPlace"" -> ""sa narodil v"". So sentence: ""Rudolf Schuster bol bývalým prezidentom Slovenskej republiky a narodil sa v Košiciach."" Need to keep ""Slovenská republika"" as proper name? The instruction: translate each entity that is NOT a proper name. ""Slovenská republika"" is proper name of a country, so keep as is. ""Košice"" is a city name, proper name, keep. So sentence: ""Rudolf Schuster bol bývalým prezidentom Slovenská republika a narodil sa v Košice."" But grammar: need ""Slovenskej republiky"" in Slovak genitive case. However we cannot change proper name? The instruction says keep proper names in original form. The original is ""Slovenská republika"". Changing case would modify it, which might be considered altering. So we must keep exactly ""Slovenská republika"". But then sentence may be slightly ungrammatical but okay. Could also use ""bol bývalým prezidentom Slovenská republika"". That's okay. For ""Košice"" keep as is. So final: ""Rudolf Schuster bol bývalým prezidentom Slovenská republika a narodil sa v Košice."""
Id286,geography,,,3,"Siaha je najvyšším vrchom Považského Inovca, je jeho súčasťou a má nadmorskú výšku 1042.","We need to produce Slovak sentence(s) that convey all facts. Triples: - Siaha isPartOf Považský Inovec -> ""Siaha je súčasťou Považského Inovca."" - Siaha isHighestPeakOf Považský Inovec -> ""Siaha je najvyšším vrchom Považského Inovca."" - Siaha elevation 1042 -> ""Siaha má nadmorskú výšku 1042."" We need to include all facts, maybe combine: ""Siaha je najvyšším vrchom Považského Inovca, je jeho súčasťou a má nadmorskú výšku 1042 metrov."" But need to translate ""elevation"" as ""nadmorskú výšku"". The number 1042 likely meters, but not given unit. Should we add ""metrov""? The triple just says 1042, no unit. We must not add details not in triple. So we should just say ""má nadmorskú výšku 1042"". Could add ""metrov"" would be adding unit not present. So avoid. Thus sentence: ""Siaha je najvyšším vrchom Považského Inovca, je jeho súčasťou a má nadmorskú výšku 1042."" That includes all three. Ensure translation of predicates: isPartOf -> ""je súčasťou"", isHighestPeakOf -> ""je najvyšším vrchom"", elevation -> ""má nadmorskú výšku"". Good. Return only sentence."
Id287,geography,,,3,"Zemetrasenie pri Humennom má lokáciu Humenné, dátum 2023‑10 a magnitúdu 4.9.","We need to produce Slovak sentence(s) that express all facts: Earthquake near Humenné, location Humenné, date 2023-10, magnitude 4.9. Need to translate predicate to Slovak: location -> ""lokácia"" or ""nachádza sa v""? Probably ""lokácia"". date -> ""dátum"". magnitude -> ""magnitúda"". Subject is ""Zemetrasenie pri Humennom"". Should we translate subject? It's not a proper name, it's a description, so translate: ""Zemetrasenie pri Humennom"". Keep as is? It's not proper name, but it's phrase. Probably keep as is. Provide sentence: ""Zemetrasenie pri Humennom má lokáciu Humenné, dátum 2023-10 a magnitúdu 4.9."" That includes all facts. Ensure no extra info. Use ""má"" as predicate? Actually we need to use predicate translation: location -> ""lokácia"". Could phrase ""má lokáciu"". date -> ""dátum"". magnitude -> ""magnitúda"". So sentence: ""Zemetrasenie pri Humennom má lokáciu Humenné, dátum 2023-10 a magnitúdu 4.9."" That covers all."
Id288,history,,,6,Ján Pavol II je pápež a navštívil Prešov dňa 1996‑04‑29. František je pápež a navštívil Prešov dňa 2021‑09‑14.,"We need to produce Slovak sentences expressing all facts. Entities: Prešov (city), Ján Pavol II (proper name), František (proper name). Predicates: visitedBy -> ""navštívil"" maybe ""bol navštívený"". We need to translate predicate to Slovak. ""visitedBy"" means subject is visited by object. So ""Prešov bol navštívený Jánom Pavlom II"". Also need timeframe: Ján Pavol II visited Prešov on 1996-04-29. So we need to include that. Also František visited Prešov on 2021-09-14. Also Ján Pavol II is a pope: ""Ján Pavol II je pápež"". František is a pope: ""František je pápež"". Must include all facts. Could be two sentences: one for each pope with date and city. Or combine. Must not add extra info. Use exact dates. Use proper translation of predicate ""visitTimeframe"" -> ""navštívil ... dňa"". So sentence: ""Ján Pavol II, ktorý je pápež, navštívil Prešov dňa 1996-04-29."" Also ""František, ktorý je pápež, navštívil Prešov dňa 2021-09-14."" That covers all. Ensure we also state that Prešov was visited by them. That's covered. Provide both sentences."
Id289,culture,,,3,"Jozef Karvaš je slovenský hudobník, trubkár a je známy pre Ďez.","We need to produce Slovak sentence(s) that express all facts. Facts: - Jozef Karvaš is a Slovak musician. - Jozef Karvaš is a trumpeter. - Jozef Karvaš is known for Ďez. We must translate predicate to Slovak: ""isA"" -> ""je"". ""isKnownFor"" -> ""je známy pre"" or ""je známy svojou"". Probably ""je známy pre"". Use natural phrasing: ""Jozef Karvaš je slovenský hudobník, trubkár a je známy pre Ďez."" Could be one sentence. Ensure all facts included. No extra info. Use ""trubkár"" as translation of ""trumpeter"". Good. Return only sentence."
Id290,geography,,,2,Dukliansky Priesmyk je koncom Cesty hrdinov SNP a Devín je koncom Cesty hrdinov SNP.,"We need to produce Slovak sentences expressing both triples. Triples: 1. Dukliansky Priesmyk | isEndOf | Cesta hrdinov SNP 2. Devín | isEndOf | Cesta hrdinov SNP Predicate ""isEndOf"" translates to ""je koncom"" or ""je koncom"". Should be natural: ""Dukliansky Priesmyk je koncom Cesty hrdinov SNP."" Similarly for Devín. Could combine into one sentence: ""Dukliansky Priesmyk aj Devín sú koncami Cesty hrdinov SNP."" But need to express both facts. The predicate is singular? Could use plural ""sú koncami"". That covers both. It uses both facts. Should we keep each fact separate? Could be two short sentences. Both acceptable. Must not add extra info. Use translation of entities not proper names: ""Cesta hrdinov SNP"" is a proper name? It's a name of a trail, likely proper, keep as is. ""Dukliansky Priesmyk"" and ""Devín"" are proper names, keep. So sentence: ""Dukliansky Priesmyk je koncom Cesty hrdinov SNP a Devín je koncom Cesty hrdinov SNP."" That's two clauses. That expresses both. Or separate sentences. I'll output one sentence with both."
Id291,sports,,,2,Anastasiya Kuzminová má celkový počet olympijských zlatých medailí 3 a zastupuje Slovensko.,"We need to produce Slovak sentence(s) that express both facts: Anastasiya Kuzminová has total Olympic gold medals 3, and represents country Slovakia. Must translate predicate to Slovak. Predicates: ""totalOlympicGoldMedals"" -> ""má celkový počet olympijských zlatých medailí"" maybe ""má celkový počet olympijských zlatých medailí"". ""representsCountry"" -> ""zastupuje krajinu"". Use proper Slovak. Must not add extra info. So sentence: ""Anastasiya Kuzminová má celkový počet olympijských zlatých medailí 3 a zastupuje Slovensko."" That includes both facts. Ensure numbers as given. Should we keep ""3"" as numeral. Yes. Check translation: ""totalOlympicGoldMedals"" -> ""celkový počet olympijských zlatých medailí"". Could also be ""má 3 olympijských zlatých medailí"". But need to use predicate translation. The instruction: ""Predikát VŽDY prelož do slovenčiny a použi ho vo vete prirodzene."" So we need to translate predicate phrase. So ""totalOlympicGoldMedals"" -> ""celkový počet olympijských zlatých medailí"". So ""Anastasiya Kuzminová má celkový počet olympijských zlatých medailí 3"". That is okay. Second predicate: ""representsCountry"" -> ""zastupuje krajinu"". So ""Anastasiya Kuzminová zastupuje Slovensko."" Combine: ""Anastasiya Kuzminová má celkový počet olympijských zlatých medailí 3 a zastupuje Slovensko."" That's one sentence. Provide only that."
Id292,geography,,,3,"Najvyšším vrchom Cerovej vrchoviny je Karanč, ktorý má nadmorskú výšku 728 a je nad 1000.","We need to produce Slovak sentence(s) that express all facts. Facts: 1. Cerova vrchovina | highestPeak | Karanč -> ""Cerova vrchovina má najvyšší vrchol Karanč"" or ""Najvyšším vrchom Cerovej vrchoviny je Karanč"". Need translate predicate ""highestPeak"" to Slovak: ""najvyšší vrchol"". So sentence: ""Najvyšším vrchom Cerovej vrchoviny je Karanč."" 2. Karanč | elevation | 728 -> ""Karanč má nadmorskú výšku 728"". Probably ""Karanč má nadmorskú výšku 728"". Could add unit? Not given. Keep as is. 3. Karanč | isAbove | 1000 -> ""Karanč je nad 1000"". Might need context: ""Karanč je nad 1000"". Could be ""Karanč je nad 1000"". Might need unit? Not given. Keep as is. We must include all facts. Could combine: ""Najvyšším vrchom Cerovej vrchoviny je Karanč, ktorý má nadmorskú výšku 728 a je nad 1000."" That includes all three. Does it use all facts? Yes. It says Karanč has elevation 728 and is above 1000. That seems contradictory but we just state. It's okay. Make sure we translate predicate ""isAbove"" to ""je nad"". Good. Thus final output: one sentence."
Id293,geography,,,3,"Schaubmarov je vodný mlyn, nachádza sa v Pezinoku a je najväčší v Európe.","We need to produce Slovak sentence(s) that convey all facts. Facts: - Schaubmarov isLocatedIn Pezinok -> ""Schaubmarov sa nachádza v Pezinoku."" - Schaubmarov type Water Mill -> ""Schaubmarov je vodný mlyn."" (type Water Mill) - Schaubmarov sizeRank Largest In Europe -> ""Schaubmarov je najväčší v Európe."" Or ""Schaubmarov má najväčší veľkostný rang v Európe."" But need natural. We must not add extra info. Use translation of predicate: ""nachádza sa v"", ""je"", ""má"". For sizeRank, predicate ""sizeRank"" translate to ""má veľkostný rang"" maybe unnatural. Could say ""Schaubmarov je najväčší v Európe."" That conveys sizeRank Largest In Europe. It's okay. Combine into one sentence or two short. Could combine: ""Schaubmarov je vodný mlyn, nachádza sa v Pezinoku a je najväčší v Európe."" That includes all three. Ensure no extra facts. That's fine. Check translation: ""Schaubmarov je vodný mlyn, nachádza sa v Pezinoku a je najväčší v Európe."" Yes. Return only that sentence."
Id294,other,,,2,Univerzita Komenského v Bratislave má 13 fakúlt k dátumu 2026-04-29.,"We need to produce Slovak sentence(s) expressing both facts. Entities: ""Univerzita Komenského v Bratislave"" is a proper name, keep as is. Predicates: ""numberOfFaculties"" translate to ""má počet fakúlt"" or ""má 13 fakúlt"". ""asOfDate"" translate to ""k dátumu"" maybe ""k dňu"". Should be natural: ""Univerzita Komenského v Bratislave má 13 fakúlt k dátumu 2026-04-29."" Or two sentences: ""Univerzita Komenského v Bratislave má 13 fakúlt. K dátumu 2026-04-29."" Better combine: ""Univerzita Komenského v Bratislave má 13 fakúlt k dátumu 2026-04-29."" That includes both facts. Ensure no extra info. Use ""k dátumu"" for asOfDate. Should we keep date format as given. Yes. Thus output single sentence."
Id295,culture,,,2,Karol Duchoň bol spevák a zomrel vo veku 35 rokov.,"We need to produce Slovak sentence(s) that express both facts: Karol Duchoň profession spevák, and Karol Duchoň ageAtDeath 35. Must translate predicate to Slovak: ""profesia"" maybe ""povolanie"" or ""profesia"". The predicate ""profession"" translate to ""povolanie"" or ""profesia"". Use natural: ""Karol Duchoň bol spevák a zomrel vo veku 35 rokov."" That includes both facts. It uses ""bol spevák"" (profession) and ""zomrel vo veku 35 rokov"" (age at death). AgeAtDeath is 35, we state that. Ensure no extra info. That's fine. Provide one sentence."
Id296,geography,,,2,Budatínsky zámok sa nachádza v Žiline. Žilina je slovenské mesto.,"We need to produce Slovak sentence(s) that express both facts. Entities: ""Budatínsky zámok"" (proper name) locatedIn Žilina. ""Žilina"" isA slovenské mesto. Translate predicate: ""locatedIn"" -> ""sa nachádza v"" or ""sa nachádza v"". ""isA"" -> ""je"". So sentences: ""Budatínsky zámok sa nachádza v Žiline a Žilina je slovenské mesto."" Need to keep Žilina as proper name, but ""slovenské mesto"" is translation. Also need to reflect that Žilina is a Slovak city. Could be two sentences: ""Budatínsky zámok sa nachádza v Žiline. Žilina je slovenské mesto."" That covers both. Ensure no extra info. Provide only sentences."
Id297,sports,,,2,Martin Skrtel má početkrát 4. Martin Skrtel získal ocenenie slovenský futbalista roka.,"We need to produce Slovak sentence(s) that express both facts. Entities: Martin Skrtel (proper name) stays. Predicates: numberOfTimes -> ""početkrát"" maybe ""početkrát"" but need natural translation: ""početkrát"" or ""počet"". The object is 4. So ""Martin Skrtel má početkrát 4""? Better: ""Martin Skrtel má 4"". But need to convey ""number of times"". Could phrase: ""Martin Skrtel má počet výskytov 4"". However we must translate predicate to Slovak and use naturally. ""numberOfTimes"" could be ""početkrát"". So sentence: ""Martin Skrtel má početkrát 4 a získal ocenenie slovenský futbalista roka."" But need to include both facts. The second predicate ""award"" -> ""ocenenie"". Object ""slovenský futbalista roka"". So: ""Martin Skrtel má početkrát 4 a ocenenie slovenský futbalista roka."" Might be okay. Could also split into two short sentences: ""Martin Skrtel má početkrát 4. Martin Skrtel získal ocenenie slovenský futbalista roka."" That seems clearer. Use proper translation: ""početkrát"" maybe unnatural but okay. Could also ""početkrát"" as adverb. Might be better: ""Martin Skrtel má 4 výskytov"" but that's adding ""výskytov"". Not in data. So stick to literal. Thus output two sentences."
Id298,sports,,,3,Slovensko má 2 olympijské medaily v plávaní. Martina Moravcová zodpovedá za olympijské medaily v plávaní a krajina týchto medailí je Slovensko.,"We need to produce Slovak sentence(s) that express all facts. Triples: 1. Slovensko | olympicMedalsInSwimming | 2 2. Martina Moravcová | responsibleFor | olympicMedalsInSwimming 3. olympicMedalsInSwimming | country | Slovensko We need to translate predicate to Slovak. Predicates: ""olympicMedalsInSwimming"" is a property name, but we need to translate predicate to Slovak. The predicate is ""olympicMedalsInSwimming"". Should we translate it? The instruction: ""Predikát VŽDY prelož do slovenčiny a použi ho vo vete prirodzene."" So we need to translate the predicate into Slovak. The predicate is ""olympicMedalsInSwimming"". That likely translates to ""olympijské medaily v plávaní"". So we need to use that phrase. Also ""responsibleFor"" translates to ""zodpovedá za"". ""country"" translates to ""krajina"". So we need sentences that convey: - Slovensko má 2 olympijské medaily v plávaní. - Martina Moravcová zodpovedá za olympijské medaily v plávaní. - Olympijské medaily v plávaní patria (sú) k Slovensku (or krajina je Slovensko). The triple says ""olympicMedalsInSwimming | country | Slovensko"". So we can say ""Krajina olympijských medailí v plávaní je Slovensko."" Or ""Olympijské medaily v plávaní patria Slovensku."" We must include all facts, no extra. We need to ensure we don't add any extra info. The three facts: 1. Slovensko má 2 olympijské medaily v plávaní. 2. Martina Moravcová zodpovedá za olympijské medaily v plávaní. 3. Olympijské medaily v plávaní patria Slovensku. (or ""Krajina olympijských medailí v plávaní je Slovensko."") Both convey same. We can combine maybe two sentences: ""Slovensko má 2 olympijské medaily v plávaní a Martina Moravcová zodpovedá za tieto medaily; krajina týchto medailí je Slovensko."" But that repeats. Better separate: ""Slovensko má 2 olympijské medaily v plávaní. Martina Moravcová zodpovedá za olympijské medaily v plávaní a krajina týchto medailí je Slovensko."" Check that we didn't add extra. The phrase ""týchto"" is referencing, but not adding new fact. It's okay. Could also be ""Martina Moravcová zodpovedá za olympijské medaily v plávaní. Krajina olympijských medailí v plávaní je Slovensko."" And also ""Slovensko má 2 olympijské medaily v plávaní."" That's three sentences. The requirement: one sentence or two short if needed. Could we combine into two? Possibly: ""Slovensko má 2 olympijské medaily v plávaní a Martina Moravcová zodpovedá za tieto medaily; krajina týchto medailí je Slovensko."" That's two sentences separated by semicolon? That's still two sentences. Might be okay. We must not add any facts like ""týchto"" referencing but it's okay. Ensure we keep numbers exactly ""2"". Use ""2"" not ""dva""? The instruction: preserve numbers exactly as given. So we must write ""2"" not ""dva"". So ""Slovensko má 2 olympijské medaily v plávaní."" Thus final answer: maybe two sentences: ""Slovensko má 2 olympijské medaily v plávaní. Martina Moravcová zodpovedá za olympijské medaily v plávaní a krajina týchto medailí je Slovensko."" That's three facts covered. Good."
Id299,culture,,,5,"Gorazdov Močenok je festival kresťanského divadla, ktorý prebieha každoročne, začal v roku 1993 a koná sa v Močanok.","We need to produce Slovak sentence(s) expressing all facts. Entities: ""Gorazdov Močenok"" is likely a festival name. Predicates: isGenre -> ""kresťanského divadla"" (genre of Christian theatre). eventType -> ""festival"". occursAnnually -> true (so occurs annually). startingYear -> 1993. location -> Močanok. We must translate predicates to Slovak: isGenre = ""je žánrom"" maybe ""je žánrom"". eventType = ""je typom podujatia"" or ""je festivalom"". occursAnnually = ""prebieha každoročne"". startingYear = ""začal v roku"". location = ""sa koná v"". Need to include all facts. One sentence could be: ""Gorazdov Močenok je festival kresťanského divadla, ktorý prebieha každoročne, začal v roku 1993 a koná sa v Močanok."" That includes all. Ensure translation of location: ""v Močanok"" maybe ""v Močanok"" is okay. Use ""v Močanok"" (though proper would be ""v Močanku""? but keep as given). Provide exactly one sentence."
Id300,geography,,,3,Búracie práce začali v roku 2019 a ich miesto je biznis centrum Apollo. Biznis centrum Apollo sa nachádza v meste Bratislava.,"We need to produce Slovak sentence(s) that express all facts. Triples: 1. búracie práce | startYear | 2019 2. búracie práce | location | biznis centrum Apollo 3. biznis centrum Apollo | city | Bratislava We need to translate non-proper nouns. ""búracie práce"" is a phrase meaning ""demolition works"". It's not a proper name, so translate? It's already Slovak. Keep as is. ""startYear"" predicate translate to ""rok začiatku"" or ""začala v roku""? Must translate predicate to Slovak and use naturally. ""location"" -> ""nachádza sa v"" or ""lokácia"". ""city"" -> ""mesto"". We need to include all facts. We can produce: ""Búracie práce začali v roku 2019, ich miesto je biznis centrum Apollo, ktoré sa nachádza v meste Bratislava."" That includes all three facts. Ensure we use translation of predicates: ""začali v roku"" for startYear, ""nachádzajú sa v"" for location, ""mesto"" for city. The third triple: biznis centrum Apollo | city | Bratislava => ""biznis centrum Apollo sa nachádza v meste Bratislava."" Already covered. We must not add extra facts. The sentence ""Búracie práce začali v roku 2019, ich miesto je biznis centrum Apollo, ktoré sa nachádza v meste Bratislava."" This uses ""ich miesto je"" which is a translation of location. That's okay. It doesn't add extra info. Could also split into two sentences: ""Búracie práce začali v roku 2019 a ich miesto je biznis centrum Apollo. Biznis centrum Apollo sa nachádza v meste Bratislava."" That is fine. We need to ensure we use only given facts. ""ich miesto je"" is okay. No extra. Provide only sentence(s). Let's output two short sentences."
Id301,sports,,,2,FCB Trenčín je najúspešnejším tímom najvyššej slovenskej florbalovej ligy. FCB Trenčín má meradlo úspechu počet titulov.,"We need to produce Slovak sentence(s) that express all facts. Two triples: 1. Subject: ""FCB Trenčín"" (proper name) predicate: ""isMostSuccessfulTeam"" object: ""najvyššia slovenská florbalová liga"". The predicate translates to ""je najúspešnejším tímom"". The object is ""najvyššia slovenská florbalová liga"" which is a league name, not a proper name? It's a description, but it's a league name. Should we translate? It's already Slovak. So sentence: ""FCB Trenčín je najúspešnejším tímom najvyššej slovenskej florbalovej ligy."" 2. Subject: ""FCB Trenčín"" predicate: ""successMetric"" object: ""počet titulov"". Translate predicate ""má meradlo úspechu"" maybe? But we need natural: ""FCB Trenčín má meradlo úspechu počet titulov."" Could be ""FCB Trenčín má úspešný ukazovateľ počet titulov."" But we must use predicate translation: ""successMetric"" -> ""má meradlo úspechu"". So: ""FCB Trenčín má meradlo úspechu počet titulov."" Combine both in one or two sentences. Could be two short sentences: ""FCB Trenčín je najúspešnejším tímom najvyššej slovenskej florbalovej ligy. FCB Trenčín má meradlo úspechu počet titulov."" Check requirements: Use only info given. No extra. Yes. Make sure translation of predicate is natural. ""isMostSuccessfulTeam"" -> ""je najúspešnejším tímom"". ""successMetric"" -> ""má meradlo úspechu"". Good. Return only sentences."
Id302,geography,,,1,Domašínsky meander sa nachádza na Váh.,"We need to produce a Slovak sentence expressing the fact: ""Domašínsky meander is located on Váh."" Need to translate predicate ""locatedOn"" to Slovak ""sa nachádza na"". Also translate non-proper nouns: ""meander"" is a common noun, but ""Domašínsky meander"" is a name? It's a proper name? Probably ""Domašínsky meander"" is a proper name, but includes a common noun ""meander"". The instruction: translate each entity that is NOT a proper name. So ""Domašínsky meander"" includes ""meander"" which is common noun, but the whole phrase is a proper name? Hard. Probably treat ""Domašínsky meander"" as a proper name? But they say translate each entity that is not a proper name (e.g., general nouns, roles). ""Domašínsky meander"" is a specific geographic feature, likely a proper name. So keep as is. ""Váh"" is a proper name (river). So keep. So sentence: ""Domašínsky meander sa nachádza na Váhu."" Actually ""na Váh"" vs ""na Váhu""? In Slovak, ""na Váh"" is correct? Usually ""na Váh"" (accusative). So ""na Váh"". Use ""sa nachádza na Váh"". So final output: one sentence."
Id303,culture,,,5,"Viliama Klimáčka je známy ako herec, scenárista a herec divadla GUnaGU, študoval na lekárskej fakulte UK v Bratislave a jeho povolanie je anesteziológ.","We need to produce Slovak sentence(s) that express all facts. Facts: - Viliama Klimáčka knownAs herca (actor) - Viliama Klimáčka knownAs scenáristu (screenwriter) - Viliama Klimáčka knownAs herca divadla GUnaGU (actor of theater GUnaGU) - Viliama Klimáčka studiedAt lekárska fakulta UK v Bratislave (studied at medical faculty of Comenius University in Bratislava) - Viliama Klimáčka profession anesteziológ (anesthesiologist) We must translate predicate to Slovak: knownAs = ""je známy ako"", studiedAt = ""študoval na"", profession = ""povolanie"". Use natural sentence(s). Must include all facts. Could be: ""Viliama Klimáčka je známy ako herec, scenárista a herec divadla GUnaGU, študoval na lekárskej fakulte UK v Bratislave a jeho povolanie je anesteziológ."" That includes all. Ensure translation of ""herca divadla GUnaGU"" maybe keep GUnaGU as is. Use ""herec divadla GUnaGU"". Good. Check: we used ""herec"" for first, ""scenárista"" for second, ""herec divadla GUnaGU"" for third. All facts present. Use ""povolanie"" for profession. Provide one sentence. Ensure no extra facts. Good."
Id304,culture,,,2,Viliam Polónyi má povolanie herec a venuje sa herectvu.,"We need to produce Slovak sentence(s) that express all facts. Two triples: subject Viliam Polónyi, predicate profession, object Herec (actor). Second: Viliam Polónyi dedicatedTo herectvo (acting). Need translate predicate to Slovak: ""profesia"" maybe ""povolanie"" or ""profesia"". Use ""profesia"" or ""povolanie"". The object ""Herec"" is a proper noun? It's a common noun, so translate to Slovak: ""herec"". Already Slovak. So sentence: ""Viliam Polónyi je herec a venuje sa herectvu."" Need to include both facts. Use ""profesia"" maybe ""profesia"" is not typical; ""povolanie"". Could say ""Viliam Polónyi má povolanie herec a venuje sa herectvu."" That covers both. Ensure no extra info. Provide one sentence."
Id305,culture,,,3,"Gejza Dusík a Pavol Braxatoris spoluzakladali Operetu, ktorá pochádza zo Slovenska.","We need to produce Slovak sentence(s) that express all facts: Gejza Dusík coFounded Opereta; Pavol Braxatoris coFounded Opereta; Opereta countryOfOrigin Slovensko. Translate predicate ""coFounded"" to Slovak: ""spoluzakladal"". ""countryOfOrigin"" to ""pochádza z krajiny"" or ""krajina pôvodu"". Probably ""pochádza z krajiny"" or ""má krajinu pôvodu"". Use natural: ""Opereta pochádza zo Slovenska"". For coFounded: ""Gejza Dusík spoluzakladal Operetu"" (Opereta is name). Similarly ""Pavol Braxatoris spoluzakladal Operetu"". Need to include all facts in one or two sentences. Could combine: ""Gejza Dusík a Pavol Braxatoris spoluzakladali Operetu, ktorá pochádza zo Slovenska."" That includes both coFoundings and country of origin. Yes. Check translation: ""coFounded"" -> ""spoluzakladal"" (singular) but with two subjects we can use plural ""spoluzakladali"". That's fine. ""Opereta"" is the name, keep as is. ""countryOfOrigin"" -> ""pochádza zo"". Use ""zo Slovenska"". Good. Thus final answer: one sentence."
Id306,geography,,,3,Bazilika Sedembolestnej Panny Márie sa nachádza v Šaštín-Stráže. Šaštín-Stráže je pútnicky významné mesto a nachádza sa v Slovensku.,"We need to produce Slovak sentence(s) that express all facts. Facts: 1. Bazilika Sedembolestnej Panny Márie locatedIn Šaštín-Stráže. 2. Šaštín-Stráže isA pútnicky významné mesto. 3. Šaštín-Stráže locatedIn Slovensko. We must translate predicate to Slovak: ""locatedIn"" -> ""sa nachádza v"" or ""sa nachádza v"". ""isA"" -> ""je"". So sentences: ""Bazilika Sedembolestnej Panny Márie sa nachádza v Šaštín-Stringe."" Wait correct spelling: Šaštín-Stráže. ""Šaštín-Stráže je pútnicky významné mesto a nachádza sa v Slovensku."" We need to include all facts. Could be two sentences: first about basilica, second about Šaštín-Stráže. Ensure no extra info. Use exact names. Provide only sentences. Thus: ""Bazilika Sedembolestnej Panny Márie sa nachádza v Šaštín-Stráže. Šaštín-Stráže je pútnicky významné mesto a nachádza sa v Slovensku."" Check: ""nachádza sa v"" is correct translation of ""locatedIn"". Good. Return only these sentences."
Id307,geography,,,3,Horné Saliby je obec a patrí do okresu Galanta. Väčšina obyvateľstva deklaruje maďarskú národnosť.,"We need to produce Slovak sentence(s) that express all facts. Facts: 1. Horné Saliby is a type ""obec"" (village/municipality). So ""Horné Saliby je obec."" 2. Horné Saliby belongs to district Galanta. So ""Horné Saliby patrí do okresu Galanta."" 3. ""väčšina obyvateľstva"" declares nationality ""maďarská"". So ""väčšina obyvateľstva deklaruje maďarskú národnosť."" But need translate predicate ""declaresNationality"" to Slovak: ""deklaruje národnosť"". The object ""maďarská"" is an adjective? Should be ""maďarská"". Could be ""maďarskú"". Since we translate entity not proper name: ""maďarská"" is an adjective meaning Hungarian. In Slovak, ""maďarská"" as noun? Might be ""maďarská"" as nationality. Use ""maďarskú"". The subject ""väčšina obyvateľstva"" is phrase. So sentence: ""Väčšina obyvateľstva deklaruje maďarskú národnosť."" Combine maybe two sentences: one for Horné Saliby facts, one for majority. Could combine: ""Horné Saliby je obec, patrí do okresu Galanta, a väčšina obyvateľstva deklaruje maďarskú národnosť."" But that merges facts about Horné Saliby and population. Might be okay but ensure all facts included. The third fact not necessarily about Horné Saliby, but about ""väčšina obyvateľstva"". Could be separate sentence. The instruction: one sentence (or two short if needed). Could do two sentences: first two facts, second third fact. Thus output: ""Horné Saliby je obec a patrí do okresu Galanta. Väčšina obyvateľstva deklaruje maďarskú národnosť."" Check translation of predicate: ""isType"" -> ""je"". ""belongsToDistrict"" -> ""patrí do okresu"". ""declaresNationality"" -> ""deklaruje národnosť"". Use ""maďarskú"". Good. Return only sentences."
Id308,culture,,,4,"Pa a Pi je animovaný seriál z Czechoslovakia. Úvodnú pieseň, ktorá patrí k Pa a Pi, predviedla Marika Gombitová.","We need to produce Slovak sentence(s) that express all facts. Facts: 1. Pa a Pi | seriesType | animated series -> ""Pa a Pi"" is an animated series (type animated series). 2. Pa a Pi | countryOfOrigin | Czechoslovakia -> ""Pa a Pi"" originates from Czechoslovakia. 3. Marika Gombitová | performed | intro song -> Marika Gombitová performed the intro song. 4. intro song | belongsTo | Pa a Pi -> The intro song belongs to Pa a Pi. We must translate predicate to Slovak: seriesType -> typ série? But we need natural phrase: ""je animovaný seriál"" or ""má typ animovaný seriál"". Probably ""je animovaný seriál"". countryOfOrigin -> ""pochádza z"" or ""má krajinu pôvodu"". Use ""pochádza z"". performed -> ""predviedla"" or ""vystúpila s"". Use ""predviedla"". belongsTo -> ""patrí k"". So sentence: ""Pa a Pi je animovaný seriál z Československa, ktorého úvodnú pieseň predviedla Marika Gombitová a úvodná pieseň patrí k Pa a Pi."" Could combine: ""Pa a Pi je animovaný seriál z Československa; úvodnú pieseň k nemu predviedla Marika Gombitová."" That includes belongsTo implicitly. But need to state that intro song belongs to Pa a Pi. Could say ""Úvodná pieseň patrí k Pa a Pi."" So maybe two sentences: first about series, second about song. Must include all facts. Provide both sentences. Make sure not add extra info. Use exact names. ""Czechoslovakia"" keep as is? It's not proper name? It's a proper name of country, keep original. So ""Czechoslovakia"". Use ""Pa a Pi"". Provide. Thus final output: two sentences."
Id309,culture,,,3,"Polemic má hudobný žáner Ska Reggae, má národnosť Slovenská a predvádza pieseň Komplikovaná.","We need to produce Slovak sentence(s) that express all facts. Facts: - Polemic musicGenre Ska Reggae -> ""Polemic"" (subject) has music genre ""Ska Reggae"". Translate predicate: ""má hudobný žáner"" maybe. Need to translate predicate to Slovak. The predicate ""musicGenre"" -> ""hudobný žáner"". So sentence: ""Polemic má hudobný žáner Ska Reggae."" - Polemic nationality Slovenská -> ""Polemic"" has nationality ""Slovenská"". Translate predicate ""nationality"" -> ""národnosť"". So: ""Polemic má národnosť Slovenská."" - Polemic performsSong Komplikovaná -> predicate ""performsSong"" -> ""predvádza pieseň"" or ""spieva pieseň"". Use ""predvádza pieseň"". So: ""Polemic predvádza pieseň Komplikovaná."" We need to include all facts, can be one sentence or two short. Could combine: ""Polemic má hudobný žáner Ska Reggae, má národnosť Slovenská a predvádza pieseň Komplikovaná."" That includes all. Ensure no extra info. Use exact names. Should we keep ""Polemic"" as is (proper name). Yes. Thus output single sentence."
Id310,culture,,,1,Metalinda nahrala album Za všetky prachy.,"We need to produce Slovak sentence(s) expressing the fact: subject Metalinda, predicate recordedAlbum, object Za všetky prachy. Translate predicate to Slovak: ""nahral album"". So sentence: ""Metalinda nahrala album Za všetky prachy."" Since Metalinda is a band (maybe feminine? but we keep as is). Use ""nahrala"" (feminine) or ""nahral""? In Slovak, band is neuter? Usually ""skupina"" is feminine, but ""Metalinda"" as proper name, we can use ""nahrala"". Use ""nahrala album"". So final answer: one sentence."
Id311,geography,,,2,Minerálna voda má názov Fatra a pochádza z Fatra II./BU-2.,"We need to produce Slovak sentence(s) expressing both facts. Entities: ""minerálna voda"" is subject, predicate ""obtainedFrom"" -> translate predicate to Slovak: ""pochádza z"" or ""získaná z"". Use natural. Object ""Fatra II./BU-2"". Keep as is (proper name?). It's likely a location code, keep. Second triple: ""minerálna voda"" | name | ""Fatra"". So we need to say that the mineral water is named Fatra and is obtained from Fatra II./BU-2. Must not add extra info. So sentence: ""Minerálna voda sa volá Fatra a pochádza z Fatra II./BU-2."" That includes both facts. Ensure translation of predicate ""name"" -> ""sa volá"" or ""má názov"". Use ""má názov"". Could be ""má názov Fatra"". Use both. Provide one sentence. Ensure no extra facts. Provide exactly that."
Id312,history,,,1,Slovenské ucené tovarišstvo bolo založené v Trnave.,"We need to produce a Slovak sentence expressing the fact: ""Slovenské ucené tovarišstvo"" (proper name) has founding location Trnava. Translate predicate ""foundingLocation"" to Slovak: ""má miesto založenia"" or ""bolo založené v"". Use natural phrasing. Must include all facts (just one). No extra info. So sentence: ""Slovenské ucené tovarišstvo bolo založené v Trnave."" That uses location. Should we translate ""Trnava"" stays as is (proper name). Yes. Provide only sentence."
Id313,geography,,,1,Okres Veľký Krtíš sa nachádza v Banskobystrickom kraji.,"We need to produce Slovak sentence(s) expressing the fact: ""Okres Veľký Krtíš"" is located in ""Banskobystrický kraj"". Translate predicate ""locatedIn"" to Slovak ""sa nachádza v"". Also translate entities that are not proper names. ""Okres Veľký Krtíš"" is a proper name? It's a specific district name, likely proper noun, keep as is. ""Banskobystrický kraj"" also proper name, keep. So sentence: ""Okres Veľký Krtíš sa nachádza v Banskobystrickom kraji."" Note case: ""v Banskobystrickom kraji"". Use correct Slovak grammar. Provide only the sentence."
Id314,politics,,,2,Slovenská republika má za prvého premiéra Vladimíra Mečiara. Vladimír Mečiar má pozíciu predseda vlády.,"We need to produce Slovak sentences expressing both facts. Facts: 1. Slovenská republika | firstPrimeMinister | Vladimír Mečiar => ""Slovenská republika"" (entity) firstPrimeMinister (predikát) ""Vladimír Mečiar"". Translate predicate to Slovak: ""prvý premiér"". So sentence: ""Slovenská republika má za prvého premiéra Vladimíra Mečiara."" Or ""prvým premiérom Slovenskej republiky je Vladimír Mečiar."" Both fine. 2. Vladimír Mečiar | position | predseda vlády => predicate ""position"" translate to ""pozícia"". So ""Vladimír Mečiar má pozíciu predseda vlády."" Or ""Vladimír Mečiar je predseda vlády."" But need to use predicate translation: ""pozícia"". Could phrase: ""Vladimír Mečiar má pozíciu predsedu vlády."" However ""predseda vlády"" is object, we keep as is. So ""Vladimír Mečiar má pozíciu predseda vlády."" That is okay. We need to include both facts, can be one or two sentences. Probably two sentences. Make sure no extra info. Use exact names. Use ""prvý premiér"" for firstPrimeMinister. Use ""pozícia"" for position. Thus output: ""Slovenská republika má za prvého premiéra Vladimíra Mečiara. Vladimír Mečiar má pozíciu predseda vlády."" Check translation: ""prvého premiéra"" is correct case. Good. Return only sentences."
Id315,geography,,,1,Jankov vŕšok sa nachádza v Stražovských vrchoch.,"We need to produce Slovak sentence(s) expressing the fact: ""Jankov vŕšok"" locatedIn ""Stražovské vrchy"". Translate predicate ""locatedIn"" to Slovak ""sa nachádza v"". Also translate entities that are not proper names. ""Jankov vŕšok"" seems like a proper name? It's a place name, likely proper noun, keep as is. ""Stražovské vrchy"" also proper name, keep. So sentence: ""Jankov vŕšok sa nachádza v Stražovských vrchoch."" Need correct case: ""v Stražovských vrchoch"". Yes. Return only the sentence."
Id316,geography,,,1,Váh je najdlhšou riekou v Slovakia.,"We need to produce a Slovak sentence expressing the fact: ""Váh is the longest river in Slovakia."" Need to translate predicate ""isLongestRiverIn"" to Slovak: ""je najdlhšou riekou v"". Subject ""Váh"" is proper name, keep. Object ""Slovakia"" translate? It's a proper name, keep as ""Slovakia""? Actually proper names should stay original, but ""Slovakia"" is English name of country; maybe keep as ""Slovakia"". Could also be ""Slovakia"" as proper name. The instruction: ""Prelož do slovenčiny každú entitu, ktorá NIE JE vlastné meno (napr. všeobecné podstatné mená, roly, všeobecné opisy). Vlastné mená (mená osôb, miest, organizácií, diel atď.) ponechaj v pôvodnej podobe."" So ""Slovakia"" is a proper name, keep as ""Slovakia"". But maybe they expect ""Slovakia"" unchanged. So sentence: ""Váh je najdlhšou riekou v Slovakia."" However in Slovak we would say ""na Slovensku"". But ""v Slovakia"" is literal translation of predicate? The predicate ""isLongestRiverIn"" -> ""je najdlhšou riekou v"". So ""v Slovakia"". That is a bit unnatural but must follow literal. Could also be ""Váh je najdlhšou riekou v Slovensku."" But ""Slovensku"" is Slovak form, not translation of ""Slovakia"". Since ""Slovakia"" is proper name, we keep it, but we might need to adjust case? The instruction says keep proper names unchanged, but we might need to inflect? It says ""ponechaj v pôvodnej podobe"". So we cannot change ""Slovakia"" to ""Slovensku"". So we must keep ""Slovakia"". So ""Váh je najdlhšou riekou v Slovakia."" That is the sentence. Return only the sentence."
Id317,sports,,,2,Najvyššia futbalová liga na Slovensku má názov Fortuna liga a má časové obdobie 2014-01-01/2023-12-31.,"We need to produce Slovak sentence(s) that express all facts. Two triples: Subject: Najvyššia futbalová liga na Slovensku Predicate: name -> Fortuna liga Predicate: timePeriod -> 2014-01-01/2023-12-31 We must translate predicate to Slovak: ""má názov"" maybe? The instruction: ""Predikát VŽDY prelož do slovenčiny a použi ho vo vete prirodzene."" So we need to translate ""name"" and ""timePeriod"". Likely ""má názov"" and ""má časové obdobie"" or ""trvá od ... do ..."". Use natural phrasing. We must not add any extra facts. So we can say: ""Najvyššia futbalová liga na Slovensku má názov Fortuna liga a jej časové obdobie je 2014-01-01/2023-12-31."" That includes both facts. Ensure we keep exact string for timePeriod. Could also say ""má časové obdobie 2014-01-01/2023-12-31"". That is fine. We must not add extra punctuation beyond sentence. Provide only sentence(s). So one sentence is enough. Thus final answer: ""Najvyššia futbalová liga na Slovensku má názov Fortuna liga a má časové obdobie 2014-01-01/2023-12-31."" Ensure both predicates used. Could also use ""jej časové obdobie"". Both okay. I'll output that."
Id318,geography,,,1,Múzeum školstva a pedagogiky sa nachádza v Bratislave.,"We need to produce a Slovak sentence expressing the fact: ""Múzeum školstva a pedagogiky"" location ""Bratislava"". Translate predicate ""location"" to Slovak ""sa nachádza v"" or ""má polohu v"". Use natural sentence: ""Múzeum školstva a pedagogiky sa nachádza v Bratislave."" Ensure we keep proper case: ""v Bratislave"". Provide only the sentence."
Id319,culture,,,1,Darina Rolincová predstavila album Čo o mne vieš.,"We need to produce Slovak sentence(s) expressing the fact: subject Darina Rolincová, predicate performedAlbum, object Čo o mne vieš. Translate predicate to Slovak: ""vystúpil s albumom""? Actually ""performedAlbum"" likely means ""vystúpil s albumom"" or ""predstavil album"". Need to translate predicate to Slovak naturally. Could be ""predstavil album"". Use ""predstavil album"". So sentence: ""Darina Rolincová predstavila album Čo o mne vieš."" That includes all facts. No extra. Use proper translation. Should we keep ""Čo o mne vieš"" as is (title). Yes. So output single sentence."
Id320,geography,,,1,Slovenská poľnohospodárska univerzita sa nachádza v Nitre.,"We need to produce a Slovak sentence expressing the fact: ""Slovenská poľnohospodárska univerzita"" locatedIn ""Nitra"". Translate predicate ""locatedIn"" to Slovak, likely ""sa nachádza v"". So sentence: ""Slovenská poľnohospodárska univerzita sa nachádza v Nitre."" Ensure correct case: ""v Nitre"". That's it."
Id321,politics,,,2,Mladí SaSkári je mládežníckou organizáciou Sloboda a Solidarita a Sloboda a Solidarita má mládežnícku organizáciu Mladí SaSkári.,"We need to produce Slovak sentence(s) that express both triples. Triples: 1. Mladí SaSkári | isYouthOrganizationOf | Sloboda a Solidarita 2. Sloboda a Solidarita | hasYouthOrganization | Mladí SaSkári We need to translate predicate to Slovak: ""isYouthOrganizationOf"" => ""je mládežníckou organizáciou"". ""hasYouthOrganization"" => ""má mládežnícku organizáciu"". Entities: ""Mladí SaSkári"" is a proper name, keep. ""Sloboda a Solidarita"" is proper name, keep. We must include both facts. Could combine into one sentence: ""Mladí SaSkári je mládežníckou organizáciou Sloboda a Solidarita a Sloboda a Solidarita má mládežnícku organizáciu Mladí SaSkári."" That's two clauses, but still one sentence. That includes both facts. Ensure no extra info. Use exact translation. Check: ""mládežníckou organizáciou"" is correct case: ""je ... organizáciou"". For second: ""má mládežnícku organizáciu"". Good. Return only the sentence."
Id322,geography,,,2,Aupark Tower sa nachádza v Bratislave a má dátum dokončenia 2007-01-01.,"We need to produce Slovak sentence(s) that express both facts: Aupark Tower is located in Bratislava, and Aupark Tower has completion date 2007-01-01. Translate predicate: location -> ""sa nachádza v"" or ""má polohu"". completionDate -> ""má dátum dokončenia"". Use Slovak. Entities: Aupark Tower is proper name, keep. Bratislava is proper name, keep. Provide both facts in one sentence or two short sentences. Must not add any extra info. So: ""Aupark Tower sa nachádza v Bratislave a má dátum dokončenia 2007-01-01."" Ensure date format same. Use ""2007-01-01"". That satisfies."
Id323,geography,,,1,Gymnázium Andreja Vrábla sa nachádza v Leviciach.,"We need to produce a Slovak sentence expressing the fact: ""Gymnázium Andreja Vrábla"" (proper name) location ""Levice"". Translate predicate ""location"" to Slovak ""sa nachádza v"" or ""má polohu v"". Use proper translation. Must not add extra info. So sentence: ""Gymnázium Andreja Vrábla sa nachádza v Leviciach."" Or ""Gymnázium Andreja Vrábla má polohu v Leviciach."" Both fine. Use location translation. Provide only sentence."
Id324,history,,,3,"Partizánska republika je oblasťou Nízkych Tatier, je ovládaná partizánmi a partizáni pôsobili počas Slovenského národného povstania.","We need to produce Slovak sentence(s) that express all facts. Triples: 1. Partizánska republika | isAreaOf | Nízke Tatry 2. Partizánska republika | controlledBy | partizáni 3. partizáni | activeDuring | Slovenské národné povstanie We need to translate predicate to Slovak: ""isAreaOf"" -> ""je oblasťou"" or ""sa nachádza v""? The instruction: translate predicate to Slovak and use naturally. So ""isAreaOf"" could be ""je oblasťou"". ""controlledBy"" -> ""je ovládaná"". ""activeDuring"" -> ""pôsobia počas"" or ""boli aktívni počas"". Use natural. We must not add extra facts. So we can say: ""Partizánska republika je oblasťou Nízkych Tatier, je ovládaná partizánmi a partizáni pôsobili počas Slovenského národného povstania."" Need to keep ""Nízke Tatry"" as is (proper name). The phrase ""Nízke Tatry"" is proper name, keep. ""Partizánska republika"" also proper. ""partizáni"" is not proper, translate? It's a common noun, but it's already Slovak. Should we translate? It's already Slovak. Keep as is. We need to ensure we include all facts: area, controlled by, active during. The third fact is about partizáni active during Slovenské národné povstanie. So we need to mention that partizáni were active during that event. Use ""pôsobili počas"". That expresses activeDuring. Thus one sentence can include all three. Ensure no extra info. Provide only sentence. Let's craft: ""Partizánska republika je oblasťou Nízkych Tatier, je ovládaná partizánmi a partizáni pôsobili počas Slovenského národného povstania."" Check: ""Nízke Tatry"" vs ""Nízkych Tatier"". The object is ""Nízke Tatry"". The predicate ""isAreaOf"" means ""Partizánska republika is area of Nízke Tatry"". So we could say ""Partizánska republika je oblasťou Nízkych Tatier"". That changes case but still same entity. Acceptable? The instruction: translate predicate, but not require to keep exact case. Should be fine. Thus final answer."
Id325,politics,,,1,Politické hnutie Slovensko má predsedu Igora Matoviča.,"We need to produce a Slovak sentence expressing the fact: ""politické hnutie Slovensko | hasChairperson | Igor Matovič"". Translate predicate ""hasChairperson"" to Slovak: ""má predsedu"" or ""má predsedníčku""? ""hasChairperson"" = ""má predsedu"". Subject: ""politické hnutie Slovensko"". Object: ""Igor Matovič"". So sentence: ""Politické hnutie Slovensko má predsedu Igora Matoviča."" Ensure proper case: ""Igora Matoviča"" is accusative. Should we keep proper name unchanged? The rule: translate each entity that is not a proper name. ""politické hnutie Slovensko"" is not a proper name? It's a name of a political movement, but likely considered proper name? The instruction: ""Prelož do slovenčiny každú entitu, ktorá NIE JE vlastné meno (napr. všeobecné podstatné mená, roly, všeobecné opisy). Vlastné mená (mená osôb, miest, organizácií, diel atď.) ponechaj v pôvodnej podobe."" So ""politické hnutie Slovensko"" is a proper name of a political movement, likely considered proper name, so keep as is. But it's already Slovak. So keep unchanged. The predicate ""hasChairperson"" translate to ""má predsedu"". So final sentence: ""Politické hnutie Slovensko má predsedu Igora Matoviča."" Ensure capital P. Output only the sentence."
Id326,history,,,1,Slovenské národné povstanie má dátum začatia 1944‑08‑29.,"We need to produce a Slovak sentence expressing the fact: ""Slovenské národné povstanie"" startDate ""1944-08-29"". Translate predicate startDate to Slovak: ""dátum začatia"" or ""začalo dňa"". Use natural phrasing: ""Slovenské národné povstanie začalo dňa 1944-08-29."" Or ""Slovenské národné povstanie má dátum začatia 1944-08-29."" Must use only given info. Probably ""má dátum začatia"" is okay. Use predicate translation: ""má dátum začatia"". Provide one sentence."
Id327,geography,,,1,Okres Krupina sa nachádza v Banskobystrickom kraji.,"We need to produce Slovak sentence(s) expressing the fact: ""Okres Krupina"" locatedIn ""Banskobystrický kraj"". Translate predicate ""locatedIn"" to Slovak ""sa nachádza v"" or ""sa nachádza v"". Also need to translate entities that are not proper names. ""Okres Krupina"" is a proper name? ""Okres Krupina"" includes ""Okres"" which is a generic term, but the whole phrase is a proper name of an administrative unit. The instruction: ""Prelož do slovenčiny každú entitu, ktorá NIE JE vlastné meno (napr. všeobecné podstatné mená, roly, všeobecné opisy). Vlastné mená (mená osôb, miest, organizácií, diel atď.) ponechaj v pôvodnej podobe."" So ""Okres Krupina"" includes ""Okres"" (generic) and ""Krupina"" (proper name). Should we translate ""Okres"" to ""okres""? It's a generic term, so translate to Slovak ""okres"". ""Krupina"" is proper name, keep as is. So ""okres Krupina"". Similarly ""Banskobystricky kraj"" is a proper name? ""kraj"" is generic, ""Banskobystrický"" is adjective derived from proper name ""Banská Bystrica"". So we translate ""Banskobystricky kraj"" to ""Banskobystrický kraj"". Already Slovak. So final sentence: ""Okres Krupina sa nachádza v Banskobystrickom kraji."" Need correct case: ""v Banskobystrickom kraji"". Yes. Thus output only that sentence."
Id328,geography,,,1,Snina sa nachádza v Prešovskom kraji.,"We need to produce a Slovak sentence expressing the fact: Snina is located in Prešovský kraj. Translate predicate ""locatedIn"" to Slovak ""sa nachádza v"" or ""sa nachádza v"". Use proper translation of entities that are not proper names: ""Snina"" is a proper name (town), keep as is. ""Prešovský kraj"" is proper name (region), keep. So sentence: ""Snina sa nachádza v Prešovskom kraji."" Note case: ""v Prešovskom kraji"". Should we use ""v Prešovskom kraji"" (locative). Yes. We must output only the sentence."
Id329,culture,,,1,Dežo Ursiny nahral album Na ceste domov.,"We need to produce a Slovak sentence expressing the fact: Dežo Ursiny recordedAlbum Na ceste domov. Translate predicate ""recordedAlbum"" to Slovak: ""nahral album"". Entity ""Na ceste domov"" is likely album title, keep as is. So sentence: ""Dežo Ursiny nahral album Na ceste domov."" That's it."
Id330,geography,,,3,"Turčianske Teplice má počet termálnych prameňov 7, pričom 7 je typ termálne pramene a termálne pramene sa nachádzajú v Turčianskych Tepliciach.","We need to produce Slovak sentence(s) that express all facts. Triples: 1. Turčianske Teplice | numberOfThermalSprings | 7 2. 7 | type | termálne pramene 3. termálne pramene | location | Turčianske Teplice We must translate predicate to Slovak. Predicates: ""numberOfThermalSprings"" -> ""počet termálnych prameňov"". ""type"" -> ""typ"". ""location"" -> ""lokácia"" or ""nachádza sa"". Use natural Slovak. We need to include all facts: Turčianske Teplice má počet termálnych prameňov 7. 7 je typ termálne pramene. Termálne pramene sa nachádzajú v Turčianskych Tepliciach. But note: second triple: subject is ""7"" (a number) and predicate ""type"" object ""termálne pramene"". So we need to say ""Číslo 7 je typ termálne pramene""? Actually ""7"" is a number, type termálne pramene. Could be ""Číslo 7 je typ termálnych prameňov"". But we must keep exactly ""termálne pramene"". The object is ""termálne pramene"". So we can say ""Číslo 7 je typ termálne pramene"". Might be odd but okay. Third: ""termálne pramene"" location Turčianske Teplice => ""Termálne pramene sa nachádzajú v Turčianskych Tepliciach."" Combine maybe two sentences: first includes first and second? Could be one sentence: ""Turčianske Teplice má počet termálnych prameňov 7, pričom 7 je typ termálne pramene a termálne pramene sa nachádzajú v Turčianskych Tepliciach."" That includes all facts. Ensure no extra info. Check translation: predicate ""numberOfThermalSprings"" -> ""počet termálnych prameňov"". Use ""má počet termálnych prameňov 7"". Good. Second: ""7"" type ""termálne pramene"" -> ""7 je typ termálne pramene"". Use ""je typ"". Good. Third: ""termálne pramene"" location ""Turčianske Teplice"" -> ""termálne pramene sa nachádzajú v Turčianskych Tepliciach"". Good. Thus final output: one sentence."
Id331,politics,,,2,Robert Fico založil SMER – sociálna demokracia. SMER – sociálna demokracia je politická strana.,"We need to produce Slovak sentence(s) that express both facts. Entities: ""Robert Fico"" (proper name) and ""SMER – sociálna demokracia"" (proper name). Predicates: ""founded"" -> translate to Slovak ""založil"". ""isA"" -> translate to ""je"". Also need to translate non-proper nouns: ""political party"" -> ""politická strana"". So sentence: ""Robert Fico založil SMER – sociálna demokracia a SMER – sociálna demokracia je politická strana."" Could be two sentences: ""Robert Fico založil SMER – sociálna demokracia. SMER – sociálna demokracia je politická strana."" Both fine. Must include all facts, no extra. Use proper translation. Provide only sentence(s). Let's output two sentences."
Id332,geography,,,1,Okres Senec sa nachádza v Bratislavsky kraj.,"We need to produce Slovak sentence(s) expressing the fact: ""okres Senec | locatedIn | Bratislavsky kraj"". Translate non-proper nouns: ""okres"" is a common noun, ""Bratislavsky kraj"" is a proper name (region). Predicate ""locatedIn"" translate to ""sa nachádza v"". So sentence: ""Okres Senec sa nachádza v Bratislavskom kraji."" Note that ""Bratislavsky kraj"" is proper name, but we need to keep original form? The instruction: ""Prelož do slovenčiny každú entitu, ktorá NIE JE vlastné meno (napr. všeobecné podstatné mená, roly, všeobecné opisy). Vlastné mená (mená osôb, miest, organizácií, diel atď.) ponechaj v pôvodnej podobe."" ""Bratislavsky kraj"" is a proper name, so keep as is. However, we need to adjust case? The original is ""Bratislavsky kraj"". In Slovak, proper name ""Bratislavský kraj"" with diacritics. But we must keep original form, maybe keep as ""Bratislavsky kraj"". But we also need grammatical case: ""v Bratislavsky kraj"" is not correct; we might need ""v Bratislavskom kraji"". But instruction says keep proper names in original form, not translate. But we can inflect? It says ""ponechaj v pôvodnej podobe"". That suggests we should not change the spelling, but we might need to adjust case? Usually proper names can be declined. But ""pôvodná podoba"" maybe means keep the name as is, not translate, but we can still decline? It's ambiguous. Safer to keep exactly ""Bratislavsky kraj"" unchanged, but then the sentence would be ""Okres Senec sa nachádza v Bratislavsky kraj."" That is slightly ungrammatical but maybe acceptable. However, they might expect proper case inflection. Many similar tasks keep the name unchanged but adjust case? Usually they keep the name unchanged, but you can add case endings? I'd output: ""Okres Senec sa nachádza v Bratislavskom kraji."" But that changes ""Bratislavsky kraj"" to ""Bratislavskom kraji"" which modifies the name. That might violate ""ponechaj v pôvodnej podobe"". I'd follow instruction strictly: keep ""Bratislavsky kraj"". So sentence: ""Okres Senec sa nachádza v Bratislavsky kraj."" I'll output that."
Id333,politics,,,1,Boris Kollár je predsedom SME RODINA.,"We need to produce a Slovak sentence expressing the fact: ""Boris Kollár isChairpersonOf SME RODINA"". We must translate predicate to Slovak: ""je predsedom"" or ""je predsedom"" maybe ""je predsedom"". The object ""SME RODINA"" is a proper name, keep as is. Subject ""Boris Kollár"" is proper name, keep. So sentence: ""Boris Kollár je predsedom SME RODINA."" That expresses the fact. Ensure no extra info. Use correct Slovak grammar: ""je predsedom"". Could also be ""je predsedom organizácie SME RODINA"". But we cannot add ""organizácie"". So just ""Boris Kollár je predsedom SME RODINA."" That's fine."
Id334,geography,,,1,Rieka Poprad patrí do povodia Baltské more.,"We need to produce a Slovak sentence expressing the fact: ""rieka Poprad belongsToBasin Baltské more"". Translate non-proper nouns: ""rieka"" is already Slovak, ""belongsToBasin"" translate predicate to Slovak: ""patrí do povodia"". ""Baltské more"" is proper name? It's a proper name of sea, but it's a name, keep as is. So sentence: ""Rieka Poprad patrí do povodia Baltské more."" Ensure capitalization: ""Rieka Poprad patrí do povodia Baltské more."" That's it."
Id335,geography,,,3,"Zrúcanina je súčasťou Devínskeho Hradu, ktorý sa nachádza v Bratislave IV. Zrúcanina sa nachádza v Bratislave IV.","We need to produce Slovak sentence(s) that express all facts. Facts: 1. Zrúcanina isPartOf Devínsky Hrad -> ""Zrúcanina je súčasťou Devínskeho Hradu."" 2. Devínsky Hrad location Bratislava IV -> ""Devínsky Hrad sa nachádza v Bratislave IV."" 3. Zrúcanina location Bratislava IV -> ""Zrúcanina sa nachádza v Bratislave IV."" We must include all facts, no extra. Could combine: ""Zrúcanina je súčasťou Devínskeho Hradu, ktorý sa nachádza v Bratislave IV, a Zrúcanina sa nachádza v Bratislave IV."" That's two sentences? Actually one sentence with conjunction. But need to ensure all facts. Could be two short sentences: ""Zrúcanina je súčasťou Devínskeho Hradu. Devínsky Hrad sa nachádza v Bratislave IV. Zrúcanina sa nachádza v Bratislave IV."" That's three sentences. But requirement: one sentence (or two short if needed). Could we combine into two sentences: first two facts, second third fact. Eg: ""Zrúcanina je súčasťou Devínskeho Hradu, ktorý sa nachádza v Bratislave IV. Zrúcanina sa nachádza v Bratislave IV."" That covers all three. Yes. Make sure translation of predicate: isPartOf -> ""je súčasťou"". location -> ""sa nachádza v"". Use proper case: ""Bratislava IV"" stays. ""Devínsky Hrad"" is proper name, keep. ""Zrúcanina"" is generic noun but also maybe proper? It's a noun meaning ""ruin"". It's not a proper name, but we treat as entity name, keep as is? The instruction: translate each entity that is NOT a proper name. ""Zrúcanina"" is a common noun, not proper name, so translate to Slovak: it's already Slovak ""zrúcanina"". So keep as is. Good. Thus final output: two sentences."
Id336,sports,,,1,Bratislavský futbalový klub má názov Športový klub Slovan Bratislava.,"We need to produce Slovak sentence(s) expressing the fact: ""Bratislavský futbalový klub"" hasName ""Športový klub Slovan Bratislava"". Translate non-proper nouns: ""Bratislavský futbalový klub"" is a phrase; ""hasName"" translates to ""má názov"". The object ""Športový klub Slovan Bratislava"" is a proper name? It includes ""Športový klub Slovan Bratislava"" which is a name, but includes generic words ""Športový klub"". The instruction: translate each entity that is NOT a proper name. ""Športový klub Slovan Bratislava"" includes ""Športový klub"" which is generic, but it's part of the proper name? Probably treat whole as proper name? Might keep as is. But they said keep proper names unchanged. ""Športový klub Slovan Bratislava"" is the official name, so keep unchanged. Subject ""Bratislavský futbalový klub"" is generic description, translate: ""Bratislavský futbalový klub"". Already Slovak. So sentence: ""Bratislavský futbalový klub má názov Športový klub Slovan Bratislava."" That's it."
Id337,culture,,,1,Majk Spirit má skutočné meno Michal Dušička.,"We need to produce Slovak sentence(s) expressing the fact: ""Majk Spirit has real name Michal Dušička"". Translate predicate ""hasRealName"" to Slovak: ""má skutočné meno"" or ""má pravé meno"". Use natural phrasing: ""Majk Spirit má skutočné meno Michal Dušička."" Ensure we only use given info. No extra. Output only the sentence."
Id338,geography,,,2,Západné Slovensko je miestom orztrúsených osídlení. Orztrúsené osídlenia sa volajú kopanice.,"We need to produce Slovak sentence(s) that express all facts. Two triples: 1. ""západné Slovensko | locationOf | orztrúsené osídlenia"" Interpret: ""západné Slovensko"" is subject, predicate ""locationOf"" meaning ""má umiestnenie"" or ""nachádza sa"". We need to translate predicate to Slovak: ""locationOf"" -> ""má umiestnenie"" or ""je lokalitou"". Probably ""má lokalitu"". But we need natural sentence: ""Západné Slovensko je lokalitou orztrúsených osídlení."" Or ""Západné Slovensko má umiestnenie orztrúsených osídlení."" Better: ""Západné Slovensko je miestom orztrúsených osídlení."" 2. ""orztrúsené osídlenia | called | kopanice"" Translate: ""orztrúsené osídlenia"" called ""kopanice"". So ""Orztrúsené osídlenia sa volajú kopanice."" Combine: ""Západné Slovensko je miestom orztrúsených osídlení, ktoré sa volajú kopanice."" That includes both facts. Ensure we use all facts: locationOf and called. Yes. We must not add extra info. ""ktoré"" is okay as relative pronoun linking. It's still using given facts. Should we keep ""or"" separate? Could also produce two sentences: ""Západné Slovensko je miestom orztrúsených osídlení. Orztrúsené osídlenia sa volajú kopanice."" Both are fine. The instruction: one sentence (or two short if needed). Both are okay. I'll output two sentences for clarity. Make sure to keep proper capitalization: ""Západné Slovensko"" is proper name? It's a region, but treat as proper? Keep as is. ""Orztrúsené osídlenia"" also capitalized? It's a term, but we can keep capitalized as given. Use exact spelling. Thus final answer: two sentences."
Id339,geography,,,1,Štúrovo patrí do okresu Nové Zámky.,"We need to produce Slovak sentence(s) expressing the fact: ""Štúrovo belongsToDistrict Nové Zámky"". Translate predicate ""belongsToDistrict"" to Slovak: ""patrí do okresu"". Subject ""Štúrovo"" is a proper name, keep. Object ""Nové Zámky"" is also proper name, keep. So sentence: ""Štúrovo patrí do okresu Nové Zámky."" That's it."
Id340,culture,,,2,"Jaroslav Filip nahral album S vetrom o preteky, ktorý obsahuje komediálny duet Július Satinský a Milan Lasica.","We need to produce Slovak sentence(s) that express both facts. Triples: 1. Jaroslav Filip | recordedAlbum | S vetrom o preteky 2. S vetrom o preteky | featuresComedianDuo | Július Satinský a Milan Lasica We need to translate predicate to Slovak: ""recordedAlbum"" -> ""nahral album"" or ""zaznamenal album""? Probably ""nahral album"". ""featuresComedianDuo"" -> ""obsahuje komediálny duet"" or ""má v obsahu komediálny duet"". Use natural phrasing: ""album S vetrom o preteky obsahuje komediálny duet Július Satinský a Milan Lasica"". Also need to include that Jaroslav Filip recorded the album. Could combine: ""Jaroslav Filip nahral album S vetrom o preteky, ktorý obsahuje komediálny duet Július Satinský a Milan Lasica."" That's one sentence covering both facts. Check requirements: Use only info given. Yes. Use proper translation of predicates. ""recordedAlbum"" -> ""nahral album"". ""featuresComedianDuo"" -> ""obsahuje komediálny duet"". Entities: Jaroslav Filip (proper name), S vetrom o preteky (album title, keep as is), Július Satinský a Milan Lasica (names). Good. Return only sentence."
Id341,politics,,,1,HLAS – sociálna demokracia má prvého predsedu Peter Pellegrini.,"We need to produce Slovak sentence(s) expressing the fact: subject ""HLAS – sociálna demokracia"" predicate ""firstChairperson"" object ""Peter Pellegrini"". Translate non-proper nouns: ""firstChairperson"" -> ""prvý predseda"" maybe? The predicate should be translated to Slovak and used naturally. So ""HLAS – sociálna demokracia má prvého predsedu Peter Pellegrini."" Or ""Peter Pellegrini je prvým predsedom HLAS – sociálna demokracia."" Both convey. Must include all facts: that HLAS – sociálna demokracia has firstChairperson Peter Pellegrini. Use only given info. Provide one sentence. Use proper translation of predicate: ""firstChairperson"" -> ""prvý predseda"". So sentence: ""HLAS – sociálna demokracia má prvého predsedu Peter Pellegrini."" That includes subject, predicate, object. Should we keep dash? Keep as is. Provide only sentence."
Id342,geography,,,1,Univerzita Pavla Jozefa Šafárika sa nachádza v Košiciach.,"We need to produce a Slovak sentence expressing the fact: ""Univerzita Pavla Jozefa Šafárika"" is located in ""Košice"". Translate predicate ""locatedIn"" to Slovak ""sa nachádza v"" or ""sa nachádza v"". Use proper translation of entities that are not proper names: ""Univerzita Pavla Jozefa Šafárika"" is a proper name (university name) keep as is. ""Košice"" is a city name, proper name, keep. So sentence: ""Univerzita Pavla Jozefa Šafárika sa nachádza v Košiciach."" Note location case: ""v Košiciach"". Should we use ""v Košiciach"" or ""v Košice""? In Slovak, ""v Košiciach"" is correct. Use ""sa nachádza v Košiciach."" Provide only sentence."
Id343,geography,,,1,Gymnázium Grösslingová sa nachádza v Bratislave.,"We need to produce a Slovak sentence expressing the fact: Gymnázium Grösslingová is located in Bratislava. Translate predicate ""locatedIn"" to Slovak ""sa nachádza v"". Also translate entity ""Gymnázium Grösslingová"" is a proper name, keep as is. ""Bratislava"" is proper name, keep. So sentence: ""Gymnázium Grösslingová sa nachádza v Bratislave."" Note location case: ""v Bratislave"". Use correct Slovak preposition. Provide only the sentence."
Id344,geography,,,2,Kremnica je známa pre ťažbu zlata. Ťažba zlata má materiál zlato.,"We need to produce Slovak sentence(s) that express all facts. Two triples: 1. Kremnica | knownFor | Tazba Zlata 2. Tazba Zlata | material | Zlato We must translate predicate to Slovak: ""knownFor"" -> ""je známa pre"" or ""sa vyznačuje"". Probably ""Kremnica je známa pre ťažbu zlata."" But need to keep ""Tazba Zlata"" as entity (proper name? It's not proper name maybe generic phrase, but we treat as not proper? The rule: translate each entity that is NOT a proper name. ""Kremnica"" is a place name, proper name, keep. ""Tazba Zlata"" maybe a phrase, not proper name? Could be a term. Probably treat as not proper name, so translate: ""ťažba zlata"". But the entity is given as ""Tazba Zlata"" (capitalized). Should we translate? The rule: ""Prelož do slovenčiny každú entitu, ktorá NIE JE vlastné meno (napr. všeobecné podstatné mená, roly, všeobecné opisy). Vlastné mená (mená osôb, miest, organizácií, diel atď.) ponechaj v pôvodnej podobe."" So ""Tazba Zlata"" is a generic term, not a proper name, so translate to ""ťažba zlata"". ""Zlato"" is a noun, not proper, translate to ""zlato"". So sentence: ""Kremnica je známa pre ťažbu zlata, pričom ťažba zlata má materiál zlato."" But need to express both facts. Could be two sentences: ""Kremnica je známa pre ťažbu zlata. Ťažba zlata má materiál zlato."" That uses all facts. Ensure predicate translation: ""knownFor"" -> ""je známa pre"". ""material"" -> ""má materiál"". That seems fine. We must not add extra info. The phrase ""má materiál"" is okay. Provide exactly those sentences."
Id345,sports,,,2,Žilinský futbalový klub sa volá MŠK Žilina. MŠK Žilina sa nachádza v Žiline.,"We need to produce Slovak sentence(s) that express both facts. Entities: ""Žilinský futbalový klub"" is subject, predicate ""name"", object ""MŠK Žilina"". So translate: ""Žilinský futbalový klub"" is not a proper name, so translate to Slovak: it's already Slovak. Predicate ""name"" -> ""sa volá"" or ""má názov"". Use natural: ""Žilinský futbalový klub sa volá MŠK Žilina."" Next triple: subject ""MŠK Žilina"", predicate ""location"", object ""Žilina"". Translate predicate ""location"" -> ""sa nachádza v"" or ""má sídlo v"". Use natural: ""MŠK Žilina sa nachádza v Žiline."" Both sentences. Ensure no extra info. Output only sentences."
Id346,culture,,,1,Peter Nagy predviedol pieseň Profesor Indigo.,"We need to produce Slovak sentence(s) expressing the fact: ""Peter Nagy performedSong Profesor Indigo"". Need to translate predicate ""performedSong"" to Slovak. Likely ""predviedol pieseň"" or ""spieval pieseň"". The object ""Profesor Indigo"" is a proper name, keep as is. Subject ""Peter Nagy"" is proper name, keep. So sentence: ""Peter Nagy predviedol pieseň Profesor Indigo."" Or ""Peter Nagy spieval pieseň Profesor Indigo."" Which is more natural? ""predviedol pieseň"" maybe. Use ""predviedol pieseň"". Ensure we include all facts: only one fact. So one sentence. Thus output: ""Peter Nagy predviedol pieseň Profesor Indigo."""
Id347,geography,,,1,Najvyšším vrcholom Vihorlatských vrchov je Vihorlat.,"We need to produce a Slovak sentence expressing the fact: ""Vihorlatské vrchy | highestPeak | Vihorlat"". Translate predicate ""highestPeak"" to Slovak: ""najvyšší vrchol"". Entities: subject ""Vihorlatské vrchy"" (proper name? It's a mountain range, but likely proper name, keep as is). Object ""Vihorlat"" (mountain, proper name). So sentence: ""Vihorlatské vrchy majú najvyšší vrchol Vihorlat."" Or ""Najvyšším vrcholom Vihorlatských vrchov je Vihorlat."" Both fine. Must use only given facts. Use predicate translation. Provide one sentence. I'll output: ""Najvyšším vrcholom Vihorlatských vrchov je Vihorlat."""
Id348,sports,,,2,Trnava má futbalový klub FC Spakak Trnava a FC Spakak Trnava je futbalovým klubom z Trnavy.,"We need to produce Slovak sentence(s) that express both triples. Triples: 1. Trnava | hasFootballClub | FC Spakak Trnava 2. FC Spakak Trnava | isFootballClubFrom | Trnava We need to translate predicate to Slovak. ""hasFootballClub"" -> ""má futbalový klub"". ""isFootballClubFrom"" -> ""je futbalovým klubom z"". Entities: Trnava (proper name) keep as is. FC Spakak Trnava (proper name) keep. So sentence: ""Trnava má futbalový klub FC Spakak Trnava a FC Spakak Trnava je futbalovým klubom z Trnavy."" That includes both facts. Ensure no extra info. That seems fine. Could also split into two sentences, but one is okay. Provide only the sentence."
Id349,culture,,,2,Pásla kone na betóne režíroval Štefan Uher a Štefan Uher režíroval Pásla kone na betóne.,"We need to produce Slovak sentence(s) that express all facts. Two triples: 1. ""Pásla kone na betóne"" | directedBy | Štefan Uher 2. Štefan Uher | directed | Pásla kone na betóne We need to translate predicate to Slovak. ""directedBy"" -> ""režíroval"" (or ""režírovaný""?). Since subject is film, object is person. So ""Pásla kone na betóne"" (film) directedBy Štefan Uher => ""Pásla kone na betóne režíroval Štefan Uher."" Or ""Pásla kone na betóne režíroval Štefan Uher."" The second triple: Štefan Uher directed Pásla kone na betóne => ""Štefan Uher režíroval Pásla kone na betóne."" Both convey same fact. We need include both facts, but they are essentially same. Must not omit any. Could combine: ""Pásla kone na betóne režíroval Štefan Uher a Štefan Uher režíroval Pásla kone na betóne."" That's two short sentences maybe. Or one sentence with both clauses: ""Pásla kone na betóne režíroval Štefan Uher, pričom Štefan Uher režíroval Pásla kone na betóne."" That includes both. Should be natural Slovak. Use ""režíroval"" for directed. Ensure no extra info. Provide only sentence(s). Let's output one sentence with both clauses separated by ""a"". Probably fine. Thus final answer: ""Pásla kone na betóne režíroval Štefan Uher a Štefan Uher režíroval Pásla kone na betóne."""
Id350,sports,,,2,Matej Beňuš zastupuje Slovensko a športuje vodný slalom.,"We need to produce Slovak sentence(s) that express both facts. Entities: Matej Beňuš (proper name) remains. Predicate ""represents"" -> ""zastupuje"". Object ""Slovensko"" (proper name) stays. Second: predicate ""sport"" -> ""športuje"" or ""má šport"". Probably ""má šport"" but natural: ""sa venuje športu"". But need translate predicate to Slovak verb. ""sport"" as predicate likely ""športuje"". So sentence: ""Matej Beňuš zastupuje Slovensko a športuje vodný slalom."" That includes both facts. Ensure no extra info. Use ""vodný slalom"" as object (already Slovak). Good."
Id351,geography,,,1,Slovenská akadémia vied má sídlo v Bratislave.,"We need to produce a Slovak sentence expressing the fact: ""Slovenská akadémia vied"" (subject) | headquarterLocation | Bratislava (object). Translate predicate to Slovak: ""má sídlo"" or ""sídli"" but need natural. Predicate translation: ""headquarterLocation"" => ""sídlo"" maybe ""má sídlo v"". So sentence: ""Slovenská akadémia vied má sídlo v Bratislave."" Use proper case: Bratislava -> Bratislave (locative). Should we translate predicate exactly? ""headquarterLocation"" -> ""sídlo"" maybe ""má sídlo"". Use ""má sídlo v"". That conveys location. Provide one sentence."
Id352,geography,,,1,Slovenská technická univerzita sa nachádza v Bratislave.,"We need to produce Slovak sentence(s) expressing the fact: ""Slovenská technická univerzita"" locatedIn ""Bratislava"". Translate predicate ""locatedIn"" to Slovak: ""sa nachádza v"". Entities: subject is proper name, keep. Object ""Bratislava"" is proper name, keep. So sentence: ""Slovenská technická univerzita sa nachádza v Bratislave."" Note location case: ""v Bratislave"". Use correct preposition. Provide only sentence."
Id353,geography,,,1,Pezinok sa nachádza v Bratislavskom kraji.,"We need to produce Slovak sentence(s) expressing the fact: Pezinok locatedIn Bratislavsky kraj. Translate non-proper nouns: ""locatedIn"" -> ""sa nachádza v"". Subject ""Pezinok"" is a proper name, keep. Object ""Bratislavsky kraj"" is a proper name (region), keep. So sentence: ""Pezinok sa nachádza v Bratislavskom kraji."" Note: need correct case: ""v Bratislavskom kraji"". Use Slovak grammar. Provide only the sentence."
Id354,geography,,,1,Šurany sa nachádza v Nitrianskom kraji.,"We need to produce a Slovak sentence expressing the fact: Šurany is located in Nitriansky kraj. Translate predicate ""locatedIn"" to Slovak ""sa nachádza v"" or ""sa nachádza v"". Use proper translation of entities that are not proper names: ""Nitriansky kraj"" is a proper name? It's a region name, likely proper, keep as is. ""Šurany"" is a town name, proper, keep. So sentence: ""Šurany sa nachádza v Nitrianskom kraji."" Need to keep case: ""v Nitrianskom kraji"". Use correct Slovak grammar. Provide only the sentence."
Id355,politics,,,1,Slovensko má 15 ministerstiev.,"We need to produce a Slovak sentence expressing the fact: ""Slovensko | numberOfMinistries | 15"". Translate predicate to Slovak: ""počet ministerstiev"". Subject ""Slovensko"" is proper name, keep. Object 15 stays. So sentence: ""Slovensko má 15 ministerstiev."" Or ""Počet ministerstiev na Slovensku je 15."" Both convey. Must use predicate translation. ""numberOfMinistries"" -> ""počet ministerstiev"". Use natural. Provide one sentence."
Id356,culture,,,1,Nocadeň napísal album Slová Už Nevravia Nič.,"We need to produce Slovak sentence(s) expressing the fact: subject Nocadeň, predicate wroteAlbum, object Slová Už Nevravia Nič. Translate predicate to Slovak: ""napísal album"". Subject is Nocadeň (likely a band). Object is Slová Už Nevravia Nič (album title). So sentence: ""Nocadeň napísal album Slová Už Nevravia Nič."" That's all. Ensure no extra info."
Id357,geography,,,1,Michalovce sa nachádza v Košickom kraji.,"We need to produce a Slovak sentence expressing the fact: ""Michalovce is located in Košický kraj."" Translate predicate ""locatedIn"" to Slovak ""sa nachádza v"". Entities: Michalovce (proper name) keep, Košický kraj (proper name). So sentence: ""Michalovce sa nachádza v Košickom kraji."" Need correct case: ""v Košickom kraji"". Yes. Output only the sentence."
Id358,geography,,,1,Nitra prúdi do Dunaja.,"We need to produce a Slovak sentence expressing the fact: ""Nitra flowsInto Dunaj"". Translate predicate to Slovak: ""prúdi do"". Subject ""Nitra"" is a proper name (city/river?). It's a proper name, keep as is. Object ""Dunaj"" is also proper name (Danube). So sentence: ""Nitra prúdi do Dunaja."" Need correct case: ""do Dunaja"". Use Slovak grammar. So output just that sentence."
Id359,culture,,,1,Peter Hrivňák je známy ako Kuko.,"We need to produce Slovak sentence(s) expressing the fact: Peter Hrivňák knownAs Kuko. Translate predicate ""knownAs"" to Slovak: ""je známy ako"". Entities: Peter Hrivňák is a proper name, keep. Kuko is also a name? Likely a nickname, keep as is. So sentence: ""Peter Hrivňák je známy ako Kuko."" That's all."
Id360,culture,,,2,"Jaroslav Slávik sa zúčastnil Česko Slovensko má talent, ktoré je TV show.","We need to produce Slovak sentence(s) that express all facts. Two triples: 1. Jaroslav Slávik | participatedIn | Česko Slovensko má talent 2. Česko Slovensko má talent | isA | TV show We must translate predicate to Slovak: ""participatedIn"" -> ""sa zúčastnil"" (or ""participoval na""?). Use natural Slovak. ""isA"" -> ""je"". So we need to convey that Jaroslav Slávik sa zúčastnil (or ""participoval na"") show ""Česko Slovensko má talent"", and that ""Česko Slovensko má talent"" je TV show. We must not add extra info. So maybe: ""Jaroslav Slávik sa zúčastnil programu Česko Slovensko má talent, ktorý je TV show."" That includes both facts. It uses ""program"" maybe not needed; but ""program"" is extra. Should we avoid adding ""program""? The triple says ""participatedIn"" which implies involvement in something; we can say ""Jaroslav Slávik sa zúčastnil súťaže Česko Slovensko má talent, ktorá je TV show."" But ""súťaž"" is extra. Better to keep minimal: ""Jaroslav Slávik sa zúčastnil Česko Slovensko má talent, ktoré je TV show."" However ""ktoré"" refers to ""Česko Slovensko má talent"". That's okay. But we need to translate ""isA"" as ""je"". So ""Česko Slovensko má talent je TV show"" is not grammatical; we need ""Česko Slovensko má talent je TV show"" maybe ""Česko Slovensko má talent je TV show."" But we can combine: ""Jaroslav Slávik sa zúčastnil Česko Slovensko má talent, ktoré je TV show."" That expresses both. Check: we used ""ktoré"" which is a relative pronoun, not adding new facts. It's okay. Make sure we keep proper case: ""Česko Slovensko má talent"" is a title, keep as is. Thus final answer: one sentence."
Id361,geography,,,1,Vysoká škola múzických umení sa nachádza v Bratislave.,"We need to produce a Slovak sentence expressing the fact: ""Vysoká škola múzických umení"" locatedIn ""Bratislava"". Translate predicate ""locatedIn"" to Slovak: ""sa nachádza v"". Also need to translate non-proper nouns: ""Vysoká škola múzických umení"" is a proper name? It's the name of an institution, likely proper, keep as is. ""Bratislava"" is proper, keep. So sentence: ""Vysoká škola múzických umení sa nachádza v Bratislave."" Note case: ""v Bratislave"". Use correct preposition. Provide only the sentence."
Id362,geography,,,1,Myjava sa nachádza v Trenčiansky kraj.,"We need to produce a Slovak sentence expressing the fact: Myjava locatedIn Trenčiansky kraj. Translate predicate ""locatedIn"" to Slovak ""sa nachádza v"". Entities: Myjava (proper name) keep, Trenčiansky kraj (proper name? It's a region, but likely proper, keep). So sentence: ""Myjava sa nachádza v Trenčianskom kraji."" Need to keep exact phrase ""Trenčiansky kraj"". Should we decline? The instruction: translate each entity that is not a proper name. ""Trenčiansky kraj"" is a proper name of a region, likely keep as is. But grammar may require case. However instruction says keep proper names unchanged. So we must keep ""Trenčiansky kraj"". So sentence: ""Myjava sa nachádza v Trenčiansky kraj."" That is slightly ungrammatical but meets rule. Provide only sentence."
Id363,geography,,,2,Ľupčiansky hrad sa nachádza blízko Slovenskej Ľupče a Slovenská Ľupča je obec.,"We need to produce Slovak sentence(s) that express both facts. Entities: ""Ľupčiansky hrad"" (proper name) locatedNear ""Slovenská Ľupča"". ""Slovenská Ľupča"" isType ""obec"". Need to translate predicate: ""locatedNear"" -> ""sa nachádza blízko"" or ""sa nachádza pri"". ""isType"" -> ""je typom"" or ""je"". Probably ""je obcou"". The instruction: translate predicate always to Slovak and use naturally. So: ""Ľupčiansky hrad sa nachádza blízko Slovenskej Ľupče a Slovenská Ľupča je obec."" Need to keep proper names unchanged. Also need to keep ""obec"" as noun. Should we keep ""obec"" as is? Yes. So final sentence: ""Ľupčiansky hrad sa nachádza blízko Slovenskej Ľupče a Slovenská Ľupča je obec."" That includes both facts. Ensure no extra info. Good."
Id364,culture,,,2,"Hex vystúpil s albumom Nikdy Nebolo Lepšie, ktorý je albumom Hex.","We need to produce Slovak sentence(s) that express all facts. Two triples: 1. Hex | performedAlbum | Nikdy Nebolo Lepšie 2. Nikdy Nebolo Lepšie | isAlbumOf | Hex We need to translate predicate to Slovak. ""performedAlbum"" maybe ""vystúpil s albumom"" or ""predstavil album"". But we must translate predicate literally? The instruction: ""Predikát VŽDY prelož do slovenčiny a použi ho vo vete prirodzene."" So we need to translate each predicate to Slovak. The predicate ""performedAlbum"" could be ""vystúpil s albumom"". The second predicate ""isAlbumOf"" could be ""je albumom"". But we need to keep meaning natural. We must not add facts not in triples. So we can say: ""Hex vystúpil s albumom Nikdy Nebolo Lepšie."" And ""Nikdy Nebolo Lepšie je albumom Hex."" That repeats same info. Could combine: ""Hex vystúpil s albumom Nikdy Nebolo Lepšie, ktorý je albumom Hex."" That's two facts in one sentence. That seems okay. Check translation: ""performedAlbum"" -> ""vystúpil s albumom"". ""isAlbumOf"" -> ""je albumom"". Use proper case: ""albumom"" is instrumental. ""Nikdy Nebolo Lepšie"" is album title, keep as is. Thus final output: one sentence: ""Hex vystúpil s albumom Nikdy Nebolo Lepšie, ktorý je albumom Hex."" That includes both facts. Ensure no extra info. Good."
Id365,culture,,,2,Mandolína je hraná Adamom Ďuricou a Adam Ďurica ju hrá.,"We need to produce Slovak sentence(s) that express all facts. Two triples: 1. Mandolína | performedBy | Adam Ďurica 2. Adam Ďurica | performs | Mandolína Both say the same: Adam Ďurica performed the mandolin (or performed the mandolin? Actually ""Mandolína performedBy Adam Ďurica"" means the mandolin is performed by Adam Ďurica. ""Adam Ďurica performs Mandolína"" means Adam Ďurica performs the mandolin. So we need to express both facts, but they are essentially the same. However we must include both facts, but we can combine them in one sentence: ""Adam Ďurica hrá mandolínu."" That covers both: subject Adam Ďurica performs mandolin, and mandolin performed by Adam Ďurica. The predicate ""performedBy"" translates to ""je hraná"" or ""je vykonávaná"". But we can phrase: ""Mandolína je hraná Adamom Ďuricou a Adam Ďurica ju hrá."" That includes both. Must not add extra info. Use proper translation: ""Mandolína"" is a noun, keep as is. ""performedBy"" -> ""je hraná"". ""performs"" -> ""hrá"". So sentence: ""Mandolína je hraná Adamom Ďuricou a Adam Ďurica ju hrá."" That includes both facts. Ensure no extra. That seems fine. Check: we used ""Adamom Ďuricou"" (instrumental case). That's okay. Provide one sentence."
Id366,other,,,2,Skupinu IMT Smile založili Ivan Tásler a Miroslav Tásler.,"We need to produce Slovak sentence(s) that express both facts: IMT Smile foundedBy Ivan Tásler and foundedBy Miroslav Tásler. Need to translate predicate ""foundedBy"" to Slovak ""založil"" (or ""založený"" but as predicate we need verb). Subject is IMT Smile (proper name, keep). Object are Ivan Tásler and Miroslav Tásler (proper names). Need to include both facts. Could be one sentence: ""Skupinu IMT Smile založili Ivan Tásler a Miroslav Tásler."" That expresses both. Ensure no extra info. Use ""založili"" (past plural) because two founders. That includes both facts. Should we mention both separately? One sentence is fine. Provide only the sentence."
Id367,politics,,,1,Dušan Kováčik bol odsúdený za korupciu.,"We need to produce Slovak sentence(s) expressing the fact: Dušan Kováčik convictedFor korupcia. Translate predicate: ""bol odsúdený za"". Object ""korupcia"" is not proper name, translate to Slovak: ""korupciu"". So sentence: ""Dušan Kováčik bol odsúdený za korupciu."" Ensure no extra info."
Id368,geography,,,2,Kriváň sa považuje za neoficiálny symbol Slovenska a je spomenutý v slovenskej literatúre.,"We need to produce Slovak sentence(s) that express all facts. Two triples: Subject: Kriváň (proper name, keep as is) Predicate: isConsidered -> ""je považovaný za"" maybe ""sa považuje za"". Object: neoficiálny symbol Slovenska (translate non-proper: ""neoficiálny symbol Slovenska"" already Slovak, keep as is). So sentence: ""Kriváň sa považuje za neoficiálny symbol Slovenska."" Second triple: Kriváň | isMentionedIn | slovenská literatúra. Translate predicate ""is mentioned in"" -> ""sa spomína v"" or ""je spomenutý v"". Object: ""slovenská literatúra"" (already Slovak). So sentence: ""Kriváň je spomenutý v slovenskej literatúre."" We need to include both facts, can be one or two sentences. Could combine: ""Kriváň sa považuje za neoficiálny symbol Slovenska a je spomenutý v slovenskej literatúre."" That includes both. Ensure no extra info. That seems fine. Return only the sentence(s)."
Id369,geography,,,4,"Štrbské pleso sa nachádza v Slovensku, je pleso, je známe a patrí medzi najväčšie.","We need to produce Slovak sentence(s) that express all facts. Facts: Štrbské pleso is located in Slovensko; is type pleso; is famous true; is among largest true. So we need to say: Štrbské pleso sa nachádza v Slovensku, je pleso, je známe a patrí medzi najväčšie. Must translate predicate: isLocatedIn -> nachádza sa v; isType -> je; isFamous -> je známe; isAmongLargest -> patrí medzi najväčšie. Ensure we include all facts. Could be one sentence: ""Štrbské pleso sa nachádza v Slovensku, je pleso, je známe a patrí medzi najväčšie."" That covers all. Ensure no extra info. Use ""najväčšie"" as translation of ""largest"". Good."
Id370,geography,,,1,Poprad preteká cez Poprad.,"We need to produce a Slovak sentence expressing the fact: Poprad flowsThrough Poprad. Both subject and object are ""Poprad"". Need to translate predicate ""flowsThrough"" to Slovak: ""preteká"" or ""preteká cez""? The instruction: translate predicate to Slovak and use naturally. So ""preteká"" maybe. The entity ""Poprad"" is a proper name, keep as is. So sentence: ""Poprad preteká Poprad."" That sounds odd but matches. Could also be ""Poprad preteká cez Poprad."" But ""through"" translation is ""preteká cez"". The predicate ""flowsThrough"" -> ""preteká cez"". Use natural. So ""Poprad preteká cez Poprad."" That's fine."
Id371,geography,,,1,Tokajská vinohradnícka oblasť sa nachádza vo Východoslovenskej nížine.,"We need to produce a Slovak sentence expressing the fact: ""Tokajská vinohradnícka oblasť"" locatedIn ""Východoslovenská nížina"". Translate predicate ""locatedIn"" to Slovak ""sa nachádza v"" or ""sa nachádza v"". Entities: Tokajská vinohradnícka oblasť (proper name? It's a region name, but not a proper name? It's a specific region, but likely treat as proper name, keep as is). Východoslovenská nížina also proper name. So sentence: ""Tokajská vinohradnícka oblasť sa nachádza vo Východoslovenskej nížine."" Use ""vo"" before Východoslovenská nížina because starts with V. Should we keep diacritics? Yes. Output only the sentence."
Id372,geography,,,1,Rimavská Sobota sa nachádza v Bánskobystrickom kraji.,"We need to produce Slovak sentence(s) expressing the fact: ""Rimavská Sobota locatedIn Bánskobystrický kraj"". Translate predicate ""locatedIn"" to Slovak: ""sa nachádza v"". Entities: Rimavská Sobota is a proper name, keep as is. Bánskobystrický kraj is also proper name, keep. So sentence: ""Rimavská Sobota sa nachádza v Bánskobystrickom kraji."" Note correct case: ""v Bánskobystrickom kraji"". Should we keep exact string ""Bánskobystrický kraj""? The requirement: translate each entity that is not a proper name. ""Bánskobystrický kraj"" is a proper name (region). Likely keep as is. But we might need to adjust case for grammar. The instruction: ""Prelož do slovenčiny každú entitu, ktorá NIE JE vlastné meno (napr. všeobecné podstatné mená, roly, všeobecné opisy). Vlastné mená (mená osôb, miest, organizácií, diel atď.) ponechaj v pôvodnej podobe."" So both are proper names, keep unchanged. However grammar may require case change, but they said keep original form. Might be okay to keep ""Bánskobystrický kraj"". But phrase ""v Bánskobystrický kraj"" is ungrammatical; need ""v Bánskobystrickom kraji"". But that changes the string. The rule says keep proper names unchanged, but we might need to inflect for grammar? The instruction didn't forbid inflection; it says ""Prelož do slovenčiny každú entitu, ktorá NIE JE vlastné meno"". For proper names, we keep original. But we can still inflect? Usually proper names can be declined. The instruction ambiguous. I'd output: ""Rimavská Sobota sa nachádza v Bánskobystrickom kraji."" This changes the case but keeps the name. Probably acceptable."
Id373,culture,,,3,Susedia je TV seriál. František Stromokocúr je postava v Susedia. Peter Marcin zahral rolu František Stromokocúr.,"We need to produce Slovak sentence(s) that express all facts. Triples: 1. Susedia | seriesType | TV Series 2. František Stromokocúr | characterIn | Susedia 3. Peter Marcin | playedRole | František Stromokocúr We need to translate predicate to Slovak: seriesType -> typ seriálu? maybe ""typ seriálu"". characterIn -> ""postava v""? Could be ""postava v"". playedRole -> ""zahral rolu"". Need to produce natural sentence(s) using these. We must translate non-proper nouns: ""TV Series"" is not proper? It's a type, maybe keep as ""TV seriál"". So ""Susedia"" is a proper name (title). So keep. Sentence: ""Susedia je TV seriál. František Stromokocúr je postava v Susedia a Peter Marcin zahral rolu František Stromokocúr."" But need to reflect each triple: first says Susedia has series type TV Series. So ""Susedia je TV seriál."" Good. Second: František Stromokocúr characterIn Susedia => ""František Stromokocúr je postava v Susedia."" Good. Third: Peter Marcin playedRole František Stromokocúr => ""Peter Marcin zahral rolu František Stromokocúr."" Good. We can combine maybe two sentences: ""Susedia je TV seriál, v ktorom je postava František Stromokocúr, ktorú zahral Peter Marcin."" But that would infer ""v ktorom"" linking, which is not directly in triples but it's logical. Might be okay? It uses all facts but adds ""v ktorom"" which is not a fact but a connective. Might be acceptable as it's not adding new factual info, just linking. However requirement: ""NEPRIDÁVAJ žiadne fakty, podrobnosti, atribúty ani kontext, ktoré nie sú výslovne uvedené."" Adding ""v ktorom"" is just a grammatical connector, not a new fact. Should be fine. But safer to produce separate sentences each directly reflecting triple. Thus output: ""Susedia je TV seriál. František Stromokocúr je postava v Susedia. Peter Marcin zahral rolu František Stromokocúr."" Check translation of predicates: seriesType -> ""je TV seriál"". characterIn -> ""je postava v"". playedRole -> ""zahral rolu"". Good. Return only sentences."
Id374,politics,,,2,Vladimír Mečiar prehral prezidentské voľby s Ivanom Gašparovičom dňa 2004-01-01.,"We need to produce Slovak sentence(s) that express all facts. Two triples: 1. Subject: Vladimír Mečiar, predicate: lostPresidentialElection, object: Ivan Gašparovič. 2. Subject: Vladimír Mečiar, predicate: lostPresidentialElection, object: 2004-01-01. We need to translate predicate to Slovak: ""prehral prezidentské voľby"". The object: Ivan Gašparovič is a proper name, keep as is. The date: 2004-01-01 keep as is. We need to express both facts. Could be one sentence: ""Vladimír Mečiar prehral prezidentské voľby s Ivanom Gašparovičom dňa 2004-01-01."" That includes both object and date. Does that convey both? Yes, it says he lost the presidential election to Ivan Gašparovič on that date. That covers both triples. Ensure we don't add extra info. The phrase ""s"" indicates opponent. That's okay. It uses both object and date. Should we mention ""prezidentské voľby"" as singular? The predicate is lostPresidentialElection, so ""prehral prezidentské voľby"". Good. Thus output single sentence."
Id375,culture,,,1,Petr Cmorik spúšťač kariéry je výhra v Slovensko hľadá Superstar.,"We need to produce a Slovak sentence expressing the fact: ""Petr Cmorik | careerStartTrigger | výhra v Slovensko hľadá Superstar"". Subject: Petr Cmorik (proper name). Predicate: careerStartTrigger (needs translation to Slovak, likely ""spúšťač kariéry"" or ""spúšťač začiatku kariéry""? But we must translate predicate to Slovak and use naturally. The object: ""výhra v Slovensko hľadá Superstar"". This is a phrase, likely a title of a competition: ""výhra v Slovensko hľadá Superstar"". Should we translate object? It's not a proper name? It seems like a phrase, maybe a competition name. It's not a proper name? It could be a title, but it's not a proper name like a person. The instruction: ""Prelož do slovenčiny každú entitu, ktorá NIE JE vlastné meno (napr. všeobecné podstatné mená, roly, všeobecné opisy). Vlastné mená (mená osôb, miest, organizácií, diel atď.) ponechaj v pôvodnej podobe."" So we need to translate any entity that is not a proper name. ""Petr Cmorik"" is a proper name, keep as is. ""careerStartTrigger"" is not a proper name, translate to Slovak. ""výhra v Slovensko hľadá Superstar"" is likely a phrase, maybe a title, but not a proper name? It could be a competition name, but it's not a standard proper name like a person. Might be considered a title, but likely we treat it as not a proper name, so translate each word? It's already in Slovak partially: ""výhra v Slovensko hľadá Superstar"". Actually ""výhra"" is Slovak, ""v"" is Slovak, ""Slovensko"" is proper name (country), ""hľadá"" is Slovak, ""Superstar"" is English word but maybe a proper name of the show? The phrase ""Slovensko hľadá Superstar"" is a TV show name, likely a proper name. The object includes ""výhra v Slovensko hľadá Superstar"". This is a phrase meaning ""the win in Slovensko hľadá Superstar"". The instruction: translate each entity that is not a proper name. The object is a phrase, not a proper name? It includes a proper name ""Slovensko hľadá Superstar"" which is a show name, maybe considered proper name. But the phrase ""výhra v Slovensko hľadá Superstar"" includes ""výhra"" (win) which is not a proper name, ""v"" (in) not proper, ""Slovensko hľadá Superstar"" maybe proper. Hard to decide. Probably we keep the phrase as is because it's already Slovak except ""Superstar"". ""Superstar"" maybe keep as is because it's part of the show name. So we can produce: ""Petr Cmorik spúšťač kariéry výhra v Slovensko hľadá Superstar."" That sounds odd. Better: ""Petr Cmorik spúšťač začiatku kariéry je výhra v Slovensko hľadá Superstar."" But we need to use predicate naturally: ""careerStartTrigger"" could be ""spúšťač začiatku kariéry"". So sentence: ""Petr Cmorik spúšťač začiatku kariéry je výhra v Slovensko hľadá Superstar."" Or ""Petr Cmorik spúšťač začiatku kariéry predstavuje výhra v Slovensko hľadá Superstar."" The predicate translation: ""careerStartTrigger"" maybe ""spúšťač kariéry"". Use ""je"" to link. The instruction: ""Predikát VŽDY prelož do slovenčiny a použi ho vo vete prirodzene."" So we need to translate predicate and use it naturally. So we could say: ""Petr Cmorik spúšťač kariéry je výhra v Slovensko hľadá Superstar."" That expresses the fact: Petr Cmorik's career start trigger is the win in Slovensko hľadá Superstar. That seems fine. Thus output one sentence."
Id376,sports,,,1,Juraj Tabaček má alias Šoko.,"We need to produce Slovak sentence(s) expressing the fact: Juraj Tabaček has alias Šoko. Translate predicate ""hasAlias"" to Slovak: ""má alias"" or ""má prezývku"". The instruction: translate predicate to Slovak and use naturally. So ""má alias"" is literal translation. Could also be ""má prezývku"". But we must translate predicate, not necessarily the exact word. ""hasAlias"" -> ""má alias"". Use entity translation: Juraj Tabaček is proper name, keep. Šoko is proper name? It's an alias, likely a nickname, but it's a string, keep as is. So sentence: ""Juraj Tabaček má alias Šoko."" That's it."
Id377,geography,,,1,Rajecké Teplice sú známe termálnymi kúpeľmi.,"We need to produce a Slovak sentence expressing the fact: ""Rajecké Teplice are known for termálne kúpele."" Need to translate predicate ""areKnownFor"" to Slovak: ""sú známe pre"" or ""sú známe svojimi"". Use natural phrasing: ""Rajecké Teplice sú známe termálnymi kúpeľmi."" That expresses the fact. Ensure we use only given info. The object ""termálne kúpele"" is not a proper name, translate to Slovak: it's already Slovak. So sentence: ""Raječké Teplice sú známe termálnymi kúpeľmi."" Note spelling: ""Rajecké Teplice"". Use correct diacritics. Provide only the sentence."
Id378,culture,,,2,Vratko Rohoň je členom Iné Kafe a je jeho najdlhšie pôsobiacim členom.,"We need to produce Slovak sentence(s) that express all facts. Two triples: - Vratko Rohoň | memberOf | Iné Kafe - Vratko Rohoň | longestServingMember | Iné Kafe We must translate predicate to Slovak: ""memberOf"" -> ""je členom"". ""longestServingMember"" -> ""je najdlhšie pôsobiacim členom"". Entities: Vratko Rohoň (proper name) stays. Iné Kafe (proper name) stays. We need to include both facts. Could combine: ""Vratko Rohoň je členom skupiny Iné Kafe a je jej najdlhšie pôsobiacim členom."" That expresses both. Ensure no extra info. That's fine. Return only sentence."
Id379,culture,,,1,Čad má hudobný žáner thrashmetal.,"We need to produce Slovak sentence(s) expressing the fact: subject Čad, predicate musicGenre, object Thrashmetal. Translate non-proper nouns: ""musicGenre"" -> ""hudobný žáner"". ""Thrashmetal"" is a genre name, likely proper? It's a genre name, maybe not proper name, but it's a specific term; likely keep as is? The instruction: translate each entity that is NOT a proper name (e.g., general nouns, roles, general descriptions). Proper names (names of persons, places, organizations, works) keep original. ""Thrashmetal"" is a genre name, not a proper name? It's a specific term, but likely considered a common noun? Could be considered a proper noun? I'd treat it as a genre name, maybe keep as is because it's a term. But they said translate each entity that is NOT a proper name. ""Thrashmetal"" is a genre name, maybe not proper name, but it's a term in English; we could translate to Slovak ""thrashmetal"". Usually genre names are not translated. Could keep as ""thrashmetal"". The predicate ""musicGenre"" -> ""hudobný žáner"". So sentence: ""Čad má hudobný žáner thrashmetal."" Or ""Čad je thrashmetalový hudobný žáner""? Better: ""Čad má hudobný žáner thrashmetal."" That expresses subject, predicate, object. Use ""má"" as translation of ""musicGenre""? The predicate is ""musicGenre"". We need to translate predicate to Slovak and use naturally. Could be ""má hudobný žáner"". So final answer: ""Čad má hudobný žáner thrashmetal."""
Id380,sports,,,1,VKP Bratislava vyhráva najviac zlatých medailí v slovenskej volejbalovej extralige.,"We need to produce Slovak sentence(s) expressing the fact: ""VKP Bratislava winsMostGoldMedalsIn slovenská volejbalová extraliga"". Translate predicate to Slovak: ""vyhráva najviac zlatých medailí v"". Subject VKP Bratislava (proper name) keep. Object ""slovenská volejbalová extraliga"" translate (already Slovak). So sentence: ""VKP Bratislava vyhráva najviac zlatých medailí v slovenskej volejbalovej extralige."" Ensure grammar: ""v slovenskej volejbalovej extralige"". That's it."
Id381,history,,,1,Martin má starý názov Turčiansky Svätý Martin.,"We need to produce a Slovak sentence expressing the fact: Martin oldName Turčiansky Svätý Martin. So subject ""Martin"" (proper name) predicate ""oldName"" which translates to ""starý názov"" maybe ""pôvodný názov"". The object ""Turčiansky Svätý Martin"" is a proper name? It's a place name, likely proper, so keep as is. So sentence: ""Martin má starý názov Turčiansky Svätý Martin."" Or ""Starý názov Martina je Turčiansky Svätý Martin."" But need to use predicate translation: ""starý názov"". Use natural Slovak. Could be ""Martin má starý názov Turčiansky Svätý Martin."" That includes all facts. No extra. Provide only sentence."
Id382,geography,,,1,Okres Humenné sa nachádza v Prešovskom kraji.,"We need to produce Slovak sentence(s) expressing the fact: ""okres Humenné"" is located in ""Prešovský kraj"". Translate non-proper nouns: ""okres"" is a common noun, ""locatedIn"" -> ""sa nachádza v"". ""Prešovský kraj"" is proper name, keep. So sentence: ""Okres Humenné sa nachádza v Prešovskom kraji."" Note that ""Prešovský kraj"" is proper, but we need correct case: ""v Prešovskom kraji"". Should we keep original form? The entity is ""Prešovský kraj"". In Slovak, after ""v"" we use locative: ""v Prešovskom kraji"". That's a grammatical adjustment, but it's still the same entity. Likely acceptable. Provide one sentence."
Id383,geography,,,1,Okres Detva sa nachádza v Bánskobystrickom kraji.,"We need to produce a Slovak sentence expressing the fact: ""okres Detva"" is located in ""Bánskobystrický kraj"". Need to translate non-proper nouns: ""okres"" is a common noun, ""locatedIn"" predicate translates to ""sa nachádza v"" or ""je umiestnený v"". The object ""Bánskobystrický kraj"" is a proper name? It's a region name, likely proper, keep as is. So sentence: ""Okres Detva sa nachádza v Bánskobystrickom kraji."" Need to keep case: ""v Bánskobystrickom kraji"". Use proper Slovak grammar. Provide only the sentence."
Id384,culture,,,2,Uragán má hlavných hercov Peter Marcin a Andrej Kraus.,"We need to produce Slovak sentence(s) that express all facts: Uragán has main actors Peter Marcin and Andrej Kraus. Need to translate predicate ""mainActors"" to Slovak, likely ""hlavní herci"" or ""hlavní účinkujúci"". Use natural phrasing. Entities: Uragán is likely a work (maybe film). Keep as is. So sentence: ""Uragán má hlavných hercov Peter Marcin a Andrej Kraus."" That includes both facts. Ensure no extra info. Use ""hlavní herci"". Could also be ""hlavnými hercami"". But predicate translation: ""mainActors"" -> ""hlavní herci"". Use ""má"". So final answer: one sentence."
Id385,geography,,,1,Slnečné skaly sa nachádzajú v Rajeckej kotline.,"We need to produce a Slovak sentence expressing the fact: ""Slnečné skaly"" locatedIn ""Rajecká kotlina"". Translate predicate ""locatedIn"" to Slovak: ""sa nachádza v"". Entities: ""Slnečné skaly"" is a proper name? It's a place name, likely proper, keep as is. ""Rajecká kotlina"" also proper, keep. So sentence: ""Slnečné skaly sa nachádzajú v Rajeckej kotline."" Need to keep case: ""v Rajeckej kotline"". Yes. Return only the sentence."
Id386,culture,,,2,Katedrála Najsvätejšej Trojice sa nachádza v Žiline a má lokálny názov Farský kostol.,"We need to produce Slovak sentence(s) expressing both facts. Entities: ""Katedrála Najsvätejšej Trojice"" is proper name, keep. Predicate ""locatedIn"" translate to ""sa nachádza v"". Object ""Žilina"" is a city, proper name, keep. Second: predicate ""localName"" translate to ""má lokálny názov"". Object ""Farský kostol"". That's not proper name? It's a common noun phrase, translate? It's already Slovak, but it's a local name, maybe keep as is. So sentence: ""Katedrála Najsvätejšej Trojice sa nachádza v Žiline a má lokálny názov Farský kostol."" Ensure all facts included. Use both. That's one sentence."
Id387,sports,,,2,BK Patrioti Levice vyhral basketbalovú extraligu mužov. Basketbalová extraliga mužov má sezónu 2023-2024.,"We need to produce Slovak sentence(s) that express all facts. Two triples: 1. Subject: BK Patrioti Levice, predicate: won, object: basketbalová extraliga mužov. 2. Subject: basketbalová extraliga mužov, predicate: season, object: 2023-2024. We must translate predicate to Slovak: ""won"" -> ""vyhral"" (or ""vyhrala""? BK Patrioti Levice is a club, likely masculine plural? In Slovak, ""BK Patrioti Levice"" is a club name, could be treated as masculine singular? Usually ""klub"" is masculine, but name is proper noun. Use ""vyhral"". The second predicate ""season"" -> ""sezóna"". So we need to convey both facts: BK Patrioti Levice vyhral basketbalovú extraligu mužov. Basketbalová extraliga mužov má sezónu 2023-2024. Or combine: BK Patrioti Levice vyhral basketbalovú extraligu mužov, ktorá má sezónu 2023-2024. But must not add extra info not in triples. The second triple says ""basketbalová extraliga mužov season 2023-2024"". So we can say ""Basketbalová extraliga mužov má sezónu 2023-2024."" That's fine. Thus two sentences. Ensure no extra facts. Use exact numbers. Provide only sentences."
Id388,geography,,,1,Žilina má prezývku Perla na Váhu.,"We need to produce Slovak sentence(s) expressing the fact: Žilina has nickname Perla na Váhu. Translate predicate ""hasNickname"" to Slovak: ""má prezývku"". Also need to translate entity that is not proper name: ""Perla na Váhu"" is a phrase, likely a nickname, but it's a proper phrase? It's not a proper name? It's a nickname, but it's a phrase. Should we translate? It's already Slovak. So keep as is. So sentence: ""Žilina má prezývku Perla na Váhu."" That's it."
Id389,geography,,,2,Vlčince je najväčšie sídlisko. Vlčince sa nachádza v Žiline.,"We need to produce Slovak sentence(s) that express both facts: Vlčince is largest sídlisko (i.e., Vlčince is the largest housing estate?) and Vlčince is located in Žilina. Need to translate predicate to Slovak: ""isLargest"" -> ""je najväčší"" maybe. ""isLocatedIn"" -> ""sa nachádza v"". Also need to translate object ""sídlisko"" (not proper name) to Slovak: it's already Slovak word ""sídlisko"". So sentence: ""Vlčince je najväčšie sídlisko a nachádza sa v Žiline."" But need to keep ""najväčší"" agreement: ""Vlčince je najväčšie sídlisko"" (since sídlisko is neuter, ""najväčšie""). Could also split into two sentences: ""Vlčince je najväčšie sídlisko. Vlčince sa nachádza v Žiline."" Both fine. Must include all facts, no extra. Use proper translation of predicates. Provide only sentence(s). Let's output two short sentences."
Id390,geography,,,1,Názov Ružinov pochádza z Ružového ostrova.,"We need to produce Slovak sentence(s) expressing the fact: ""Názov Ružinov originatesFrom Ružový ostrov"". Need to translate predicate ""originatesFrom"" to Slovak: ""pochádza z"". Subject ""Názov Ružinov"" - ""Názov Ružinov"" is not a proper name? It seems ""Názov Ružinov"" maybe a phrase meaning ""the name Ružinov""? But we treat ""Názov Ružinov"" as entity, not proper name? The rule: translate each entity that is NOT a proper name. ""Názov Ružinov"" includes ""Názov"" (common noun) and ""Ružinov"" (proper name?). Probably ""Ružinov"" is a district name, proper name. So we translate ""Názov"" to ""názov"". Keep ""Ružinov"". So entity becomes ""názov Ružinov"". Object ""Ružový ostrov"" - ""Ružový ostrov"" likely proper name? Might be a place name, but includes adjective ""Ružový"" and noun ""ostrov"". Could be proper name, but rule: translate each entity that is NOT a proper name. If it's a proper name, keep as is. Hard to decide. Probably ""Ružový ostrov"" is a proper name (the name of an island). So keep as is. So sentence: ""Názov Ružinov pochádza z Ružového ostrova."" Need correct case: ""pochádza z"" takes genitive. ""Ružový ostrov"" in genitive is ""Ružového ostrova"". So sentence: ""Názov Ružinov pochádza z Ružového ostrova."" That includes all facts. Use singular. Provide only sentence."
Id391,geography,,,1,Modré pleso je najvyššie položené pleso.,"We need to produce Slovak sentence(s) expressing the fact(s). There's one triple: ""Modré pleso | isHighestLocated | pleso"". Subject: Modré pleso (proper name). Predicate: isHighestLocated (needs translation to Slovak, natural phrasing). Object: pleso (common noun, translate to Slovak: ""pleso""). So we need a sentence: ""Modré pleso je najvyššie položené pleso."" But that sounds odd: ""najvyššie položené pleso"" maybe ""najvyššie položené pleso"" meaning ""the highest located lake"". The predicate ""isHighestLocated"" likely means ""je najvyššie položené"". So ""Modré pleso je najvyššie položené pleso."" That repeats pleso twice, but that's okay. We must not add any extra info. So output just that sentence. Ensure proper Slovak grammar: ""Modré pleso je najvyššie položené pleso."" Could also be ""Modré pleso je najvyššie položené pleso."" That's fine. Return only the sentence."
Id392,geography,,,2,Luník IX je notoricky známy pre zlé sociálne podmienky a zlé hygienické podmienky.,"We need to produce Slovak sentence(s) that express all facts. Two triples: Luník IX isNotoriouslyKnownFor zlé sociálne podmienky; Luník IX isNotoriouslyKnownFor zlé hygienické podmienky. Need to translate predicate to Slovak: ""je notoricky známy pre"" maybe ""je notoricky známy pre"". Use natural sentence: ""Luník IX je notoricky známy pre zlé sociálne podmienky a zlé hygienické podmienky."" That includes both facts. Ensure no extra info. Use exactly given. Should we keep ""Luník IX"" as is. Yes. Provide one sentence."
Id393,history,,,1,Jozef Tiso sa narodil v Bytči.,"We need to produce a Slovak sentence expressing the fact: Jozef Tiso | birthPlace | Bytča. Translate predicate ""birthPlace"" to Slovak: ""narodil sa v"". Subject is proper name Jozef Tiso, object Bytča is a place name, keep as is. So sentence: ""Jozef Tiso sa narodil v Bytči."" Note: Bytča is a town, in Slovak locative case ""v Bytči"". Should we keep exact form? The object is ""Bytča"". In sentence we need proper case. The instruction: ""Prelož do slovenčiny každú entitu, ktorá NIE JE vlastné meno"". Bytča is a proper name, so keep as is. But we need to adjust grammar? Probably we can keep ""v Bytči"". That's a grammatical change but not adding info. It's necessary for natural sentence. Should we keep ""Bytča"" unchanged? The instruction says keep proper names unchanged. But using ""v Bytči"" changes the form. However it's required for natural Slovak. Might be acceptable. Could also say ""Jozef Tiso má miesto narodenia Bytča."" But that is unnatural. Better: ""Jozef Tiso sa narodil v Bytči."" We'll output that."
Id394,other,,,1,Slovenská koruna sa delí na halier.,"We need to produce Slovak sentence(s) expressing the fact: ""Slovenská koruna dividesInto halier"". Translate predicate ""dividesInto"" to Slovak: ""delená na"" or ""rozdeľuje sa na"". Probably ""delí sa na"". So sentence: ""Slovenská koruna sa delí na halier."" Ensure using correct translation. Use only given info. So output that single sentence."
Id395,culture,,,2,Bryndzové halušky sa podávajú s žinčicou a s kyslým mliekom.,"We need to produce Slovak sentence(s) that express both facts: ""bryndzové halušky servedWith žinčica"" and ""bryndzové halušky servedWith kyslé mlieko"". Translate predicate ""servedWith"" to Slovak: ""sa podáva s"". Entities not proper names: ""bryndzové halušky"" is a dish name, likely proper? It's a dish name, but it's not a proper name of a person, but it's a name of a dish; we treat as not proper? The instruction: translate each entity that is NOT a proper name (e.g., common nouns, roles, general descriptions). Keep proper names unchanged. ""bryndzové halušky"" is a dish name, likely considered a common noun phrase, but could be considered proper? I'd translate it? It's already Slovak. So keep as is. ""žinčica"" and ""kyslé mlieko"" are also Slovak nouns, keep as is. So sentence: ""Bryndzové halušky sa podávajú s žinčicou a s kyslým mliekom."" However need to keep exact forms: object is ""žinčica"" and ""kyslé mlieko"". Should we keep case? In Slovak, after ""s"" we need instrumental: ""žinčicou"", ""kyslým mliekom"". But the instruction says keep exactly as in triples, but we may need to adapt grammar? It says preserve numbers, dates, values exactly as given. For nouns, we can inflect? It didn't forbid inflection. It says translate predicate and use naturally. So we can adjust case. Use ""s žinčicou a s kyslým mliekom"". That changes ""kyslé mlieko"" to ""kyslým mliekom"". Might be considered altering. Safer: keep original forms: ""s žinčica a s kyslé mlieko"" is ungrammatical. Probably acceptable to inflect. I'd produce: ""Bryndzové halušky sa podávajú s žinčicou a s kyslým mliekom."""
Id396,culture,,,2,Smejko a Tanculienka spievajú a sú určené pre deti.,"We need to produce Slovak sentence(s) that express all facts. Two triples: Subject: ""Smejko a Tanculienka"" (likely a title of a show). Predicate: targetAudience -> object: deti (children). So ""Smejko a Tanculienka"" má cieľovú skupinu deti. Also activity: spievajú (they sing). So we need to convey both facts: The show ""Smejko a Tanculienka"" je určený pre deti a spieva. Or ""Smejko a Tanculienka je určený pre deti a spieva."" Need to translate predicate: targetAudience = ""cieľová skupina"" or ""určený pre"". activity = ""aktivita"" but we need natural sentence: ""Smejko a Tanculienka spievajú a sú určené pre deti."" Ensure both facts. Use both facts. Should we keep order? Not required. Provide one sentence. Ensure no extra info. Use ""deti"". Provide exactly one sentence."
Id397,sports,,,2,"Slovensko získalo zlatú medailu v Majstrovstvách sveta v ľadovom hokeji. Rok, v ktorom Slovensko získalo zlatú medailu v Majstrovstvách sveta v ľadovom hokeji, je 2002.","We need to produce Slovak sentence(s) that express both facts. Entities: ""Slovensko"" is proper name, keep. Predicates: ""wonGoldMedalIn"" translate to ""získalo zlatú medailu v"". ""winningYear"" translate to ""rok, v ktorom získalo"" maybe ""rok, v ktorom získalo zlatú medailu"". But need to use each predicate translation. So we need two sentences or one combined. Must include both facts: Slovensko získalo zlatú medailu na Majstrovstvách sveta v ľadovom hokeji a rok, v ktorom to získalo, je 2002. Ensure no extra info. Use proper translation of predicates: ""wonGoldMedalIn"" -> ""získalo zlatú medailu v"". ""winningYear"" -> ""rok, v ktorom získalo"". Could be: ""Slovensko získalo zlatú medailu na Majstrovstvách sveta v ľadovom hokeji v roku 2002."" That combines both facts in one sentence, using both predicates implicitly. But we need to reflect both predicates; the second predicate is ""winningYear"". The sentence includes year. That's fine. Check requirement: ""Predikát VŽDY prelož do slovenčiny a použi ho vo vete prirodzene."" So we need to use translation of each predicate. For first: ""získalo zlatú medailu v"". For second: maybe ""rok, v ktorom získalo"" but we already used year. Could phrase: ""Rok, v ktorom Slovensko získalo zlatú medailu na Majstrovstvách sveta v ľadovom hokeji, je 2002."" That's two sentences? Actually one sentence with both. But we need to include both facts. Could do two short sentences: ""Slovensko získalo zlatú medailu na Majstrovstvách sveta v ľadovom hokeji. Rok, v ktorom to získalo, je 2002."" That uses both predicate translations. That seems safe. Make sure no extra info. Use ""získalo zlatú medailu v"" vs ""na""? The predicate ""wonGoldMedalIn"" -> ""získalo zlatú medailu v"". So ""v Majstrovstvách sveta v ľadovom hokeji"". Use ""v"". So sentence: ""Slovensko získalo zlatú medailu v Majstrovstvách sveta v ľadovom hokeji."" Good. Second: ""Rok, v ktorom Slovensko získalo zlatú medailu v Majstrovstvách sveta v ľadovom hokeji, je 2002."" That repeats but okay. Could be two sentences as above. Thus final answer: two sentences."
Id398,politics,,,3,"Voľby do NR SR 2016 mali víťaznú stranu SMER SD, konali sa v roku 2016, a SMER SD je strana.","We need to produce Slovak sentence(s) that express all facts. Triples: 1. ""voľby do NR SR 2016"" | winningParty | ""SMER SD"" 2. ""voľby do NR SR 2016"" | electionYear | ""2016"" 3. ""SMER SD"" | isA | ""strana"" We need to translate predicate to Slovak. Predicates: winningParty -> ""víťazná strana""? electionYear -> ""rok volieb""? isA -> ""je"". Also need to translate entities that are not proper names. ""voľby do NR SR 2016"" is likely a proper name? It's a phrase describing elections, but not a proper name? Probably treat as phrase, but it's not a proper name like a person. The instruction: translate each entity that is NOT a proper name (e.g., common nouns, roles, general descriptions). Keep proper names unchanged. ""voľby do NR SR 2016"" includes ""voľby"" (elections) which is common noun, ""NR SR"" is abbreviation for National Council of Slovak Republic, maybe proper? It's an institution, but likely considered proper name? Might keep as is. The phrase ""voľby do NR SR 2016"" is a specific event, could be considered proper name. But to be safe, we can keep as is because it's a specific election name. ""SMER SD"" is a party name, proper name, keep unchanged. ""strana"" is common noun, translate to ""strana"". Already in Slovak. We need to convey: The elections to the National Council of the Slovak Republic 2016 had the winning party SMER SD, the election year is 2016, and SMER SD is a party. We can combine: ""Voľby do NR SR 2016 mali víťaznú stranu SMER SD, konali sa v roku 2016, a SMER SD je strana."" Check: includes all facts. Yes. Make sure we use exact numbers: 2016. Use ""víťazná strana"" for winningParty. Use ""rok volieb"" maybe. But ""voľby ... mali víťaznú stranu"" is okay. Thus final answer: one sentence."
Id399,sports,,,2,MŠK Žilina má fanúšikovskú základňu Žilinskí Šošoni a Žilinskí Šošoni sú fanúšikmi MŠK Žilina.,"We need to produce Slovak sentence(s) that express both facts. Facts: 1. MŠK Žilina hasFanbase Žilinskí Šošoni. 2. Žilinskí Šošoni areFansOf MŠK Žilina. We need to translate predicate to Slovak: ""hasFanbase"" -> ""má fanúšikovskú základňu"" maybe ""má fanúšikov"". ""areFansOf"" -> ""sú fanúšikmi"". Entities: MŠK Žilina is proper name, keep. Žilinskí Šošoni is proper name, keep. We must include both facts. Could combine: ""MŠK Žilina má fanúšikovskú základňu Žilinskí Šošoni a Žilinskí Šošoni sú fanúšikmi MŠK Žilina."" That repeats both. Ensure no extra info. Use ""má fanúšikovskú základňu"" as translation of hasFanbase. Could also ""má fanúšikov"" but that might be less precise. The predicate is ""hasFanbase"". So ""má fanúšikovskú základňu"". Good. Return only sentence(s). Probably one sentence is fine."
Id400,politics,,,2,NR SR má 150 zvolených zástupcov. Poslancov je zvolených do NR SR.,"We need to produce Slovak sentence(s) that express all facts. Two triples: 1. NR SR | numberOfElectedRepresentatives | 150 2. poslancov | electedTo | NR SR We must translate predicate to Slovak. Predicates: ""numberOfElectedRepresentatives"" -> ""počet zvolených zástupcov"". ""electedTo"" -> ""zvolený do"". Entities: NR SR is a proper name, keep as is. ""poslancov"" is not proper name? It's a common noun (plural of ""poslanec"") but appears as subject in second triple. Should translate entity that is not proper name: ""poslancov"" is already Slovak, but we need to translate each entity that is not proper name. It's already Slovak, so keep. The object ""NR SR"" is proper name, keep. We need to include both facts. First fact: ""NR SR má počet zvolených zástupcov 150."" Or ""NR SR má 150 zvolených zástupcov."" That expresses number. Second fact: ""Poslancov je zvolený do NR SR."" But grammar: ""Poslanci sú zvolený do NR SR."" However subject is ""poslancov"" (accusative?) Actually triple: subject ""poslancov"" (plural genitive?) but we treat as noun ""poslancov"". Should produce natural sentence: ""Poslancov je zvolený do NR SR."" Might be odd. Better: ""Poslancov je zvolených do NR SR."" But predicate ""electedTo"" means ""zvolený do"". So ""Poslancov je zvolený do NR SR."" Could also be ""Poslancov je zvolených do NR SR."" Use plural agreement. Let's produce two sentences: ""NR SR má 150 zvolených zástupcov. Poslancov je zvolených do NR SR."" That includes both facts. Ensure no extra info. Use exact numbers. Good."
Id401,culture,,,2,Samo Chalupka napísal Mor Ho. Mor Ho je báseň.,"We need to produce Slovak sentence(s) expressing both facts. Entities: ""Samo Chalupka"" is a proper name, keep as is. Predicate ""wrote"" -> ""napísal"". Object ""Mor Ho"" is a title of poem, proper name? It's a poem title, but not a proper name of person, but it's a title, likely keep as is. The second triple: ""Mor Ho"" isA ""poem"". Predicate ""isA"" -> ""je"". Object ""poem"" is a common noun, translate to Slovak ""báseň"". So we need sentences that include both facts. Could be: ""Samo Chalupka napísal Mor Ho, ktorý je báseň."" But need to keep facts: Samo Chalupka wrote Mor Ho. Mor Ho is a poem. Could also be two sentences: ""Samo Chalupka napísal Mor Ho. Mor Ho je báseň."" That expresses both. Use proper translation. Ensure no extra info. Provide only sentence(s). Probably two short sentences is fine."
Id402,culture,,,2,Štúrovci vybrali dialekt Stredoslovenské Nárečie a Stredoslovenské Nárečie je základom pre slovenčinu.,"We need to produce Slovak sentence(s) expressing both facts. Entities: ""Štúrovci"" (proper name) selectedDialect ""Stredoslovenské Nárečie"". Then ""Stredoslovenské Nárečie"" basisFor ""slovenčina"". Need translate predicate: ""selectedDialect"" -> ""vybral dialekt""? Actually ""selectedDialect"" meaning ""vybral dialekt"". Should be ""vybral dialekt"". And ""basisFor"" -> ""je základom pre"". So sentence: ""Štúrovci vybrali dialekt Stredoslovenské Nárečie a Stredoslovenské Nárečie je základom pre slovenčinu."" Need translate ""slovenčina"" as ""slovenčina"" (proper? It's a language name, maybe keep as is). It's not proper name? It's a language, but likely keep as is. The rule: translate each entity that is not a proper name. ""slovenčina"" is a language name, maybe considered proper? Probably keep as is. We'll keep as ""slovenčina"". Provide one sentence."
Id403,geography,,,2,"Vysoké Tatry má najvyšší vrchol Lomnický štít, ktorý je prístupný lanovkou.","We need to produce Slovak sentence(s) that express both facts. Entities: ""Vysoké Tatry"" (proper name) - highestPeak - ""Lomnický štít"". So ""Vysoké Tatry má najvyšší vrchol Lomnický štít."" But predicate ""highestPeak"" translates to ""má najvyšší vrchol"". Also second: ""Lomnický štít"" - accessibleByCableCar - true. So ""Lomnický štít je prístupný lanovkou."" Or ""Lomnický štít je prístupný lanovou dráhou."" Use ""true"" meaning yes. So we need one or two short sentences. Could combine: ""Vysoké Tatry má najvyšší vrchol Lomnický štít, ktorý je prístupný lanovkou."" That includes both facts in one sentence. It uses both facts. Should we keep ""true"" as ""áno""? Better to phrase as ""je prístupný lanovkou"". That conveys true. So final answer: one sentence."
Id404,sports,,,1,VK Slávia EU Bratislava vyhrala najviac zlatých medailí v Volejbalovej extralige žien.,"We need to produce a Slovak sentence expressing the fact: ""VK Slávia EU Bratislava | wonMostGoldMedalsIn | Volejbalová extraliga žien"". Translate predicate to Slovak: ""vyhrala najviac zlatých medailí v"". Subject is proper name, keep as is. Object is not proper name, translate: ""Volejbalová extraliga žien"" is already Slovak, but it's a name of league? It's a proper name? Probably it's a league name, but it's not a proper name of a person, but it's a proper name of competition; instruction: translate each entity that is NOT a proper name. ""Volejbalová extraliga žien"" is a proper name of a league, but it's a title; I'd keep as is? The rule: ""Prelož do slovenčiny každú entitu, ktorá NIE JE vlastné meno (napr. všeobecné podstatné mená, roly, všeobecné opisy). Vlastné mená (mená osôb, miest, organizácií, diel atď.) ponechaj v pôvodnej podobe."" So ""Volejbalová extraliga žien"" is a proper name of a competition, so keep as is. The predicate: ""wonMostGoldMedalsIn"" -> ""vyhrala najviac zlatých medailí v"". So sentence: ""VK Slávia EU Bratislava vyhrala najviac zlatých medailí v Volejbalovej extralige žien."" Note capitalization: ""Volejbalovej extralige žien"". Should we keep case? In Slovak, preposition ""v"" + locative: ""Volejbalovej extralige žien"". So final answer: one sentence."
Id405,politics,,,1,STVR nahradil organizáciu RTVS.,"We need to produce Slovak sentence(s) expressing the fact: subject STVR, predicate replacedOrganization, object RTVS. Need to translate predicate to Slovak: ""nahradil organizáciu""? The predicate ""replacedOrganization"" likely means ""nahradil organizáciu"". Subject STVR is not a proper name? It looks like an abbreviation, maybe an organization. It's not a proper name? It's likely an abbreviation, but could be considered a proper name. The instruction: translate each entity that is NOT a proper name. So we need to decide if STVR is a proper name. It's an abbreviation, likely a proper name (maybe ""STVR"" stands for something). Since it's capital letters, likely a proper name. So keep as is. RTVS is also a proper name (public broadcaster). So keep as is. So sentence: ""STVR nahradil organizáciu RTVS."" That expresses subject replacedOrganization object. Use Slovak translation of predicate: ""nahradil organizáciu"". Should we include ""organizáciu"" as object? Yes. So final answer: one sentence."
Id406,politics,,,1,Sloboda a Solidarita má politickú ideológiu stredopravicový liberalizmus.,"We need to produce a Slovak sentence expressing the fact: ""Sloboda a Solidarita"" (likely a party) has political ideology ""stredopravicový liberalizmus"". Translate predicate ""politicalIdeology"" to Slovak, likely ""má politickú ideológiu"". So sentence: ""Sloboda a Solidarita má politickú ideológiu stredopravicový liberalizmus."" Ensure subject is singular? ""Sloboda a Solidarita"" is a party name, treat as singular. Use ""má"". That's it."
Id407,sports,,,2,HK Nitra vyhral trofej Kontinentálny pohár. Kontinentálny pohár má víťaznú sezónu 2022-2023.,"We need to produce Slovak sentence(s) that express all facts. Two triples: 1. Subject: HK Nitra, predicate: wonTrophy, object: Kontinentálny pohár. 2. Subject: Kontinentálny pohár, predicate: winningSeason, object: 2022-2023. We must translate predicate to Slovak: ""wonTrophy"" -> ""vyhral trofej"" maybe ""vyhral pohár""? But we need to translate predicate to Slovak and use naturally. The object ""Kontinentálny pohár"" is a proper name? It's a trophy name, but it's not a proper name? It's a title of a trophy, but likely treat as proper name? The instruction: translate each entity that is NOT a proper name. ""Kontinentálny pohár"" is a name of a trophy, maybe considered proper name? It's a title, but could be considered proper name. However they said translate each entity that is NOT a proper name (e.g., general nouns, roles). Proper names (names of persons, places, organizations, works) keep original. ""Kontinentálny pohár"" is a name of a trophy, likely proper name, so keep as is. ""HK Nitra"" is a proper name (team). Keep as is. The predicate ""wonTrophy"" translate to Slovak: ""vyhral trofej"". Could be ""vyhral trofej"" or ""získal trofej"". Use natural. The second predicate ""winningSeason"" translate to ""víťazná sezóna"". So sentence: ""HK Nitra vyhral trofej Kontinentálny pohár a táto trofej má víťaznú sezónu 2022-2023."" But need to include both facts. Could be two sentences: ""HK Nitra vyhral trofej Kontinentálny pohár. Kontinentálny pohár má víťaznú sezónu 2022-2023."" That expresses both. Ensure no extra info. Use exact values. Use ""2022-2023"". Good. Check: predicate translation: ""winningSeason"" -> ""víťazná sezóna"". Use ""má víťaznú sezónu"". That is fine. Thus output two sentences."
Id408,politics,,,2,Maďarská politická strana sa nachádza v Slovensku a má názov Magyar Szövetség – Maďarská aliancia.,"We need to produce Slovak sentence(s) that express both facts. Entities: ""Maďarská politická strana"" is subject? Actually subject is ""Maďarská politická strana"". Predicate ""locatedIn"" => ""nachádza sa v"". Object ""Slovensko"". Second: predicate ""name"" => ""má názov"". Object ""Magyar Szövetség – Maďarská aliancia"". Need to translate non-proper nouns: ""Maďarská politická strana"" is not a proper name? It's a description, but it's the subject. Should we translate? It's already Slovak. Keep as is. The object ""Magyar Szövetség – Maďarská aliancia"" is a proper name, keep unchanged. So sentence: ""Maďarská politická strana sa nachádza v Slovensku a má názov Magyar Szövetség – Maďarská aliancia."" That includes both facts. Ensure no extra info. Use ""nachádza sa v"" or ""je umiestnená v"". Use ""má názov"". Provide one sentence."
Id409,culture,,,2,Dara Rolins bola v randení s Rytmus. Rytmus je slovenský raper.,"We need to produce Slovak sentence(s) that express all facts. Two triples: 1. Dara Rolins | dated | Rytmus 2. Rytmus | isA | Slovak rapper We must translate predicate to Slovak: ""dated"" -> ""bola v randení s"" or ""bola v randení s""? Since subject Dara Rolins (female) dated Rytmus. Use ""bola v randení s"". Predicate ""isA"" -> ""je"". So ""Rytmus je slovenský raper."" Combine both facts maybe in one sentence: ""Dara Rolins bola v randení s Rytmusom a Rytmus je slovenský raper."" Need to keep proper case: ""Rytmusom"" is instrumental. Should we keep original name unchanged? Yes proper name unchanged, but case inflection is part of Slovak grammar; we can add suffix. The instruction: ""Prelož do slovenčiny každú entitu, ktorá NIE JE vlastné meno (napr. všeobecné podstatné mená, roly, všeobecné opisy). Vlastné mená (mená osôb, miest, organizácií, diel atď.) ponechaj v pôvodnej podobe."" So we keep ""Rytmus"" unchanged, but we can inflect? It says keep in original form, maybe not inflect. Safer to keep unchanged: ""s Rytmus"". But that sounds odd. Could say ""s Rytmusom"" but that changes form. Might be considered altering proper name. Probably okay to keep unchanged? The instruction says keep in original form, so we should not add suffix. So we say ""s Rytmus"". That is not grammatical but meets rule. Let's produce two sentences: ""Dara Rolins bola v randení s Rytmus. Rytmus je slovenský raper."" That uses proper name unchanged. Good."
Id410,culture,,,5,"Relácia Chart Show má tému, že hostia tipujú a komentujú najlepšie hity na danú tému; hostia tipujú, hostia komentujú a najlepšie hity sú na danú tému.","We need to produce Slovak sentence(s) that express all facts. Facts: 1. Chart Show | topic | hostia tipujú a komentujú najlepšie hity na danú tému 2. hostia | action | tipujú 3. hostia | action | komentujú 4. hostia | object | najlepšie hity 5. najlepšie hity | context | na danú tému We must translate predicate to Slovak. The first triple: subject ""Chart Show"", predicate ""topic"", object ""hostia tipujú a komentujú najlepšie hity na danú tému"". So we need to express that Chart Show má tému ""hostia tipujú a komentujú najlepšie hity na danú tému"". But we also have separate facts: hostia tipujú; hostia komentujú; hostia najlepšie hity (object); najlepšie hity na danú tému. We must include all facts, no extra. So we can produce a sentence: ""V relácii Chart Show hostia tipujú a komentujú najlepšie hity na danú tému; hostia tipujú, hostia komentujú a hostia sa zaujímajú o najlepšie hity, ktoré sú na danú tému."" But need to be careful not to add facts not present. ""hostia sa zaujímajú o"" is not in triples. So avoid. We need to convey: Chart Show má tému ""hostia tipujú a komentujú najlepšie hity na danú tému"". Also hostia tipujú; hostia komentujú; hostia tipujú najlepšie hity; najlepšie hity sú na danú tému. We can combine: ""Relácia Chart Show má tému, že hostia tipujú a komentujú najlepšie hity na danú tému; hostia tipujú, hostia komentujú a najlepšie hity sú na danú tému."" This includes all facts. Does it add any? ""Relácia Chart Show má tému, že ..."" is translation of topic. That's fine. ""hostia tipujú, hostia komentujú"" repeats facts. ""najlepšie hity sú na danú tému"" expresses context. All good. Check no extra: we didn't add ""relácia Chart Show"" as subject? It's fine. We didn't add any new attributes. The phrase ""najlepšie hity sú na danú tému"" is translation of context. Good. We must ensure we translate predicate ""topic"" as ""má tému"". That's okay. ""action"" as ""tipujú"" and ""komentujú"". ""object"" as ""najlepšie hity"". ""context"" as ""na danú tému"". Good. Now produce final answer: one or two sentences. Probably one sentence is enough. Provide only the sentence."
Id411,politics,,,2,"SNS má súčasného predsedu Andreja Danka, ktorý má rok predsedenstva 2024.","We need to produce Slovak sentence(s) that express all facts. Triples: 1. SNS | currentChairperson | Andrej Danko 2. Andrej Danko | chairpersonYear | 2024 We must translate predicate to Slovak. ""currentChairperson"" -> ""súčasný predseda"". ""chairpersonYear"" -> ""rok predsedenstva"" maybe. But need natural translation. Could be ""rok, v ktorom je predsedom"". But we must translate predicate literally? It says ""Predikát VŽDY prelož do slovenčiny a použi ho vo vete prirodzene."" So we need to translate each predicate. Thus: - ""SNS má súčasného predsedu Andreja Danka."" - ""Andrej Danko má rok predsedenstva 2024."" But need to include both facts in one sentence or two short sentences. Could combine: ""SNS má súčasného predsedu Andreja Danka, ktorý má rok predsedenstva 2024."" That includes both facts. Does it use both predicates? ""má súčasného predsedu"" and ""má rok predsedenstva"". That seems fine. Check: Use ""SNS"" as proper name unchanged. ""Andrej Danko"" unchanged. Use ""súčasný predseda"" translation of predicate. Use ""rok predsedenstva"" translation of second predicate. Thus final output: one sentence. Let's produce: ""SNS má súčasného predsedu Andreja Danka, ktorý má rok predsedenstva 2024."""
Id412,culture,,,1,Čičmany je známy pre ľudovú architektúru.,"We need to produce a Slovak sentence expressing the fact: Čičmany is known for Ľudová architektúra. Translate predicate ""isKnownFor"" to Slovak: ""je známy pre"" or ""je známa pre""? Čičmany is a place, neuter? It's a village name, likely feminine? In Slovak, ""Čičmany"" is plural? Actually ""Čičmany"" is a village name, plural form, but we can say ""Čičmany je známy pre ľudovú architektúru."" Need to translate object ""Ľudová architektúra"" as given (already Slovak). So sentence: ""Čičmany je známy pre ľudovú architektúru."" That includes all facts. Use correct case: ""pre ľudovú architektúru"". Good. Return only the sentence."
Id413,culture,,,6,"Hviezdoslavov Kubín je celoštátna súťažná prehliadka, ktorá sa zameriava na umelecký prednes a zahŕňa poéziu, prózu, tvorbu detských recitačných koletívov a divadlá poézie.","We need to produce a Slovak sentence(s) that includes all facts. Translate predicates: isA -> je, focusesOn -> zameriava sa na, includesGenre -> zahŕňa žáner, includesActivity -> zahŕňa aktivitu. Entities: ""Hviezdoslavov Kubín"" is proper name, keep. So sentence: ""Hviezdoslavov Kubín je celoštátna súťažná prehliadka, ktorá sa zameriava na umelecký prednes a zahŕňa žánre poézia a próza, ako aj aktivity tvorba detských recitačných koletívov a divadlá poézie."" Need to ensure all facts: includesGenre poézia, includesGenre próza, includesActivity tvorba detských recitačných koletívov, includesActivity divadlá poézie. Use ""zahŕňa"" for both genre and activity. Could be two sentences if needed, but one works. Check translation: ""includesGenre"" -> ""zahŕňa žáner"". Could phrase ""zahŕňa žáner poézia a žáner próza"". Simpler: ""zahŕňa poéziu a prózu"". That's okay. ""includesActivity"" -> ""zahŕňa aktivitu"". Could say ""zahŕňa tvorbu detských recitačných koletívov a divadlá poézie"". That matches. Make sure not to add extra info. Use exact terms: ""tvorba detských recitačných koletívov"" and ""divadlá poézie"". Good. Thus final answer: one sentence."
Id414,history,,,1,SNP má dátum začiatku 1944-08-29.,"We need to produce Slovak sentence(s) expressing the fact: ""SNP | startDate | 1944-08-29"". Translate predicate ""startDate"" to Slovak ""dátum začiatku"" or ""začala dňa"". Need to translate entity SNP? It's an abbreviation, likely ""Slovenské národné povstanie"". It's a proper name, keep as is. So sentence: ""SNP začala dňa 1944-08-29."" Or ""SNP má dátum začiatku 1944-08-29""? Use natural. Use predicate translation: ""dátum začiatku"". Could say: ""SNP má dátum začiatku 1944-08-29."" That uses all info. Provide one sentence."
Id415,geography,,,2,Vlkolínec je zachovaný sídelný celok a patrí do zoznamu UNESCO.,"We need to produce Slovak sentence(s) that express all facts. Two triples: 1. Vlákolínec | isA | zachovaný sídelný celok 2. Vlákolínec | belongsTo | zoznam UNESCO We need to translate predicate to Slovak: ""isA"" -> ""je"" (or ""je"" + type). ""belongsTo"" -> ""patrí"". So sentences: ""Vlkolínec je zachovaný sídelný celok a patrí do zoznamu UNESCO."" Ensure translation of entities that are not proper names: ""zachovaný sídelný celok"" stays as is (already Slovak). ""zoznam UNESCO"" is phrase; ""zoznam"" is common noun, UNESCO is proper name, keep. So final sentence: ""Vlkolínec je zachovaný sídelný celok a patrí do zoznamu UNESCO."" That's one sentence covering both facts. Ensure no extra info. Output only the sentence."
Id416,geography,,,2,Mumifikované telo sa nachádza v Tepličke nad Váhom a patrí Žofie Bosniakovej.,"We need to produce Slovak sentence(s) that express both facts: ""mumifikované telo"" is located in Teplička nad Váhom, and ""mumifikované telo"" belongs to Žofie Bosniaková. We must translate predicate to Slovak: ""locatedIn"" -> ""sa nachádza v"" or ""je umiestnené v"". ""belongsTo"" -> ""patrí"". Use natural phrasing. We must translate entities that are not proper names: ""mumifikované telo"" is a common noun phrase, keep as is. ""Teplička nad Váhom"" is a place name, proper, keep. ""Žofie Bosniaková"" is proper name, keep. Thus sentence: ""Mumifikované telo sa nachádza v Teplička nad Váhom a patrí Žofie Bosniakovej."" Need correct case: ""patrí Žofie Bosniakovej"" (dative). Or ""patrí Žofie Bosniakovej"". Good. We could also split into two short sentences: ""Mumifikované telo sa nachádza v Teplička nad Váhom. Patrí Žofie Bosniakovej."" Both fine. We must include all facts, no extra. Provide one or two sentences. Let's output one sentence. Check grammar: ""Mumifikované telo sa nachádza v Teplička nad Váhom a patrí Žofie Bosniakovej."" Should be ""v Tepličke nad Váhom"" (locative). The place name declines: ""v Tepličke nad Váhom"". Yes, need correct case. So ""v Tepličke nad Váhom"". Good. Thus final answer: ""Mumifikované telo sa nachádza v Tepličke nad Váhom a patrí Žofie Bosniakovej."""
Id417,history,,,1,Nitra je prvým sídlom vládcom Dnesne Slovensko.,"We need to produce Slovak sentence(s) expressing the fact. Triple: subject Nitra, predicate firstSeatOfRulers, object Dnesne Slovensko. Translate predicate to Slovak: ""prvý sídlo vládcom""? Actually ""firstSeatOfRulers"" means ""prvé sídlo vládcom"" or ""prvé sídlo panovníkov"". Need natural Slovak: ""Nitra je prvým sídlom vládcom Dnesne Slovensko""? But object is ""Dnesne Slovensko"". Should be ""Nitra je prvým sídlom vládcom Dnesne Slovensko."" However grammar: ""Dnesne Slovensko"" maybe ""Dnesné Slovensko""? Keep as given. So sentence: ""Nitra je prvým sídlom vládcom Dnesne Slovensko."" That includes all facts. Use only given info. Should we include ""prvé"" vs ""prvým""? Predicate translation: ""firstSeatOfRulers"" -> ""prvé sídlo vládcom"". Could be ""Nitra je prvým sídlom vládcom Dnesne Slovensko."" That seems fine. Return only sentence."
Id418,geography,,,1,Dóm Svätej Alžbety sa nachádza v Košiciach.,"We need to produce a Slovak sentence expressing the fact: ""Dóm Svätej Alžbety"" location Košice. Translate predicate ""location"" to Slovak ""sa nachádza v"" or ""má polohu v"". Use natural sentence: ""Dóm Svätej Alžbety sa nachádza v Košiciach."" Note that location is Košice (city). Should we keep ""Košice"" unchanged (proper name). Yes. So output just that sentence."
Id419,politics,,,2,Zuzana Čaputová držala pozíciu prezidentky Slovenskej republiky a dátum ukončenia tejto pozície je 2024‑12‑31.,"We need to produce Slovak sentence(s) that express all facts. Two triples: - Zuzana Čaputová | heldPosition | prezidentka Slovenskej republiky - Zuzana Čaputová | positionEndDate | 2024-12-31 We must translate predicate to Slovak: ""heldPosition"" -> ""držala pozíciu"" or ""bola"". Use natural. ""positionEndDate"" -> ""dátum ukončenia pozície"". So sentence: ""Zuzana Čaputová bola prezidentkou Slovenskej republiky a dátum ukončenia jej pozície je 2024-12-31."" Or ""Zuzana Čaputová držala pozíciu prezidentky Slovenskej republiky a jej pozícia skončila dňa 2024-12-31."" Must include both facts. Use exact date format. Provide one sentence. Ensure no extra info. Use translation of predicate: ""držala pozíciu"" maybe. Let's craft: ""Zuzana Čaputová držala pozíciu prezidentky Slovenskej republiky a dátum ukončenia tejto pozície je 2024-12-31."" That includes both. No extra."
Id420,culture,,,2,Október je mesiacom venovaným úcte ruženca. Úcta ruženca je spojená s rímskokatolíckou cirkvou.,"We need to produce Slovak sentence(s) that express both triples. First triple: subject ""Október"", predicate ""isMonthDedicatedTo"", object ""ucta ruzenca"". Translate predicate to Slovak: ""je mesiacom venovaným"" or ""je mesiacom zasväteným""? Need natural. Use ""je mesiacom venovaným"". Object ""ucta ruzenca"" is not proper name, translate each word: ""ucta"" = ""úcta"", ""ruzenca"" = ""ruženca""? Actually ""ruzenca"" likely ""ruženca"". So ""úcta ruženca"". Second triple: subject ""ucta ruzenca"", predicate ""isAssociatedWith"", object ""rímskokatolícka cirkev"". Translate predicate: ""je spojená s"". So sentence: ""Október je mesiacom venovaným úcte ruženca a úcta ruženca je spojená s rímskokatolíckou cirkvou."" Need to keep proper names unchanged. ""Október"" is proper? It's month name, but treat as proper? Probably keep as is. ""rímskokatolícka cirkev"" is proper? It's a name of church, but we keep as is. Ensure diacritics. Provide one or two sentences. Could be two sentences: ""Október je mesiacom venovaným úcte ruženca. Úcta ruženca je spojená s rímskokatolíckou cirkvou."" That covers both. Ensure no extra facts. Use ""je mesiacom venovaným"" maybe better ""je mesiacom venovaným úcte ruženca"". That expresses triple. Provide exactly that."
Id421,history,,,1,Univerzita Komenského v Bratislave je najstaršou univerzitou v Slovensku.,"We need to produce a Slovak sentence expressing the fact: ""Univerzita Komenského v Bratislave isOldestUniversityIn Slovensko"". Translate predicate to Slovak: ""je najstaršou univerzitou v"". Entities: subject is proper name, keep. Object ""Slovensko"" is proper name, keep. So sentence: ""Univerzita Komenského v Bratislave je najstaršou univerzitou v Slovensku."" Ensure no extra facts. That's it."
Id422,geography,,,3,"Košice má problémovú štvrť Luník IX, Luník IX je štvrtou Košice a má status problémová.","We need to produce Slovak sentence(s) that express all facts. Triples: 1. Košice | hasProblematicDistrict | Luník IX 2. Luník IX | isDistrictOf | Košice 3. Luník IX | hasStatus | problémová We need to translate predicates to Slovak: ""hasProblematicDistrict"" -> ""má problémovú štvrť""? Actually ""hasProblematicDistrict"" means ""má problémovú štvrť"". ""isDistrictOf"" -> ""je štvrtou (štvrťou) mesta""? ""je štvrtou"" maybe ""je štvrtou Košíc""? Better: ""je štvrtou Košíc""? Actually ""isDistrictOf"" means ""je štvrtou (štvrťou) mesta"". So translation: ""je štvrtou Košíc""? Should be ""je štvrtou Košíc""? Might be ""je štvrtou Košíc""? Could be ""je štvrtou Košíc""? Hmm. We need to keep proper nouns unchanged: Košice, Luník IX. Non-proper nouns translate: district = ""štvrť"". status = ""status"" maybe ""stav"". ""hasStatus"" -> ""má stav"". But the object is ""problémová"" which is an adjective, meaning ""problematic"". So ""má stav problémová""? Better: ""má status problémová""? Actually ""hasStatus"" could be ""má status"". But we can phrase: ""Luník IX má status problémová"". Or ""Luník IX má stav problémová"". Use natural Slovak: ""Luník IX má problémový status""? But we must keep object exactly ""problémová"". So ""má status problémová"". Might be odd but okay. We need to include all facts: Košice má problémovú štvrť Luník IX. Luník IX je štvrtou Košíc. Luník IX má status problémová. We can combine: ""Košice má problémovú štvrť Luník IX, Luník IX je štvrtou Košíc a má status problémová."" That includes all three. Ensure translation of predicates: ""hasProblematicDistrict"" -> ""má problémovú štvrť"". ""isDistrictOf"" -> ""je štvrtou"". Might need ""je štvrtou Košíc""? Better: ""je štvrtou Košice"". Use genitive: ""Košice"". So ""Luník IX je štvrtou Košice"". That is okay. Thus final sentence: ""Košice má problémovú štvrť Luník IX, Luník IX je štvrtou Košice a má status problémová."""
Id423,culture,,,3,"Michal Straka má povolanie slovenský raper, je vyštudovaný právnik a jeho umelecké meno je Ego.","We need to produce Slovak sentence(s) that convey all facts. Facts: Michal Straka occupation slovenský raper; education vyštudovaný právnik; artisticName Ego. Need translate predicate to Slovak: ""occupation"" -> ""povolanie"" or ""zamestnanie""? Probably ""povolanie"". ""education"" -> ""vzdelanie"". ""artisticName"" -> ""umelecké meno"". So sentence: ""Michal Straka má povolanie slovenský raper, je vyštudovaný právnik a jeho umelecké meno je Ego."" Ensure all facts. Use exactly given info. Should we keep ""slovenský raper"" as is (already Slovak). ""vyštudovaný právnik"" as given. ""Ego"" as artistic name. Provide one sentence."
Id424,geography,,,3,"Najväčšie medzinárodné letisko na Slovensku sa volá Letisko M. R. Štefánika, nachádza sa v Slovensku a je typom medzinárodné letisko.","We need to produce Slovak sentence(s) that convey all facts. Facts: 1. Najväčšie medzinárodné letisko na Slovensku má názov Letisko M. R. Štefánika. 2. Letisko M. R. Štefánika sa nachádza v Slovensku. 3. Letisko M. R. Štefánika je typom medzinárodné letisko. We must translate predicate to Slovak: ""name"" -> ""má názov"" or ""sa volá"". ""location"" -> ""sa nachádza v"". ""type"" -> ""je typom"". Use natural sentence. We must include all facts. Could be two sentences: one for name and location, another for type. Or one sentence combining. We need to translate non-proper nouns: ""najväčšie medzinárodné letisko na Slovensku"" is already Slovak. ""Letisko M. R. Štefánika"" is proper name, keep. Thus: ""Najväčšie medzinárodné letisko na Slovensku sa volá Letisko M. R. Štefánika, nachádza sa v Slovensku a je typom medzinárodné letisko."" Check grammar: ""je typom medzinárodné letisko"" maybe ""je medzinárodným letiskom"". But predicate ""type"" -> ""je typom"". So ""je typom medzinárodné letisko"" is literal. Could also ""je typom medzinárodné letisko"". Accept. Thus one sentence includes all. Provide only sentence."
Id425,culture,,,3,"Jánošíkove dni sú kultúrny festival, konajú sa každoročne v Terchovej.","We need to produce Slovak sentence(s) expressing all facts: ""Jánošíkove dni"" is a cultural festival, held annually, location Terchová. Need translate predicate: eventType -> typ podujatia? ""je typom kultúrneho festivalu""? Probably ""je kultúrny festival"". frequency -> ""prebieha každoročne"". location -> ""sa koná v Terchovej"". Need include all. Could be one sentence: ""Jánošíkove dni sú kultúrny festival, konajú sa každoročne v Terchovej."" Ensure all facts. Use ""sú"" plural? ""Je"" singular? ""Jánošíkove dni"" is plural name, but treat as singular? Could say ""sú"". Acceptable. Provide one sentence."
Id426,geography,,,3,"Slovenská technická univerzita v Bratislave má skratku STU, jej lokácia je Bratislava a jej typ je vysoká školá.","We need to produce Slovak sentence(s) expressing all facts. Facts: Subject: Slovenská technická univerzita v Bratislave Predicates: abbreviation, location, type Objects: STU, Bratislava, vysoká školá We must translate predicate to Slovak: ""abbreviation"" -> ""skratka"". ""location"" -> ""lokácia"" or ""nachádza sa v"". Probably ""lokácia"" as noun. ""type"" -> ""typ"". But need natural sentence. Could be: ""Slovenská technická univerzita v Bratislave má skratku STU, nachádza sa v Bratislave a je vysokou školou."" Need to keep object ""vysoká školá"" exactly as given. It's ""vysoká školá"" (typo maybe). Should keep exactly. So ""je vysoká školá"". Use ""typ"" maybe: ""typ je vysoká školá"". Better: ""typ je vysoká školá"". So sentence: ""Slovenská technická univerzita v Bratislave má skratku STU, jej lokácia je Bratislava a jej typ je vysoká školá."" That includes all. Use ""lokácia"" as noun. Should we translate ""location"" to ""lokácia""? Yes. So final."
Id427,geography,,,2,Folklórne Slávnosti Pod Poľanou sa nachádzajú v Detve a ich typ podujatia je Folklórne Slávnosti.,"We need to produce Slovak sentence(s) expressing both facts. Entities: ""Folklórne Slávnosti Pod Poľanou"" is a proper name (event). location -> Detva (proper name). eventType -> Folklórne Slávnosti (maybe generic type but also proper? It's same phrase as event type, but it's a generic description. Should translate? The rule: translate each entity that is NOT a proper name. ""Folklórne Slávnosti"" is a generic term? It could be considered a type, not a proper name. So we should translate it to Slovak (already Slovak). It's already Slovak, so keep as is. ""Detva"" is proper name, keep. So sentence: ""Folklórne Slávnosti Pod Poľanou sa konajú v Detve a ich typ podujatia je Folklórne Slávnosti."" But need to use predicate translations: location -> ""sa nachádza v"" or ""má miesto v"". eventType -> ""má typ podujatia"". Use natural Slovak. Provide both facts in one sentence. Ensure no extra info. So: ""Folklórne Slávnosti Pod Poľanou sa nachádzajú v Detve a ich typ podujatia je Folklórne Slávnosti."" That includes both facts. No extra."
Id428,geography,,,2,Západný okraj je lokalitou Bojnice a Bojnický zámok sa nachádza na západnom okraji.,"We need to produce Slovak sentence(s) that express all facts. Two triples: 1. ""západný okraj | locationOf | Bojnice"" => predicate locationOf means ""je lokalitou"" maybe ""je lokalitou"" but we need translate predicate to Slovak. ""locationOf"" could be ""lokácia"" but we need natural sentence: ""západný okraj je lokalitou Bojnice""? Actually subject is ""západný okraj"", object is ""Bojnice"". So ""západný okraj je lokalitou Bojnice"". Might be ""západný okraj je lokalitou Bojnice"". Could also be ""západný okraj sa nachádza v Bojniciach""? But that would invert. The triple says locationOf: subject is location, object is entity. So ""západný okraj je lokalitou Bojnice"". Acceptable. 2. ""Bojnický zámok | locatedAt | západný okraj"" => predicate locatedAt => ""sa nachádza na"". So ""Bojnický zámok sa nachádza na západnom okraji"". Need to keep ""západný okraj"" as is? The object is ""západný okraj"". So ""Bojnický zámok sa nachádza na západnom okraji"". But we need to keep exact phrase ""západný okraj"". Should we keep case? In Slovak, ""na západnom okraji"". But the object is ""západný okraj"". Might need to keep same phrase but adjust grammar? The instruction: translate each entity that is not a proper name. ""západný okraj"" is a common noun phrase, so translate to Slovak (already Slovak). Keep as is. But we can inflect for grammar? It says use entities as given, but translation of predicate only. Probably we can inflect. But to be safe, keep phrase unchanged: ""Bojnický zámok sa nachádza na západný okraj"". That is grammatically odd. Better: ""Bojnický zámok sa nachádza na západnom okraji"". But that changes ""západný okraj"" to ""západnom okraji"". Might be considered altering entity. The rule: ""Prelož do slovenčiny každú entitu, ktorá NIE JE vlastné meno"". It doesn't say we cannot inflect. But we must keep exact phrase? It says ""Zachovaj všetky čísla, dátumy a hodnoty presne tak, ako sú uvedené."" Not about case. I'd produce natural sentence with proper case. Thus combine: ""Západný okraj je lokalitou Bojnice a Bojnický zámok sa nachádza na západnom okraji."" That's one sentence covering both facts. Check: includes both facts. Yes. Return only sentence."
Id429,culture,,,4,"Jožo Ráž je zakladateľom Elánu, Vašo Patejdl je zakladateľom Elánu, Juraj Farkaš je zakladateľom Elánu a Zdeno Baláž je zakladateľom Elánu.","We need to produce Slovak sentence(s) that convey all facts: Jožo Ráž is founder of Elán; Vašo Patejdl is founder of Elán; Juraj Farkaš is founder of Elán; Zdeno Baláž is founder of Elán. We must translate predicate ""isFounderOf"" to Slovak ""je zakladateľom"" (or ""je zakladateľom"" for masculine). Entities: Jožo Ráž, Vašo Patejdl, Juraj Farkaš, Zdeno Baláž are proper names, keep as is. Elán is proper name (band), keep. We need to include all facts. Could be one sentence: ""Jožo Ráž, Vašo Patejdl, Juraj Farkaš a Zdeno Baláž sú zakladateľmi Elánu."" But note predicate is singular per subject. The RDF says each subject is founder of Elán. Using plural ""sú zakladateľmi"" conveys all. Is that allowed? It uses the same predicate but plural form. The requirement: ""Predikát VŽDY prelož do slovenčiny a použi ho vo vete prirodzene."" The predicate ""isFounderOf"" translates to ""je zakladateľom"". Using plural ""sú zakladateľmi"" is a different form. Might be okay? Might be safer to keep singular per subject: ""Jožo Ráž je zakladateľom Elánu, Vašo Patejdl je zakladateľom Elánu, Juraj Farkaš je zakladateľom Elánu a Zdeno Baláž je zakladateľom Elánu."" That includes all facts, uses singular each. That is acceptable. We must not add any extra info. So produce that sentence. Ensure proper Slovak diacritics. Use ""Elánu"" as locative? Actually ""zakladateľom"" takes instrumental: ""zakladateľom Elánu"". Yes. Thus final answer: ""Jožo Ráž je zakladateľom Elánu, Vašo Patejdl je zakladateľom Elánu, Juraj Farkaš je zakladateľom Elánu a Zdeno Baláž je zakladateľom Elánu."""
Id430,history,,,2,Univerzita v Banskej Bystrici je pomenovaná po Matejovi Belovi a Matej Bel je slovenský vedec.,"We need to produce Slovak sentence(s) that express both facts. Triples: 1. Univerzita v Banskej Bystrici | namedAfter | Matej Bel 2. Matej Bel | occupation | slovenský vedec We need to translate predicate to Slovak: ""namedAfter"" -> ""je pomenovaná po"" (or ""bola pomenovaná po""?). Subject ""Univerzita v Banskej Bystrici"" is a university, feminine? ""Univerzita"" is feminine, so ""je pomenovaná po"". Use present tense. Second: ""occupation"" -> ""povolanie"" or ""zamestanie"". Could be ""má povolanie"". So ""Matej Bel má povolanie slovenský vedec"". Better: ""Matej Bel je slovenský vedec"". But predicate ""occupation"" we need to translate to a verb phrase. Could be ""je"". Use ""je"". So ""Matej Bel je slovenský vedec."" Thus combine: ""Univerzita v Banskej Bystrici je pomenovaná po Matejovi Belovi a Matej Bel je slovenský vedec."" Need to keep name unchanged. Use ""Matejovi Belovi"" for dative after ""po"". That's fine. We must not add extra facts. The sentence includes both facts. That's okay. Return only the sentence."
Id431,geography,,,5,"Poľana je pohorie, je silne erodovaný stratovulkán, nachádza sa v centrálnej časti Slovenska, má stav ochrany chránená krajinná oblasť a má dátum začatia ochrany 1981-01-01.","We need to produce Slovak sentence(s) that express all facts. Facts: - Poľana is a pohorie (mountain range) - Poľana location centrálna časť Slovenska (central part of Slovakia) - Poľana is a silne erodovaný stratovulkán (strongly eroded stratovolcano) - Poľana protectionStatus chránená krajinná oblasť (protected landscape area) - Poľana protectionStartDate 1981-01-01 We need to translate predicate to Slovak: ""isA"" -> ""je"". ""location"" -> ""sa nachádza v"". ""protectionStatus"" -> ""má stav ochrany"". But maybe ""má stav ochrany"" or ""je chránená krajinná oblasť"". The predicate should be translated and used naturally. For protectionStartDate -> ""od"". Could be ""od 1.1.1981"". Must keep date format as given? It says preserve numbers, dates exactly as given. So keep ""1981-01-01"". Use that format. Thus sentences: ""Poľana je pohorie, silne erodovaný stratovulkán, nachádza sa v centrálnej časti Slovenska, je chránená krajinná oblasť a jej stav ochrany začal dňa 1981-01-01."" Need to include all facts. Use predicate translation: ""je"" for isA, ""nachádza sa v"" for location, ""má stav ochrany"" maybe. But we need to use predicate translation ""protectionStatus"" -> ""má stav ochrany"". Could phrase: ""Poľana má stav ochrany chránená krajinná oblasť"". Might be unnatural but okay. Better: ""Poľana je pohorie, je silne erodovaný stratovulkán, nachádza sa v centrálnej časti Slovenska, má stav ochrany chránená krajinná oblasť a má dátum začatia ochrany 1981-01-01."" But need to use predicate translation for protectionStartDate: ""protectionStartDate"" -> ""dátum začatia ochrany"". Use ""má dátum začatia ochrany"". That includes date. We must not add extra facts. Ensure we include all. Provide one sentence maybe. Let's craft: ""Poľana je pohorie, je silne erodovaný stratovulkán, nachádza sa v centrálnej časti Slovenska, má stav ochrany chránená krajinná oblasť a má dátum začatia ochrany 1981-01-01."" Check: includes all facts. Use ""je"" for both isA. location predicate ""nachádza sa v"". protectionStatus predicate ""má stav ochrany"". protectionStartDate predicate ""má dátum začatia ochrany"". All good. Return only sentence."
Id432,politics,,,4,"Andrej Kiska je prezidentom Slovenskej republiky, je štvrtým prezidentom, je spoluzakladateľom Dobrého anjela a Dobrý anjel je charitatívna organizácia.","We need to produce Slovak sentences expressing all facts. Entities: Andrej Kiska (proper name), Slovenská republika (proper name), Dobrý anjel (proper name). Predicates: isPresidentOf -> ""je prezidentom"", presidentialOrder -> ""je štvrtým prezidentom""? Actually ""presidentialOrder"" means order number. Should translate as ""má prezidentský poradový číslo 4"" maybe ""je štvrtým prezidentom"". But we must use predicate translation: ""presidentialOrder"" -> ""má prezidentský poradový číslo""? We need to translate predicate to Slovak naturally. Could be ""má prezidentský poradový číslo"". But we need to keep all facts. Also isCoFounderOf -> ""je spoluzakladateľom"". Dobrý anjel isA charitable organization -> ""je charitatívna organizácia"". Need to include all. We can combine into one or two sentences. Possibly: ""Andrej Kiska je prezidentom Slovenskej republiky, je štvrtým prezidentom, je spoluzakladateľom Dobrého anjela a Dobrý anjel je charitatívna organizácia."" Need to ensure ""presidentialOrder"" expressed as ""je štvrtým prezidentom"". That conveys order 4. Use number 4 as given. Could say ""je štvrtým prezidentom"". That uses ordinal. Acceptable. Provide one sentence. Check translation of ""isPresidentOf"" -> ""je prezidentom"". Good. ""presidentialOrder"" -> ""je štvrtým prezidentom"". ""isCoFounderOf"" -> ""je spoluzakladateľom"". ""isA"" -> ""je"". plus ""charitable organization"" -> ""charitatívna organizácia"". All facts included. Thus final answer: one sentence."
Id433,other,,,3,"Univerzita Komenského má fakultu Fakulta sociálnych a ekonomických ved, ktorá bola založená dňa 2002-01-01 a je najmladšia.","We need to produce Slovak sentence(s) that express all facts. Triples: 1. Univerzita Komenského | hasFaculty | Fakulta sociálnych a ekonomických ved => ""Univerzita Komenského má fakultu Fakulta sociálnych a ekonomických ved."" 2. Fakulta sociálnych a ekonomických ved | foundingDate | 2002-01-01 => ""Fakulta sociálnych a ekonomických ved bola založená dňa 2002-01-01."" Or ""dňa 2002-01-01"" is okay. 3. Fakulta sociálnych a ekonomických ved | isYoungest | true => ""Fakulta sociálnych a ekonomických ved je najmladšia."" We need to include all facts, maybe combine into one sentence: ""Univerzita Komenského má fakultu Fakulta sociálnych a ekonomických ved, ktorá bola založená dňa 2002-01-01 a je najmladšia."" That includes all three. Ensure predicate translation: ""má"", ""bola založená"", ""je najmladšia"". Use exact date. Thus output single sentence."
Id434,culture,,,4,"Lumen je rozhlasová stanica, má celoplošné pokrytie, je súkromná a je kresťanská.","We need to produce Slovak sentence(s) that express all facts. Entities: Lumen is a proper name? It's likely a radio station name, so keep as is. Predicates: type, coverage, ownership, affiliation. Translate predicates: typ, pokrytie, vlastníctvo, afiliácia? Need natural Slovak: ""Lumen je rozhlasová stanica."" ""Lumen má celoplošné pokrytie."" ""Lumen je súkromná."" ""Lumen je kresťanská."" Might combine: ""Lumen je rozhlasová stanica, má celoplošné pokrytie, je súkromná a je kresťanská."" That includes all. Ensure no extra info. Use ""typ"" maybe ""má typ""? Better natural: ""Lumen je rozhlasová stanica, má celoplošné pokrytie, je súkromná a je kresťanská."" That covers all. Provide one sentence."
Id435,politics,,,5,"Andrej Danko je politik, stratil vodičský preukaz, spôsobil nehodu, ktorá sa odohrala v Bratislave a poškodila semafor.","We need to produce Slovak sentence(s) that express all facts. Facts: 1. Andrej Danko occupation politik -> Andrej Danko je politik. 2. Andrej Danko lost vodičský preukaz -> Andrej Danko stratil vodičský preukaz. 3. nehoda location Bratislava -> nehoda sa odohrala v Bratislave. 4. nehoda damaged semafor -> nehoda poškodila semafor. 5. Andrej Danko caused nehoda -> Andrej Danko spôsobil nehodu. We must include all facts. Could be one sentence: ""Andrej Danko je politik, stratil vodičský preukaz, spôsobil nehodu, ktorá sa odohrala v Bratislave a poškodila semafor."" That includes all. Ensure translation of predicate: occupation -> je, lost -> stratil, location -> sa odohrala v, damaged -> poškodila, caused -> spôsobil. Use proper Slovak. Check: ""Andrej Danko je politik, stratil vodičský preukaz, spôsobil nehodu, ktorá sa odohrala v Bratislave a poškodila semafor."" This includes all facts. Yes. Return only sentence."
Id436,politics,,,3,"Denník N odhalil prípad plagiátorstva, ktorý súvisí s rigoróznou prácou, ktorej autorom je Andrej Danko.","We need to produce Slovak sentence(s) that express all facts. Triples: 1. Denník N | revealed | plagiarism case 2. plagiarism case | relatedTo | rigorózna práca 3. rigorózna práca | author | Andrej Danko We need to translate predicate to Slovak: ""revealed"" -> ""odhalil"" (or ""odhalila""? Denník N is a newspaper, likely feminine? In Slovak, ""denník"" is masculine? Actually ""denník"" is masculine noun, so ""odhalil"". Could also use ""odhalil"". ""relatedTo"" -> ""súvisí s"". ""author"" -> ""autor"". So we need sentences that include all facts. We must not add extra info. So we can say: ""Denník N odhalil plagizačný prípad, ktorý súvisí s rigoróznou prácou, ktorej autorom je Andrej Danko."" That includes all three facts. Check: ""plagiarism case"" translate as ""plagizačný prípad"". ""rigorózna práca"" keep as is (already Slovak). ""author"" -> ""autorom"". Use ""ktorý"" for case. Should we keep ""plagiarism case"" as ""prípad plagiátorstva""? But we need to translate non-proper nouns. ""plagiarism case"" is a phrase; we can translate as ""prípad plagiátorstva"". That is okay. Use ""plagiátorský prípad""? Better ""prípad plagiátorstva"". So sentence: ""Denník N odhalil prípad plagiátorstva, ktorý súvisí s rigoróznou prácou, ktorej autorom je Andrej Danko."" Check all facts: Denník N revealed plagiarism case -> ""Denník N odhalil prípad plagiátorstva"". plagiarism case relatedTo rigorózna práca -> ""prípad plagiátorstva, ktorý súvisí s rigoróznou prácou"". rigorózna práca author Andrej Danko -> ""rigorózna práca, ktorej autorom je Andrej Danko"". All included. Make sure no extra facts. Good. Return only the sentence."
Id437,culture,,,9,"Andrej Kraus je slovenský herec, humorista, scenárista, producent a moderátor a je známy svojimi úlohami v Uragán, Hurikán, Susedia a Kutyil s.r.o.","We need to produce a fluent Slovak text that includes all facts. Entities: Andrej Kraus (proper name) is a Slovak actor, humorist, screenwriter, producer, moderator. Known for roles in Uragán, Hurikán, Susedia, Kutyil s.r.o. Need to translate predicate to Slovak: ""isA"" -> ""je"". ""knownForRolesIn"" -> maybe ""je známy svojimi úlohami v"". Should be natural. Must include all facts, no extra. Could be one sentence: ""Andrej Kraus je slovenský herec, humorista, scenárista, producent a moderátor a je známy svojimi úlohami v seriáloch Uragán, Hurikán, Susedia a v Kutyil s.r.o."" Need to ensure ""Kutyil s.r.o."" is a proper name, keep as is. Use ""v"" before each? Could be ""v Uragáne, v Hurikáne, v Susedoch a v Kutyil s.r.o."" But ""Kutyil s.r.o."" maybe a show? Keep as is. Provide one sentence. Ensure all facts: includes all five roles, and four knownForRolesIn. Yes. Check translation: ""scenárista"" is screenwriter. ""producent"" is producer. ""moderátor"" is moderator. Good. Thus final answer: one sentence."
Id438,history,,,3,Deň vzniku Slovenskej republiky má dátum 1. januára a nachádza sa v Slovensku.,"We need to produce Slovak sentence(s) that express all facts. Triples: 1. ""1 januára"" | dateOf | celebration 2. celebration | location | Slovensko 3. celebration | name | Deň vzniku Slovenskej republiky We need to translate predicate to Slovak: dateOf -> ""má dátum"" or ""je dňa""? Should be natural. location -> ""sa koná v"" or ""má miesto"". name -> ""sa volá"". Use each fact. We must not add extra info. So we can say: ""Deň vzniku Slovenskej republiky má dátum 1. januára a nachádza sa v Slovensku."" That includes name, date, location. Use ""nachádza sa v"" for location. Ensure we use all facts. The subject ""celebration"" is generic, but we refer to the celebration by its name. That's okay. Provide one sentence. Check: we used dateOf: ""má dátum 1. januára"". location: ""nachádza sa v Slovensku"". name: ""Deň vzniku Slovenskej republiky"". All facts included. We must not add any other facts. That's fine. Return only the sentence."
Id439,geography,,,1,Pieninský národný park má skratku PIENAP.,"We need to produce Slovak sentence(s) expressing the fact: ""Pieninský národný park | shortName | PIENAP"". The predicate is ""shortName"". We need to translate predicate to Slovak: ""má skratku"" maybe? The instruction: ""Predikát VŽDY prelož do slovenčiny a použi ho vo vete prirodzene."" So translate ""shortName"" to Slovak. Likely ""skratka"". Could be ""má skratku"". So sentence: ""Pieninský národný park má skratku PIENAP."" Ensure we keep proper nouns unchanged. That's it."
Id440,culture,,,6,"Univerzita Komenského má fakultu Filozofická fakulta, ktorá je súčasťou Univerzita Komenského, nachádza sa v Bratislava, je jednou z najstaršie fakulty a zameriava sa na spoločenské vedy a humanitné štúdiá.","We need to produce Slovak sentences expressing all facts. Must translate predicates to Slovak. Predicates: ""hasFaculty"" -> ""má fakultu"". ""partOf"" -> ""je súčasťou"". ""location"" -> ""sa nachádza"". ""isOneOf"" -> ""je jednou z"". ""focusesOn"" -> ""sa zameriava na"". Need to include all facts. Entities: ""Univerzita Komenského"" is proper name, keep. ""Filozofická fakulta"" also proper? It's a name of faculty, likely proper, but rule: translate each entity that is not a proper name. ""Filozofická fakulta"" is a proper name? It's a specific faculty, but could be considered proper. However rule: translate each entity that is NOT a proper name. Since ""Filozofická fakulta"" is a name, keep as is. ""Bratislava"" is proper name, keep. ""najstaršie fakulty"" is not proper, translate? It's already Slovak. ""spoločenské vedy"" and ""humanitné štúdiá"" are nouns, keep. We need to convey all six facts. Could be two sentences: one about University having faculty and faculty being part of university, location, being one of oldest faculties, focuses on two areas. Could combine: ""Univerzita Komenského má Fakultu Filozofickú, ktorá je súčasťou Univerzity Komenského, nachádza sa v Bratislave, je jednou z najstarších fakúlt a zameriava sa na spoločenské vedy a humanitné štúdiá."" But need to translate predicate ""hasFaculty"" as ""má fakultu"". Should we keep ""Filozofická fakulta"" as object. So ""Univerzita Komenského má fakultu Filozofická fakulta."" Then second sentence: ""Filozofická fakulta je súčasťou Univerzita Komenského, nachádza sa v Bratislava, je jednou z najstaršie fakulty, a zameriava sa na spoločenské vedy a humanitné štúdiá."" But need to keep ""najstaršie fakulty"" maybe plural? The fact: ""Filozofická fakulta | isOneOf | najstaršie fakulty"". So ""je jednou z najstarších fakúlt"". Should translate ""najstaršie fakulty"" to ""najstarších fakúlt"". But we must keep exact phrase? The rule: preserve numbers, dates, values exactly as given. For textual values, we can adapt grammar? Might be okay to keep phrase as is: ""najstaršie fakulty"". But in Slovak grammar, ""jednou z najstarších fakúlt"". However that changes the phrase. The instruction: ""Zachovaj všetky čísla, dátumy a hodnoty presne tak, ako sú uvedené."" For textual values, maybe we need to keep exact phrase ""najstaršie fakulty"". So we could say ""je jednou z najstaršie fakulty"". That is grammatically odd but matches literal. Probably acceptable. Thus produce one sentence: ""Univerzita Komenského má fakultu Filozofická fakulta, ktorá je súčasťou Univerzita Komenského, nachádza sa v Bratislava, je jednou z najstaršie fakulty a zameriava sa na spoločenské vedy a humanitné štúdiá."" Need to ensure predicate translation: ""hasFaculty"" -> ""má fakultu"". ""partOf"" -> ""je súčasťou"". ""location"" -> ""nachádza sa"". ""isOneOf"" -> ""je jednou z"". ""focusesOn"" -> ""zameriava sa na"". Use ""zameriava sa na"" for both objects. We must not add any extra facts. The phrase ""ktorá je súčasťou Univerzita Komenského"" repeats subject. That's okay. Let's craft final answer: one sentence."
Id441,history,,,1,Slovenská republika má prvého prezidenta Michala Kováča.,"We need to produce a Slovak sentence expressing the fact: ""Slovenská republika firstPresident Michal Kováč"". Translate predicate ""firstPresident"" to Slovak: ""prvý prezident"". Subject ""Slovenská republika"" is proper name? It's a country name, but it's a proper noun, keep as is. Object ""Michal Kováč"" is proper name, keep. So sentence: ""Slovenská republika mala prvého prezidenta Michala Kováča."" Need to keep facts exactly, no extra. The fact is that Slovenská republika firstPresident Michal Kováč. Could also be ""Slovenská republika má prvého prezidenta Michala Kováča."" Use present tense? The predicate is ""firstPresident"". Could be ""prvým prezidentom"". But we need natural sentence. ""Slovenská republika má prvého prezidenta Michala Kováča."" That expresses the fact. Ensure no extra info. Use ""má"". That is fine. Return only the sentence."
Id442,culture,,,2,Ján Červeň je autorom zo Slovenska a píše prózu pod pseudonymom N.E. Vreč.,"We need to produce Slovak sentence(s) that express all facts. Two triples: 1. Subject: Ján Červeň; predicate: writesProseUnderPseudonym; object: N.E. Vreč We need to translate predicate to Slovak: ""píše prózu pod pseudonymom"". Object is N.E. Vreč (proper name, keep). So: ""Ján Červeň píše prózu pod pseudonymom N.E. Vreč."" 2. Subject: Ján Červeň; predicate: isAuthorFrom; object: Slovakia Predicate translation: ""je autorom z"". So: ""Ján Červeň je autorom zo Slovenska."" Or ""je autorom z Slovenska"". Use ""z"" or ""zo"". Probably ""z"". So sentence: ""Ján Červeň je autorom zo Slovenska."" We need to include both facts, can be one sentence or two short. Could combine: ""Ján Červeň je autorom zo Slovenska a píše prózu pod pseudonymom N.E. Vreč."" That includes both. Ensure no extra info. That seems fine. Check translation: ""isAuthorFrom"" -> ""je autorom z"". Use ""z"". So ""Ján Červeň je autorom zo Slovenska a píše prózu pod pseudonymom N.E. Vreč."" That includes both. Use ""zo"" before Slovakia because ""Slovenska"" starts with consonant cluster? Actually ""z"" before ""S"" becomes ""zo"". So ""zo Slovenska"". Good. Thus final answer: one sentence."
Id443,other,,,1,ZŤP je skratkou pre zdravotne ťažko postihnutý.,"We need to produce Slovak sentence(s) expressing the triple: subject ZŤP, predicate abbreviationOf, object zdravotne ťažko postihnutý. We must translate predicate to Slovak: ""abbreviationOf"" means ""je skratkou pre"" or ""je skratkou"". The object ""zdravotne ťažko postihnutý"" is not a proper name, so translate (already Slovak). Subject ZŤP is likely an abbreviation, keep as is. Thus sentence: ""ZŤP je skratkou pre zdravotne ťažko postihnutý."" That expresses the fact. Check requirements: Use only info, no extra. Yes. Return only the sentence."
Id444,politics,,,4,"Rómska Iniciatíva Slovenska je plným názvom RIS, ktorý je bývalá politická strana na Slovensku.","We need to produce Slovak sentence(s) that convey all facts. Facts: 1. Rómska Iniciatíva Slovenska fullNameOf RIS. Means ""Rómska Iniciatíva Slovenska"" is the full name of RIS. So we can say ""Rómska Iniciatíva Slovenska je plným názvom RIS."" 2. RIS type political party. So ""RIS je politická strana."" 3. RIS country Slovakia. So ""RIS pôsobí v Slovensku"" or ""RIS je zo Slovenska"". Use ""krajina"" maybe ""RIS patrí k Slovensku"". Better: ""RIS má krajinu Slovensko."" But natural: ""RIS je politická strana na Slovensku."" 4. RIS status former. So ""RIS je bývalá."" Combine: ""Rómska Iniciatíva Slovenska je plným názvom RIS, ktorý je bývalá politická strana na Slovensku."" That includes all facts. Ensure we used translation of predicates: fullNameOf -> ""je plným názvom"", type -> ""je"", country -> ""na"", status -> ""je"". Might be okay. Check: We need to include all facts: full name, type, country, status. Sentence includes: ""Rómska Iniciatíva Slovenska je plným názvom RIS, ktorý je bývalá politická strana na Slovensku."" Contains full name, status (bývalá), type (politická strana), country (na Slovensku). Good. Return only sentence."
Id445,geography,,,2,Strečno sa nachádza v údolí rieky Váh. Váh má typ rieky.,"We need to produce Slovak sentence(s) that express both facts. Entities: ""Strečno"" (proper name) locatedIn ""Váh River Valley"". ""Váh"" riverType ""River"". Need translate non-proper nouns: ""locatedIn"" -> ""sa nachádza v"". ""riverType"" -> ""typ rieky"". So sentence: ""Strečno sa nachádza v údolí rieky Váh."" But we also need to state that Váh je rieka (type River). Could be: ""Váh je rieka."" Or combine: ""Strečno sa nachádza v údolí rieky Váh a Váh je rieka."" Or two short sentences. Must include both facts. Use exact terms: ""Váh"" is proper name, ""River"" is English word but we need translate? The object is ""River"". It's not proper name, so translate to Slovak ""rieka"". So ""Váh má typ rieky"" maybe. Predikát ""riverType"" translate to ""má typ"". Could be ""Váh má typ rieky."" That expresses the fact. So final output: two sentences: ""Strečno sa nachádza v údolí rieky Váh. Váh má typ rieky."" Ensure no extra."
Id446,geography,,,2,Vrbovský kanál začína v Žaluziciach a Žaluzice sa nachádzajú v východnom Slovensku.,"We need to produce Slovak sentence(s) that express both facts. Entities: ""Vrbovský kanál"" (proper name) startsAt ""Žaluzice"". ""Žaluzice"" isLocatedIn ""východné Slovensko"". Need to translate predicate: ""starts at"" -> ""začína v"" or ""začína na""? For a canal, ""začína v"" maybe. ""is located in"" -> ""sa nachádza v"". Also need to translate non-proper nouns: ""východné Slovensko"" is not proper? It's a region, but likely keep as is? It's not a proper name? It's a region name, but maybe treat as proper? The instruction: translate each entity that is NOT a proper name. ""východné Slovensko"" is a region, maybe considered proper? It's a geographic name, likely proper, but they said proper names (mená osôb, miest, organizácií, diel). Region could be considered proper, but ambiguous. Safer to keep as is? They said translate each entity that is NOT a proper name. ""východné Slovensko"" is a phrase, but it's a proper name of a region, maybe keep. However ""Žaluzice"" is a place name, proper, keep. ""Vrbovský kanál"" is proper, keep. So we keep them unchanged. Thus sentence: ""Vrbovský kanál začína v Žaluziciach a Žaluzice sa nachádzajú v východnom Slovensku."" Need correct case: ""Žaluziciach"" is locative plural? Actually Žaluzice is a town, singular? In Slovak, town names often are singular but can be used with locative: ""v Žaluziciach"". So ""Vrbovský kanál začína v Žaluziciach a Žaluzice sa nachádzajú v východnom Slovensku."" That expresses both facts. Could also split into two sentences. But one sentence is fine. Check: ""startsAt"" -> ""začína v"". ""isLocatedIn"" -> ""sa nachádza v"". Use plural? ""Žaluzice sa nachádzajú"" maybe singular? Since Žaluzice is plural form of town name, but treat as singular? Usually ""Žaluzice sa nachádzajú"" is okay. Use ""východnom Slovensku"" (locative). Good. Return only the sentence."
Id447,geography,,,9,"Bratislava, Štúrovo a Komárno sú významné mestá, nachádzajú sa na Dunaji a patria do Slovenska.","We need to produce Slovak sentence(s) that express all facts. Facts: - Bratislava is significant city (true) - Bratislava is located on Danube (Dunaj) - Štúrovo is significant city (true) - Štúrovo is located on Danube - Komárno is significant city (true) - Komárno is located on Danube - Bratislava country Slovensko - Štúrovo country Slovensko - Komárno country Slovensko We must translate predicate to Slovak: ""isSignificantCity"" -> ""je významné mesto"". ""isLocatedOn"" -> ""sa nachádza na"". ""country"" -> ""krajina"". Entities not proper names translate: ""Dunaj"" is proper name? It's a river name, but likely proper name, keep as ""Dunaj"". ""Slovensko"" is proper name, keep. We need to include all facts. Could be one sentence: ""Bratislava, Štúrovo a Komárno sú významné mestá, nachádzajú sa na Dunaji a patria do Slovenska."" This covers all facts: each city is significant, located on Danube, country Slovensko. Does it mention each individually? It says they are significant cities (covers each), they are located on Danube (covers each), they belong to Slovakia (covers each). That includes all facts, no extra. Should we keep ""true""? Not needed. The predicate ""isSignificantCity"" true is expressed as ""sú významné mestá"". Good. Check translation: ""nachádzajú sa na Dunaji"" uses preposition ""na"" with locative case ""Dunaji"". That's fine. Thus one sentence is enough. Make sure no extra facts. It doesn't add anything beyond given. Good. Return only the sentence."
Id448,culture,,,2,Ján Štiavnický je slovenský autor a je známy pre literatúru pre deti a mládež.,"We need to produce Slovak sentence(s) that express all facts. Two triples: Subject: Ján Štiavnický Predicate: isAuthorType -> ""slovenský autor"" Predicate: isKnownFor -> ""literatúra pre deti a mládež"" We need to translate predicate to Slovak: ""isAuthorType"" could be ""je typom autora""? But we need natural phrasing: ""je slovenský autor"". Actually predicate is ""isAuthorType"" meaning type of author. So we can say ""Ján Štiavnický je slovenský autor"". Next fact: ""Ján Štiavnický je známy pre literatúru pre deti a mládež"". Or ""je známy pre literatúru pre deti a mládež"". Use ""je známy pre"". So combine: ""Ján Štiavnický je slovenský autor a je známy pre literatúru pre deti a mládež."" Could be one sentence. That includes both facts. Ensure no extra info. Use exactly given strings. ""slovenský autor"" and ""literatúra pre deti a mládež"". Good. Return only sentence."
Id449,culture,,,3,Beatrix Littmannová bola slovenská speváčka a zomrela v roku 2018.,"We need to produce Slovak sentence(s) that express all facts: Beatrix Littmannová occupation speváčka (singer), nationality slovenská (Slovak), deathYear 2018. Must translate predicate to Slovak: ""má povolanie"", ""má národnosť"", ""zemrela v roku"". But need natural sentence. Could combine: ""Beatrix Littmannová bola slovenská speváčka a zomrela v roku 2018."" That includes occupation and nationality and death year. Ensure all facts: occupation speváčka, nationality slovenská, deathYear 2018. Sentence includes all. Use ""bola"" indicates past, but okay. Provide only sentence."
Id450,geography,,,1,Slovenský železničný štátny podnik má názov Železnice Slovenskej republiky ŽSR.,"We need to produce a Slovak sentence expressing the fact: ""Slovenský železničný štátny podnik"" hasName ""Železnice Slovenskej republiky ŽSR"". Translate predicate ""hasName"" to Slovak, likely ""má názov"". Also translate entities that are not proper names. The subject ""Slovenský železničný štátny podnik"" is not a proper name? It's a description, but could be considered a proper name? It's a generic term, not a proper name, so translate each word? It's already Slovak. So keep as is. Object ""Železnice Slovenskej republiky ŽSR"" is a proper name, keep as is. So sentence: ""Slovenský železničný štátny podnik má názov Železnice Slovenskej republiky ŽSR."" That's it."
Id451,geography,,,2,Zemplín sa nachádza vo Východe Slovenska a Východ Slovenska je súčasťou Slovenska.,"We need to produce Slovak sentence(s) that express all facts. Two triples: 1. Zemplín | locatedIn | Východ Slovenska 2. Východ Slovenska | isPartOf | Slovensko We must translate predicates to Slovak: ""locatedIn"" -> ""sa nachádza v"" or ""je umiestnený v"". ""isPartOf"" -> ""je súčasťou"". Entities that are not proper names should be translated: Zemplín is a region name, likely proper name, keep as is. Východ Slovenska is a region name, proper name, keep. Slovensko is proper name, keep. Thus sentences: ""Zemplín sa nachádza vo Východe Slovenska a Východ Slovenska je súčasťou Slovenska."" Or two sentences: ""Zemplín sa nachádza vo Východe Slovenska. Východ Slovenska je súčasťou Slovenska."" We need to include all facts, no extra. Use ""vo"" before Východ Slovenska because of ""v"". Should we keep ""Východ Slovenska"" as is. Use ""vo Východe Slovenska"". That's correct. Thus output one or two sentences. Provide one sentence: ""Zemplín sa nachádza vo Východe Slovenska a Východ Slovenska je súčasťou Slovenska."" Check: includes both facts. No extra. Good."
Id452,sports,,,3,"Peter Doležaj hrá za ŠK Svätý Jur, ktorý je slovenský futbalový klub, a v roku 2024 je aktívny.","We need to produce Slovak sentence(s) that convey all facts. Facts: 1. Peter Doležaj plays for ŠK Svätý Jur. 2. ŠK Svätý Jur is a Slovak football club. 3. Peter Doležaj active in year 2024. We must translate predicate to Slovak: ""playsFor"" -> ""hrá za"". ""isA"" -> ""je"". ""activeInYear"" -> ""je aktívny v roku"". Also need to translate non-proper nouns: ""slovenský futbalový klub"". Already in Slovak. We need to include all facts. Could be one sentence: ""Peter Doležaj hrá za ŠK Svätý Jur, ktorý je slovenský futbalový klub, a v roku 2024 je aktívny."" That includes all. Ensure no extra info. That seems fine. Check: ""ktorý je slovenský futbalový klub"" refers to ŠK Svätý Jur. Good. Return only sentence."
Id453,politics,,,3,"Ján Drgonec je právnik, zastupuje v NRSR a zastupuje politickú stranu Aliancia nového občana.","We need to produce Slovak sentence(s) that convey all facts. Facts: Ján Drgonec profession právnik (lawyer). Ján Drgonec representedIn NRSR (National Council of the Slovak Republic?). RepresentedPoliticalParty Aliancia nového občana. Need translate predicate to Slovak: ""profesia"" maybe ""má profesiu"" or ""je"". Use natural: ""Ján Drgonec je právnik, zastupuje v NRSR a patrí k politickej strane Aliancia nového občana."" But need include representedPoliticalParty: ""je členom"" or ""zastupuje politickú stranu"". The predicate ""representedPoliticalParty"" means he represented that party. Could phrase: ""zastupuje politickú stranu Aliancia nového občana"". Also ""representedIn"" -> ""zastupuje v"". So combine: ""Ján Drgonec je právnik, zastupuje v NRSR a zastupuje politickú stranu Aliancia nového občana."" That includes all three. Ensure no extra facts. Use ""právnik"" as profession. Good. Return only sentence."
Id454,culture,,,2,Medzinárodný festival Magicfestival sa koná v Bratislave a je festival.,"We need to produce Slovak sentence(s) that express both facts: The International festival Magicfestival has location Bratislava, and its event type is festival. Must translate predicate to Slovak. Predicates: ""location"" -> ""má miesto konania"" or ""sa koná v""? Should be natural. ""eventType"" -> ""je typom podujatia"" or ""je festival"". Probably: ""Medzinárodný festival Magicfestival sa koná v Bratislave a je festivalom."" Need to keep ""festival"" as object? The object is ""festival"". Should we keep as noun? The object is ""festival"". So ""je festival"". Could be ""je festival"". That seems okay. We must not add extra facts. So sentence: ""Medzinárodný festival Magicfestival sa koná v Bratislave a je festival."" That includes both facts. Ensure translation of predicates: location -> ""sa koná v"". eventType -> ""je"". That's fine. Return only the sentence."
Id455,geography,,,4,"Sedlo sa volá Čertovica, nachádza sa v Nízkych Tatrách a spája Bociansku dolinu aj Liptov.","We need to produce Slovak sentence(s) that express all facts. Facts: - Sedlo location Nízke Tatry => ""Sedlo sa nachádza v Nízkych Tatrách."" - Sedlo connects Bocianska Dolina => ""Sedlo spája Bociansku dolinu."" - Sedlo connects Liptov => ""Sedlo spája Liptov."" - Sedlo name Čertovica => ""Sedlo sa volá Čertovica."" We need to include all facts. Could combine: ""Sedlo sa volá Čertovica, nachádza sa v Nízkych Tatrách a spája Bociansku dolinu aj Liptov."" That includes all. Ensure translation of predicate: location -> ""nachádza sa v"", connects -> ""spája"", name -> ""sa volá"". Use proper Slovak grammar. Provide one sentence. Should we keep ""Sedlo"" as subject? It's not a proper name, but it's a noun. Should we translate? ""Sedlo"" is a generic noun, but it's also the entity name? In RDF, ""Sedlo"" is the subject, likely a generic term. We keep as ""Sedlo"". That's fine. Thus final answer: one sentence."
Id456,sports,,,3,"Jana Velďáková má národnosť slovenská, povolanie atlétka a šport skok do diaľky.","We need to produce Slovak sentence(s) that express all facts: Jana Velďáková is Slovak nationality, profession athlete, sport long jump. Must translate predicate to Slovak. Predicates: ""nationality"" -> ""národnosť"", ""profession"" -> ""povolanie"", ""sport"" -> ""šport"". Entities not proper names translate: ""slovenská"" is already adjective, fine. ""atlétka"" is already Slovak. ""skok do diaľky"" is sport name, keep as is. Need to include all three facts in one sentence or two short. Could be: ""Jana Velďáková je slovenská, je atlétkou a jej športom je skok do diaľky."" But need to translate predicate: ""národnosť"", ""povolanie"", ""šport"". Could phrase: ""Jana Velďáková má národnosť slovenská, povolanie atlétka a šport skok do diaľky."" That uses nouns. Or ""Jana Velďáková je slovenská, jej povolanie je atlétka a jej šport je skok do diaľky."" Must use predicate translation: ""národnosť"", ""povolanie"", ""šport"". Could be: ""Jana Velďáková má národnosť slovenská, povolanie atlétka a šport skok do diaľky."" That includes all. Ensure no extra info. Provide only sentence."
Id457,geography,,,4,Rastislav Podoba je umelec a pôsobí v Banskej Bystrici. Banská Bystrica je mesto na Slovensku.,"We need to produce Slovak sentence(s) that express all facts. Facts: 1. Rastislav Podoba profession umelec -> ""Rastislav Podoba je umelec."" 2. Rastislav Podoba activeInCity Banská Bystrica -> ""Rastislav Podoba pôsobí v Banskej Bystrici."" (activeInCity translate as ""pôsobí v"" or ""je aktívny v"". Use natural Slovak.) 3. Banská Bystrica country Slovakia -> ""Banská Bystrica leží v Slovenskej republike"" or ""Banská Bystrica je v Slovensku."" Should translate country as ""krajina"" maybe ""je v krajine Slovensko"". Simpler: ""Banská Bystrica je v Slovensku."" 4. Banská Bystrica type mesto -> ""Banská Bystrica je mesto."" We need to include all facts, maybe combine: ""Rastislav Podoba je umelec, ktorý pôsobí v Banskej Bystrici; Banská Bystrica je mesto na Slovensku."" That includes all. Ensure we mention Banská Bystrica is a city (type mesto) and country Slovakia. The phrase ""na Slovensku"" conveys country. That covers. Provide one or two sentences. Let's produce two sentences: first about Rastislav, second about Banská Bystrica. Sentence 1: ""Rastislav Podoba je umelec a pôsobí v Banskej Bystrici."" Sentence 2: ""Banská Bystrica je mesto na Slovensku."" That includes all facts. Ensure we didn't add extra. Good. Return only sentences."
Id458,culture,,,3,"STVR je slovenská televízia a vysiela Boli Sme Pri Tom, ktoré je talk show.","We need to produce Slovak sentence(s) that express all facts. Triples: 1. STVR | broadcasts | Boli Sme Pri Tom 2. Boli Sme Pri Tom | isA | talk show 3. STVR | isA | slovenská televízia We need to translate predicate to Slovak: ""broadcasts"" -> ""vysiela"". ""isA"" -> ""je"". So sentences: ""STVR je slovenská televízia a vysiela Boli Sme Pri Tom, ktoré je talk show."" But need to include all facts: STVR is a Slovak TV, STVR broadcasts Boli Sme Pri Tom, Boli Sme Pri Tom is a talk show. We must translate non-proper nouns: ""talk show"" -> ""talk show"" is English phrase; we need to translate to Slovak: ""talk show"" maybe ""talk show"" is a loanword, but requirement: translate each entity that is not a proper name. So ""talk show"" is a generic description, should be translated to Slovak: ""talk show"" could be ""talk show"" or ""rozprávková relácia""? Actually talk show = ""talk show"" in Slovak often used as ""talk show"". But translation required. Could be ""talk show"" -> ""talk show"" is not Slovak. Better translate to ""talk show"" = ""talk show"" maybe ""talk show"" is considered loanword, but they said translate each entity that is not a proper name (e.g., general nouns, roles, general descriptions). So we should translate ""talk show"" to Slovak: ""talk show"" = ""talk show"" maybe ""talk show"" is used, but we can use ""talk show"" as ""talk show"". However to be safe, translate to ""talk show"" -> ""talk show"" is not Slovak. The Slovak term is ""talk show"" often used as ""talk show"". But maybe ""talk show"" = ""talk show"". Could also be ""talk show"" = ""talk show"". Hmm. Better: ""talk show"" -> ""talk show"" is a type of program, could be ""talk show"". But they want translation, so maybe ""talk show"" -> ""talk show"". Actually they said ""Prelož do slovenčiny každú entitu, ktorá NIE JE vlastné meno (napr. všeobecné podstatné mená, roly, všeobecné opisy)."" So we need to translate ""talk show"" to Slovak: ""talk show"" = ""talk show""? That's not translation. The Slovak term is ""talk show"" often used, but proper translation is ""talk show"" = ""talk show"". Could be ""talk show"" = ""talk show"". But maybe ""talk show"" = ""talk show"". Might be acceptable to keep as ""talk show"" because it's a loanword. But to follow instruction, we could translate to ""talk show"" -> ""talk show"". Not helpful. Better to use ""talk show"" = ""talk show"". Or ""talk show"" = ""talk show"". I think we can use ""talk show"" as ""talk show"". But maybe they expect ""talk show"" -> ""talk show"". Let's assume they accept ""talk show"". For ""Boli Sme Pri Tom"" is a proper name (title), keep as is. ""STVR"" is abbreviation, treat as proper name. Thus sentence: ""STVR je slovenská televízia a vysiela Boli Sme Pri Tom, ktoré je talk show."" That includes all facts. It uses ""ktoré je talk show"" referencing Boli Sme Pri Tom. Could also split into two sentences: ""STVR je slovenská televízia. STVR vysiela Boli Sme Pri Tom, ktoré je talk show."" Both fine. We need to ensure we use predicate translation: ""vysiela"" for broadcasts, ""je"" for isA. Thus final output: either one sentence or two short. Provide one sentence: ""STVR je slovenská televízia a vysiela Boli Sme Pri Tom, ktoré je talk show."" Check: includes STVR is Slovak TV, STVR broadcasts Boli Sme Pri Tom, Boli Sme Pri Tom is talk show. Yes. Return only the sentence."
Id459,geography,,,1,Okres Sabinov sa nachádza v Prešovskom kraji.,"We need to produce Slovak sentence(s) expressing the fact: ""okres Sabinov | locatedIn | Prešovský kraj"". Translate predicate ""locatedIn"" to Slovak ""sa nachádza v"" or ""sa nachádza v"". Subject ""okres Sabinov"" is not a proper name? ""okres Sabinov"" includes ""okres"" which is a common noun, ""Sabinov"" is a proper name. We need to translate entity that is not proper name: ""okres"" is common, keep ""Sabinov"" as is. So ""okres Sabinov"" stays. Object ""Prešovský kraj"" includes ""kraj"" which is common, ""Prešovský"" is derived from proper name Prešov, but it's an adjective. Keep as is. So sentence: ""Okres Sabinov sa nachádza v Prešovskom kraji."" Need to keep exact case? ""Prešovský kraj"" is nominative; in ""v"" requires locative ""v Prešovskom kraji"". But we must not add info not in triple. The triple says locatedIn Prešovský kraj. In Slovak, we might need to inflect. That's okay. Provide one sentence."
Id460,culture,,,3,"Slovenská filmová a televízna akadémia operuje pod skratkou SFTA, je typom záujmovej organizácie a pochádza zo Slovenska.","We need to produce Slovak sentence(s) that express all facts. Facts: 1. Slovenská filmová a televízna akadémia operatesUnderAcronym SFTA. 2. Slovenská filmová a televízna akadémia isType záujmová organizácia. 3. Slovenská filmová a televízna akadémia isFromCountry Slovensko. We need to translate predicate to Slovak: ""operuje pod skratkou"", ""je typom"" maybe ""je typom"" or ""je"" but need natural. ""isType"" -> ""je typom"". ""isFromCountry"" -> ""pochádza zo štátu"" or ""je z"". Use ""pochádza zo Slovenska"" or ""je zo Slovenska"". Probably ""pochádza zo Slovenska"". Provide one sentence: ""Slovenská filmová a televízna akadémia operuje pod skratkou SFTA, je typom záujmovej organizácie a pochádza zo Slovenska."" Ensure ""záujmová organizácia"" is translated as ""záujmová organizácia"". Use ""je záujmovou organizáciou"" maybe better. But predicate ""isType"" -> ""je typom"". Could be ""je typom záujmovej organizácie"". That matches. Provide one sentence."
Id461,geography,,,1,Váh preteká cez Piešťany.,"We need to produce a Slovak sentence expressing the fact: ""Piešťany | riverFlowingThrough | Váh"". Subject: Piešťany (proper name, keep). Predicate: riverFlowingThrough -> translate to Slovak, likely ""preteká rieka"" or ""rieka preteká"". The object: Váh (proper name). So sentence: ""Váh preteká Piešťany."" But need to reflect that river flows through the city. Could be ""Váh preteká cez Piešťany."" The predicate ""riverFlowingThrough"" means ""rieka preteká cez"". So we can say: ""Váh preteká cez Piešťany."" That includes all facts. Use only given info. Yes. Return only the sentence."
Id462,politics,,,2,Kresťanské Demokratické Hnutie je politickou stranou v Slovakia a má skratku KDH.,"We need to produce Slovak sentence(s) that express both facts. Entities: ""Kresťanské Demokratické Hnutie"" is a proper name, keep as is. Predicate ""politicalPartyIn"" translate to ""je politickou stranou v"". Object ""Slovakia"" is a proper name, keep as is. Second predicate ""abbreviation"" translate to ""má skratku"". So sentence: ""Kresťanské Demokratické Hnutie je politickou stranou v Slovakia a má skratku KDH."" However ""v Slovakia"" maybe ""na Slovensku"". But we must translate object ""Slovakia"" as proper name, keep as is. Should we translate preposition? The predicate translation: ""politicalPartyIn"" -> ""je politickou stranou v"". That yields ""v Slovakia"". Acceptable? Might be okay. Could also say ""v Slovensku"" but that changes object. Must keep object unchanged. So ""v Slovakia"". Provide one sentence."
Id463,politics,,,4,Jaroslav Rezník bol riaditeľom Rozhlasu a Televízie Slovenska od 2017‑01‑01 do 2022‑12‑31.,"We need to produce Slovak sentence(s) expressing all facts. Entities: Jaroslav Rezník (proper name) stays unchanged. Predicates translate: positionHeld -> ""mal funkciu"" or ""bol"". organizationLed -> ""vedel"" or ""viedol"". startDate -> ""začal dňa"". endDate -> ""skončil dňa"". Must include all facts. Could be one sentence: ""Jaroslav Rezník bol riaditeľom Rozhlasu a Televízie Slovenska od 2017-01-01 do 2022-12-31."" Need to translate organization name? It's proper name, keep as is. ""riaditeľ"" is noun, but predicate ""positionHeld"" -> ""mal funkciu riaditeľ"". Could combine: ""Jaroslav Rezník mal funkciu riaditeľ v Rozhlase a Televízii Slovenska od 2017-01-01 do 2022-12-31."" That includes all. Ensure we include organizationLed fact: ""vedel"" maybe. Use ""vedel"" but ""mal funkciu riaditeľ"" already implies. But need to express organizationLed: ""vedel Rozhlas a Televízia Slovenska"". Could be: ""Jaroslav Rezník bol riaditeľom Rozhlasu a Televízie Slovenska od 2017-01-01 do 2022-12-31."" This covers positionHeld and organizationLed, startDate, endDate. It uses ""bol riaditeľom"" which is translation of positionHeld and organizationLed combined. Should be acceptable. Provide one sentence."
Id464,culture,,,2,Slovenské národné divadlo má skratku SND. SND odkazuje na Slovenské národné divadlo.,"We need to produce Slovak sentence(s) that express all facts. Two triples: 1. Subject: ""Slovenské národné divadlo"" (already Slovak, not a proper name? It's a proper name of an institution, but it's also a phrase. According to rule: translate each entity that is NOT a proper name. ""Slovenské národné divadlo"" is a proper name? It's the name of the theater, likely proper name, so keep as is. But rule: translate each entity that is NOT a proper name. Since it's a proper name, keep original. So keep ""Slovenské národné divadlo"". Predicate: ""hasAbbreviation"" -> translate to Slovak: ""má skratku"". Object: ""SND"" (abbreviation, likely proper name). Keep as is. So sentence: ""Slovenské národné divadlo má skratku SND."" Second triple: Subject: ""SND"" (abbreviation, proper name). Predicate: ""refersTo"" -> translate: ""odkazuje na"". Object: ""Slovenské národné divadlo"". So: ""SND odkazuje na Slovenské národné divadlo."" We need to include both facts. Could combine into one sentence? Could be two short sentences. The instruction: generate one fluid Slovak sentence (or two short if needed) that naturally expresses all facts. Two sentences fine. Thus output exactly those two sentences, maybe separated by space. No extra text. Let's output: ""Slovenské národné divadlo má skratku SND. SND odkazuje na Slovenské národné divadlo."""
Id465,geography,,,2,Divadlo Jonáša Záborského sa nachádza v Prešove. Prešov je slovenské mesto.,"We need to produce Slovak sentence(s) that express both facts. Entities: ""Divadlo Jonáša Záborského"" (proper name) locatedIn Prešov => ""Divadlo Jonáša Záborského sa nachádza v Prešove."" Next: ""Prešov isA slovenské mesto"" => ""Prešov je slovenské mesto."" Both facts must be included. Could combine: ""Divadlo Jonáša Záborského sa nachádza v Prešove, ktorý je slovenské mesto."" But that adds ""ktorý"" linking, still includes both facts. It uses ""ktorý"" but not adding new facts. It's okay. Or two separate sentences. Both acceptable. Provide one or two short sentences. Let's output two sentences: ""Divadlo Jonáša Záborského sa nachádza v Prešove. Prešov je slovenské mesto."" Ensure correct diacritics."
Id466,geography,,,3,Košťany nad Turcom je obec a hraničí s Martinom. Martin je mesto.,"We need to produce Slovak sentence(s) that express all facts. Facts: 1. Košťany nad Turcom borders Martin. 2. Košťany nad Turcom type obec (village/municipality). 3. Martin type mesto (city/town). We must translate predicate to Slovak: ""borders"" -> ""hraničí s"". ""type"" -> ""je typ"". But we need natural phrasing: ""Košťany nad Turcom je obec a hraničí s Martinom, ktorý je mesto."" Or separate sentences: ""Košťany nad Turcom je obec. Košťany nad Turcom hraničí s Martinom, ktorý je mesto."" Must include all facts. Use proper case: ""Košťany nad Turcom"" (subject) ""hraničí s Martinom"". ""Košťany nad Turcom je obec."" ""Martin je mesto."" Could combine. We must not add any extra facts. So we can produce two sentences: ""Košťany nad Turcom je obec a hraničí s Martinom. Martin je mesto."" That includes all three facts. Ensure translation of predicate: ""je"" for type, ""hraničí s"". Good. Check: we used ""a"" conjunction, still fine. All facts present. No extra. Output only sentences."
Id467,geography,,,3,"Jakubovo námestie sa nachádza v Starom Meste, ktoré je mestská časť a je súčasťou Bratislavy.","We need to produce Slovak sentence(s) that express all facts. Facts: 1. Jakubovo námestie locatedIn Staré Mesto. 2. Staré Mesto isPartOf Bratislava. 3. Staré Mesto type mestská časť. We need to translate predicate to Slovak: ""locatedIn"" -> ""sa nachádza v"" or ""je umiestnené v"". ""isPartOf"" -> ""je súčasťou"". ""type"" -> ""je typ"". But we need natural sentence. Also need to translate non-proper nouns: ""mestská časť"" is already Slovak. ""Staré Mesto"" is proper name, keep. ""Jakubovo námestie"" proper name. ""Bratislava"" proper. We must include all facts. Could be two sentences: ""Jakubovo námestie sa nachádza v Starom Meste. Staré Mesto je mestská časť a je súčasťou Bratislavy."" Or combine: ""Jakubovo námestie sa nachádza v Starom Meste, ktoré je mestská časť a je súčasťou Bratislavy."" That includes all three. Need to ensure predicate translation: ""type"" -> ""je"". Could say ""je mestská časť"". That's fine. Thus final answer: one sentence."
Id468,politics,,,3,"Ivan Mikloš je členom SDKÚ‑DS, má súčasnú pozíciu podpredseda a podpredseda patrí k SDKÚ‑DS.","We need to produce Slovak sentence(s) that express all facts. Facts: 1. Ivan Mikloš isMemberOf SDKÚ DS -> ""Ivan Mikloš je členom SDKÚ‑DS"" (translate isMemberOf to ""je členom""). 2. Ivan Mikloš currentPosition Deputy Chairman -> ""Ivan Mikloš má súčasnú pozíciu podpredseda"" (or ""je podpredseda""). 3. Deputy Chairman ofParty SDKÚ DS -> ""Podpredseda je z SDKÚ‑DS"" or ""Podpredseda patrí k SDKÚ‑DS"". Need to express that the Deputy Chairman is of party SDKÚ DS. We must include all facts. Could combine: ""Ivan Mikloš je členom SDKÚ‑DS, má súčasnú pozíciu podpredseda a podpredseda patrí k SDKÚ‑DS."" But that repeats. Need to ensure we convey that the Deputy Chairman is of party SDKÚ DS. Could phrase: ""Ivan Mikloš je členom SDKÚ‑DS a má súčasnú pozíciu podpredseda; podpredseda je funkcia v SDKÚ‑DS."" That includes all. Check translation: ""isMemberOf"" -> ""je členom"". ""currentPosition"" -> ""má súčasnú pozíciu"". ""ofParty"" -> ""je funkcia v"" or ""je funkcia strany"". Use ""je funkcia strany"". Might be okay. We must not add extra facts. The sentence ""podpredseda je funkcia v SDKÚ‑DS"" uses ""funkcia"" which is not in triples but it's a generic term. But we are allowed to translate predicate and use generic nouns. The triple says ""Deputy Chairman | ofParty | SDKÚ DS"". So we need to express that the Deputy Chairman is of party SDKÚ DS. So ""Podpredseda je z SDKÚ‑DS"" or ""Podpredseda patrí k SDKÚ‑DS"". That conveys. Thus final: ""Ivan Mikloš je členom SDKÚ‑DS, má súčasnú pozíciu podpredseda a podpredseda patrí k SDKÚ‑DS."" That includes all three facts. Ensure no extra info. Good."
Id469,geography,,,3,"Vajnorská ulica sa nachádza v Bratislave, Polus City Center sa nachádza na Vajnorskej ulici a je nákupným centrom.","We need to produce Slovak sentence(s) that express all facts. Facts: 1. Vajnorská ulica | locationInCity | Bratislava -> ""Vajnorská ulica sa nachádza v Bratislave."" 2. Polus City Center | locatedAt | Vajnorská ulica -> ""Polus City Center sa nachádza na Vajnorskej ulici."" 3. Polus City Center | typeOfPlace | nákupné centrum -> ""Polus City Center je nákupné centrum."" We need to include all facts, maybe combine into one sentence: ""Vajnorská ulica sa nachádza v Bratislave, Polus City Center sa nachádza na Vajnorskej ulici a je nákupným centrom."" That includes all. Ensure translation of predicate: locationInCity -> ""sa nachádza v"", locatedAt -> ""sa nachádza na"", typeOfPlace -> ""je"". Use correct case: ""na Vajnorskej ulici"". Good. Return only the sentence."
Id470,sports,,,2,Peter Škantár je zástupcom Slovenska a má športovú disciplínu vodný kajak.,"We need to produce Slovak sentence(s) that express both facts. Entities: Peter Škantár (proper name) isRepresentativeOf Slovakia => Peter Škantár je zástupcom Slovenska. sportDiscipline vodný kajak => Peter Škantár má športovú disciplínu vodný kajak, or ""sa venuje vodnému kajaku"". Need to translate predicate ""sportDiscipline"" to Slovak: ""má športovú disciplínu"". So combine: ""Peter Škantár je zástupcom Slovenska a má športovú disciplínu vodný kajak."" That includes both facts. Ensure no extra info. Use proper translation. Should we keep ""vodný kajak"" as is? It's not proper name, but it's a term, we keep as is. Good. Return only sentence."
Id471,geography,,,1,Štátna Opera sa nachádza v Banskej Bystrici.,"We need to produce Slovak sentence(s) expressing the fact: ""Štátna Opera"" locatedIn ""Banská Bystrica"". Translate predicate ""locatedIn"" to Slovak: ""sa nachádza v"". Also translate entity ""Štátna Opera"" is proper name, keep. ""Banská Bystrica"" proper name, keep. So sentence: ""Štátna Opera sa nachádza v Banskej Bystrici."" Need correct case: ""v Banskej Bystrici"". Use preposition ""v"". So final answer just that sentence."
Id472,sports,,,1,Profesionálny košický futbalový tím má názov FC VSS Košice.,"We need to produce a Slovak sentence expressing the fact: ""Profi košický futbalový tím má názov FC VSS Košice."" Need to translate non-proper nouns. ""Profi košický futbalový tím"" is already Slovak? ""Profi"" maybe ""Profesionálny"". The subject is ""Profesionálny košický futbalový tím"". Predicate ""hasName"" => ""má názov"". Object ""FC VSS Košice"" is proper name, keep as is. Thus sentence: ""Profesionálny košický futbalový tím má názov FC VSS Košice."" Check requirements: Use only info, no extra. Yes. Return only the sentence."
Id473,culture,,,3,"Peter Lipa má slovenskú národnosť, je spevák a vytvoril album Dobré Meno.","We need to produce Slovak sentence(s) that express all facts: Peter Lipa nationality slovenský, occupation spevák, createdAlbum Dobré Meno. Translate predicate to Slovak: ""nationality"" -> ""má národnosť"", ""occupation"" -> ""má povolanie"", ""createdAlbum"" -> ""vytvoril album"". Entities not proper names: ""slovenský"" is adjective, keep as is? It's not proper name, but it's nationality adjective, keep as ""slovenský"". ""spevák"" is occupation, keep as is. ""Dobré Meno"" is album title, proper name? It's a title, likely keep as original. So sentence: ""Peter Lipa má slovenskú národnosť, je spevák a vytvoril album Dobré Meno."" Need to keep ""slovenský"" as adjective, but in Slovak grammar: ""má slovenskú národnosť"". The fact ""nationality"" is ""slovenský"". So we can phrase ""Peter Lipa má slovenskú národnosť, je spevák a vytvoril album Dobré Meno."" That includes all three facts. Ensure no extra info. Provide only sentence."
Id474,geography,,,1,Záhorie sa nachádza v Západ Slovenska.,"We need to produce Slovak sentence(s) expressing the fact: ""Záhorie | locatedIn | Západ Slovenska"". Translate predicate ""locatedIn"" to Slovak: ""sa nachádza v"". Entities: Záhorie (proper name) keep as is. Západ Slovenska (proper name? It's a region, but likely proper name, keep as is). So sentence: ""Záhorie sa nachádza v Západe Slovenska."" Ensure we keep exactly as given: ""Západ Slovenska"". Use ""v Západe Slovenska"" is correct Slovak grammar. Should we keep ""Západ Slovenska"" unchanged? The instruction: translate each entity that is not a proper name. ""Západ Slovenska"" is a region name, likely proper name, but could be considered descriptive. However it's a proper name of a region, so keep as is. But we need to add preposition ""v"". The predicate translation ""nachádza sa v"". So final: ""Záhorie sa nachádza v Západ Slovenska."" That is one sentence."
Id475,culture,,,2,Chatári je slovenský rodinný seriál a TV Markíza ho vysiela.,"We need to produce Slovak sentence(s) that express both facts. Entities: ""Chatári"" is a proper name, keep as is. Predicate ""isA"" translate to ""je"". So ""Chatári je slovenský rodinný seriál."" Next: ""TV Markíza"" is proper name, predicate ""broadcasts"" translate to ""vysiela"". So ""TV Markíza vysiela Chatári."" Both facts must be included. Could combine into one sentence? Could say ""Chatári je slovenský rodinný seriál a TV Markíza ho vysiela."" That includes both. Need to ensure we use proper translation of predicate. ""broadcasts"" -> ""vysiela"". Use ""ho"" referring to Chatári. That's okay. It uses only given facts. No extra info. Provide one sentence."
Id476,sports,,,1,ŠK Slovan Bratislava bol bývalým futbalovým štadiónom Tehelné pole.,"We need to produce a Slovak sentence expressing the fact: ""ŠK Slovan Bratislava formerFootballStadium Tehelné pole"". Translate predicate: ""formerFootballStadium"" -> ""bol bývalým futbalovým štadiónom"". Subject: ŠK Slovan Bratislava (proper name). Object: Tehelné pole (proper name). So sentence: ""ŠK Slovan Bratislava bol bývalým futbalovým štadiónom Tehelné pole."" Ensure grammar: ""bol bývalým futbalovým štadiónom Tehelné pole."" Could also be ""ŠK Slovan Bratislava bol bývalým futbalovým štadiónom Tehelné pole."" That's fine. No extra info."
Id477,geography,,,4,"Trnavský kraj hraničí s Českom, Rakúskom a Mad'arskom a je jedinečný v susedení s tromi krajinami.","We need to produce Slovak sentence(s) that express all facts. Facts: - Trnavský kraj bordersCountry Česko (Czech Republic) - Trnavský kraj bordersCountry Rakúsko (Austria) - Trnavský kraj bordersCountry Mad'arsko (Hungary) - Trnavský kraj isUniqueIn susedenie s tromi krajinami (unique in having border with three countries) We need to translate non-proper nouns. ""bordersCountry"" -> ""hraničí s krajinou"". ""isUniqueIn"" -> ""je jedinečný v"". The object ""susedenie s tromi krajinami"" is already Slovak phrase? It is ""susedenie s tromi krajinami"". Should we translate? It's already Slovak. So sentence: ""Trnavský kraj hraničí s Českom, Rakúskom a Mad'arskom a je jedinečný v susedení s tromi krajinami."" Check: need to keep proper names unchanged. Use ""Českom"", ""Rakúskom"", ""Mad'arskom"". The phrase ""susedení s tromi krajinami"" maybe correct case: ""susedení"" is genitive? The original object is ""susedenie s tromi krajinami"". In Slovak, ""je jedinečný v susedení s tromi krajinami"". That matches. Thus one sentence covers all."
Id478,geography,,,3,"Hlavná bratislavská autobusová stanica sa volá Bratislava Nivy, nachádza sa v Bratislave a je autobusová stanica.","We need to produce Slovak sentence(s) that convey all facts. Entities: ""Hlavná bratislavská autobusová stanica"" is subject (likely a name). Predicates: name, location, type. Need to translate predicate to Slovak: ""name"" -> ""sa volá"" or ""má názov"". ""location"" -> ""sa nachádza v"". ""type"" -> ""je"". Should produce sentence(s) containing all three facts. Use only given info. So: ""Hlavná bratislavská autobusová stanica sa volá Bratislava Nivy, nachádza sa v Bratislave a je autobusová stanica."" That includes all. Ensure no extra info. Use proper Slovak. Provide one sentence."
Id479,culture,,,2,Matica Slovenská je celonárodná slovenská kultúrna ustanovizeň a má sídlo v Martine.,"We need to produce Slovak sentence(s) that express both facts. First triple: Matica Slovenská isA Celonárodna Slovenská Kultúrna Ustanovizeň. So ""Matica Slovenská je celonárodná slovenská kultúrna ustanovizeň."" Second: Matica Slovenská headquartersLocation Martin. So ""Matica Slovenská má sídlo v Martine."" Or combine: ""Matica Slovenská je celonárodná slovenská kultúrna ustanovizeň a má sídlo v Martine."" That includes both facts. Must translate predicate: isA -> ""je"". headquartersLocation -> ""má sídlo v"". Use exact location ""Martin"". Should we keep ""Martin"" unchanged (proper name). Yes. Thus final answer: ""Matica Slovenská je celonárodná slovenská kultúrna ustanovizeň a má sídlo v Martine."""
Id480,culture,,,4,"Dominika Mirgová je slovenská speváčka, ktorá vydala Znamenia, pričom Znamenia je EP.","We need to produce Slovak sentence(s) that express all facts. Facts: 1. Dominika Mirgová nationality slovenská -> ""Dominika Mirgová je slovenská."" 2. Dominika Mirgová profession speváčka -> ""Dominika Mirgová je speváčka."" 3. Dominika Mirgová released Znamenia -> ""Dominika Mirgová vydala Znamenia."" 4. Znamenia type EP -> ""Znamenia je EP."" We need to include all facts, possibly combine. Could be: ""Dominika Mirgová je slovenská speváčka, ktorá vydala Znamenia, pričom Znamenia je EP."" That includes all. Ensure no extra info. Use ""vydala"" for released. Use ""typ"" maybe ""je typom EP""? But translation: ""Znamenia je EP."" That's fine. Thus final answer: one sentence."
Id481,culture,,,3,Jana Kirschner je Slovenka. Jana Kirschner naspievala album Shine.,"We need to produce Slovak sentence(s) that express all facts. Facts: - Jana Kirschner | nationality | Slovenka => Jana Kirschner je Slovenka. - Jana Kirschner | performedAction | naspievala => Jana Kirschner naspievala. - Jana Kirschner | performedActionObject | album Shine => The object of performedAction is album Shine. So combine: Jana Kirschner naspievala album Shine. We need to include nationality as well. Could be two sentences: ""Jana Kirschner je Slovenka. Jana Kirschner naspievala album Shine."" That covers all. Ensure no extra info. Use Slovak translation of predicate: ""nationality"" -> ""národnosť"" but we need natural sentence: ""Jana Kirschner je Slovenka."" That's fine. ""performedAction"" -> ""naspievala"". ""performedActionObject"" -> ""album Shine"". So second sentence: ""Jana Kirschner naspievala album Shine."" That includes both performedAction and object. All facts covered. Output only sentences."
Id482,politics,,,3,"Matúš Vallo je slovenský architekt, je primátorom Bratislavy od roku 2024.","We need to produce Slovak sentence(s) that convey all facts. Facts: Matúš Vallo profession slovenský architekt; position primátor Bratislavy; yearOfPosition 2024. Need translate predicate to Slovak: ""profesia"" maybe ""má profesiu""? But we need natural sentence. Use ""je"" for profession, ""je"" for position, ""od roku"" for year. Could be: ""Matúš Vallo je slovenský architekt, je primátorom Bratislavy od roku 2024."" That includes all. Ensure we use ""primátor"" as noun, need ""primátorom"". Good. Output only sentence."
Id483,geography,,,1,Slovenský hydrometeorologický ústav má skratku SHMÚ.,"We need to produce a Slovak sentence expressing the fact: ""Slovenský hydrometeorologický ústav má skratku SHMÚ."" Need to translate predicate ""hasAbbreviation"" to Slovak: ""má skratku"". So sentence: ""Slovenský hydrometeorologický ústav má skratku SHMÚ."" That's it."
Id484,geography,,,2,Rieka Teplica preteká Turčianske Teplice. Teplica je rieka.,"We need to produce Slovak sentence(s) that express all facts. Two triples: 1. Turčianske Teplice | riverFlowingThrough | Teplica 2. Teplica | isA | river We must translate predicate to Slovak. ""riverFlowingThrough"" likely ""rieka preteká"" or ""rieka tečie cez"". The object ""Teplica"" is a river (as per second triple). So we need to say: Turčianske Teplice má rieku Teplica, alebo Turčianske Teplice je mesto, ale we cannot add that. Only facts: Turčianske Teplice (subject) riverFlowingThrough Teplica (object). So we can say: Turčianske Teplice preteká rieka Teplica? Actually ""riverFlowingThrough"" means a river flows through Turčianske Teplice. So we can phrase: Rieka Teplica preteká Turčianske Teplice. And second: Teplica je rieka. So combine: Rieka Teplica preteká Turčianske Teplice a Teplica je rieka. Or two sentences: Rieka Teplica preteká Turčianske Teplice. Teplica je rieka. We must translate predicate: ""riverFlowingThrough"" -> ""preteká"" (or ""tečie cez""). Use natural Slovak: ""Rieka Teplica preteká Turčianske Teplice."" Then second: ""Teplica je rieka."" Make sure we include all facts. Yes. We must not add any extra info. So final answer: two sentences."
Id485,culture,,,2,Branislav Korec má pseudonym Otis a je slovenský reper.,"We need to produce Slovak sentence(s) that express both facts. Entities: ""Branislav Korec"" is a proper name, keep as is. Predicate ""hasPseudonym"" translate to ""má pseudonym"". Object ""Otis"" is proper name, keep. Second: ""isOccupation"" translate to ""je povolanie""? Actually ""isOccupation"" meaning ""má povolanie"" or ""je"" something. Should be ""je slovenský reper"". So sentence: ""Branislav Korec má pseudonym Otis a je slovenský reper."" Or two sentences: ""Branislav Korec má pseudonym Otis. Branislav Korec je slovenský reper."" Both fine. Must include all facts, no extra. Use proper translation. Provide only sentence(s). I'll output one sentence."
Id486,geography,,,1,Okres Levoča sa nachádza v Prešovskom kraji.,"We need to produce Slovak sentence(s) expressing the fact: ""okres Levoča"" is located in ""Prešovský kraj"". Translate predicate ""locatedIn"" to Slovak ""sa nachádza v"" or ""sa nachádza v"". Subject ""okres Levoča"" is not a proper name? ""okres Levoča"" includes ""okres"" (common noun) and ""Levoča"" (proper name). We need to translate entity that is not proper name: ""okres"" is common, keep ""Levoča"" as is. So ""okres Levoča"" stays. Object ""Prešovský kraj"" includes ""Prešovský"" (adjective derived from proper name Prešov) and ""kraj"" (common noun). Keep as is. So sentence: ""Okres Levoča sa nachádza v Prešovskom kraji."" Note that ""kraj"" in Slovak takes locative ""v Prešovskom kraji"". Should we keep case? The original object is ""Prešovský kraj"". In sentence we need proper case. Use ""v Prešovskom kraji"". That's fine. We must not add any extra facts. That's the only fact. So one sentence. Return only the sentence."
Id487,sports,,,2,Podujatie ťažných koní má názov Kľačianska Podkova a má miesto konania Turčianske Kľačany.,"We need to produce Slovak sentence(s) that express all facts. Two triples: Subject: Podujatie ťažných koní (event of draft horses) - translate entity not proper name? ""Podujatie ťažných koní"" is a description, not proper name, so translate each word? Actually we keep proper names unchanged. ""Podujatie ťažných koní"" is a generic phrase, not a proper name, so translate to Slovak: it's already Slovak. So we keep as is. Predicate ""hasName"" translate to ""má názov"". Object ""Kľačianska Podkova"" is proper name, keep unchanged. Second triple: same subject, predicate ""location"" translate to ""sa koná v"" or ""má miesto konania"". Use natural: ""sa koná v"". Object ""Turčianske Kľačany"" is proper name, keep unchanged. We need to include both facts in one sentence or two short sentences. Could be: ""Podujatie ťažných koní má názov Kľačianska Podkova a koná sa v Turčianskych Kľačanoch."" Need to keep location phrase correct: ""v Turčianskych Kľačanoch"" (locative). The object is ""Turčianske Kľačany"" (nominative). In Slovak, location uses locative: ""v Turčianskych Kľačanoch"". But we must not modify the given string? The requirement: preserve exactly numbers, dates, values as given. For place names, we might need to keep the exact string ""Turčianske Kľačany"". Changing case might be considered altering. The instruction: ""Zachovaj všetky čísla, dátumy a hodnoty presne tak, ako sú uvedené."" For place names, case is part of the string? Probably they expect to keep the exact string, not inflect. So we should keep ""Turčianske Kľačany"". Use phrase ""v Turčianske Kľačany"" which is grammatically odd but matches requirement. Could also use ""location"" translation ""má miesto konania Turčianske Kľačany"". That avoids case change. Use ""má miesto konania Turčianske Kľačany"". That keeps exact string. Thus sentence: ""Podujatie ťažných koní má názov Kľačianska Podkova a má miesto konania Turčianske Kľačany."" That includes both facts. Use ""má názov"" and ""má miesto konania"". Good. Return only sentence."
Id488,politics,,,2,Tajná služba sa volá Slovenská informačná služba a pôsobí na Slovensku.,"We need to produce Slovak sentence(s) that express both facts. Facts: 1. Tajná služba operatesIn Slovensko -> ""Tajná služba pôsobí na Slovensku."" 2. Tajná služba name Slovenská informačná služba -> ""Tajná služba sa volá Slovenská informačná služba."" We need to use only given info, no extra. Use translation of predicate: ""operatesIn"" -> ""pôsobí v/na"". Use ""pôsobí na Slovensku"". ""name"" -> ""sa volá"". So combine maybe two sentences: ""Tajná služba sa volá Slovenská informačná služba a pôsobí na Slovensku."" That includes both facts. Ensure no extra. That seems fine. Return only sentence(s)."
Id489,culture,,,2,Spoločnosť SME publikuje Korzár. Korzár je regionálny denník.,"We need to produce Slovak sentence(s) that express all facts. Two triples: 1. spoločnosť SME | publishes | Korzár 2. Korzár | isA | regionálny denník We must translate predicate to Slovak. ""publishes"" -> ""publikuje"". ""isA"" -> ""je"". So we need sentences: ""Spoločnosť SME publikuje Korzár."" and ""Korzár je regionálny denník."" Could combine into one sentence? Possibly: ""Spoločnosť SME publikuje Korzár, ktorý je regionálny denník."" But that adds ""ktorý"" linking, but still includes both facts. However we must not add any extra info. Using ""ktorý"" is a relative pronoun, not adding new facts. It's okay. But we must ensure we don't infer beyond. The second triple says Korzár is a regionálny denník. The combined sentence ""Spoločnosť SME publikuje Korzár, ktorý je regionálny denník."" expresses both. It doesn't add new facts. It's okay. We must keep proper nouns unchanged. ""Spoločnosť SME"" is proper? It's a name, keep as is. ""Korzár"" keep. So final output: ""Spoločnosť SME publikuje Korzár, ktorý je regionálny denník."" Or two separate sentences: ""Spoločnosť SME publikuje Korzár. Korzár je regionálny denník."" Both acceptable. The instruction: generate one fluid Slovak sentence (or two short if needed). So either is fine. I'll output two sentences for clarity."
Id490,geography,,,2,Počúvadlianske Jazero je súčasťou Banskej Štiavnice. Počúvadlianske Jazero je mestskou časťou.,"We need to produce Slovak sentence(s) that express both facts. Entities: Počúvadlianske Jazero (proper name) isPartOf Banská Štiavnica, and Počúvadlianske Jazero isTypeOf mestská časť. Need to translate predicate to Slovak: ""is part of"" -> ""je súčasťou"" or ""je časťou"". ""is type of"" -> ""je typom"" or ""je typom"". But we need natural sentence: ""Počúvadlianske Jazero je súčasťou Banskej Štiavnice a je mestskou časťou."" However ""mestská časť"" is a noun phrase; we need to say ""je mestskou časťou"". That expresses both facts. Ensure we include both facts. Could also split into two sentences: ""Počúvadlianske Jazero je súčasťou Banskej Štiavnice. Počúvadlianske Jazero je mestskou časťou."" Both are fine. The instruction: one sentence (or two short if needed). We'll produce two sentences for clarity. Ensure no extra info. Use proper case: ""Banskej Štiavnice"" is genitive of Banská Štiavnica. That's correct. Provide only sentences."
Id491,geography,,,2,"Vysoká škola ekonomická sa nachádza v Bratislave, ktorá je slovenské mesto.","We need to produce Slovak sentence(s) that express all facts. Two triples: 1. ""Vysoká škola ekonomická"" | locatedIn | ""Bratislava"" 2. ""Bratislava"" | isA | ""slovenské mesto"" We must translate predicate to Slovak: ""locatedIn"" -> ""sa nachádza v"" or ""je umiestnená v"". ""isA"" -> ""je"". So we need sentences: ""Vysoká škola ekonomická sa nachádza v Bratislave."" And ""Bratislava je slovenské mesto."" Could combine into one sentence? Possibly: ""Vysoká škola ekonomická sa nachádza v Bratislave, ktorá je slovenské mesto."" But that adds ""ktorá"" linking, but still includes both facts. However we must not add extra info. Using ""ktorá"" is okay as a relative pronoun, not adding new facts. It still expresses both facts. But we must ensure we don't add any extra. The phrase ""ktorá je slovenské mesto"" repeats the second fact. That's fine. The first fact is ""Vysoká škola ekonomická sa nachádza v Bratislave."" The second is ""Bratislava je slovenské mesto."" Combining is okay. The relative clause ""ktorá je slovenské mesto"" is essentially the second fact. So final output could be one sentence: ""Vysoká škola ekonomická sa nachádza v Bratislave, ktorá je slovenské mesto."" That includes both facts. It doesn't add new facts. Should we keep ""Bratislava"" as proper name unchanged. Yes. Thus output just that sentence."
Id492,geography,,,2,Ratnovce sa nachádza v Piešťanoch. Piešťany je okres.,"We need to produce Slovak sentence(s) that express all facts. Two triples: 1. Ratnovce | locatedIn | Piešťany 2. Piešťany | isType | okres We need to translate non-proper nouns. ""locatedIn"" -> ""sa nachádza v"" or ""je umiestnený v"". ""isType"" -> ""je typ"" but for ""okres"" it's a type: ""je okres"". So ""Piešťany je okres."" Also ""Ratnovce sa nachádza v Piešťanoch."" Need to keep proper names unchanged. Use Slovak grammar: ""Ratnovce sa nachádza v Piešťanoch."" ""Piešťany je okres."" That's two short sentences. Ensure we include all facts. Yes. We must not add extra info. So output exactly those sentences."
