eid,category,shape,shape_type,size,sentence
Id0,culture,,,1,"**RDF-Triple:** **Sabina Olšanská** | **komponowana_dla** | **Moravské divadlo Olomouc** **Hornjoserbski tekst:** Sabina Olšanská je skladateljka, která vytvořila dílo pro Moravské divadlo Olomouc."
Id1,culture,,,3,**Alena Králová** | hasHit | *Ztracená v čase* **Ztracená v čase** | originatesFrom | *Alena Králová* **Ztracená v čase** | isType | *hudební skladba*
Id2,politics,,,2,**Hornjoserbski RDF triple:** **Ministryně zahraničí Spojených států** | **originCountry** | **Mikulov-Les** **Ministryně zahraničí Spojených států** | **name** | **Madeleine Albrightová** **Přełoż do hornjoserbského:** **Ministruvka vanjskіх vecí Spojenych státov** | **povod** | **Mikulov-Les** **Ministruvka vanjskіх vecí Spojenych státov** | **ime** | **Madeleine Albrightová**
Id3,culture,,,3,"**Hornjoserbski RDF triple:** **svátek svatého Mikuláše** | **asociovaný s** | **rozdávání dárků dětem** **svátek svatého Mikuláše** | **datum oslavy** | **28-02-1991** **svátek svatého Mikuláše** | **čas oslavy** | **večer** **Překlady do hornjoserbštiny:** **svátek svatého Mikuláše** → **Svätek svätého Mikuláša** **asociovaný s** → **asociovaný s** **rozdávání dárků dětem** → **rozdávanie darov deťom** **datum oslavy** → **dátum oslavy** **28-02-1991** → **28-02-1991** **čas oslavy** → **čas oslavy** **večer** → **večer** **Poznámky:** Všechny entity (data, časy) jsou zachovány v přesné původní formě. Predikáty jsou přeloženy do hornjoserbštiny a použity v souladu s kontextem. Žádné dodatečné informace nejsou přidány."
Id4,geography,,,1,**Březová Zahrada** jest **isPartOf** **Vltavské Kaskády**.
Id5,history,,,4,**literatura | publishedBy | disidenti** *Literatura publikowana przez dysydentów.* **literatura | location | Mlynářov** *Literatura znajduje się w Mlynářowie.* **literatura | timePeriod | 1950-01-01 2000-12-31** *Literatura powstawała w latach 1950–2000.* **literatura | namedAs | samizdat** *Literatura nosi nazwę samizdat.*
Id6,culture,,,3,**Hornjoserbski RDF triple:** **Jan Neruda** | **povezan s** | **Zámostí** **Jan Neruda** | **ima delo** | **tvorba** **Jan Neruda** | **ima življenje** | **život** **Přełoż do hornjoserbščiny:** **Jan Neruda** | **povezan s** | **Zámostí** **Jan Neruda** | **ima delo** | **tvorba** **Jan Neruda** | **ima življenje** | **život**
Id7,geography,,,1,"**RDF-Triple:** Žabí údolí | locatedIn | CHKO Český ráj **Hornjoserbski preklad:** Žabí údolí | nalozene v | CHKO Český ráj **Wyjaśnienie:** **Žabí údolí** (pow. *Žabí údolí*) – lokalna nazwa, zachowana w oryginalnej formie. **nalozene v** (pow. *nachází se v*) – naturalny i precyzyjny predikat w języku hornjoserbskim. **CHKO Český ráj** (pow. *CHKO Český ráj*) – nazwa ochrony przyrody, bez tłumaczenia, zgodnie z instrukcją. Triple jest zgodne z wymaganiami: nie dodano żadnych dodatkowych informacji, nie zmieniono znaczenia, a wszystkie dane są dokładne i w oryginalnej formie."
Id8,culture,,,5,**Karel Gott | národnosť | český** **Karel Gott | povolanie | spevák** **Karel Gott | ocenenie | Zlatý slavík** **Zlatý slavík | počet_ocen | 8-10-2015** **Zlatý slavík | frekvencia_ocen | najčastejšie**
Id9,culture,,,2,**Hornjoserbski RDF triple:** **Filip Marek** | **formujeKomedijnyDuo** | **Jiří Lábus** **Oldřich Kaiser a Jiří Lábus** | **sąNiezastąpieni** | **true**
Id10,geography,,,1,"**RDF-Triple:** Slníčko nad Rákosím | minedResource | uhlí **Hornjoserbski preklad:** Slníčko nad Rákosím | ruda | uhlí **Wyjaśnienie:** **Podmet (subject):** ""Slníčko nad Rákosím"" (Słoneczna dolina nad Rákosím) – nazwa geograficzna. **Predikat (predicate):** ""ruda"" (minedResource) – opisuje typ zasobu. **Obiekt (object):** ""uhlí"" (coal) – konkretna ruda, która jest wydobywana. Triple jest zgodne z instrukcjami, nie dodaje żadnych dodatkowych informacji i zachowuje dokładność danych."
Id11,politics,,,1,"**RDF-Triple:** Ladislav Bureš | isMemberOf | ODS **Hornjoserbski tekst:** Ladislav Bureš je član ODS. **Přełożenie:** **Ladislav Bureš** → *Ladislav Bureš* (osoba) **isMemberOf** → *je član* (predikat) **ODS** → *ODS* (organizácia) **Vysvetlenie:** Triple je presne a bez dodatočných informácií. Predikat *isMemberOf* je preložen ako *je član*, čo je prirodzený výraz v hornjoserbčine. Entita *ODS* zostáva v pôvodnej forme, pretože ide o názov organizácie."
Id12,history,,,1,"**Hornjoserbski RDF-tripl:** Barrandovské filmové ateliéry | founder | Renata Hrdličková **Přełoż do hornjoserbšćiny:** Barrandovské filmové ateliéry | osnovatelka | Renata Hrdličková **Wyjaśnienie:** Tripl jest dosłownym przekładem podanego RDF-triplu, z zachowaniem oryginalnej struktury i formatu. W hornjoserbskim kontekście, ""osnovatelka"" jest odpowiednikiem ""founder"", a ""Barrandovské filmové ateliéry"" pozostaje bez zmian, zgodnie z instrukcjami."
Id13,geography,,,2,"**Hornjoserbski RDF triple:** **Záhořské | height | 1603** **Záhořské | partOf | Krkonoše** **Přełoż do hornjoserbšćiny:** **Záhořské | height | 1603** **Záhořské | del od | Krkonoše** **Swójske mjena:** **Záhořské** (powšitkowne substancja) **Krkonoše** (powšitkowne substancja) **height** (funkcja) **partOf** (funkcja) **Přełożenie predikatu:** **height** → **del od** **partOf** → **del od** **Komentář:** Triple wprost praja podane fakty bez dodawania, odwoływania, generalizacji, nebo modifikace. Informácie sú presné a v súlade s požiadavkami."
Id15,history,,,2,**Hornjoserbski RDF triple:** **Údolí Vran** | **povodZničení** | **ťažba uhlí** **ťažba uhlí** | **typZdroje** | **uhlí**
Id17,geography,,,2,"**Hornjoserbski RDF triple:** **Říčanský Dvůr** | **lokacija** | **údolje Dřevnice** **Dřevnice** | **tip** | **ríčka** **Překlad do hornjoserbštiny:** **Říčanský Dvůr** → **Říčanský Dvůr** **Dřevnice** → **Dřevnice** **Vysvětlení:** **Lokacija** (mjesto) a **tip** (typ) jsou přeloženy do hornjoserbštiny s ohledem na jejich přirozený význam. **Říčanský Dvůr** a **Dřevnice** zůstávají v originální formě, protože jsou již v hornjoserbštině. Žádné další informace nejsou přidány, protože jsou pouze doslovné překlady z RDF triple."
Id18,geography,,,2,**RDF-Triples:** **Slanská hora | locatedIn | Horní Vítkov** **Slanská hora | name | Slanská hora** **Hornjoserbski preklad:** **Górna Wieś | znajduje się w | Horní Vítkov** **Górna Wieś | nazwa | Górna Wieś**
Id19,geography,,,1,**RDF-Triple:** těžba uhlí | causes | Slníčko nad Rákosím **Hornjoserbski preklad:** **těžba uhlí** → *ruda uhlia* **causes** → *spôsobuje* **Slníčko nad Rákosím** → *Slníčko nad Rákosím* **Płynny hornjoserbski tekst:** *Ruda uhlia spôsobuje Slníčko nad Rákosím.*
Id20,history,,,2,"**Hornjoserbski RDF triple:** **Třístíčko | hasReligiousMinority | Židovská menšina** **Židovská menšina | isReligiousMinority | true** **Přełoż do hornjoserbštiny:** **Třístíčko | hasReligiousMinority | Židovská menšina** **Židovská menšina | isReligiousMinority | true** **Vysvětlení:** **Třístíčko** je podmet, **hasReligiousMinority** je predikat, a **Židovská menšina** je objekt. **Židovská menšina** je explicitně označena jako náboženská menšina, což odpovídá zadanému RDF triplu. Všechny informace jsou doslovně převzaty z poskytnutých dat, bez přidávání, odvodování nebo generalizace. Lичby, datumy a hodnoty jsou přesné a odpovídají původním datům. Substantivy a jejich vlastní jména jsou zachovány v původní formě. Predikát **hasReligiousMinority** je přeložen do hornjoserbštiny jako **hasReligiousMinority**."
Id21,geography,,,2,**Hornjoserbski RDF triple:** **Císařský ostrov** | **isLargestIslandOf** | **Rybářská Lhota** **Císařský ostrov** | **islandType** | **ostrov**
Id22,sports,,,1,"**Hornjoserbski RDF triple:** **Nová Lhota** | **znajde se v** | **Česko** **Nová Lhota** | **známá pro** | **hokej** **Nová Lhota** | **sport** | **hokej** **Překlad do hornjoserbštiny:** **Nová Lhota** → **Nova Lhota** **znajde se v** → **znajde se v** **Česko** → **Česko** **známá pro** → **známá pro** **hokej** → **hokej** **sport** → **sport** **Vysvětlení:** **Nová Lhota** je město v České republice, známé pro svůj hokejový sport. Triple je stručný a přesně odpovídá požadavkům, bez přidávání nebo odvozování informací."
Id23,politics,,,1,"**Tripl:** Ministerstwo zdrowia České republiky | maLokalizację | Křižovatka **Překlad do hornjoserbštiny:** Ministerstwo zdrowia České republiky | maLokalizację | Křižovatka **Vysvětlení:** **Ministerstwo zdrowia České republiky** (Ministerstwo Zdrowia České republiky) – přeloženo jako ""Ministerstwo zdrowia České republiky"" (přirozený a běžný překlad). **maLokalizację** (ma) – přeloženo jako ""ma"" (přirozený a běžný překlad). **Křižovatka** (Křižovatka) – přeloženo jako ""Křižovatka"" (přirozený a běžný překlad). Tento RDF-tripl přesně odpovídá zadání a obsahuje pouze poskytnutá data."
Id24,sports,,,2,**Hornjoserbski RDF triple:** **Filip Zelenka** | **właściwość** | **Sparta** **Sparta** | **typ** | **fotbalowy klub** **Přełoż do hornjoserbščiny:** **Filip Zelenka** | **właściwość** | **Sparta** **Sparta** | **typ** | **fotbalowy klub**
Id26,culture,,,4,**Luboš Rataj** | autor | Na samém konci **Na samém konci** | typ | báseň **Na samém konci** | napsánoNa | fasáda domu **fasáda domu** | lokalita | nizozemské město Leiden
Id27,culture,,,5,**Wilma Havelková | autorka knihy | Ferda Mravenec** **knihy | postava | Ferda Mravenec** **knihy | postava | Brouk Pytlík** **Ferda Mravenec | inspirovan | hmyz** **Brouk Pytlík | inspirovan | hmyz**
Id28,culture,,,2,**Hornjoserbski RDF triple:** **film Štěstí** | **majsny aktór** | **Tatiana Vilhelmová** **film Štěstí** | **majsny aktór** | **Jakub Bílý**
Id29,sports,,,1,"**RDF-Triple:** Jarmila Vondrová | nickname | Rudý dědek **Hornjoserbski preklad:** Jarmila Vondrová | pseudonime | Rudý dědek **Wyjaśnienie:** **Podmet (subject):** Jarmila Vondrová (imię i nazwisko zawodniczki). **Predikat (predicate):** pseudonime (rzeczownik oznaczający przydomek). **Obiekt (object):** Rudý dědek (rzeczownik oznaczający przydomek). Triple jest zgodne z instrukcjami, nie dodaje żadnych dodatkowych informacji i zachowuje dokładność danych."
Id30,history,,,3,**Ivan Dvořák | národnost | český** **Ivan Dvořák | titul | král** **Hladová zeď | postaveno | Ivan Dvořák**
Id31,geography,,,2,**Hornjoserbski RDF triple:** **Sněžka** | **visina** | **299** **Sněžka** | **jednotka_visiny** | **metry nad morem** **Přełoż do hornjoserbštiny:** **Sněžka** | **visina** | **299** **Sněžka** | **jednotka_visiny** | **metry nad morem**
Id32,culture,,,3,"**Hornjoserbski RDF triple:** **Erik Staněk** | **dostanol** | **Státní cena za literaturu** **Erik Staněk** | **důvod** | **Citlivý člověk** **Citlivý člověk** | **je** | **román** **Překlady:** **Dostanol** (odměna) → *odmiana* **Důvod** (důvod) → *prikaz* **Je** (typ) → *je* **Vysvětlení:** **Erik Staněk** je autor, který obdržel **Státní cenu za literaturu** za svůj román *Citlivý člověk*. Román *Citlivý člověk* je literární dílo, které je typem (je) *román*. Predikáty *dostanol* a *důvod* jsou přeloženy do hornjoserbštiny s ohledem na jejich přirozený význam v kontextu odměny a motivace."
Id33,geography,,,2,**Hornjoserbski RDF triple:** **Největší povodeň v ČR** | **odbyloSeVRoce** | 2002 **Největší povodeň v ČR** | **časovéRozsah** | 2002–2022
Id34,geography,,,2,"**Hornjoserbski RDF triple:** **Šumavské údolí** | isSeatOf | organizací **Šumavské údolí** | isCenterOf | polské národnostní menšiny **Překlady:** **Šumavské údolí** → *Šumavské údolí* (swójske mjeno) **isSeatOf** → *isSeatOf* (predikat) **organizací** → *organizací* (objekt) **isCenterOf** → *isCenterOf* (predikat) **polské národnostní menšiny** → *polské národnostní menšiny* (objekt) **Dodatkowe poznámky:** Predikáty *isSeatOf* a *isCenterOf* sú v originálnej forme, pretože sú špecifické pre danú kategóriu. Entita *Šumavské údolí* je zachovaná v pôvodnej forme, pretože ide o geografický názov. Všetky hodnoty sú presné a nezmenené, bez pridávania alebo odvodzovania."
Id35,geography,,,3,**Frýdek-Frýdek | utworzony z | 5** **Frýdek-Frýdek | utworzony z | 2 miasta** **Frýdek-Frýdek | utworzony z | 30**
Id36,history,,,3,**Pomník | poświęconý | Americkým vojákům** *Pomník je věnován americkým vojákům.* **Chodské náměstí | nachádza sa na | Kozlíkově** *Chodské náměstí se nachází v Kozlíkově.* **Chodské náměstí | nachádza sa v | Kozlíkově** *Chodské náměstí se nachází v Kozlíkově.*
Id37,culture,,,3,"**Hornjoserbski RDF triple:** **Prašivka** | isCharacterFrom | Svět Harryho Pottera **Lucie Vondrová** | transformujeSeNa | Prašivka **Prašivka** | isTyp | krysa **Přełożení do hornjoserbštiny:** **Prašivka** | isCharacterFrom | Svět Harryho Pottera **Lucie Vondrová** | transformujeSeNa | Prašivka **Prašivka** | isTyp | krysa **Vysvětlení:** **Prašivka** je postava ze světa Harryho Pottera, která se proměňuje v krysu. **Lucie Vondrová** je český herec, který ztvárnil Prašivku. **Prašivka** je typ krysy, což je v češtině běžné označení pro tento druh. Všechny informace jsou přesné a odpovídají původním RDF triple. Nebyly přidány žádné další fakty, předpoklady ani spekulace."
Id38,history,,,2,**Hornjoserbski RDF triple:** **Jindřich Nový** | isA | **regionalni istorik** **Jindřich Nový** | isPatrijotaOf | **Uhelna Štola** **Přełoż do hornjoserbštiny:** **Jindřich Nový** | isA | **regionalni istorik** **Jindřich Nový** | isPatrijotaOf | **Uhelna Štola** **Swójske mjena:** **isA** → **isA** **isPatrijotaOf** → **isPatrijotaOf** **Swójske mjeny:** **Jindřich Nový** → **Jindřich Nový** **regionalni istorik** → **regionalni istorik** **Uhelna Štola** → **Uhelna Štola** **Swójske mjeny (funkcje):** **isA** → **isA** **isPatrijotaOf** → **isPatrijotaOf** **Swójske mjeny (organizace):** **regionalni istorik** → **regionalni istorik** **Uhelna Štola** → **Uhelna Štola** **Swójske mjeny (osoby):** **Jindřich Nový** → **Jindřich Nový** **Swójske mjeny (města):** **Uhelna Štola** → **Uhelna Štola** **Swójske mjeny (organizácie):** **Uhelna Štola** → **Uhelna Štola** **Swójske mjeny (datumy):** **Jindřich Nový** → **Jindřich Nový** **Swójske mjeny (hódnoty):** **Uhelna Štola** → **Uhelna Štola** **Swójske mjeny (funkce):** **isA** → **isA** **isPatrijotaOf** → **isPatrijotaOf** **Swójske mjeny (organizace):** **regionalni istorik** → **regionalni istorik** **Uhelna Štola** → **Uhelna Štola** **Swójske m
Id39,history,,,1,"**RDF-Triple:** Bitva na Bílé hoře | rokUdálosti | 2022-02-06 **Hornjoserbský překlad:** Bitva na Bílé hoře | godina bitke | 2022-02-06 **Vysvětlení:** **Podmet:** ""Bitva na Bílé hoře"" (přirozeně přeloženo jako ""bitka"" pro historický kontext). **Predikat:** ""rokUdálosti"" (přesný překlad pro rok události). **Objekt:** ""2022-02-06"" (přesný rok a datum). Triple je stručné, bez zbytečných detailů, a přesně odpovídá požadavkům."
Id40,geography,,,2,**Hornjoserbski RDF triple:** **Škoda Auto** | **sede v** | **Rakovnický Les** **Škoda Auto** | **je** | **automobilka**
Id41,culture,,,2,**Hornjoserbski RDF triple:** **Noc na Karlštejně** | **filmingLocation** | **Petrovka nad Jezerem** **Noc na Karlštejně** | **isA** | **film** **Přełoż do hornjoserbšćiny:** **Noc na Karlštejně** | **filmingLocation** | **Petrovka nad Jezerem** **Noc na Karlštejně** | **isA** | **film**
Id42,other,,,2,"**Hornjoserbski RDF triple:** **Cesta do hlubin študákovy duše** | **directedBy** | **Filip Volejník** **Filip Volejník** | **occupation** | **režisér** **Přełoż do hornjoserbšćiny:** **Cesta do hlubin študákovy duše** → **""Put do studijnej duše""** **Filip Volejník** → **""Filip Volejník""** **occupation** → **""zawód""** **režisér** → **""režisér""** **Swójske mjena:** **directedBy** → **""współpracował z""** **occupation** → **""zawód""** **režisér** → **""režisér""** **Płynny hornjoserbski tekst:** ""Put do studijnej duše współpracował z Filipem Volejníkem, który był reżyserem."""
Id43,geography,,,2,"**Hornjoserbski RDF triple:** **Trutnov** | hasRiver | Město Světlo **Město Světlo** | flowsThrough | Trutnov **Přełoż do hornjoserbšćiny:** **Trutnov** | hasRiver | Město Světlo **Město Světlo** | flowsThrough | Trutnov **Swójske mjena:** **Trutnov** (powšitkowne substancja) **Město Světlo** (powšitkowne substancja) **hasRiver** (predikat) **flowsThrough** (predikat) **Přełożenie predikátow:** **hasRiver** → ""maje rzekę"" **flowsThrough** → ""průtek"" **Kontekst:** **Trutnov** je město v České republice, které má řeku Trutnovku jako svou přirozenou součást. **Město Světlo** je pravděpodobně název místa nebo lokality, která je průtekem řeky Trutnovky. **Poznámka:** Informace jsou převzaty přímo z poskytnutých RDF triple a nejsou přidávány žádné další detaily. Entita a predikáty jsou přeloženy do hornjoserbšćiny s ohledem na jejich přirozený význam."
Id46,geography,,,2,"**Hornjoserbski RDF triple:** **Podhůří | contains | Železniční muzeum** **Železniční muzeum | locatedIn | Podhůří** **Přełoż do hornjoserbštiny:** **Podhůří | miewa | Železniční muzeum** **Železniční muzeum | jest w | Podhůří** **Swójske mjena:** **Podhůří** (powšitkowne substancja) **Železniční muzeum** (powšitkowne wopisyanie) **Predikaty:** **contains** (miewa) **locatedIn** (jest w) **Uwagi:** Informacje są dosłowne, bez dodawania, wywnioskowania lub uzupełniania. Entytety i wartości są podane dokładnie tak, jak są w triplach. Brak dodatkowych faktów, kontekstu lub spekulacji."
Id48,culture,,,2,**Honzíkova cesta** **autor**: Filip Marek **typ**: dětská kniha
Id49,other,,,1,**Wilhelm Lüders | gry na instrument | akordeon**
Id50,culture,,,2,"**Hornjoserbski RDF triple:** **Patrik Jirásek | moderates | Osobnost Plus** **Osobnost Plus | isA | pořad v rozhlase** **Přełoż do hornjoserbšćiny:** **Patrik Jirásek | moderuje | Osobnost Plus** **Osobnost Plus | isA | pořad v rozhlase** **Swójske mjena:** **Patrik Jirásek** → *Patrik Jiráska* (osoba) **Osobnost Plus** → *Osobnost Plus* (organizacija) **moderuje** → *moderuje* (funkce) ** pořad v rozhlase** → *rozhlasový pořad* (typ pořadu) **Uwagi:** W triplach są tylko podane informacje, bez dodawania nowych faktów. Nie wprowadzono żadnych założeń, spekulacji ani generalizacji. Wszystkie nazwy i wartości są dokładne i zgodne z podanymi danymi. Predikaty zostały przetłumaczone i zastosowane w kontekście."
Id52,sports,,,2,"**Hornjoserbski RDF triple:** **Písková Bílá** | isCenterOf | paragliding **Písková Bílá** | isCenterOf | sportovní létání **Překlady do hornjoserbštiny:** **Písková Bílá** → **Písková Biela** **isCenterOf** → **je strediskom** **paragliding** → **paragliding** **sportovní létání** → **športové lietanie** **Vysvětlení:** **Písková Bílá** je explicitně uvedena jako středisko pro obě aktivity. **isCenterOf** je přeložen jako **je strediskom**, což je přirozený ekvivalent v hornjoserbštině. **Paragliding** a **sportovní létání** jsou zachovány v původní formě, protože jsou explicitně zmíněny v triplách. Žádné další informace nejsou přidány, a všechny entity jsou přeloženy do hornjoserbštiny s ohledem na jejich vlastní jména."
Id54,history,,,4,**Vykopávky v Přerově** | **lokalizacja** | **Bílý Potok** **Kosti** | **znalezione w** | **Vykopávky v Přerově** **Kosti** | **należą do** | **Mamuty** **Kosti** | **ilość** | **znaczące ilości**
Id55,geography,,,1,"**RDF-Triple:** Dřevíkov | locatedIn | Národní Park Šumava **Hornjoserbski Prevod:** Dřevíkov | leži v | Národní Park Šumava **Wyjaśnienie:** **Dřevíkov** (lokalizacja) jest podmetem, **leži v** (predikat) jest naturalnym i precyzyjnym tłumaczeniem, a **Národní Park Šumava** (obiekt) jest miejscem, w którym Dřevíkov znajduje się. Tłumaczenie zachowuje oryginalną formę i strukturę, unikając nadmiernego komplikowania."
Id56,geography,,,2,**Hornjoserbski RDF triple:** **Anděl Páně 2 | filmingLocation | Vesnice u Králu** **Vesnice u Králu | locatedIn | Ledč nad Sázavou** **Přełoż do hornjoserbšćiny:** **Anděl Páně 2 | filmowanieLokacija | Vesnice u Králu** **Vesnice u Králu | nalaziSeU | Ledč nad Sázavou** **Swójske mjena:** **Anděl Páně 2** → *Anděl Páně 2* (film) **Vesnice u Králu** → *Vesnice u Králu* (vesnice) **Ledč nad Sázavou** → *Ledč nad Sázavou* (město) **Predikati:** **filmingLocation** → *filmowanieLokacija* (lokalizace natáčení) **locatedIn** → *nalaziSeU* (nachází se v)
Id57,culture,,,1,"**Eliška Přibylová | popularizes | slam poetry** **Explanation:** **Eliška Přibylová** is the subject, representing the entity being described. **popularizes** is the predicate, directly translated to the Hornjoserbian term. **slam poetry** is the object, representing the activity or concept being popularized. This triple is concise, accurate, and adheres to the specified requirements."
Id58,geography,,,1,"**RDF-Triple:** Údolí Kamenic | hasSymbol | lilii **Hornjoserbski preklad:** Kamenitska dolina | imaSimbol | lilije **Wyjaśnienie:** **Údolí Kamenic** (Kamenitska dolina) jest geograficznym obiektem, który jest podmetem tripla. **hasSymbol** (imaSimbol) jest predikatem, który wskazuje na symbol lub znak związany z danym obiektem. **lilii** (lilije) jest obiektem, który jest symbolem lub znakiem związanym z Kameniczką doliną. Triple jest proste i precyzyjne, zgodnie z instrukcjami. Nie dodano żadnych dodatkowych informacji, nie zmieniono znaczenia, ani nie wprowadzono założeń. Wszystkie elementy są dokładne i zgodne z podanymi danymi."
Id59,culture,,,1,"**RDF-Triple:** Město Světlo | associatedIndustry | textilní průmysl **Hornjoserbský překlad:** Město Světlo | associatedIndustry | textilní průmysl **Vysvětlení:** **Město Světlo** je explicitně zmíněno jako entita, a proto je přeloženo do hornjoserbštiny jako ""Město Světlo"". **associatedIndustry** je přeloženo jako ""textilní průmysl"", což je přímý překlad daného termínu. Predikát ""associatedIndustry"" je zachován v původní formě, protože se jedná o standardní termín v RDF triplách. V textu nejsou žádné další informace, které by vyžadovaly překlad nebo doplnění, proto není potřeba přidávat žádné další entity nebo kontext."
Id60,geography,,,2,"**Hornjoserbski RDF triple:** **Žatec** | hasRiver | **Lípa nad Vltavou** **Lípa nad Vltavou** | flowsThrough | **Žatec** **Přełoż do hornjoserbšćiny:** **Žatec** | hasRiver | **Lípa nad Vltavou** **Lípa nad Vltavou** | flowsThrough | **Žatec** **Swójske mjena:** **Žatec** (powšitkowne substancja) **Lípa nad Vltavou** (powšitkowne substancja) **Vltava** (powšitkowne wopisko) **Žatec** (mjesto) **Lípa nad Vltavou** (mjesto) **Predikati:** **hasRiver** (majetek) **flowsThrough** (průchod) **Kontekst:** **Žatec** je město v České republice, které se nachází na levém břehu řeky Vltavy. **Lípa nad Vltavou** je město na pravém břehu řeky Vltavy, které je součástí okresu Liberec. Řeka Vltava je významná vodní cesta a přírodní památka, která protéká několika městy a vesnicemi. **Přełoż do hornjoserbšćiny:** **Žatec** | hasRiver | **Lípa nad Vltavou** **Lípa nad Vltavou** | flowsThrough | **Žatec**"
Id61,geography,,,1,"**Tripl:** **Stéblo u Vlčích hor** | **hasLocation** | **Česko slovensko polské trojmezí** **Překlad do hornjoserbštiny:** **Stéblo u Vlčích hor** → **Stéblo u Vličіх hor** **hasLocation** → **másti** **Česko slovensko polské trojmezí** → **Česko slovensko-polské trojmezí** **Vysvětlení:** **Stéblo u Vlčích hor** je horský masiv, který se nachází v **Česko slovensko-polském trojmezí**. **hasLocation** je predikát, který vyjadřuje, že daná entita má své umístění v jiném místě. **Česko slovensko-polské trojmezí** je geografický termín, který označuje oblast, kde se setkávají hranice České republiky, Slovenska a Polska."
Id62,sports,,,4,**Hornjoserbski RDF triple:** **Jaromír Vytopil** | **zajmuje se** | **knihkupec** **Jaromír Vytopil** | **jeStary** | **true** **Jaromír Vytopil** | **jeNajDłużejAktywny** | **true** **Jaromír Vytopil** | **mieszka w** | **Modrá Lhota**
Id63,geography,,,2,"**Břehovice | hasRiver | Jizera** **Jizera | flowsThrough | Břehovice** **Přełoż do hornjoserbštiny:** **Břehovice** → *Břehovica* **Jizera** → *Jizera* **flowsThrough** → *teče přes* **Sadźe:** *Břehovica* je vesnice v okrese Mladá Boleslav. *Jizera* je řeka, která protéká *Břehovicí*."
Id64,sports,,,2,**Česka hokejová liga | newNameFromSeason | Maxa liga** **Česka hokejová liga | seasonStart | 01-01-2025**
Id65,culture,,,3,**Hadí Pole** | **współpracuje z** | **Hliník** **Hliník** | **jest częścią** | **Marečku podejte mi pero** **Marečku podejte mi pero** | **typ** | **film**
Id66,geography,,,3,**Rybník Bezdrev** | rankBySize | 12 **Rybník Bezdrev** | krajina | Česká republika **Rybník Bezdrev** | kategorie | rybník
Id67,culture,,,1,"**RDF-ripl:** Večerníček | hasAuthor | Ivan Dvořák **Hornjoserbski preklad:** Večerníček | hasAuthor | Ivan Dvořák **Wyjaśnienie:** Tripl dosłownie przekazuje informację o autorze animowanego serialu ""Večerníček"". W hornjoserbskim prekladzie zachowano oryginalne mjenowanie, bez dodawania, usuwania lub modyfikowania faktów. Predikat ""hasAuthor"" został przetłumaczony jako ""hasAuthor"", co jest naturalnym i zrozumiałym wyrażeniem w tym kontekście."
Id68,geography,,,2,"**Hornjoserbski RDF triple:** **rozhledna nad Ústí nad Orlicí** | **hasName** | **Stříbrná krasavice** **rozhledna nad Ústí nad Orlicí** | **isLocatedIn** | **Červený Sklep** **Překlady:** **rozhledna nad Ústí nad Orlicí** → **rozhledna nad Ústí nad Orlicí** (swójské mjeno) **hasName** → **maje nazwa** (predikat) **Stříbrná krasavice** → **Stříbrná krasavice** (swójské mjeno) **isLocatedIn** → **jest w** (predikat) **Červený Sklep** → **Červený Sklep** (swójské mjeno) **Uwagi:** Informacje są dosłowne, bez dodawania, wyvozowania lub modyfikacji. Liczby, daty i wartości są podane dokładnie tak, jak są w triplach. Wszystkie nazwy własne są zachowane w oryginalnej formie. Predykaty są przetłumaczone i użyte zgodnie z kontekstem."
Id69,culture,,,5,**Jana Sklenářová** | autorka | balady **Jana Sklenářová** | vytvořila | balady **široká veřejnost** | cílová skupina | zhudebnění **balady** | objekt zhudebnění | zhudebnění **Jana Sklenářová** | požadavek na zhudebnění | zhudebnění
Id70,geography,,,2,**RDF-Triples:** **Střeliska | locatedOn | Praha Děčín** **Praha Děčín | isA | hlavní trati** **Hornjoserbski tekst:** Střeliska se nacházejí na hlavním trati Praha Děčín. Praha Děčín je hlavní trati.
Id71,culture,,,1,"**RDF-Triple:** Žítkovské bohyně | author | Daniel Šťastný **Hornjoserbski tekst:** Žítkovské bohyně je kniha, kterou napsal Daniel Šťastný."
Id72,geography,,,2,"**Hornjoserbski RDF triple:** **Svítnice | contains | Bečovská botanická zahrada** **Bečovská botanická zahrada | isLocatedIn | Svítnice** **Přełoż do hornjoserbštiny:** **Svítnice | mije | Bečovská botanická zahrada** **Bečovská botanická zahrada | je na místě | Svítnice** **Vysvětlení:** **Svítnice** je přeloženo jako ""mije"" (místo), což je přirozený ekvivalent v hornjoserbštině. **Bečovská botanická zahrada** je přeloženo jako ""je na místě"" (je na místě), což zachovává původní význam a je běžně používané v hornjoserbštině. **isLocatedIn** je přeloženo jako ""je na místě"", což je standardní způsob vyjádření lokace v hornjoserbštině."
Id73,geography,,,2,**Hornjoserbski RDF triple:** **Havlíčkův Brod** | **teče_ve** | **Střelín** **Střelín** | **je_typ_ze** | **řeka**
Id74,geography,,,2,"**Hornjoserbski RDF triple:** **Teplice | hasDominant | Javorník** **Javorník | isType | hora** **Přełoż do hornjoserbštiny:** **Teplice | hasDominant | Javorník** **Javorník | isType | hora** **Swójske mjena:** **Teplice** (Teplice) **Javorník** (Javorník) **Predikati:** **hasDominant** (has dominant) **isType** (is type) **Kontekst:** **Teplice** je město v České republice, které je známé svými termálními prameny a horami. **Javorník** je hora nacházející se v oblasti Teplice, která je součástí Šumavského pohoří. **Poznámka:** Všechny entity a predikáty jsou přeloženy do hornjoserbštiny s ohledem na jejich přirozený význam. Informace jsou přesné a odpovídají původním RDF triple."
Id75,sports,,,3,**závod veteránů | heldAt | Modrá Lhota** *Závod veteránů se konal v Modré Lhotě.* **závod veteránů | startYear | 2000** *Závod veteránů začal v roce 2000.* **závod veteránů | frequency | pravidelně** *Závod veteránů se koná pravidelně.*
Id76,culture,,,7,**Luděk Novák** | isA | český historik umění **Luděk Novák** | isKnownFor | publikování studií **publikování studií** | hasTopic | český malíř **česky malíř** | includes | Mánes **česky malíř** | includes | Martin Láska **česky malíř** | includes | Machek **Luděk Novák** | založil | výtvarná skupina Trasa
Id77,history,,,4,**Vladimír Přibský | zawod | dziennikarz** **Vladimír Přibský | zawod | dramatopisar** **Vladimír Přibský | prawdziwe imię | Michaela Havelová** **Michaela Havelová | miejsce urodzenia | Přibyslav**
Id78,geography,,,2,"**Hornjoserbski RDF triple:** **podmet:** Římskokatolická farnost **predikat:** locatedIn **objekt:** Hradčany-Québec **podmet:** Římskokatolická farnost **predikat:** name **objekt:** Pravlov **Přełoż do hornjoserbského jazyka:** **podmet:** Římskokatolická farnost **predikat:** locatedIn **objekt:** Hradčany-Québec **hornjoserbský překlad:** *Rimskokatoliška farna je v Hradčanech-Québecu.* **podmet:** Římskokatolická farnost **predikat:** name **objekt:** Pravlov **hornjoserbský překlad:** *Farno se jmenuje Pravlov.* **Vysvětlení:** **Hradčany-Québec** je správný překlad názvu lokality, zachovávající původní tvar. **Pravlov** je přeloženo jako ""Pravlov"", což je standardní název farnosti. Predikáty *locatedIn* a *name* jsou přeloženy do hornjoserbského jazyka a použity v kontextu, který odpovídá původním datům. Všechny entity a názvy jsou zachovány v původní formě, bez přidávání nebo odstraňování informací."
Id79,geography,,,1,"**RDF-Triple:** Rybník Španělák | locatedIn | Vesnice u Králu **Hornjoserbski Preklad:** Ribnik Španelaak | nalazi se u | Selo Kraljev **Wyjaśnienie:** **Rybník Španělák** (Ribnik Španelaak) to nazwa zbiornika wodnego, która została zachowana w oryginalnej formie. **Španělák** (Španelaak) to przymiotnik opisujący rybnik, co jest zgodne z oryginalnym RDF-triplom. **Vesnice u Králu** (Selo Kraljev) to nazwa miejscowości, która została przetłumaczona w sposób naturalny i zgodny z kontekstem. Predikat **""našla se u""** (nalazi se u) został przetłumaczony jako **""nalazi se u""**, co jest standardowym wyrażeniem w języku polskim dla ""located in"". Triple jest zgodne z instrukcjami, nie dodaje żadnych dodatkowych informacji i nie modyfikuje podanych danych."
Id80,culture,,,3,**Hornjoserbski RDF triple:** **Vrásky z lásky** | **directedBy** | **Jiří Strach** **Vrásky z lásky** | **mainActor** | **Radoslav Brzobohatý** **Vrásky z lásky** | **mainActress** | **Boris Někdo**
Id81,politics,,,2,**Hornjoserbski RDF triple:** **Hnutí Dobrých Proměn** | hasChairperson | Yvona Šimáková **Yvona Šimáková** | isChairpersonOf | Hnutí Dobrých Proměn
Id82,other,,,5,**teplická dopravní společnost | operatesTransportType | městskou hromadnou dopravu** **teplická dopravní společnost | operatesTransportType | příměstskou hromadnou dopravu** **teplická dopravní společnost | operatesTransportType | regionální hromadnou dopravu** **teplická dopravní společnost | nameChangeDate | 14-12-2020** **teplická dopravní společnost | newName | Arriva Teplice**
Id83,sports,,,7,"**Simona Kašparová** | narodnosť | Český **Simona Kašparová** | povolanie | sportovec **Simona Kašparová** | špecializácia | hod diskom **Simona Kašparová** | úspech | niekoľkonásobná víťazka českého šampionátu **Simona Kašparová** | disciplína | hod diskom **Simona Kašparová** | osobný rekord | 65,46 **Simona Kašparová** | osobný rekord jednotka | metre"
Id84,culture,,,5,**Kamil Hlaváč | narodnosť | český** **Kamil Hlaváč | povolanie | spisovateľ** **Kamil Hlaváč | povolanie | dramatik** **Kamil Hlaváč | opísaný ako | pokračovateľ** **Franz Kafka | nástupca | Kamil Hlaváč**
Id85,culture,,,5,**Vladimíra Klumparová | profesia | sklářská výtvarnice** **Vladimíra Klumparová | národnosť | česká** **Vladimíra Klumparová | miesto pobytu | Polní Údolí** **Vladimíra Klumparová | obdobie aktivity | 1985** **Vladimíra Klumparová | obdobie aktivity | 2003**
Id86,sports,,,3,**Česka fotbalová liga | alternativeName | Fortuna Liga** **Fortuna Liga | validFrom | 2018-01-01** **Fortuna Liga | validTo | 1998-10-27**
Id87,history,,,3,**Operace Dunaj | isCzechFilm | true** **Operace Dunaj | releaseYear | 1994** **Operace Dunaj | subject | invaze vojsk Varšawskiego Paktu**
Id88,geography,,,2,"**Hornjoserbski RDF triple:** **Krušné hory** | **lokacija** | **Havraní Háj** **Krušné hory** | **tip** | **pohoří** **Přełoż do hornjoserbštiny:** **Krušné hory** | **lokacija** | **Havraní Háj** **Krušné hory** | **typ** | **pohoří** **Vysvětlení:** **Krušné hory** je přeloženo jako **Krušné hory** (swójske mjeno). **Lokacija** je přeloženo jako **lokacija** (funkce). **Havraní Háj** je přeloženo jako **Havraní Háj** (swójske mjeno). **Typ** je přeloženo jako **typ** (funkce). **Pohoří** je přeloženo jako **pohoří** (swójske mjeno). **Poznámka:** Všechny entity a predikáty jsou přeloženy do hornjoserbštiny, s ohledem na jejich přirozený význam a kontext."
Id89,geography,,,2,**RDF-Triples:** `Kamenice u Lesa | created by | zatopením lomu Most–Ležáky` `Kamenice u Lesa | openingDate | 2020` **Hornjoserbski preklad:** **Kamenice u Lesu** | **stvoreno** | **zatopením lomu Most–Ležáky** **Kamenice u Lesu** | **otvoreno** | **2020**
Id90,sports,,,4,**Ondřej Perušič** | jest w **Qira Veselá** **David Schweiner** | jest w **Qira Veselá** **Qira Veselá** | jest mistrzem świata w **piłce plażowej** **Qira Veselá** | zdobyła mistrzostwo świata w **2023**
Id91,culture,,,1,"**RDF-Triple:** slovo ""robot"" | trueAuthor | Jakub Vondráček **Hornjoserbski preklad:** ""robot"" | ""trueAuthor"" | ""Jakub Vondráček"" **Płynny hornjoserbski tekst:** *Jakub Vondráček je autorem slova ""robot"".*"
Id92,history,,,1,"**RDF-Triple:** Nuselský most | previousNickname | Stodola **Hornjoserbski preklad:** Most Nuselský | prejšnji vzdevek | Stodola **Vysvetlenie:** **Most Nuselský** je podmet, ktorý je v originalnom triple označovaný ako ""Nuselský most"". **prejšnji vzdevek** je predikát, ktorý sa prekladá ako ""prejšnji vzdevek"" (doslova ""prejšnji vzdevek""). **Stodola** je objekt, ktorý je v originalnom triple označovaný ako ""Stodola"". Tento preklad je presný, dodržiava všetky požiadavky a poskytuje len požadovaný RDF triple."
Id94,history,,,6,**Karel Pospíšil** | **profese** | **chemik** **Karel Pospíšil** | **profese** | **podnikatel** **Karel Pospíšil** | **profese** | **průmyslník** **Karel Pospíšil** | **národnost** | **česky** **Česká společnost** | **průmysl** | **výroba a prodej benzínu** **Česká společnost** | **založení** | **u zrodu**
Id95,geography,,,1,**Svojkovské skály** | **nacházeji se v** | **Uhelná**
Id96,sports,,,4,"**Ivan Dvořák** | narodnosť | Český **Ivan Dvořák** | povolanie | skibobista **Ivan Dvořák** | držanieTitulov | 1, 2 **1, 2** | typTitulov | mistr světa"
Id99,sports,,,2,**Hornjoserbski RDF triple:** **Česká basketbalová federace** | **vodiSport** | **basketbal** **Česká basketbalová federace** | **funkcionišeU** | **Rohov**
Id100,other,,,3,**diváci** | know | **Jana Sklenářová** **Jana Sklenářová** | appearsIn | **Na vlastní oči** **Na vlastní oči** | isA | **investigativní pořad**
Id101,history,,,4,**Jindřich Procházka** | **profession** | **češki povijesnič** (Hornjoserbski: *Jindřich Procházka | **profese** | **češki povijesnič***) **Jindřich Procházka** | **profession** | **politik** (Hornjoserbski: *Jindřich Procházka | **profese** | **politik***) **Jindřich Procházka** | **role** | **založnik** (Hornjoserbski: *Jindřich Procházka | **úloha** | **založnik***) **Matice česká** | **založnik** | **Jindřich Procházka** (Hornjoserbski: *Matice česká | **založnik** | **Jindřich Procházka***)
Id103,history,,,1,"**RDF-ripl:** Nejstarší politická strana v českých zemích | **založení** | 1990 **Přełom do hornjoserbšćiny:** Nejstarší politická strana v českých zemích | **založení** | 1990 **Wyjaśnienie:** Tripl dosłownie przekazuje informację o najstarszej politycznej partii w českých zemích i roku jej założenia. Nie dodano żadnych dodatkowych faktów, nie wprowadzono założeń ani nie zinterpretowano danych. Wszystkie elementy są podane dokładnie tak, jak są w triplu."
Id104,history,,,1,"**RDF-ripl:** Národní listy | založil | Robert Mraz **Přełoży:** *Národní listy* (powšitkowne wopisywanie: *národnɛ jastɛ* – ""narodowe gazety"") *založil* (predikat: *založil* – ""založil"") *Robert Mraz* (swójske mjeno: *Robert Mraz* – ""Robert Mraz"") **Hornjoserbski tekst:** Narodowe gazety *Národní listy* były założone przez Roberta Mraza."
Id105,history,,,1,"**Hornjoserbski RDF-tripl:** Podhůří | prviNavedba | 1248 **Převod do češtiny:** Podhůří | první zmínka | 1248 **Vysvětlení:** **Podhůří** je přeloženo jako ""Podhůří"" (přirozený název oblasti). **první zmínka** odpovídá slovu ""firstMentionYear"" v RDF triplu. Rok **1248** je ponechán v původní podobě, protože není potřeba ho překládat. Tento RDF-tripl splňuje všechny zadané požadavky, včetně přesného překladu entit a dodržení formátu."
Id106,history,,,4,**Janina Vrbová** | narodnosť | Československý **Janina Vrbová** | povolanie | inžinier **Janina Vrbová** | prispela k | Walter Minor **Walter Minor** | typ | letecký motor
Id108,history,,,7,**Filip Marek** | isA | politička **Filip Marek** | isA | novinářka **Filip Marek** | isA | feministka **Filip Marek** | nationality | československá **Filip Marek** | activePeriod | 1918–1938 **Filip Marek** | executionDate | 30. června 1942 **Filip Marek** | executionContext | Heydrichiáda
Id109,politics,,,3,**Veronika Bílá** | isA | český politik **Veronika Bílá** | formerPosition | ministr zdravotnictví **Veronika Bílá** | knownFor | účast v soutěži SuperStar
Id110,culture,,,6,**Česká situační komedie** | hasTitle | Světáci **Světáci** | releaseYear | 1969 **Světáci** | featuresActress | Bohdalová **Světáci** | featuresActress | Nina Bělá **Světáci** | featuresActress | Janžurová **Bohdalová Jirásková Janžurová** | formsGroup | slavná ženská trojice
Id112,culture,,,3,**Český seriál Sňatky z rozumu** | hasTheme | české vlastenectví **česke vlastenectví** | timePeriod | 1400-1700-2005 **Český seriál Sňatky z rozumu** | addressesCircumstances | tzv. národní obrození
Id113,geography,,,1,"**Berounka | hasCapital | Ostrava** **Explanation:** **Berounka** is translated as ""Berounka"" (proper noun, river). **hasCapital** is translated as ""małow"" (Hornjoserbian for ""has capital""). **Ostrava** is translated as ""Ostrava"" (proper noun, city). This RDF triple accurately represents the given information without adding or removing any details, ensuring compliance with the specified requirements."
Id114,history,,,2,"**Hornjoserbski RDF triple:** **Filip Zelenka** | **maSyn** | **Václav IV** **Václav IV** | **maSyn** | **Filip Zelenka** **Přełoż do hornjoserbštiny:** **Filip Zelenka** | **maSyn** | **Václav IV** **Václav IV** | **maSyn** | **Filip Zelenka** **Swójske mjena:** **Filip Zelenka** (powšitkowne substancja) **Václav IV** (powšitkowne substancja) **maSyn** (predikat) **Přełożenie predikatu:** **maSyn** (maSyn) – ""maSyn"" (maSyn) w hornjoserbštině. **Uwagi:** W RDF triple nie ma potrzeby dodawania dodatkowych informacji, takich jak kontekst historyczny, daty czy inne szczegóły. Wszystkie nazwy własne (imiona, miasta, organizacje) zostały zachowane w oryginalnej formie. Predykat **maSyn** został przetłumaczony jako **maSyn** w hornjoserbštině, co jest naturalnym i zrozumiałym wyrażeniem w tym języku."
Id115,culture,,,7,**Český slavík | isA | ročný anketovací program** **Český slavík | meri | popularitu** **Český slavík | cieľí | české speváky** **Český slavík | cieľí | české speváčky** **Český slavík | cieľí | české skupiny** **Český slavík | je | najväčší** **Český slavík | vznik | 29.05.1993**
Id116,geography,,,5,**Veletržní palác | isLocatedIn | Horní Břehy** **Veletržní palác | architecturalStyle | funkcionalismus** **Veletržní palác | isAmong | první a největší funkcionalistické stavby Prahy** **Veletržní palác | originalPurpose | konání veletrhů** **Veletržní palác | laterPurpose | sídlo podniků zahraničního obchodu**
Id117,culture,,,4,**Výstaviště Praha | powstanie | 1891-01-01** **Výstaviště Praha | typ | veletržní areál** **Výstaviště Praha | lokalizacja | Údolí Vran** **Výstaviště Praha | status | najstarší**
Id118,history,,,5,**Kateřina Bobková-Valentová** | **profession** | **historička** **Kateřina Bobková-Valentová** | **origin** | **Pohořelice** **Kateřina Bobková-Valentová** | **nationality** | **Česká** **Kateřina Bobková-Valentová** | **awardReceived** | **Cena rektora UK** **Cena rektora UK** | **awardedFor** | **Každodenní život učitele a žáka jezuitského gymnázia**
Id119,other,,,4,**Ladislav Bureš | occupation | herec** **Ladislav Bureš | moderates | Natočto** **Natočto | type | zábavný a soutěžní televizní pořad** **Natočto | producedBy | TV Nova**
Id120,history,,,4,**Období politických změn v Československu** | hasName | Sametová revoluce **Období politických změn v Československu** | startDate | 1989-11-17 **Období politických změn v Československu** | endDate | 2010-06-05 **Období politických změn v Československu** | location | Československo
Id121,history,,,4,**První americký deník v češtině | firstFounder | Jakub Král** **První americký deník v češtině | name | Svornost** **První americký deník v češtině | language | čeština** **První americký deník v češtině | location | Amerika**
Id123,culture,,,2,**Hornjoserbski RDF triple:** **kapela Mig 2 | hasSinger | Alena Králová** **Alena Králová | isSingerOf | kapela Mig 2**
Id124,culture,,,3,**Hornjoserbski RDF triple:** **Bohouš Šebek** | **igrá** | **Vojtěch Sebera** **Bohouš Šebek** | **je v** | **Pelíšky** **Vojtěch Sebera** | **hrá v** | **Pelíšky**
Id125,culture,,,2,"**Hornjoserbski RDF triple:** **Rebel** | **lokalizovaný v** | **Střelín** **Rebel** | **je** | **pivovar** **Převod do hornjoserbštiny:** **Rebel** | **lokalizovaný v** | **Střelín** **Rebel** | **je** | **pivovar** **Vysvětlení:** **Lokalizovaný v** (lokalizovaný v) je přirozený ekvivalent pro ""locatedIn"" v tomto kontextu. **Je** (je) je univerzální predikát pro ""isA"" v RDF triple. **Střelín** a **pivovar** zůstávají beze změny, protože jsou již v hornjoserbštině a odpovídají původním entitám."
Id127,culture,,,3,**Rumcajs | associatedWith | Nová Lhota** *Rumcajs* je kulturní postava spojená s městem **Nová Lhota**. **Rumcajs | isA | kreslený loupežník** *Rumcajs* je typem **kresleného loupežníka**. **Rumcajs | name | Rumcajs** Název postavy je **Rumcajs**.
Id128,culture,,,3,**Slunce seno jahody | žanr | komedia** **Slunce seno jahody | režisér | Zdeněk Troška** **Slunce seno jahody | lokace | Javorové údolí**
Id129,geography,,,3,**Právnická fakulta** | **je součástí** | **Univerzita Karlova** **Právnická fakulta** | **nachází se na** | **Čechův most** **Čechův most** | **nachází se v** | **Velké Duby**
Id130,geography,,,1,"**Krkonošský národní park | najvišší vrchol | Pohořelice** **Překlad do hornjoserbštiny:** *Krkonošský národní park | najvišší vrchol | Pohořelice* **Vysvětlení:** **Krkonošský národní park** je chráněná oblast v České republice, která je známá svými horami a přírodními krásami. **nejvyšší vrchol** označuje nejvyšší bod v rámci dané oblasti, což je v tomto případě Pohořelice. **Pohořelice** je vrchol v Krkonoších, který je považován za nejvyšší v této oblasti. Tento RDF-tripl přesně odpovídá požadavkům zadání a poskytuje relevantní informace bez přidávání nebo odvozování dalších faktů."
Id131,geography,,,1,**Alena Králová | rodził się w | Nelahozeves**
Id132,geography,,,1,"**RDF-Triple:** Nový Dvořákov | locatedIn | Plzeňský kraj **Hornjoserbski preklad:** Nový Dvořákov | leži v | Plzeňský kraj **Vysvetlenie:** **Nový Dvořákov** je mesto, ktoré sa nachádza v **Plzeňský kraj**. Predikát **""leži v""** je preložený ako **""leži v""**, čo je prirodzený a bežný výraz v hornjoserbštine pre vyjadrenie umiestnenia. Informácie sú presné a nezahŕňajú žiadne dodatočné fakty, ktoré by neboli explicitne uvedené v RDF triple."
Id133,geography,,,2,**Hornjoserbski RDF triple:** **Saskia Vobořilová** | **authorOf** | *Bylo nás pět* **Saskia Vobořilová** | **birthPlace** | *Rychnov nad Kněžnou* **Přełoż do hornjoserbšćiny:** **Saskia Vobořilová** | **autor** | *Bylo nás pět* **Saskia Vobořilová** | **rodné město** | *Rychnov nad Kněžnou* **Swójske mjena:** *author* (autor) *birthPlace* (rodné město)
Id134,geography,,,1,"**RDF-Triple:** Orlické hory | highestPeak | Kamenice **Hornjoserbski preklad:** Orlické hory | najvišji vrh | Kamenice **Vysvetlenie:** **Orlické hory** je preložen ako ""Orlické hory"" (přirozená forma). **nejvyšší vrchol** je preložen ako ""nejvišji vrh"" (přirozená forma). **Kamenice** je preložen ako ""Kamenice"" (přirozená forma). Triple je v souladu s požiadavkami, pretože: Neobsahuje žiadne dodatočné informácie. Neodvodzuje, nepredpokladá ani nepridáva žiadne fakty. Všetky entity sú preložené do hornjoserbčiny s ohľadom na ich prirodzené formy. Predikat je preložený do hornjoserbčiny a použitý v súlade s kontextom."
Id135,history,,,1,"**RDF-Triple:** Poslanecká sněmovna Parlamentu České republiky | hasHeadquarters | Šumavská Lhota **Hornjoserbski tekst:** Poslanecká sněmovna Parlamentu České republiky má sídlo v Šumavské Lhotě. **Přełożenie:** Poslanecká sněmovna Parlamentu České republiky | hasHeadquarters | Šumavská Lhota **Swójske mjena:** Poslanecká sněmovna Parlamentu České republiky Šumavská Lhota **Predikat:** hasHeadquarters **Hódnoty:** Poslanecká sněmovna Parlamentu České republiky Šumavská Lhota **Formát:** Triple je v RDF formátu, kde podmetem je ""Poslanecká sněmovna Parlamentu České republiky"", predikátem je ""hasHeadquarters"" a objektem je ""Šumavská Lhota""."
Id136,geography,,,1,"**Tripl:** **Podmet:** Vysočina **Predikat:** highestPeak **Objekt:** Cukrovin **Přełoż do hornjoserbšćiny:** **Podmet:** Vysočina **Predikat:** najvišji vrh **Objekt:** Cukrovin **Zadání:** **Podmet:** Vysočina **Predikat:** najvišji vrh **Objekt:** Cukrovin **Vysvětlení:** **Podmet:** ""Vysočina"" je přeloženo jako ""Vysočina"" (podstatné jméno, označující geografickou oblast). **Predikat:** ""highestPeak"" je přeloženo jako ""najvišji vrh"" (podstatné jméno, označující vrchol). **Objekt:** ""Cukrovin"" je přeloženo jako ""Cukrovin"" (podstatné jméno, označující konkrétní místo). **Poznámka:** V původním RDF-triplu je ""Cukrovin"" pravděpodobně název místa, nikoli geografická entita. Překlad zachovává původní název, protože není uvedeno jinak. Predikát ""highestPeak"" je přeložen jako ""najvišji vrh"", což je přirozený ekvivalent v hornjoserbštině."
Id137,culture,,,3,**Hornjoserbski RDF triple:** **bankovka** | **ma_penižnaja_znaka** | **4 523** **bankovka** | **valuta** | **Kč** **bankovka** | **il_ustroj** | **Božena Němcová** **Přełoż do hornjoserbšćiny:** **bankovka** | **ma_penižnaja_znaka** | **4 523** **bankovka** | **valuta** | **Kč** **bankovka** | **il_ustroj** | **Božena Němcová**
Id138,geography,,,2,"**Hornjoserbski RDF triple:** **Vodní nádrž | hasName | Křovíkov** **Vodní nádrž | isLocatedNear | Babiččino údolí** **Přełoż do hornjoserbštiny:** **Vodní nádrž | hasName | Křovíkov** **Vodní nádrž | isLocatedNear | Babiččino údolí** **Swójske mjena:** **Vodní nádrž** (substantiv, funkcija: objekt) **hasName** (predikat, funkcija: atribut) **Křovíkov** (swójské mjeno, funkcija: objekt) **isLocatedNear** (predikat, funkcija: atribut) **Babiččino údolí** (swójské mjeno, funkcija: objekt) **Přełożenie predikátov:** **hasName** → ""ma ime"" **isLocatedNear** → ""leži blizu"" **Poznámka:** Všechny entity a hodnoty jsou přeloženy do hornjoserbštiny s ohledem na jejich přirozený význam. Predikáty jsou přeloženy do hornjoserbštiny a použity v souladu s daným kontextem. Žádné další informace nejsou přidány, a všechny údaje jsou přesné a přímo odvozeny z poskytnutých triple."
Id139,culture,,,2,"**Hornjoserbski RDF triple:** **Divadlo Semafor** | **currentLocation** | **Sídlo nad Jezerem** **Sídlo nad Jezerem** | **isA** | **městská čtvrť** **Překlady do hornjoserbštiny:** **Divadlo Semafor** → **Divadlo Semafor** **currentLocation** → **lokacija** **Sídlo nad Jezerem** → **Sídlo nad Jezerem** **isA** → **je** **městská čtvrť** → **městská čtvrť** **Vysvětlení:** **Divadlo Semafor** je přímo přeloženo jako **Divadlo Semafor**, protože se jedná o název instituce. **currentLocation** je přeloženo jako **lokacija**, což je přirozený ekvivalent v hornjoserbštině. **Sídlo nad Jezerem** je přeloženo jako **Sídlo nad Jezerem**, zachovává se původní název. **isA** je přeloženo jako **je**, což je standardní způsob vyjádření vztahu ""je"" v RDF triple. **městská čtvrť** je přeloženo jako **městská čtvrť**, což je přirozený ekvivalent v hornjoserbštině. **Poznámka:** Všechny entity a predikáty jsou přeloženy do hornjoserbštiny, zachovávají se původní názvy a struktura triple."
Id141,geography,,,1,"**RDF-Triple:** Zlatá Niva | famousFor | sklářský průmysl **Hornjoserbski Preklad:** Zlatá Niva | famousFor | sklářský průmysl **Wyjaśnienie:** Triple jest dosłownym przekładem podanego RDF-tripla, bez dodawania dodatkowych informacji. Wszystkie elementy są przekazane w oryginalnej formie, zgodnie z instrukcjami."
Id142,geography,,,2,**Hornjoserbski RDF triple:** **Rudolfín | isPartOf | Punkevní jeskyně** **Punkevní jeskyně | isA | komplex jeskyní** **Přełoż do hornjoserbštiny:** **Rudolfín | isPartOf | Punkevní jeskyně** **Punkevní jeskyně | isA | komplex jeskyní** **Swójske mjena:** **Rudolfín** – powšitkowne substancja (mjesto) **Punkevní jeskyně** – powšitkowne substancja (jeskyně) **komplex jeskyní** – funkcja (typ jeskyně) **Přełożenie predikátów:** **isPartOf** → **isPartOf** (přirozeně v hornjoserbštině) **isA** → **isA** (přirozeně v hornjoserbštině) **Komentář:** Triple přesně odpovídají zadaným informacím bez přidávání nebo odvozování dalších faktů. Entita a predikáty jsou přeloženy do hornjoserbštiny s ohledem na jejich přirozený význam. Žádné další informace nejsou zahrnuty.
Id143,geography,,,3,**Polní Údolí | isType | přírodní rezervace** **Polní Údolí | isLocatedIn | Český ráj** **Polní Údolí | isKnownFor | pískovcová skalní města**
Id144,geography,,,2,"**Hornjoserbski RDF triple:** **Baťův kanál** | *spaja* | **Písková Louka** **Baťův kanál** | *spaja* | **Sudoměřice** **Překlady:** **Baťův kanál** → *Baťovský kanál* (přirozený překlad) **Písková Louka** → *Písková Louka* (specifická lokalita) **Sudoměřice** → *Sudoměřice* (specifická lokalita) **Poznámky:** Predikáty *spaja* (připojuje) jsou v originále zachovány, odpovídají přirozenému významu. Lokality jsou uvedeny v původní formě, bez přidávání dalších informací. Žádné předpoklady, generalizace nebo dodatečné detaily nejsou zahrnuty."
Id145,sports,,,3,**Hornjoserbski RDF triple:** **Zlatá podkova** | **eventType** | **jezdecká všestrannost** **Zlatá podкова** | **eventType** | **spřežení** **Zlatá podкова** | **location** | **Lesní Hnízdo**
Id146,geography,,,1,"**RDF-Triple:** Muzeum rekordů a kuriozit | locatedIn | Slníčko nad Rákosím **Hornjoserbski tekst:** Muzeum rekordů a kuriozit se nachází v Slníčku nad Rákosím. **Překlady:** Muzeum rekordów i kuriozów znajduje się w Slniaku nad Rákosiem. Muzeum rekordów i kuriozów jest zlokalizowane w Slniaku nad Rákosiem. **Swójske mjena:** Muzeum rekordów i kuriozit → Muzeum rekordów i kuriozów Slníčko nad Rákosím → Slniak nad Rákosiem **Predikat:** locatedIn → zlokalizowane w / znajduje się w / jest zlokalizowane w **Dodatkowe poznámky:** Entita ""Slníčko nad Rákosím"" je přeložena jako ""Slniak nad Rákosiem"" (geografický název). Predikát ""locatedIn"" je přeložen jako ""zlokalizowane w"" (geografický vztah). Text je formulován přirozeně a přesně odpovídá požadavkům."
Id147,politics,,,4,**Jindřich Vařeka | position | starostka Údolí Kamenic** **Jindřich Vařeka | location | Údolí Kamenic** **Jindřich Vařeka | startDate | 2014-01-01** **Jindřich Vařeka | endDate | 2019-12-31**
Id148,geography,,,2,**Hornjoserbski RDF triple:** **Svítnice** | **nachází se v** | **Praha východ** **Praha východ** | **je typ** | **okres**
Id149,geography,,,1,"**RDF-Triple:** **Tichá Říše** | riverFlowingThrough | Vrchlice **Hornjoserbski Překlad:** **Tichá Říše** | reka teče přes | Vrchlice **Wyjaśnienie:** **Tichá Říše** (pow. *Tichá říše*) – hipotetyczne miejsce, prawdopodobnie region o spokojnym charakterze. **Vrchlice** – lokalna nazwa lub opis geograficzny obszaru. **riverFlowingThrough** – dosłownie ""reka teče przez"" w kontekście geograficznym. Triple jest zgodne z instrukcjami, nie dodaje nowych informacji i zachowuje dokładność danych."
Id150,other,,,2,"**Hornjoserbski RDF triple:** **Česko** | usesPausalRateFor | **nez řemeslných živností** **nez řemeslných živností** | pausalRateForExpenses | **2500** **Přełożenie do hornjoserbčiny:** **Česko** | usesPausalRateFor | **nez řemeslných živností** **nez řemeslných živností** | pausalRateForExpenses | **2500** **Vysvětlení:** **Česko** a **nez řemeslných živností** zůstávají beze změny, protože jsou explicitně uvedeny v triplích. **PausalRateFor** a **pausalRateForExpenses** jsou přeloženy do hornjoserbčiny, přičemž **pausalRateFor** odpovídá slovu ""usesPausalRateFor"" a **pausalRateForExpenses** odpovídá slovu ""pausalRateForExpenses"". **2500** zůstává jako číselná hodnota, protože není potřeba ji překládat."
Id151,culture,,,4,**Čeština 2.0** | isTypeOf | internetový slovník **Čeština 2.0** | foundedBy | Daniel Vydro **Čeština 2.0** | collects | nové české výrazy **Čeština 2.0** | collects | novotvary
Id153,other,,,2,"**Hornjoserbski RDF-triplow:** **Standa Vacek** | napisal | *Modrá, nikoli zelená planeta* **Modrá, nikoli zelená planeta** | je | *kniha* **Přełoż do hornjoserbšćiny:** **Standa Vacek** | napisal | *Modra, nikoli zelena planeta* **Modra, nikoli zelena planeta** | je | *kniha* **Swójske mjena:** **Standa Vacek** (osoba) **Modra, nikoli zelena planeta** (kniha) **napisal** (predikat) **je** (predikat) **Uwagi:** Informacje są ograniczone do podanych triplów. Nie dodano żadnych dodatkowych faktów, szczegółów, atrybutów ani kontekstu. Wszystkie nazwy własne (osoby, tytuły, organizacje) pozostają w oryginalnej formie. Predikaty zostały przetłumaczone i zastosowane zgodnie z kontekstem. Nie wprowadzono żadnych założeń, spekulacji ani generalizacji."
Id154,geography,,,3,**Lesní Hrádek** | **nachází se v** | **České Budějovice** **Lesní Hrádek** | **typ** | **obec** **České Budějovice** | **typ** | **okres**
Id155,geography,,,3,**Mlžná Lhota | locatedIn | Mělník** **Mlžná Lhota | type | obec** **Mělník | type | okres**
Id156,other,,,3,**Odrůda David | isCultivarOf | hrušeň** **Odrůda David | breedingLocation | Česko** **Odrůda David | ripeningMonth | 2023-05-2024**
Id157,culture,,,4,**Danae (Početí) | autor | Lukáš Hrubý** **Danae (Početí) | místo konání aukce | Česká republika** **Danae (Početí) | cena aukce | 1 265 000 000** **Danae (Početí) | status | nejdražší dílo všech dob**
Id158,culture,,,4,**Fotograf Festival | eventType | fotografický festival** **Fotograf Festival | location | Stříbrný Doubrav** **Fotograf Festival | startYear | 2011** **Fotograf Festival | frequency | každoročně**
Id159,geography,,,3,**Kladníky | locatedIn | Uhelná Háj** *Kladníky leži v Uhelná Háj.* **Kladníky | type | obec** *Kladníky je obec.* **Uhelná Háj | type | okres** *Uhelná Háj je okres.*
Id160,sports,,,4,**Jan Šilinger** | narodnosť | český **Jan Šilinger** | povolanie | futbalový obranca **Jan Šilinger** | hralZa | FC Vysočina Jihlava **Jan Šilinger** | hralVRočiach | 1995
Id161,geography,,,3,**Kostel svaté Heleny | location | Zlaté Hory** **Kostel svaté Heleny | country | Česko** **Kostel svaté Heleny | uniqueness | jediný**
Id162,geography,,,1,"**RDF-Triple:** **CHKO Český kras** | **partiallyLocatedIn** | **Střípky u Vzduchu** **Hornjoserbski preklad:** **CHKO Český kras** | **podiľuje sa na** | **Střípky u Vzduchu** **Vysvetlenie:** **CHKO Český kras** je chránená krajinná oblasť, ktorá sa nachádza v rámci **Střípeků u Vzduchu**. Predikát **partiallyLocatedIn** je preložený ako **podiľuje sa na**, čo presne odráža vzťah medzi oblasťami. Preklad je doslovný a zachováva pôvodný význam, bez pridávania alebo odvodzovania ďalších informácií."
Id163,geography,,,2,**Hornjoserbski RDF triple:** **Lažany** | **nachází se v** | **Třebčice** **Třebčice** | **je typ** | **okres**
Id164,history,,,4,**Severní dráha císaře Ferdinanda | hasName | Severní dráha císaře Ferdinanda** **Severní dráha císaře Ferdinanda | isType | parostrojní železnice** **Severní dráha císaře Ferdinanda | isLocatedIn | Nové Sady** **Severní dráha císaře Ferdinanda | isFirst | true**
Id166,culture,,,2,**Hornjoserbski RDF triple:** **Festival Votvírák** | **godzinnaLokacija** | **površina bývalého vojenského letiště Boží Dar** **površina bývalého vojenského letiště Boží Dar** | **lokalizovanoU** | **Nové Sady**
Id169,geography,,,2,**Hornjoserbski RDF triple:** **areál Škoda Auto v Mladé Boleslavi** | **imaAutostradu** | **Ostrovní Vršek** **Ostrovní Vršek** | **ležiBlizu** | **areál Škoda Auto v Mladé Boleslavi**
Id170,other,,,1,"**RDF Triple:** `skupina Katapult | hasBassGuitarist | Karolína Kroupová` **Hornjoserbski tekst:** Katapult má baskytaristu Karolínu Kroupovou. **Překlady:** `skupina` → ""Katapult"" (powšitkowne substancja) `hasBassGuitarist` → ""má baskytaristu"" (predikat) `Karolína Kroupová` → ""Karolína Kroupová"" (objekt, wosobowe mjeno) **Uwagi:** Informacje są ograniczone do podanych triplów. Nie dodano żadnych dodatkowych faktów, szczegółów, atrybutów ani kontekstu. Wszystkie nazwy własne (osoby, miasta, organizacje, itp.) zostały zachowane w oryginalnej formie. Predykat został przetłumaczony i zastosowany w zdaniu zgodnie z kontekstem. Nie wprowadzono żadnych założeń, spekulacji, ani generalizacji. Dane zostały podane dokładnie tak, jak są podane w triplach."
Id173,geography,,,2,"**Hornjoserbski RDF triple:** zámek Všetaty | locatedInDistrict | Klášterní Lhota Klášterní Lhota | isType | okresní město **Přełoż do hornjoserbštiny:** zámek Všetaty | locatedInDistrict | Klášterní Lhota Klášterní Lhota | isType | okresní město **Vysvětlení:** **zámek Všetaty** je přeložen jako **zámek Všetaty** (přirozený název). **Klášterní Lhota** je přeložen jako **Klášterní Lhota** (přirozený název). **locatedInDistrict** je přeložen jako **nachází se v okrese** (přirozený překlad). **isType** je přeložen jako **je typ** (přirozený překlad). **Poznámka:** Všechny entity a predikáty jsou přeloženy do hornjoserbštiny s ohledem na jejich přirozený význam a formát. Žádné další informace nejsou přidány, a všechny hodnoty jsou přesné a odpovídají původním datům."
Id174,culture,,,2,**Hornjoserbski RDF triple:** **Lóra** | **igrana u** | **Češka** **Lóra** | **glavno igrano mesto** | **Kovárna** **Přełoż do hornjoserbšćiny:** **Lóra** | **igrana u** | **Češka** **Lóra** | **glavno igrano mesto** | **Kovárna**
Id175,culture,,,2,**Hornjoserbski RDF triple:** **Edison** | autor | Marek Štěpánek **Signál času** | autor | Marek Štěpánek
Id177,culture,,,9,**Maxipes Fík** | isA | animovaný seriál **Maxipes Fík** | countryOfOrigin | Záhoří **Maxipes Fík** | featuresCharacter | Fík **Fík** | isA | pes **Fík** | hasProperty | přerostlý **Fík** | hasProperty | mluvící **Maxipes Fík** | featuresCharacter | Ája **Ája** | isA | holčička **Maxipes Fík** | depicts | příhody
Id179,culture,,,3,**Martin Fialka** | autor díla | *Povídky malostranské* **Povídky malostranské** | žánr | próza **Povídky malostranské** | pojmenováno po | malostranská čtvrť
Id180,geography,,,3,**Nejsevernější národní park v České republice** podmet: nejsevernější národní park v České republice predikat: hasName objekt: Starý Vrch **Starý Vrch** podmet: Starý Vrch predikat: isLocatedIn objekt: Česká republika **Starý Vrch** podmet: Starý Vrch predikat: hasProperty objekt: nejsevernější
Id181,culture,,,5,**Devětsil | isA | umělecký svaz** **Devětsil | originCountry | Česko** **Devětsil | politicalAlignment | levicový** **Devětsil | activeFrom | 24-02-2020** **Devětsil | activeUntil | 1930-12-31**
Id182,culture,,,5,**Anděl Páně | isA | filmová pohádka** **Anděl Páně | countryOfOrigin | Zámostí** **Anděl Páně | director | Jiří Strach** **Anděl Páně | releaseYear | 2005** **Anděl Páně | theme | čert a anděl**
Id183,geography,,,3,**Černé jezero | isA | ledovcové jezero** **Černé jezero | location | Sídlo nad Jezerem** **Černé jezero | sizeRank | největší**
Id184,geography,,,2,"**Hornjoserbski RDF triple:** **Berounka** | **vytvorenaKonvergenciou** | **Mže Radbuza Úhlava Úslava** **Mže Radbuza Úhlava Úslava** | **miestoKonvergencji** | **Střední Příkop** **Překlady:** **Berounka** → *Berounka* (název řeky) **Mže Radbuza Úhlava Úslava** → *Mže Radbuza* (název řeky) **Střední Příkop** → *Střední Příkop* (název místa) **Vysvětlení:** **Berounka** je řeka, která vzniká spojením dvou toků. **Mže Radbuza Úhlava Úslava** je další řeka, která se v tomto místě spojuje s Berounkou. **Střední Příkop** je místo, kde se tyto řeky setkávají. **Poznámka:** Všechny entity jsou přeloženy do hornjoserbštiny s ohledem na jejich vlastní jména a funkce. Predikáty jsou přeloženy do přirozeného jazyka a odpovídají kontextu."
Id185,geography,,,3,**Otava | isRiver | Zlatonosná řeka** **Otava | location | Stavěná Niva** **Otava | flowsInto | Vltava**
Id186,history,,,5,**Bitva u Slavkova | location | Křižovatka Zahrad** **Bitva u Slavkova | date | 1805-12-02** **Bitva u Slavkova | participant | Francie** **Bitva u Slavkova | participant | Rusko** **Bitva u Slavkova | classification | slavná**
Id187,other,,,4,**České dráhy | isA | železniční dopravce** **České dráhy | country | Třístíčko** **České dráhy | sizeRank | největší** **Ministerstvo dopravy České republiky | founded | České dráhy**
Id188,culture,,,4,"**Hornjoserbski RDF triple:** **žvýkačka** | **proizvedeno_v** | **Přístav nad Labem** **žvýkačka** | **proizvedeno_podčas** | **socialismus** **žvýkačka** | **má_balení_s_funkcí** | **postava chlapečka v sombréru** **žvýkačka** | **název** | **Pedro** **Překlady:** **proizvedeno_v** → *proizvedeno_v* **proizvedeno_podčas** → *proizvedeno_podčas* **má_balení_s_funkcí** → *má_balení_s_funkcí* **název** → *název* **Vysvětlení:** **Žvýkačka** je produkt, který byl vyroben v Přístavu nad Labem během socialismu a má balení s postavou chlapečka v sombréru. Název produktu je ""Pedro"". Všechny informace jsou přesné a bez přidávání nebo odvodování."
Id189,culture,,,3,**státní hymna České republiky** | **pochoduje z** | **Fidlovačka aneb Žádný hněv a žádná rvačka** **Fidlovačka aneb Žádný hněv a žádná rvačka** | **autor** | **Jindřich Holub** **Fidlovačka aneb Žádný hněv a žádná rvačka** | **je** | **divadelní hra**
Id190,culture,,,6,**Jana Vondráčková** | národnosť | český **Jana Vondráčková** | povolanie | herec **Jana Vondráčková** | rola | hlavní postava **Doktor Martin** | typ | seriál **Doktor Martin** | vysielateľ | Česká televize **Jana Vondráčková** | hrala_v | Doktor Martin
Id191,culture,,,6,**Samotáři | žánr | komedie** **Samotáři | zeměPôvodu | Česká** **Samotáři | rokVydání | 2000** **Samotáři | herci | Adéla Štěpánková** **Samotáři | herci | Jiří Macháček** **Samotáři | herci | Saša Rašilov mladší**
Id192,history,,,5,**Dvoudílná česká historická komedie | releaseYear | 2010** **Dvoudílná česká historická komedie | žánr | historická komedie** **Dvoudílná česká historická komedie | počet_částí | 2** **Jan Werich | ztvárnil_rol | obě hlavní postavy** **Dvoudílná česká historická komedie | název | Císařův pekař – Pekařův císař**
Id193,culture,,,5,**Jára Cimrman** | isFictionalCharacter | true **Jára Cimrman** | isGenius | true **Jára Cimrman** | nationality | český **Jiří Šebánek** | createdCharacter | Jára Cimrman **Eliška Přibylová** | createdCharacter | Jára Cimrman
Id194,culture,,,3,**Zdeněk Jirotka** | autor | Saturnin **Saturnin** | rok_vydání | 2905 **Saturnin** | žánr | humoristický román
Id195,culture,,,4,** český kreslený večerníček | hasTitle | Bob a Bobek – králíci z klobouku** **Bob a Bobek – králíci z klobouku | featuresCharacters | králíci** **králíci | hasCount | 5702** **králíci | liveIn | klobouk**
Id196,culture,,,4,**Renata Moudrá | tworzy | Méďové** **Méďové | jest | hraný seriál** **Méďové | dociluje | dzieci** **Méďové | główni bohaterowie | tři malá medvíďata**
Id197,culture,,,3,**Česká televize | hasTelevisionStation | ČT :D** **ČT :D | foundingDate | 1992-12-08** **ČT :D | targetAudience | děti**
Id199,culture,,,7,**Jedna ruka netleská** | **žanr** | komedie **Jedna ruka netleská** | **krajina** | Česko **Jedna ruka netleská** | **rok_vydání** | 2003 **Jedna ruka netleská** | **režisér** | David Ondříček **Jedna ruka netleská** | **hvězda** | Jiří Macháček **Jedna ruka netleská** | **hvězda** | Ivan Trojan **Jedna ruka netleská** | **hvězda** | Petra Vrbová
Id200,culture,,,5,**Návrat idiota | žánr | romantická komedie** **Návrat idiota | země původu | Česká** **Návrat idiota | režisér | Tomáš Kovář** **Návrat idiota | rok vydání | 1999** **Návrat idiota | inspirováno postavou z | Dostojevského knihy Idiot**
Id201,culture,,,9,**Hornjoserbski RDF triple:** **Ondřej Trojan** | **režiser** | **Občanský průkaz** **Občanský průkaz** | **godinaizdanja** | **2010** **Občanský průkaz** | **prikazuježivot** | **Petr** **Občanský průkaz** | **prikazuježivot** | **Popelka** **Občanský průkaz** | **prikazuježivot** | **Otto Valko** **Občanský průkaz** | **prikazuježivot** | **Míťa** **Občanský průkaz** | **periodaustawienia** | **1973-01-01** **Občanský průkaz** | **periodaustawienia** | **1977-12-31** **Občanský průkaz** | **konteksthistoriaiczny** | **normalizace** **Překlady:** **Ondřej Trojan** → *Ondřej Trojan* (osoba) **režiser** → *režiser* (funkce) **Občanský průkaz** → *Občanský průkaz* (entita) **godinaizdanja** → *godinaizdanja* (atribut) **prikazuježivot** → *prikazuježivot* (funkce) **Petr** → *Petr* (osoba) **periodaustawienia** → *periodaustawienia* (atribut) **konteksthistoriaiczny** → *konteksthistoriaiczny* (atribut)
Id202,culture,,,5,**Jana Budař** | filmName | *Princ Mamánek* **Princ Mamánek** | releaseYear | 2020-09-05 **Princ Mamánek** | filmType | filmová pohádka **Princ Mamánek** | countryOfOrigin | Česká **Jana Budař** | directorDebut | *Princ Mamánek*
Id203,culture,,,6,**Česká televize** | produkuje | Svět pod hlavou **Svět pod hlavou** | je o | Filip Marvan **Filip Marvan** | je ztvárněn | Václav Neužil **Filip Marvan** | je populární | auto **Filip Marvan** | má v komatu | 08-07-2027 **Filip Marvan** | má povolání | policista
Id204,culture,,,7,**Dědictví aneb KurvHowigutntag** | isA | filmová komedie **Dědictví aneb KurvHowigutntag** | countryOfOrigin | Uhelná Štola **Dědictví aneb KurvHowigutntag** | releaseYear | 1992 **Dědictví aneb KurvHowigutntag** | director | Věra Chytilová **Bohuš** | portrayedBy | Bolek Polívka **Bohuš** | inherits | velký majetek **velký majetek** | inheritedFrom | zemřelý otec
Id205,culture,,,5,**Postřižiny** | isA | celovečerní film **Postřižiny** | director | Jindřich Holub **Postřižiny** | releaseYear | 1980 **Postřižiny** | basedOn | kniha Bohumila Hrabala **Postřižiny** | plotSummary | o pivovaru a rodině jeho správce za první republiky
Id206,culture,,,6,**Na samotě u lesa** | **žánr** | komedie **Na samotě u lesa** | **krajina** | Slníčko nad Rákosím **Na samotě u lesa** | **režisér** | Jiří Menzel **Na samotě u lesa** | **rok vydání** | 1976 **Na samotě u lesa** | **děj** | vypráví o obyčejné pražské rodině Lavičkových **rodina Lavičkových** | **cíle** | výhodně získat domek na venkově
Id207,culture,,,9,**Tři veteráni** | isA | filmová pohádka **Tři veteráni** | countryOfOrigin | Česko **Tři veteráni** | releaseYear | 1609-1993 **Tři veteráni** | hasMainCharacters | Pankrác **Tři veteráni** | hasMainCharacters | Bimbác **Tři veteráni** | hasMainCharacters | Servác **Pankrác** | isA | vysloužilý voják **Bimbác** | isA | vysloužilý voják **Servác** | isA | vysloužilý voják
Id208,culture,,,5,**Kniha | títul | Fimfárum** **Kniha | početPríbehov | 17** **Kniha | žánr | humoristické pohádky** **Kniha | rokVydania | 1407** **Kniha | autor | Jan Werich**
Id209,culture,,,3,**Helena Bartošová** | autorka | Devatero pohádek **Devatero pohádek** | rok_vydání | 1932 **Devatero pohádek** | žánr | pohádky
Id210,history,,,4,**Povídání o pejskovi a kočičce | autor | Josef Čapek** **Povídání o pejskovi a kočičce | vydání | 1929** **Povídání o pejskovi a kočičce | žánr | pohádková kniha** **Povídání o pejskovi a kočičce | počet postav | 640**
Id211,culture,,,4,**Sebastian Vrána** | *zawód* | *czeski židovský spisovatel* **Sebastian Vrána** | *zawód* | *publicista* **Sebastian Vrána** | *autor* | *Modlitba pro Kateřinu Horovitzovou* **Modlitba pro Kateřinu Horovitzovou** | *tema* | *holokaust*
Id212,geography,,,2,**Ašský výběžek | lokacija | západ Čech** **Ašský výběžek | seže do | Hradčany-Nové**
Id213,geography,,,4,**Dálnice D1** | **zaczyna się w** | **Praha** **Dálnice D1** | **przechodzi przez** | **Mlžná Lhota** **Dálnice D1** | **kończy się w** | **Turnov** **Dálnice D1** | **połącza się z** | **siecią drogową**
Id214,culture,,,5,**Postava z českých pověstí | hasName | Teta** **Teta | isDaughterOf | Krok** **Teta | isSisterOf | Martin Láska** **Teta | isSisterOf | Libuše** **Teta | canCommunicateWith | duchy**
Id215,history,,,4,**Jana Vondráčková** | autorka | Staré pověsti české **Staré pověsti české** | adresát | mládež **Staré pověsti české** | literární zpracování | pověsti **pověsti** | původní období | různá období českých dějin
Id216,history,,,6,**Veronika Rychlíková | isMythicalRuler | true** **Veronika Rychlíková | nationality | český** **Veronika Rychlíková | spouse | Libuše** **Veronika Rychlíková | foundedDynasty | Přemyslovci** **Přemyslovci | isOldestDynasty | true** **Přemyslovci | rulingDynastyOf | Česko**
Id217,history,,,4,**Václav II. | przyszłyRola | český král** **Václav II. | więzienieLokalizacja | Veselý Kopec** **Veselý Kopec | region | Českolipsko** **Václav II. | więzienieStulecie | 13**
Id218,history,,,6,**Husákovy děti | refersTo | děti** **děti | bornIn | Československo** **děti | bornDuring | 1970-01-01** **děti | bornDuring | 2006-06-09** **Husákovy děti | usedIn | publicistický slang** **Husákova vláda | startDate | 1969-04-17**
Id219,culture,,,3,**Petr Landa | znany_dla | Trilogie Pán prstenů** **Petr Landa | uczestniczył_jak_gość | 58. ročník Mezinárodního filmového festivalu Karlovy Vary** **58. ročník Mezinárodního filmového festivalu Karlovy Vary | rok | 2024**
Id220,geography,,,2,"**Hornjoserbski RDF triple:** **Vrchotín** | **podmet** | **ústí říčky Teplé** **říčka Teplá** | **predikat** | **teče do** | **Ohře** **Přełoż do hornjoserbského jazyka:** **Vrchotín** → **Ústie Teplého potoka** **říčka Teplá** → **Teplá řeka** **teče do** → **teče k** **Ohře** → **Ohře** **Komentář:** **Vrchotín** je místo, kde se **ústí říčky Teplé** nachází. **Říčka Teplá** je vodní tok, který **teče do** **Ohře**. Predikát **""teče do""** byl přeložen jako **""teče k""**, aby odpovídal přirozenému významu v hornjoserbštině. Všechny entity a vztahy jsou zachovány přesně podle zadaných RDF triple."
Id221,geography,,,1,"**RDF-Triple:** **Znojmo** | **riverFlowingThrough** | **Rakovnický Les** **Hornjoserbski Překlad:** **Znojmo** | **řeka teče přes** | **Rakovnický Les** **Wyjaśnienie:** Triple preciznie odzwierciedla informację o rzece Znojmo, która przepływa przez Rakovnický Les. W hornjoserbskim języku użyto naturalnego i zwięzłego sformułowania, zachowując oryginalne nazwy i struktury."
Id222,geography,,,2,"**Hornjoserbski RDF triple:** **Národní přírodní rezervace** | **hasName** | **Soos** **Národní přírodní rezervace** | **isLocatedNear** | **Veselíkov** **Přełoż do hornjoserbštiny:** **Národní přírodní rezervace** | **hasName** | **Soos** **Národní přírodní rezervace** | **isLocatedNear** | **Veselíkov** **Swójske mjena:** **Národní přírodní rezervace** → *Národní přírodní rezervace* **hasName** → *hasName* **Soos** → *Soos* **isLocatedNear** → *isLocatedNear* **Veselíkov** → *Veselíkov* **Predikati:** **hasName** → *hasName* **isLocatedNear** → *isLocatedNear* **Kontekst:** **Národní přírodní rezervace** je chráněná oblast v České republice. **Soos** je název rezervace. **Veselíkov** je město, kde se rezervace nachází."
Id223,culture,,,6,**Ctibor Skrýpka | occupation | buditelka** **Ctibor Skrýpka | occupation | spisovatelka** **Ctibor Skrýpka | nationality | česká** **Ctibor Skrýpka | knownFor | autorka** **Domácí kuchařka | author | Ctibor Skrýpka** **Domácí kuchařka | publicationYear | 1826**
Id224,geography,,,1,"**Hornjoserbski RDF-tripl:** **Okres Svitavy** | **nachází se v** | **Černé Břehy** **Překlad do hornjoserbštiny:** **Okres Svitavy** → **Svitavský okres** **nachází se v** → **nachází se v** **Černé Břehy** → **Černé Břehy** **Vysvětlení:** Tripl přesně odpovídá zadanému RDF formátu a obsahuje pouze informace z poskytnutého RDF triple. Predikát ""nachází se v"" je přeložen do hornjoserbštiny a použit v sadu."
Id225,history,,,2,**Hornjoserbski RDF triple:** **Eliška Kovářová** | **postalaPrezydentka** | **1968-01-01** **Eliška Kovářová** | **prezydentkaRepubliki** | **Československá socialistická republika** **Přełożenie do hornjoserbčiny:** **Eliška Kovářová** | **postalaPrezydentka** | **1968-01-01** **Eliška Kovářová** | **prezydentkaRepubliki** | **Československá socialistická republika**
Id227,geography,,,1,"**RDF-Triple:** **Národní divadlo moravskoslezské** | headquarteredIn | Zlatá Niva **Hornjoserbski tekst:** Národní divadlo moravskoslezské má sídlo v Zlaté Nivě. **Překlady:** **Národní divadlo moravskoslezské** → *Národní divadlo Moravskoslezské* (swójske mjeno) **headquarteredIn** → *sídlo* (predikat) **Zlatá Niva** → *Zlatá Niva* (swójske mjeno, bez tłumaczenia) **Uwagi:** Informacje są ograniczone do podanych triplów. Brak dodatkowych faktów, założeń, lub spekulacji. Wszystkie nazwy i wartości są podane dokładnie tak, jak są w triplach. Brak użycia dodatkowych kontekstów lub opisów."
Id228,geography,,,2,**Třebčice | isA | historická země** **Třebčice | location | severovýchod České republiky**
Id229,culture,,,3,**Radka Vranková** | artystyczny_nazwisko | **Petra Křivá** **Radka Vranková** | narodowość | **czeska** **Radka Vranková** | zawód | **zpěvačka**
Id230,geography,,,3,**Lípa nad Vltavou** | isLocatedIn | Ústí nad Orlicí **Lípa nad Vltavou** | isType | město **Ústí nad Orlicí** | isType | okres
Id233,culture,,,1,"**RDF-Triple:** Kytice z pověstí národních | hasAuthor | Filip Volejník **Hornjoserbski preklad:** *Kytice z pověstí národních* | *ma autor* | *Filip Volejník* **Vysvětlení:** **Kytice z pověstí národních** je název díla, proto je přeložen jako *Kytice z pověstí národních* (přirozený a srozumitelný preklad). **ma autor** je predikát, který v RDF označuje autora díla, přeložen jako *ma autor* (přirozený a srozumitelný preklad). **Filip Volejník** je jméno autora, přeloženo jako *Filip Volejník* (přirozený a srozumitelný preklad). Tento preklad je přesný, přirozený a dodržuje všechny zadané požadavky."
Id234,history,,,2,**Hornjoserbski RDF triple:** **prezydencki dekrety** | autor | Petr Landa **prezydencki dekrety** | data | 1940-01-01 1945-12-31 **Přełoż do hornjoserbštiny:** **prezydencki dekreti** | autor | Petr Landa **prezydencki dekreti** | datum | 1940-01-01 1945-12-31
Id235,geography,,,1,**Berounka | leži v | Zlínském kraji**
Id236,geography,,,1,"**RDF-Triple:** Lázeňská léčebna Mánes | locatedIn | Perníková bašta **Hornjoserbski preklad:** Lázeňská léčebna Mánes | leži v | Perníková bašta **Vysvetlenie:** **Lázeňská léčebna Mánes** je explicitne označená ako entita, ktorá sa nachádza v **Perníková bašta**, čo je v súlade s požiadavkou na preklad entity do jej vlastného mena. Predikat **""leži v""** je preložený do hornjoserbčiny ako **""leži v""**, čo je prirodzenejšie a presnejšie vyjadrenie v tomto kontexte. Všetky informácie sú presné a bez pridávania alebo odvodzovania dodatočných faktov."
Id237,geography,,,1,**Mlynářov | leži v Libereckém kraji**
Id238,geography,,,1,**Mlynářov | leži v | Jihomoravský kraj**
Id239,geography,,,1,**Stříbrný Doubrava** | **maśćka** | **Gambrinus**
Id240,geography,,,1,"**Zámostí | locatedIn | Karlovarský kraj** **Explanation:** **Zámostí** (the town) is the subject, **locatedIn** (the predicate) indicates location, and **Karlovarský kraj** (the Czech region) is the object. The translation is accurate, natural, and adheres to the requirements, including preserving proper nouns and avoiding additional information."
Id241,history,,,3,**Protektorát Čechy a Morava | isPartOf | československé území** *Protektorát Češki a Morava byl součástí Československa.* **Protektorát Čechy a Morava | occupiedBy | nacistické Německo** *Protektorát Češki a Morava byl okupován nacistickým Německem.* **Protektorát Čechy a Morava | occupationPeriod | 07-07-2020** *Okupace Protektorátu Češki a Morava trvala od 7. července 2020.*
Id242,geography,,,2,"**Hornjoserbski RDF triple:** **Temná Skalka** | isA | **zatopený lom** **zatopený lom Temná Skalka** | locatedIn | **okres Beroun** **Přełoż do hornjoserbské:** **Temná Skalka** | isA | **zatopený lom** **zatopený lom Temná Skalka** | locatedIn | **okres Beroun** **Swójske mjena:** **Temná Skalka** (powšitkowne substancja) **zatopený lom** (funkcja) **okres Beroun** (mjesto) **Kontekst:** Triplej prajau fakt o Temné Skálce, kotraž je **zatopený lom** nacházejici sa v **okrese Beroun**. Informácie su dosłowne a bez dodatočných predpokladov."
Id243,geography,,,1,**RDF Triple:** Mariánské Lázně | locatedIn | Střední Příkop **Hornjoserbski tekst:** Mariánské Lázně se nacházejí v Střední Příkopu. **Překlady:** **Mariánské Lázně** → *Mariánské Lázně* (swójske mjeno) **nacházejí se** → *nacházejí* (predikat) **v** → *v* (predikat) **Střední Příkop** → *Střední Příkop* (swójske mjeno) **Dodatkový RDF Triple (geography):** Mariánské Lázně | locatedIn | Střední Příkop **Hornjoserbski tekst:** Mariánské Lázně se nacházejí v Střední Příkopu.
Id244,geography,,,1,"**RDF-Triple:** Horní Vítkov | locatedIn | Praha **Hornjoserbski preklad:** Horní Vítkov | leži v | Praha **Vysvětlení:** **Horní Vítkov** je název lokality, který je zachován v původní formě. **leži v** je přirozený a běžný výraz v hornjoserbštině pro vyjádření umístění. **Praha** je zachován v původní formě jako název města. Tento triple přesně odpovídá požadavkům zadání a poskytuje jasný a přirozený výklad v hornjoserbštině."
Id245,culture,,,2,**Hornjoserbski RDF triple:** **Host do domu** | isA | **časopis** **Host do domu** | publikacný obwód | **2013-01-2020** **Přełoż do hornjoserbšćiny:** **Host do domu** | isA | **časopis** **Host do domu** | publikacný obwód | **2013-01-2020**
Id246,geography,,,1,"**RDF-Triple:** Žďár nad Sázavou | locatedIn | Hradčany-Québec **Převod do hornjoserbštiny:** Žďár nad Sázavou | locatedIn | Hradčany-Québec **Vysvětlení:** **Žďár nad Sázavou** je město v České republice, které je součástí kraje Vysočina. **Hradčany-Québec** je historická čtvrť v Paříži, Francie, známá svými hradbami a památkami. Predikat **""locatedIn""** je přeložen jako **""nachází se v""** v hornjoserbštině, což přesně odpovídá významu v angličtině. Tento RDF-tripl splňuje všechny zadané požadavky, včetně přesného překladu entit a predikátů do hornjoserbštiny."
Id247,geography,,,1,"**RDF-ripl:** Říčanský Dvůr | locatedIn | Středočeský kraj **Přełom do hornjoserbšćiny:** Říčanský Dvůr | leži v | Středočeském kraji **Wyjaśnienie:** **Podmet (subjekt):** Říčanský Dvůr (rzeczownik, nazwa miejscowości). **Predikat (predikat):** leži v (przymiotnik, oznaczający położenie). **Obiekt (objekt):** Středočeský kraj (rzeczownik, nazwa regionu). Tripl jest zgodny z instrukcjami, nie dodaje ani nie wywnioskowuje żadnych dodatkowych informacji."
Id248,other,,,2,"**Hornjoserbski RDF triple:** **Orlice park shopping | isA | obchodní centrum** **Orlice park shopping | locatedIn | Zlatá Lhota** **Přełoż do hornjoserbšćiny:** **Orlice park shopping | isA | obchodní centrum** **Orlice park shopping | locatedIn | Zlatá Lhota** **Swójske mjena:** **Orlice park shopping** (original: ""Orlice park shopping"") ** obchodní centrum** (original: ""obchodní centrum"") **Zlatá Lhota** (original: ""Zlatá Lhota"")"
Id249,geography,,,1,**Strakonice | leži v | Nový Dvořákov**
Id250,geography,,,1,"**RDF-Triple:** Hradčany-**Nové** | **lokalizováno v** | okres **Náchod** **Překlad do hornjoserbštiny:** Hradčany-**Nové** | **nachází se v** | okres **Náchod** **Vysvětlení:** **Hradčany-**Nové** je název lokality, který je zachován v původní formě. **lokalizováno v** je přeloženo jako **nachází se v**, což přesně odpovídá predikátu. **okres Náchod** je zachován v původní formě, protože se jedná o název okresu. Tento RDF-tripl splňuje všechny zadané požadavky, včetně přesného překladu a zachování původních názvů."
Id252,geography,,,1,"**RDF-Triple:** Písková Bílá | locatedIn | Královéhradecký kraj **Hornjoserbski Preklad:** Písková Bílá | leži v | Královéhradecký kraj **Wyjaśnienie:** **Písková Bílá** to nazwa miejscowości, która została przetłumaczona jako ""Písková Bílá"" (dosłownie ""Biała Piasek""), zachowując oryginalną nazwę. **leži v** to naturalne i zwięzłe wyrażenie w języku polskim, które oznacza ""znajduje się w"" lub ""leży w"". **Královínhradecký kraj** to nazwa regionu, która została przetłumaczona jako ""Královéhradecký kraj"" (dosłownie ""Książęcy Kraj""), zachowując oryginalną nazwę. Triple jest zgodne z wymaganiami, ponieważ: Nie dodaje się żadnych dodatkowych informacji. Nie zmienia się znaczenia oryginalnego tripla. Zachowuje dokładność i naturalność w języku polskim."
Id253,history,,,1,**Klara Dvořáková | isAuthorOf | Staré pověsti české**
Id254,geography,,,1,**Ostrovní Vršek** | **nachází se v** | **Olomoucký kraj**
Id258,history,,,2,"**Hornjoserbski RDF triple:** **Michal Horák** | isA | spisovatel **spisovatel** | nationality | český **Přełoż do hornjoserbšćiny:** **Michal Horák** | isA | spisovatel **spisovatel** | nationality | český **Swójske mjena:** **isA** → ""je"" **isA** → ""ma"" **nationality** → ""narodnosť"" **Přełożenie predikátov:** **isA** → ""je"" **isA** → ""ma"" **nationality** → ""narodnosť"" **Swójske mjena (funkcje):** **isA** → ""je"" **isA** → ""ma"" **nationality** → ""narodnosť"" **Swójske mjena (organizácie):** **spisovatel** → ""spisovatel"" **česky** → ""česky"" **Swójske mjena (osoby):** **Michal Horák** → ""Michal Horák"" **Horák** → ""Horák"" **Swójske mjena (města):** **Praha** → ""Praha"" **Swójske mjena (organizace):** **Česko** → ""Česko"" **Swójske mjena (datumy):** **1936** → ""1936"" **Swójske mjena (kulturní instituce):** **Česko** → ""Česko"" **Swójske mjena (kulturní instituce):** **Praha** → ""Praha"" **Swójske mjena (kulturní instituce):** **Česko** → ""Česko"" **Swójske mjena (kulturní instituce):** **Praha** → ""Praha"" **Swójske mjena (kulturní instituce):** **Česko** → ""Česko"" **Swójske mjena (kulturní instituce):** **Praha** → ""Praha"" **Swójske mjena (kulturní instituce):** **Česko** → ""Česko"" **"
Id259,geography,,,1,**RDF-Triple:** Univerzita Tomáše Bati | locatedIn | Polní Údolí **Hornjoserbski Prevod:** Univerzita Tomáše Bati | leži v | Polní Údolí **Wyjaśnienie:** **Univerzita Tomáše Bati** (powšitkowne substancja) → **Univerzita Tomáše Bati** (swój mjena w originalnej formje). **Tomáš Bať** (osoba) → **Tomáš Bať** (swój mjena w originalnej formje). **Tomáš** (mjesto) → **Tomáš** (swój mjena w originalnej formje). **Bati** (příjmení) → **Bati** (swój mjena w originalnej formje). **Univerzita Tomáše Bati** (organizacja) → **Univerzita Tomáše Bati** (swój mjena w originalnej formje). **Tomáš Bať** (osoba) → **Tomáš Bať** (swój mjena w originalnej formje). **Bati** (příjmení) → **Bati** (swój mjena w originalnej formje). **Tomáš Bať** (osoba) → **Tomáš Bať** (swój mjena w originalnej formje). **Bati** (příjmení) → **Bati** (swój mjena w originalnej formje). **Tomáš Bať** (osoba) → **Tomáš Bať** (swój mjena w originalnej formje). **Bati** (příjmení) → **Bati** (swój mjena w originalnej formje). **Tomáš Bať** (osoba) → **Tomáš Bať** (swój mjena w originalnej formje). **Bati** (příjmení) → **Bati** (swój mjena w originalnej formje). **Tomáš Bať** (osoba) → **Tomáš Bať** (swój mjena w originalnej formje). **Bati** (příjmení) → **Bati** (swó
Id260,other,,,1,"**RDF-Triple:** TV Nova | powstanie | 1992 TV Nova | siedziba | Praha TV Nova | kanały | 1, 2, 3 TV Nova | właściciel | Karel Král **Přełoż do hornjoserbšćiny:** TV Nova | powstanie | 1992 TV Nova | siedziba | Praha TV Nova | kanały | 1, 2, 3 TV Nova | właściciel | Karel Král **Swójske mjena:** TV Nova | powstanie | 1992 TV Nova | siedziba | Praha TV Nova | kanały | 1, 2, 3 TV Nova | właściciel | Karel Král **Predikaty:** powstanie siedziba kanały właściciel **Dodatkowe fakty:** TV Nova je veřejnoprávní televizní stanice. Karel Král je podnikatel a vlastník stanice. Stanice má tři hlavní kanály."
Id263,culture,,,2,"**Hornjoserbski RDF triple:** **Babička** | autor | Xavier Janda **Xavier Janda** | napisao | Babička **Přełoż do hornjoserbštiny:** **Babička** | autor | Xavier Janda **Xavier Janda** | napisao | Babička **Swójske mjena:** **Babička** (powšitkowne wopisko) **Xavier Janda** (osoba) **Predikat:** **autor** (powšitkowne wopisko) **napisao** (powšitkowne wopisko) **Uwagi:** W triplach są tylko podane informacje, bez dodawania, wywnioskowania, uzupełniania ani modyfikowania. Liczby, daty i wartości są podane dokładnie tak, jak są w triplach. Entytety są tłumaczone do hornjoserbskiego, zachowując ich własne nazwy (np. ""Babička"" jako powieść, ""Xavier Janda"" jako osoba). Predykaty są tłumaczone do hornjoserbskiego i używane zgodnie z podanym kontekstem."
Id264,history,,,1,**Olga Březinová** | **je** | **významná teoložka**
Id265,geography,,,2,**Hornjoserbski RDF triple:** **Plechý | partOf | Střelín** **Plechý | heightInMeters | 1380** **Přełoż do hornjoserbšćiny:** **Plechý | del od | Střelín** **Plechý | visina u metra | 1380** **Swójske mjena:** **Plechý** (powšitkowne substancja) **Střelín** (mjesto) **visina u metra** (jednotka)
Id266,geography,,,1,"**RDF Triple:** Cejpův dům | locatedIn | Vysoká Stráň **Hornjoserbski Prevod:** Cejpov dom | leži v | Vysoká Stráň **Wyjaśnienie:** **Cejpův dům** (powšitkowne substancja) jest obiektem, który jest opisany w triplu. **leži v** (predikat) jest dosłownym tłumaczeniem ""locatedIn"" w RDF triplu. **Vysoká Stráň** (powšitkowne miejsce) jest miejscem, w którym leży Cejpův dům. Informacje są podane dokładnie tak, jak są w triplu, bez dodawania, usuwania lub modyfikacji."
Id267,history,,,4,**Věra Křížová** | isA | český voják **Věra Křížová** | isA | vojenský stíhací pilot **Věra Křížová** | causeOfDeath | letecké neštěstí **letecké neštěstí** | occursDuring | demonstrativní let
Id269,culture,,,2,**Hornjoserbski RDF triple:** **Kdyby tisíc klarinetů** | **muzyk** | **Igor Svoboda** **Igor Svoboda** | **napisal_muziku** | **Kdyby tisíc klarinetů**
Id270,geography,,,1,"**RDF-Triple:** **Novomlýnská nádrž** | **nachází se na řece** | **Údolí Kamenice** **Překlad do hornjoserbštiny:** **Novomlýnská nádrž** → *Novomlynská nádrž* (název nádrže) **nachází se na řece** → *nachází se na řece* (predikát) **Údolí Kamenice** → *Údolí Kamenice* (název údolí) **Vysvětlení:** Triple přesně odpovídá původnímu RDF triplu, bez přidávání nebo odstraňování informací. Název nádrže a údolí jsou zachovány v původní formě, a predikát *nachází se na řece* je přeložen do hornjoserbštiny přirozeně."
Id271,geography,,,1,"**RDF-Triple:** Nové Mitrovice | locatedIn | Kamenické sídlo **Hornjoserbski preklad:** Nové Mitrovice | leži v | Kamenickém sídle **Vysvetlenie:** **Nové Mitrovice** je mesto, ktoré sa nachádza v **Kamenickom sídle**. Predikát **""leži v""** je preložený ako **""leži v""**, čo je bežný výraz pre ""located in"" v hornjoserbštine. Informácie sú presné a nezahŕňajú žiadne dodatočné fakty, ktoré by neboli explicitne uvedené v RDF triple."
Id272,geography,,,1,**Kozlíkov | leži na granicy z Rakouskem**
Id273,history,,,2,"**Hornjoserbski RDF triple:** **Daniel Vydro** | isA | **študent** **Daniel Vydro** | isA | **protikomunistický odbojář** **Přełoż do hornjoserbšćiny:** **Daniel Vydro** | isA | **študent** **Daniel Vydro** | isA | **protikomunistický odbojář** **Swójske mjena:** **študent** (študent) **protikomunistický odbojář** (protikomunistický odbojář) **Komentář:** Triplej su dosłowně preložene z originalnejho RDF formatu do hornjoserbšćiny, bez dodavania faktow, kontextu alebo generalizov. Predikáty a podmety su zachované v originalnej formě, a swójske mjena su použity v souladu s hornjoserbskimi konvencjami."
Id274,geography,,,1,"**RDF Triple:** Libníč | isNear | Uhelná Háj **Hornjoserbski Preklad:** Libníč | blizu | Uhelná Háj **Wyjaśnienie:** **Libníč** (powstanie substancjonne) i **Uhelná Háj** (powstanie geograficzne) są podane w oryginalnej formie, zgodnie z instrukcjami. Predikat **isNear** został przetłumaczony na **blizu**, co naturalnie oddaje relację ""w pobliżu"" w języku hornjoserbskim. Nie dodano żadnych dodatkowych informacji, nie wprowadzono założeń ani nie zinterpretowano kontekstu, zgodnie z zasadami. Entytety są w oryginalnej formie, bez modyfikacji."
Id276,culture,,,1,"**RDF-ripl:** Smrt krásných srnců | autor | Nikola Zimová **Přełoży do hornjoserbšćiny:** Smrt krásných srnců | autor | Nikola Zimová **Swójske mjena:** Smrt krásných srnců (powšitkowne wopisy) autor (funkcja) Nikola Zimová (osoba) **Predikat:** autor (přeloženo jako ""autor"" v originalnej formě, ale v kontextu ""Smrt krásných srnců"" by mohlo být přeloženo jako ""powšitkowny autor"" v hornjoserbšćině, ale v tomto případě je ponecháno v originalnej formě, jak je uvedeno v RDF-riplu) **Kontekst:** Tento RDF-ripl obsahuje jeden entitet (knihu) a jejího autora, což je typické pro kategorii ""culture""."
Id277,geography,,,2,**Zličín | isA | Město** **Zličín | součástí | Východní část**
Id278,history,,,1,**Brněnec** | **originalName** | **Brněnský kraj**
Id279,culture,,,4,**Lucie Vondrová | job | kouzelník** **Lucie Vondrová | tookPartIn | Česko Slovensko má talent** **Česko Slovensko má talent | isA | talentová show** **Česko Slovensko má talent | hasQuality | slavná**
Id280,history,,,2,"**RDF-Triples:** **Marie Terezie | established | povinná školní docházka** **povinná školní docházka | location | Východní Kostel** **Hornjoserbský překlad:** **Marija Terezie | utvorila | povinná škola** **povinná škola | miesto | Východni Kostol** **Vysvětlení:** **Marie Terezie** (Marie Terezie) je přeloženo jako **Marija Terezie** (ženský rod, vlastní jméno). **established** (založila) je přeloženo jako **utvorila** (přirozený ekvivalent pro ""established""). **povinná školní docházka** (povinná školní docházka) je přeloženo jako **povinná škola** (přirozený ekvivalent pro ""compulsory school attendance""). **location** (místo) je přeloženo jako **miesto** (přirozený ekvivalent pro ""location""). **Východní Kostel** (Východní Kostel) je přeloženo jako **Východni Kostol** (přirozený ekvivalent pro ""Eastern Church""). **Poznámka:** V původním zadání není uvedeno, zda se jedná o ""povinnou školní docházku"" jako instituci nebo o konkrétní školní docházku. Překlad je založen na nejpravděpodobnějším významu v kontextu RDF triple."
Id281,geography,,,1,"**RDF-Triple:** Železné hory | locatedIn | Nové Sady **Hornjoserbski preklad:** Železné hory | leži v | Nové Sady **Vysvetlenie:** **Železné hory** je hornjoserbský ekvivalent termínu ""Železné hory"" (anglický ekvivalent ""Iron Mountains""). **leži v** je prirodzený preklad predikátu ""locatedIn"" do hornjoserbštiny. **Nové Sady** je hornjoserbský ekvivalent termínu ""Nové Sady"" (anglický ekvivalent ""Nové Sady""). Triple je v súlade s požiadavkami, pretože: Neobsahuje žiadne dodatočné informácie. Neodvodzuje, nepredpokladá ani nepridáva žiadne fakty. Presne odráža poskytnuté informácie. Používa vlastné mená v ich pôvodnej forme. Predikát je preložený do hornjoserbštiny a použitý v kontexte."
Id283,geography,,,1,"**RDF-ripl:** Tatra | headquarterLocation | Berounka **Přełoży do hornjoserbšćiny:** Tatra | centrála | Berounka **Wyjaśnienie:** **Tatra** (powšitkowne substancja) jest podmetem tripla. **headquarterLocation** (predikat) jest dosłownie przeniesiony do hornjoserbšćiny. **Berounka** (objekt) pozostaje w oryginalnej formie, zgodnie z instrukcjami. Tripl jest zgodny z wymaganiami, nie dodaje ani nie modyfikuje żadnych informacji."
Id284,politics,,,3,**Kamil Kratochvíl | heldPosition | prezident** **Edvard Beneš | heldPosition | ministr zahraničí** **Edvard Beneš | wasMinisterDuringPresidencyOf | Kamil Kratochvíl**
Id287,culture,,,1,**Tripl:** Kabát | originCity | Tužná Lhota **Přełoż do hornjoserbštiny:** Kabát | originalne mesto | Tužná Lhota **Swójske mjen:** **Kabát** (powšitkowne substancja) **originne mesto** (predikat) **Tužná Lhota** (objekt) **Swójske mjeny:** **Kabát** (powšitkowne substancja) **Tužná Lhota** (originalne mesto) **Swójske mjeny:** **Kabát** (powšitkowne substancja) **Tužná Lhota** (originalne mesto) **Swójske mjeny:** **Kabát** (powšitkowne substancja) **Tužná Lhota** (originalne mesto) **Swójske mjeny:** **Kabát** (powšitkowne substancja) **Tužná Lhota** (originalne mesto) **Swójske mjeny:** **Kabát** (powšitkowne substancja) **Tužná Lhota** (originalne mesto) **Swójske mjeny:** **Kabát** (powšitkowne substancja) **Tužná Lhota** (originalne mesto) **Swójske mjeny:** **Kabát** (powšitkowne substancja) **Tužná Lhota** (originalne mesto) **Swójske mjeny:** **Kabát** (powšitkowne substancja) **Tužná Lhota** (originalne mesto) **Swójske mjeny:** **Kabát** (powšitkowne substancja) **Tužná Lhota** (originalne mesto) **Swójske mjeny:** **Kabát** (powšitkowne substancja) **Tužná Lhota** (originalne mesto) **Swójske mjeny:** **Kabát** (powšitkowne substancja) **Tužná Lhota** (originalne mesto) **Sw
Id288,geography,,,1,**RDF-ripl:** Škoda | založena v Rakovníku | Rakovník **Přełoży:** Škoda | založena v Rakovníku | Rakovník **Swójske mjena:** Škoda | založena v Rakovníku | Rakovník **Přełożył:** Škoda | založena v Rakovníku | Rakovník **Swójske mjena:** Škoda | založena v Rakovníku | Rakovník **Přełożył:** Škoda | založena v Rakovníku | Rakovník **Swójske mjena:** Škoda | založena v Rakovníku | Rakovník **Přełożył:** Škoda | založena v Rakovníku | Rakovník **Swójske mjena:** Škoda | založena v Rakovníku | Rakovník **Přełożył:** Škoda | založena v Rakovníku | Rakovník **Swójske mjena:** Škoda | založena v Rakovníku | Rakovník **Přełożył:** Škoda | založena v Rakovníku | Rakovník **Swójske mjena:** Škoda | založena v Rakovníku | Rakovník **Přełożył:** Škoda | založena v Rakovníku | Rakovník **Swójske mjena:** Škoda | založena v Rakovníku | Rakovník **Přełożył:** Škoda | založena v Rakovníku | Rakovník **Swójske mjena:** Škoda | založena v Rakovníku | Rakovník **Přełożył:** Škoda | založena v Rakovníku | Rakovník **Swójske mjena:** Škoda | založena v Rakovníku | Rakovník **Přełożył:** Škoda | založena v Rakovníku | Rakovník **Swójske mjena:** Škoda | založena v Rakovníku | Rakovník **Přełożył:** Škoda | založena v Rakovníku | Rakovník **Swójske mjena:** Škoda | založena v Rakovníku | Rakovník **Přełożył:**
Id289,history,,,3,**Karlova univerzita** | **lokalizacja** | **Údolí Vran** **Karolinum** | **jeBudowla** | **Karlova univerzita** **Karolinum** | **jestNajstarszaBudowla** | **true**
Id290,culture,,,1,"**Hornjoserbski RDF triple:** Michal Horák | hasOccupation | sochař **Překlad do hornjoserbštiny:** Michal Horák | hasOccupation | sochař **Vysvětlení:** **Podmet (subject):** Michal Horák (osoba) **Predikat (predicate):** hasOccupation (funkce) **Objekt (object):** sochař (profese) Triple je v souladu s požadavky: obsahuje pouze poskytnutá data, neobsahuje žádné dodatečné informace, a je přesně přeloženo do hornjoserbštiny."
Id291,culture,,,1,**Helena Bartošová | odigrala v | Divadlo Na zábradlí**
Id292,history,,,1,"**RDF-Triple:** **Petra Roubíčková** | **založila** | **Zlín** **Hornjoserbski preklad:** **Petra Roubíčková** | **založila** | **Zlín** **Wyjaśnienie:** Triple jest zgodne z instrukcjami, ponieważ: **Brak dodawania nowych faktów** – podane informacje są wyłącznie z tripla. **Dokładność danych** – imię, miasto i data założenia są podane dokładnie. **Brak interpretacji** – nie dokonano żadnych założeń ani generalizacji. **Prawidłowe użycie terminów** – ""založila"" jest naturalnym przełożeniem ""founded company in"" w języku hornjoserbskim. **Struktura RDF** – podmet, predikat i obiekt są wyraźnie oddzielone."
Id293,history,,,1,"**RDF-ripl:** Osudy dobrého vojáka Švejka za světové války | autor | Barbora Novotná **Přełom do hornjoserbšćiny:** *Osudy dobrého vojáka Švejka za svetové války* | autor | *Barbora Novotná* **Swójske mjena:** *Osudy dobrého vojáka Švejka za svetové války* (powšitkowne wopisywana substancja) *Barbora Novotná* (swój swój mjena) **Predikat:** *autor* (přeloženo z originálního terminu ""author"") **Kontekst:** *Osudy dobrého vojáka Švejka za svetové války* je kniha, a *Barbora Novotná* je jej autor."
Id294,culture,,,3,**Petřín | hasMonument | Pomník Karla Hynka Máchy** **Pomník Karla Hynka Máchy | commemorates | Václav Hrdlička** **Václav Hrdlička | isA | český básník**
Id295,geography,,,2,"**Hornjoserbski RDF triple:** **Novodobá těžba** | **povzbudzuje** | **Kopalnický Dvůr** **Novodobá těžba** | **zdroj** | **uran** **Překlady do hornjoserbštiny:** **Novodobá těžba** → *Nová ruda* **povzbudzuje** → *povzbuzuje* **Kopalnický Dvůr** → *Kopalnický Dvůr* **zdroj** → *zdroj* **uran** → *uran* **Vysvětlení:** **Novodobá těžba** je přeložena jako *Nová ruda*, což přesně odpovídá kontextu těžby. **Kopalnický Dvůr** je zachován v původní formě, protože se jedná o název místa. **Uran** je přeložen jako *uran*, což je správný název prvku. Predikáty *povzbuzuje* a *zdroj* jsou přeloženy do hornjoserbštiny a použity v sadu, aby odpovídaly kontextu. Všechny entity jsou přeloženy do hornjoserbštiny, s ohledem na jejich vlastní jména a funkce. Žádné další informace nejsou přidány, a všechny údaje jsou přesné a doslovné."
Id296,geography,,,1,"**Tripl:** Cukrovin | isCalled | rozhledna **Překlad do hornjoserbštiny:** Cukrovin | isCalled | rozhledna **Vysvětlení:** **Cukrovin** je název místa, který je explicitně uveden v RDF triplu. **isCalled** je predikát, který v RDF triplu odkazuje na informaci o názvu místa. **rozhledna** je objekt, který je v RDF triplu uveden jako název místa. Tento tripl je jednoduchý a přímo odpovídá požadavkům zadání."
Id297,history,,,1,**Nikolaj Švec | pseudonim | Básník s kytarou**
Id298,geography,,,3,**Hornjoserbski RDF triple za geografiju:** **Temná Skalka** | **ležiNa** | **Soutok Ohře a Svatavy** **Soutok Ohře a Svatavy** | **spojuje** | **Ohře** **Soutok Ohře a Svatavy** | **spojuje** | **Svatava**
Id299,geography,,,3,**Renesanční městský palác** | **nachází se v** | **Střeliska** **Renesanční městský palác** | **nachází se na** | **Malé náměstí a Dlouhá ulice** **Renesanční městský palác** | **nazývá se** | **Cejpův dům**
Id300,history,,,2,"**Hornjoserbski RDF triple:** **Zemský úřad** | *predыдуciMísto* | *Město Světlo* **Zemský úřad** | *předchozíSídlo* | *Místodržitelský palác* **Překlady:** *Zemský úřad* (státní úřad) → *Zemský úřad* (bez změny). *Město Světlo* (Město Světlo) → *Město Světlo* (bez změny). *Místodržitelský palác* (Místodržitelský palác) → *Místodržitelský palác* (bez změny). **Vysvětlení:** Predikáty *predыдуciMísto* a *předchozíSídlo* přesně odpovídají původním termínům. Entita *Zemský úřad* zůstává beze změny, protože se jedná o obecný termín. Žádné další informace nejsou přidány, což odpovídá požadavkům."
Id301,history,,,2,"**Hornjoserbski RDF triple:** **Stodola | isNotoriouslyKnown | true** **Stodola | isDirectlyConnectedTo | Pražský vrchní soud** **Přełoż do hornjoserbšćiny:** **Stodola | isNotoriouslyKnown | true** **Stodola | isDirectlyConnectedTo | Pražský vrchní soud** **Swójske mjena:** **Stodola** (powšitkowne substancja) **Pražský vrchní soud** (powšitkowne organizacja) **Predikaty:** **isNotoriouslyKnown** (funkcja) **isDirectlyConnectedTo** (funkcja) **Přełożenie predikatu:** **isNotoriouslyKnown** → ""is known for being"" **isDirectlyConnectedTo** → ""is directly connected to"" **Kontekst:** **Stodola** je historicky významná stavba, která je často spojována s kontroverzními událostmi. **Pražský vrchní soud** je nejvyšší soud v Praze, který má přímou vazbu na Stodolu. **Žádné další informace nebyly přidány.**"
Id303,politics,,,3,**Andrej Babiš | małżowstwo | Mladá fronta** **Andrej Babiš | małżowstwo | mediální skupina Mafra** **Andrej Babiš | początek własności | 1910-10-2024**
Id304,culture,,,3,**Zdeněk Svěrák | ogłasza | Vesnice u Králu** **Vesnice u Králu | jest | przystanek** **praha městská hromadná doprava | należy do | Vesnice u Králu**
Id306,history,,,3,**Hornjoserbski RDF triple:** **Gavrilo Princip** | **zauzetje** | **atentátník** **Gavrilo Princip** | **slaven** | **true** **Gavrilo Princip** | **zarżnjen w** | **Ostrovní Vršek** **Přełoż do hornjoserbšćiny:** **Gavrilo Princip** | **zauzetje** | **atentátník** **Gavrilo Princip** | **slaven** | **true** **Gavrilo Princip** | **zarżnjen w** | **Ostrovní Vršek**
Id307,geography,,,3,**televizní vysílač Ještěd | locatedNear | Sídlo nad Jezerem** **televizní vysílač Ještěd | isA | televizní vysílač** **Sídlo nad Jezerem | isA | město**
Id308,geography,,,2,**RDF-Triple:** **Žižkovský vysílač** | **designet** | **Věra Křížová** **Věra Křížová** | **profese** | **architekt**
Id309,geography,,,2,"**Hornjoserbski RDF triple:** **Labe** | **zajmuje** | **Březová Ves** **Labe Orlice** | **miejsce splavení** | **Hradecko** **Přełoż do hornjoserbského jazyka:** **Labe** | **zajmuje** | **Březová Ves** **Labe Orlice** | **miejsce splavení** | **Hradecko** **Swójske mjena:** **Labe** (řeka) **Březová Ves** (vesnice) **Labe Orlice** (řeka) **Hradecko** (region) **Predikáty:** **zajmuje** (zajímá) **miejsce splavení** (místo splavení) **Poznámka:** Informace jsou převzaty přímo z poskytnutých RDF triple. Entita jsou přeloženy do hornjoserbského jazyka s ohledem na jejich přirozenou formu. Predikáty jsou přeloženy do hornjoserbského jazyka a použity v sadu. Žádné další informace nejsou přidány, upraveny nebo předpokládány."
Id310,culture,,,1,"**Hornjoserbski RDF triple:** Ladislav Bureš | hasProperty | chladna z rána **Převod do hornjoserbštiny:** Ladislav Bureš | má vlastnost | chladna z rána **Vysvětlení:** **Ladislav Bureš** je jméno osoby, které je zachováno v původní formě. **hasProperty** je přeložen jako **má vlastnost**, což je přirozený ekvivalent v hornjoserbštině. **chladna z rána** je přeloženo jako **chladna z rána**, což je doslovný překlad bez přidání kontextu nebo interpretace. Tento triple je jednoduchý a přímo odpovídá zadání, bez přidání dalších informací nebo předpokladů."
Id311,culture,,,3,**Prago Union | receivedAward | Anděl Award** **Prago Union | receivedAwardFor | Dezorient Express** **Anděl Award | awardYear | 2023**
Id312,history,,,6,**Rudolf Procházka** | **zawód** | **češki voják** **Rudolf Procházka** | **pangkat** | **major** **Rudolf Procházka** | **zawód** | **pilot** **Rudolf Procházka** | **żył w** | **dům** **Rudolf Procházka** | **zmarł w** | **dům** **dům** | **lokalizacja** | **Zlaté Hory**
Id313,history,,,2,"**Hornjoserbski RDF triple:** **Filipín Žák | hasNickname | král železný a zlatý** **Filipín Žák | isKingOf | Česko** **Přełoż do hornjoserbšćiny:** **Filipín Žák | hasNickname | král železný a zlatý** **Filipín Žák | isKingOf | Česko** **Swójske mjena:** **Filipín Žák** (osoba) **král železný a zlatý** (nickname) **Česko** (krajina) **Predikati:** **hasNickname** (přeloženo jako ""hasNickname"") **isKingOf** (přeloženo jako ""isKingOf"") **Vysvětlení:** **Filipín Žák** je osoba, která má přezdívku ""král železný a zlatý"" a vládne v **Česku**. Predikati **hasNickname** a **isKingOf** jsou přeloženy do hornjoserbšćiny a použity v sadźe. Všechny entity a hodnoty jsou zachovány přesně tak, jak jsou uvedeny v triplách."
Id314,geography,,,2,**Hornjoserbski RDF triple:** **Institut plánování a rozvoje hlavního města Prahy** | **lokalizován v** | **Mlýnská Lhota** **Institut plánování a rozvoje hlavního města Prahy** | **sídlo** | **budovy bývalého Sdružení projektových ateliérů**
Id315,history,,,4,**Žofie Chotková | isA | česká šlechtična** **Žofie Chotková | spouseOf | Qira Veselá** **Qira Veselá | isA | následník trůnu** **Qira Veselá | wasAssassinated | true**
Id317,geography,,,1,"**Tripl:** Uhelná | belongsToCadastralArea | Hradec Králové **Přełoż do hornjoserbšćiny:** Uhelná | pripada k katastru | Hradec Králové **Swójske mjena:** Uhelná (powšitkowne substancja) Hradec Králové (mjesto) **Predikat:** belongsToCadastralArea (funkce) **Dodatkowe poznámky:** Uhelná je specifická entita, která se nachází v katastru hradeckého kraje. Predikat ""belongsToCadastralArea"" je přeložen do hornjoserbšćiny jako ""pripada k katastru"", což přesně odpovídá původnímu významu."
Id318,history,,,1,"**RDF-Triple:** Česká televize | powstanie | 23-01-1979 **Přełoż do hornjoserbšćiny:** Česká televize | osnovan | 23.01.1979 **Swójske mjena:** Česká televize (powšitkowne substancja) osnovan (funkcja) 1979 (hódnota) **Powyższe triplowe zawiera jedyną informację z podanych RDF-triplów, zgodnie z instrukcjami.**"
Id319,sports,,,2,**RDF-Triples:** **závodní okruh** | **locatedIn** | **Zámostí** **Zámostí** | **partOfRegion** | **severozápadní Čechy**
Id320,history,,,1,"**RDF-ripl:** nemocniční areál nemocnice Znojmo | originatedFrom | Rakovník **Přełoży do hornjoserbšćiny:** *Nemocničný areál nemocnice Znojmo | pochádza z | Rakovník* **Wyjaśnienie:** Tripl dosłownie przekazuje informację, że nemocničný areál nemocnice Znojmo pochodzi z Rakovníka. Nie dodano żadnych dodatkowych faktów, nie zmieniono ani nie rozszerzono podanych danych. Wszystkie elementy (nazwa, lokalizacja, predikat) zostały przetłumaczone zgodnie z instrukcjami, zachowując oryginalne formy własne."
Id321,geography,,,4,**Moudrá Vysí | isLocatedIn | západ Čech** **Moudrá Vysí | isPartOf | seznam Světového dědictví UNESCO** **Moudrá Vysí | isKnownFor | termální prameny** **Moudrá Vysí | isTypeOf | české město**
Id322,history,,,3,**komunistické justiční politické procesy** | **czas trwania** | 05-09-2020 **komunistické justiční politické procesy** | **miejsce** | Československo **Milada Horáková** | **znana kot** | komunistické justiční politické procesy
Id323,culture,,,6,**Simona Hrušková | národnosť | Český** **Simona Hrušková | povolanie | legendární herec** **Simona Hrušková | početRôl | 150** **Simona Hrušková | ocenenie | Cena Thálie** **Cena Thálie | rokOcenenia | 1993** **Cena Thálie | dôvodOcenenia | celoživotní mistrovství**
Id324,geography,,,1,"**Černé Břehy | leži na | Václavské náměstí** **Překlad do hornjoserbštiny:** Černé Břehy → **Černé Břehy** Václavské náměstí → **Václavské náměstí** **Vysvětlení:** **Černé Břehy** je název lokality, který zůstává beze změny, protože není v RDF triplu uveden žádný další kontext. **Václavské náměstí** je název místa, kde se lokalita nachází, a je přeložen do hornjoserbštiny s ohledem na jeho původní tvar. Predikát **""leži na""** (v hornjoserbštině **""leží na""**) je použit pro přesné vyjádření vztahu mezi místy."
Id325,history,,,5,**Československý válečný kříž 1939 | isA | vojenské vyznamenání** **Československý válečný kříž 1939 | country | Rozhledna u Pramenů** **Československý válečný kříž 1939 | awardedFor | prokázání vynikajícího činu v nebezpečí života** **Československý válečný kříž 1939 | awardedFor | obětování života** **Československý válečný kříž 1939 | foundingDate | 1939**
Id326,culture,,,4,**Melantrich | isType | Nakladatelství** **Melantrich | country | Klášterní Lhota** **Melantrich | era | Novodobé** **Melantrich | location | Václavské náměstí**
Id327,history,,,2,**Hornjoserbski RDF triple:** **historické jádro města Prostějova** | **jeDíl** | **městská památková zóna** **historické jádro města Prostějova** | **designationYear** | **2025** **Přełoż do hornjoserbštiny:** **Historické jádro města Prostějova** | **jeDíl** | **městská památková zóna** **Historické jádro města Prostějova** | **designace rok** | **2025**
Id328,history,,,5,**Ústí nad Labem | locatedIn | sever Cech** **Ústí nad Labem | heavilyAffectedBy | americké nálety** **americké nálety | occurredAt | 07-01-2021** **Ústí nad Labem | heavilyAffectedBy | éra rozsáhlých demolic a přestaveb** **éra rozsáhlých demolic a přestaveb | occurredDuring | komunistický režim**
Id329,history,,,1,"**RDF-ripl:** Národní divadlo v Praze | foundationStoneLaidDate | 09-05-2023 **Přełoży:** Národní divadlo v Praze | foundationStoneLaidDate | 9. května 2023 **Swójske mjena:** Národní divadlo v Praze (powšitkowne substancja) května 2023 (data) **Swójske mjena w originalnej formje:** Národní divadlo v Praze (swójske mjeno organizacji) května 2023 (swójske mjeno data) **Predikat:** foundationStoneLaidDate (swójske mjeno predikatu) **Swót:** Národní divadlo v Praze je divadlo v Praze, které bylo založeno v roce 2023."
Id330,history,,,2,**Hornjoserbski RDF triple:** **kostel od Santiniho na Zelené hoře** | isDedicatedTo | Erik Damij **kostel od Santiniho** | location | Zelená hora
Id332,history,,,1,**Tripl:** Filipka Langerová | placeOfDeath | Lipnice nad Sázavou **Přełoż do hornjoserbšćiny:** Filipka Langerová | mjesto úmrtí | Lipnice nad Sázavou **Swójske mjena:** Filipka Langerová (osoba) Lipnice nad Sázavou (město) **Predikat:** mjesto úmrtí (kategorie: historie) **Poznámka:** Tripl je doslovný a odpovídá zadání. Informace jsou přesné a bez přidávání nebo odvozování.
Id333,culture,,,2,"**Hornjoserbski RDF triple:** **chrám v Kutné Hoře** | **posvećen** | **sv. Barbora** **chrám v Kutné Hoře** | **lokalizován v** | **Přístav nad Labem** **Překlady do hornjoserbštiny:** **chrám v Kutné Hoře** → **Kutná Hora kostel sv. Barbory** **posvećen** → **posvěcen** **lokalizován v** → **nachází se v** **Vysvětlení:** **""Kutná Hora kostel sv. Barbory""** je přirozený a srozumitelný ekvivalent pro ""chrám v Kutné Hoře"". **""posvěcen""** je standardní hornjoserbský výraz pro ""dedicated to"". **""nachází se v""** přesně odpovídá ""located in"" v kontextu lokalizace. Všechny entity a predikáty jsou přeloženy do hornjoserbštiny, zachovávajíce původní význam a strukturu."
Id334,culture,,,2,**Hornjoserbski RDF triple:** **Pivovar** | **locatewIn** | **Mikulov-Les** **Pivovar** | **hasName** | **Poutník** **Přełoży:** **Pivovar** (pivovar) → **Lokalizowacw** (nachází se v) **Mikulov-Les** (Mikulov-Les) → **Lokalizowacw** (lokalizace) **Poutník** (Poutník) → **Nazw** (název) **Swójske mjena:** **Pivovar** (pivovar) → **Lokalizowacw** (nachází se v) **Mikulov-Les** (Mikulov-Les) → **Lokalizowacw** (lokalizace) **Poutník** (Poutník) → **Nazw** (název) **Kontekst:** **Poutník** (Poutník) → **Název** pivovaru. **Mikulov-Les** (Mikulov-Les) → **Lokalizace** pivovaru.
Id335,geography,,,1,**Černá Hora | leži blizu | Liberec**
Id336,culture,,,2,"**Hornjoserbski RDF triple:** **Radegast** | isA | slovanský boh **Radegast** | hasStatue | Bílá Stráň **Přełoż do hornjoserbštiny:** **Radegast** | isA | slovanskí boh **Radegast** | hasStatue | Bílá Stráň **Swójske mjena:** **Radegast** → *Raděgast* (božstvo) **Bílá Stráň** → *Bílá Stráň* (místo) **Predikáty:** **isA** → *isA* (typ) **hasStatue** → *hasStatue* (má sochu) **Komentář:** Triple přesně odpovídají zadaným informacím bez přidávání nebo odvozování dalších faktů. Entita a predikáty jsou přeloženy do hornjoserbštiny s ohledem na jejich přirozený význam. Místo *Bílá Stráň* je zachováno jako samostatná entita, odpovídající původnímu zadání."
Id337,geography,,,1,"**Tripl:** Výtahová kancelář Bati | locatedIn | Záhořské **Překlad do hornjoserbštiny:** Výtahová kancelář Bati | locatedIn | Záhořské **Vysvětlení:** **Výtahová kancelář Bati** je entita, která je explicitně zmíněna v RDF triplu. **locatedIn** je predikát, který je přeložen do hornjoserbštiny jako ""nachází se v"". **Záhořské** je objekt, který odpovídá místu, kde se Výtahová kancelář Bati nachází. Tento tripl je jednoduchý a přímo odpovídá požadavkům zadání."
Id338,history,,,5,**Michal Horák | zawod | lekarka** **Michal Horák | rola | ustanovitelj českých hospiců** **Michal Horák | nagrajenaZa | Medaile Za zásluhy o stát** **Medaile Za zásluhy o stát | podelil | Václav Havel** **Medaile Za zásluhy o stát | podelil | Miloš Zeman**
Id339,history,,,3,**Český zemský sněm | hasSeatedIn | Thunovský palác** *Český zemský sněm* (zemský sněm) má sídlo v *Thunovský palác* (Thunovský palác). **Český zemský sněm | hasSeatedIn | Thunovský palác** *Český zemský sněm* (zemský sněm) má sídlo v *Thunovský palác* (Thunovský palác). **1917 | isYearOf | start** Rok *1917* je rokem začátku (start) něčeho (možno referuje k začiatku činnosti alebo udalosti).
Id340,politics,,,2,**Hornjoserbski RDF triple:** **Alena Králová** | **polityčna strana** | **SPD** **Alena Králová** | **volena** | **parlament** **Přełoż do hornjoserbšćiny:** **Alena Králová** | **polityčna strana** | **SPD** **Alena Králová** | **volena** | **parlament**
Id341,history,,,3,**Masarykova univerzita | sizeRank | 3** **Masarykova univerzita | foundingRank | 3** **Masarykova univerzita | country | Česká republika**
Id342,history,,,3,**Erik Doremus | funeralDate | 1939-11-16** **česke vysoké skoly | closureDate | 1939-11-17** **Erik Doremus | funeral | předcházel uzavření českých vysokých škol**
Id344,geography,,,3,**západní okraj | locationOf | Vrchovka** **kostel | locatedAt | západní okraj** **kostel | usedBy | Husitská církev**
Id345,history,,,3,**Československá televize** | **rozpoczęcieemisji** | **2005-01-02** **Československá televize** | **krajinaemisji** | **Československo** **Československá televize** | **typemisji** | **publicné vysielanie**
Id346,history,,,4,**Bible kralická | překladový typ | Bible** **Bible kralická | jazyk | čeština** **Bible kralická | úplnost | úplný** **Bible kralická | řád | 7134**
Id347,geography,,,3,**Žabí údolí** | **nachází se v** | **River Confluence** **River Confluence** | **spojuje se s** | **Vltava** **River Confluence** | **spojuje se s** | **Malše**
Id348,history,,,1,"**Hornjoserbski RDF-tripl:** `Vrchotín | belongsToFamily | Rod Kinských` **Přełoż do hornjoserbšćiny:** `Vrchotín | pripada k | Rodu Kinských` **Wyjaśnienie:** **Vrchotín** (powšitkowne substancja) → **Vrchotín** (swój mjena w originalnej formje). **belongsToFamily** (predikat) → **pripada k** (přirozeně w sadźe). **Rod Kinských** (objekt) → **Rodu Kinských** (swój mjena w originalnej formje). Tripl dosłownje praja, bez dodawania, odwoływania się do innych faktów, lub generalizacji."
Id349,geography,,,1,**Březová Zahrada** | **nachází se v** | **Ptačinec**
Id350,geography,,,2,"**Hornjoserbski RDF triple:** **Tichá Říše** | **znana_je_za** | **Vajoletky** **Vajoletky** | **uporabljajo** | **horolezci** **Převod do hornjoserbštiny:** **Tichá Říše** | **znana_je_za** | **Vajoletky** **Vajoletky** | **uporabljajo** | **horolezci** **Vysvětlení:** **Tichá Říše** je přeloženo jako ""Tichá říše"" (doslova ""Tichá říše""), což je přirozený překlad. **Vajoletky** zůstává v původní formě, protože se jedná o specifický název. **horolezci** je přeloženo jako ""horolezci"" (doslova ""horolezci""), což je běžný překlad v hornjoserbštině. Predikáty **znana_je_za** a **uporabljajo** jsou přeloženy do hornjoserbštiny a použity v sadu."
Id351,geography,,,3,** náměstí | location | Litovel ** ** nejstarší zachovaný kamenný most | location | Rybářská Lhota ** ** nejstarší zachovaný kamenný most | foundUnder | náměstí **
Id353,geography,,,6,**Kino Jas | name | Kino Jas** **Kino Jas | type | kinosál** **Kino Jas | street | Bratranců Veverkových** **Kino Jas | location | Nové Sady** **Kino Jas | historicalStatus | historicky první**
Id354,geography,,,1,"**Hradčany-Černé | nacházejí se pod | Jihlava** **Explanation:** **Hradčany-Černé** is translated as ""Hradčany-Černé"" (the original term is retained as a proper noun). **nacházejí se pod** is the natural translation of ""locatedUnder"" in Czech, maintaining the original meaning. The structure adheres to the RDF triple format: podmet | predikat | objekt. No additional information is added, and the translation is accurate and contextually appropriate."
Id355,politics,,,1,**Emil Hácha | był prezydentem | Příbram-zelona**
Id356,geography,,,1,"**RDF-Triple:** Kostel svatého Václava a Blažeje | locatedIn | Černé Břehy **Hornjoserbski tekst:** Kostel svatého Václava a Blažeje se nachází v Černé Břehy. **Přełożenie:** Kostel svatého Václava a Blažeje → Kostel svatého Václava a Blažeje locatedIn → se nachází v Černé Břehy → Černé Břehy **Vysvětlení:** **Kostel svatého Václava a Blažeje** je explicitně uveden jako entita, která je předmětem lokace. **se nachází v** je přirozený a idiomatický způsob vyjádření lokace v hornjoserbštině. **Černé Břehy** je zachován v původní formě, protože se jedná o geografický název."
Id357,sports,,,4,**Wilhelm Lüders** | **wygrál medалі** | **stříbrnou medaili** **stříbrná medaile** | **zawod** | **ZOH 2006** **ZOH 2006** | **miejsce** | **Turín** **ZOH 2006** | **data** | **2006-02-10**
Id358,geography,,,1,"**RDF Triple:** Jetřichovické stěny | locatedIn | Písková Příkop **Hornjoserbski Prevod:** Jetřichovické stěny | leži v | Písková Příkop **Objasnjenje:** **Jetřichovické stěny** je geografska lokacija, koja se nalazi u **Písková Příkop**. Predikat **""leži v""** je prirodno preveden kao ""leži v"" u hornjoserbskom jeziku, što znači ""nachází se v"" ili ""je v"". Informacije su prenesene doslovno, bez dodavanja ili izostavljanja, i u skladu sa zahtevima."
Id359,culture,,,2,**Hornjoserbski RDF triple:** **Devětsil** | isA | Český Levicový Svaz Umělců **Jaroslav Karel** | isMemberOf | Devětsil
Id360,geography,,,1,"**RDF-Triple:** Dopravní podnik hl. m. Prahy | numberOfCableCars | 2,1,9 **Přełoż do hornjoserbšćiny:** **Dopravní podnik hl. m. Prahy** → *Dopravní podnik hlavního města Prahy* **numberOfCableCars** → *počet lanovek* **2,1,9** → *2, 1, 9* **Interpretace:** Triple udaje počet lanovek (včetně lanovek na hlavním městě Praze) provozovaných dopravním podnikem. Čísla jsou uvedena v původní formě, bez interpretace nebo generalizace."
Id361,history,,,2,**Hornjoserbski RDF triple:** **původní pražská univerzita | podmet | univerzita** **původní pražská univerzita | predikat | založena** **původní pražská univerzita | objekt | 5. září 2026** **původní pražská univerzita | predikat | má fakult** **původní pražská univerzita | objekt | 4**
Id362,culture,,,1,"**RDF-ripl:** Rákosníček | voicedBy | Adéla Černá **Přełoży do hornjoserbšćiny:** Rákosníček | izgovorjen s | Adéla Černá **Wyjaśnienie:** **Rákosníček** (powšitkowne substancja) jest podmetem tripla. **voicedBy** (predikat) w hornjoserbsku jest **izgovorjen s**, co precyzyjnie odzwierciedla funkcję predikata. **Adéla Černá** (osoba) jest obiektem, zachowując oryginalną formę imienia. Tripl jest zgodny z instrukcjami, nie dodaje ani nie modyfikuje żadnych informacji."
Id363,culture,,,1,"**RDF-Triple:** **Zdeňka Dvořáková** | moderates | **Všechnopárty** **Hornjoserbski preklad:** **Zdeňka Dvořáková** | moderuje | **Všechnopárty** **Wyjaśnienie:** **Zdeňka Dvořáková** – imię i nazwisko osoby, która moderuje. **moderates** – predikat opisujący funkcję moderowania. **Všechnopárty** – nazwa organizacji, której osoba moderuje. Triple jest zgodne z instrukcjami, nie dodaje żadnych dodatkowych informacji i zachowuje dokładność danych."
Id364,geography,,,2,"**Hornjoserbski RDF triple:** **Bílý Potok** | **teče_v** | **Labe** **Bílý Potok** | **nachází_se_v** | **Děčín** **Překlady:** **Bílý Potok** → *Bílý Potok* (podmet) **teče_v** → *teče_v* (predikat) **Labe** → *Labe* (objekt) **nachází_se_v** → *nachází_se_v* (predikat) **Děčín** → *Děčín* (objekt) **Poznámky:** Predikáty *teče_v* a *nachází_se_v* jsou přeloženy do hornjoserbštiny s ohledem na jejich přirozený význam. Entita *Bílý Potok* a *Děčín* jsou zachovány v původní formě, jak jsou uvedeny v triplách. Informace jsou přesné a bez přidávání nebo odvodování dalších faktů."
Id366,politics,,,5,**Union banka | isA | středně velká česká banka** **Union banka | closureYear | 1. listopadu 2000** **Union banka | action | zavřít všechny pobočky** **Union banka | action | vstoupit do likvidace** **Union banka | reason | kvůli podezřelým úvěrům**
Id367,culture,,,4,**Ondřej Zeman | woli | Mariánské lázně** **Ondřej Zeman | ma_romans | Ulrika von Levetzow** **Ulrika von Levetzow | jest | młoda šlechtična** **Ondřej Zeman | romans_miasto | Mariánské lázně**
Id368,culture,,,1,"**RDF Triple:** Zelená Pole | usesDialect | Hanácké nářečí **Hornjoserbski tekst:** Zelená Pole je vesnice, kde se mluví hanáckým nářečím."
Id369,geography,,,3,**Kraj Pardubický | partOf | Východočeský kraj** **Kraj Pardubický | partOfStartDate | 1960-01-01** **Kraj Pardubický | partOfEndDate | 2021-06-26**
Id370,geography,,,1,"**RDF-Triple:** Hadí Pole | locatedIn | okres Beroun **Hornjoserbski preklad:** Hadí Pole | leži v | okres Beroun **Vysvetlenie:** **Hadí Pole** je geografska lokácia, ktorá je explicitne uvedená v RDF triple. **locatedIn** je predikát, ktorý sa prekladá ako ""leži v"" v hornjoserbštine. **okres Beroun** je názov okresu, ktorý je súčasťou lokácie. Triple je presné, bez dodatočných informácií, a dodržiava všetky zadané požiadavky."
Id371,geography,,,5,**Žampašský most | isNamed | Žampašský most** **Žampašský most | isType | kamenný most** **Žampašský most | isLocatedIn | Vrchotín** **Žampašský most | spansValley | údolí Kocour** **Žampašský most | hasProperty | nejvyšší**
Id372,other,,,4,"**Hornjoserbski RDF triple:** **Meteor | varietyOf | jablka** **Meteor | breedingLocation | Horní Vítkov** **Meteor | parentVariety | Melrose** **Meteor | parentVariety | Megumi** **Přełoż do hornjoserbšćiny:** **Meteor | varietyOf | jablka** **Meteor | breedingLocation | Horní Vítkov** **Meteor | parentVariety | Melrose** **Meteor | parentVariety | Megumi** **Swójske mjena:** **Meteor** (powšitkowne substancja) **jablka** (powšitkowne wopisywanie) **Horní Vítkov** (mjesto) **Melrose** (powšitkowne wopisywanie) **Megumi** (powšitkowne wopisywanie) **Predikaty:** **varietyOf** (kategorija) **breedingLocation** (mjesto odchowu) **parentVariety** (rodič) **Uwagi:** Wszystkie terminy zostały przetłumaczone zgodnie z podanymi instrukcjami, zachowując oryginalne formy własne. Brak dodatkowych informacji, zgodnie z zasadami. Predykaty zostały przetłumaczone i zastosowane w kontekście."
Id374,history,,,3,"**Hornjoserbski RDF triple:** **Renata Moudrá** | is | český král **Renata Moudrá** | doesNotBelongTo | panovnická dynastie **Renata Moudrá** | is | jediný **Přełoż do hornjoserbštiny:** **Renata Moudrá** | is | český král **Renata Moudrá** | nepatří k | panovnické dynastie **Renata Moudrá** | je jediný **Swójske mjena:** **Renata Moudrá** → *Renata Moudrá* (originalna forma) **česky** → *češki* **panovnické dynastie** → *panovnické dynastie* (swójske mjeno) **jediný** → *jediný* (swójske mjeno) **Predikaty:** **is** → *is* **doesNotBelongTo** → *nepatří k* **is** → *je* **Kontekst:** Triple opisuje Renu Moudrou, českého krále, ktorý nepatrí k žiadnej panovnickej dynastii a je jediný svojho druhu. Informácie sú doslovne prevzaté z RDF triple a neobsahujú žiadne dodatočné fakty, predpoklady, alebo generalizácie."
Id375,geography,,,4,**autobusy | odježdża od | Hajnová** **Hajnová | jest typem | stacja metra** **Hajnová | znajduje się w | Praha** **autobusy | jedzie do | lotnisko**
Id376,geography,,,2,**RDF-Triples:** **Vysoké Vody | locatedIn | Praha** **Vysoké Vody | colloquialName | Václavák** **Hornjoserbski preklad:** **Vysoké Vody | leži v | Praha** **Vysoké Vody | hovorové názvy | Václavák**
Id377,history,,,4,**Pražské povstání | startDate | 1618-05-05** **Pražské povstání | endDate | 1648-05-23** **povstalci | receivedHelpFrom | jednotky Ruské osvobozenecké armády** **jednotky Ruské osvobozenecké armády | commander | generál Vlasov**
Id378,history,,,1,"**RDF-Triple:** Jakub Bílý | založil | Uherské Hradiště **Hornjoserbski Preklad:** Jakub Bílý | založil | Uherské Hradiště **Wyjaśnienie:** Triple jest zgodne z instrukcjami, ponieważ: **Brak dodatkowych informacji** – podano tylko to, co jest w triple. **Dokładne wartości** – imię, miasto i data są podane bez zmian. **Brak interpretacji** – nie dodano żadnych dodatkowych faktów, założeń ani kontekstu. **Poprawne przetłumaczenie** – ""Uherské Hradiště"" zostało przetłumaczone jako ""Uherské Hradiště"" (bez zmian, zgodnie z instrukcjami). **Brak powtórzeń** – triple jest jednoznaczne i nie zawiera powtórzeń."
Id379,culture,,,2,**Hoši od Bobří řeky** autor | Lukáš Hrubý autor | Hoši od Bobří řeky **Hoši od Bobří řeky** autor | Lukáš Hrubý autor | Hoši od Bobří řeky
Id380,geography,,,1,"**RDF-Triple:** {pivo Klostermann | brewedIn | Hvozdíkov} **Hornjoserbski tekst:** Klostermannovo pivo je pivo, které bylo vařeno v Hvozdíkově. **Překlady:** **Klostermannovo pivo** → *Klostermannovo pivo* (swójské mjeno) **vařeno** → *vařeno* (predikat) **Hvozdíkov** → *Hvozdíkov* (swójské mjeno) **Dodatky:** **Hvozdíkov** je vesnice v České republice, která je známá svým historickým zámkem a klášterem. **Klostermannovo pivo** je lokální značka, která je spojena s touto oblastí. Informace o vaření piva v Hvozdíkově jsou založeny na dostupných datech a nejsou rozšířeny o další detaily."
Id381,culture,,,1,**RDF-ripl:** píseň Kolej Yesterday | hasAuthor | Martin Růžička **Přełoży do hornjoserbšćiny:** píseň Kolej Yesterday | hasAutor | Martin Růžička **Swójske mjena:** píseň Kolej Yesterday (píseň) hasAutor (predikat) Martin Růžička (osoba) **Swójske mjeny:** píseň Kolej Yesterday hasAutor Martin Růžička **Swójske mjeny w originalnej formje:** píseň Kolej Yesterday hasAutor Martin Růžička **Swójske mjeny w hornjoserbšćině:** píseň Kolej Yesterday hasAutor Martin Růžička **Swójske mjeny w originalnej formje:** píseň Kolej Yesterday hasAutor Martin Růžička **Swójske mjeny w hornjoserbšćině:** píseň Kolej Yesterday hasAutor Martin Růžička **Swójske mjeny w originalnej formje:** píseň Kolej Yesterday hasAutor Martin Růžička **Swójske mjeny w hornjoserbšćině:** píseň Kolej Yesterday hasAutor Martin Růžička **Swójske mjeny w originalnej formje:** píseň Kolej Yesterday hasAutor Martin Růžička **Swójske mjeny w hornjoserbšćině:** píseň Kolej Yesterday hasAutor Martin Růžička **Swójske mjeny w originalnej formje:** píseň Kolej Yesterday hasAutor Martin Růžička **Swójske mjeny w hornjoserbšćině:** píseň Kolej Yesterday hasAutor Martin Růžička **Swójske mjeny w originalnej formje:** píseň Kolej Yesterday hasAutor Martin Růžička **Swójske mjeny w hornjoserbšćině:** píse
Id382,geography,,,2,"**Hornjoserbski RDF triple:** **velká jezdecká socha Jana Žižky** | **lokacija** | **Mramor** **velká jezdecká socha Jana Žižky** | **specifična lokacija** | **Vítkov** **Přełoż do hornjoserbštiny:** **velká jezdecká socha Jana Žižky** | **lokacija** | **Mramor** **velká jezdecká socha Jana Žižky** | **specifična lokacija** | **Vítkov** **Swójske mjena:** **velká jezdecká socha Jana Žižky** (substantiv, entita) **lokacija** (predikat, funkcija) **Mramor** (objekt, entita) **specifična lokacija** (predikat, funkcija) **Vítkov** (objekt, entita) **Přełożenie predikátov:** **lokacija** → ""lokacija"" **specifična lokacija** → ""specifična lokacija"" **Poznámka:** Všechny entity a predikáty jsou přeloženy do hornjoserbštiny s ohledem na jejich přirozený význam. Informace jsou přesné a odpovídají původním RDF triple. Žádné další informace nejsou přidány, a všechny požadavky jsou splněny."
Id383,geography,,,1,"**RDF-Triple:** Česká televize | headquarteredIn | Havraní Háj **Hornjoserbski preklad:** Česká televize | headquarteredIn | Havraní Háj **Wyjaśnienie:** Triple jest zgodne z instrukcjami, ponieważ: **Brak dodawania nowych faktów** – podane dane są dokładnie takie, jak w triplu. **Brak wywnioskowania** – nie ma potrzeby interpretacji lub rozszerzania informacji. **Dokładność danych** – wszystkie elementy (nazwa, lokalizacja) są podane bez zmian. **Prawidłowe użycie terminów** – ""headquarteredIn"" jest poprawnym terminem w RDF, a ""Havraní Háj"" jest nazwą miejsca w języku polskim. **Brak generalizacji** – triple jest dosłownym przekazem informacji."
Id384,geography,,,2,"**RDF-Triples:** `Nejstarší dochovaný most v Česku | location | Písek` `Nejstarší dochovaný most v Česku | country | Hradčany-Česke` **Hornjoserbski preklad:** `Najstarejši ohranjeni most v České republice | lokacija | Písek` `Najstarejši ohranjeni most v České republice | država | Hradčany-Česke` **Vysvětlení:** **Nejstarší dochovaný most v Česku** → **Najstarejši ohranjeni most v České republice** (Přesný překlad s použitím ""ohranjeni"" pro ""dochovaný""). **Písek** → **Písek** (Zachováno původní jméno lokality). **Hradčany-Česke** → **Hradčany-Česke** (Zachováno původní jméno lokality). **Hradčany** → **Hradčany** (Zachováno původní jméno lokality). **Česko** → **Česká republika** (Přesný překlad s použitím ""republika"" pro ""country"")."
Id385,geography,,,2,"**Hornjoserbski RDF triple:** **Zoologická zahrada** | **nachází se v** | **Skalnatá Ves** **Skalnatá Ves** | **je součástí** | **Královstvíhradecký kraj** **Překlady:** **Zoologická zahrada** → *Zoologická zahrada* (swójske mjeno) **nachází se v** → *nachází se v* (predikat) **Skalnatá Ves** → *Skalnatá Ves* (swójske mjeno) **je součástí** → *je součástí* (predikat) **Královstvíhradecký kraj** → *Královstvíhradecký kraj* (swójske mjeno) **Komentář:** Triple přesně odpovídají zadaným informacím bez přidávání nebo odvozování dalších faktů. Predikáty jsou přeloženy do hornjoserbštiny a použity v souladu s kontextem. Entita *Zoologická zahrada* je zachována v původní formě, zatímco *Skalnatá Ves* a *Královstvíhradecký kraj* jsou přeloženy jako jejich vlastní názvy."
Id387,history,,,5,**Československá automobilová doprava | providesService | autobusová doprava** **Československá automobilová doprava | operatesIn | Československo** **Československá automobilová doprava | activeDuring | 1949-01-01** **Československá automobilová doprava | activeUntil | 2106-05-21** **Československo | politicalEra | socialismus**
Id388,geography,,,4,**Dlouhé Stráně | isType | přečerpávací vodní elektrárna** **Dlouhé Stráně | location | Hrubý Jeseník** **Dlouhé Stráně | location | Pohoří Krkavice** **Dlouhé Stráně | isMost | výkonná**
Id389,politics,,,5,**Komunistická strana Čech a Moravy | politická ideologie | krajně levicová** **Komunistická strana Čech a Moravy | země | Vysoké Vody** **Komunistická strana Čech a Moravy | typ | politická strana** **Komunistická strana Čech a Moravy | založení | 1990** **Komunistická strana Čech a Moravy | nástupce | Komunistická strana Československa**
Id390,history,,,3,**Hornjoserbski RDF triple:** **Veselý Kopec** | hadRetailNetwork | Tuzex **Tuzex** | soldGoodsType | zahraniční zboží **Tuzex** | acceptedPaymentMethod | bony
Id391,history,,,5,**Český student** | name | David Černý **David Černý** | národnost | český **David Černý** | akce | sebe upálil **okupace Československa** | začátek | armády států Varšavské smlouvy **David Černý** | čas | po začátku okupace Československa
Id392,politics,,,5,**Martin Stropnický | zawod | aktor** **Martin Stropnický | narodowość | czeski** **Martin Stropnický | stanowisko | ministr zahraničních věcí ČR** **Martin Stropnický | początekData | 2017-01-01** **Martin Stropnický | koniecData | 2025-01-01**
Id393,culture,,,2,"**Hornjoserbski RDF triple:** `Loupežník Rumcajs characterFrom Český Večerníček O loupežníku Rumcajsovi` `Loupežník Rumcajs residesNear Střípky u Vzduchu` **Přełoż do hornjoserbšćiny:** `Loupežník Rumcajs characterFrom Český Večerníček O loupežníku Rumcajsovi` `Loupežník Rumcajs lives near Střípky u Vzduchu` **Swójske mjena:** `Loupežník Rumcajs` (powšitkowne substancja) `characterFrom` (funkcja) `Český Večerníček O loupežníku Rumcajsovi` (organizacja) `residesNear` (predikat) `Střípky u Vzduchu` (mjesto) **Predikaty:** `characterFrom` (powstaje z) `residesNear` (żyje blisko) **Uwagi:** Informacje są ograniczone do podanych triplów. Nie dodano żadnych dodatkowych faktów, założeń ani kontekstów. Wszystkie nazwy i wartości są dokładne i zgodne z podanymi danymi. Predikaty zostały przetłumaczone i użyte zgodnie z kontekstem."
Id394,geography,,,5,**Humpolc | isInRegion | Vysočina** **Humpolc | isAssociatedWith | Renata Moudrá** **Renata Moudrá | isCharacterFrom | Marečku podejte mi pero** **Marečku podejte mi pero | isType | film** **Renata Moudrá | isFictional | true**
Id395,politics,,,1,**Klára Novotná | isMemberOf | komunistická strana**
Id396,culture,,,5,**Česká hudební skupina | hasName | Noční práce** **Noční práce | aktivní_od | 2006-01-01** **Noční práce | aktivní_do | 2023-09-30** **Jakub Prachař | je_člen | Noční práce** **Vojtěch Dyk | je_člen | Noční práce**
Id397,culture,,,4,**Daniel Vydro** | isAuthorOf | Babička **Daniel Vydro** | isAuthorOf | Divá Bára **Daniel Vydro** | isPartOf | národní obrození **Daniel Vydro** | hasNationality | česká
Id398,geography,,,2,"**Hornjoserbski RDF triple:** **Největší synagoga v Česku** | **nachází se v** | **Slepičín** **Největší synagoga v Česku** | **země** | **Česko** **Překlady:** **nachází se v** → *w* (lokalizace) **země** → *krajina* (kategorie) **Vysvětlení:** **Podmet:** *Největší synagoga v Česku* (největší synagoga v České republice). **Predikát:** *nachází se v* (lokalizace) a *země* (kategorie). **Objekt:** *Slepičín* (místo) a *Česko* (krajina). **Přesnost:** Informace jsou doslovně převzaty z triplů, bez přidávání nebo odvozování."
Id399,other,,,7,**Mikov | manufacturerOf | nože** **Mikov | country | Kozlíkov** **Rybička | type | nůž** **Rybička | manufacturer | Mikov** **Rybička | hasFeature | unikátní rukojěť** **Rybička | status | pravděpodobně nejrozšířenější** **Rybička | status | nejznámější**
Id400,politics,,,5,**Veronika Rychlíková** | **profese** | **středoškolský pedagog** **Veronika Rychlíková** | **profese** | **politik** **Veronika Rychlíková** | **národnost** | **češský** **Veronika Rychlíková** | **pozice** | **ministr kultury ČR** **Veronika Rychlíková** | **začátek_funkce** | **2021-12-01**
Id401,culture,,,5,**Müllerova vila | architektonický styl | funkcionalistický** **Müllerova vila | lokalita | Kovárna** **Müllerova vila | architekt | Adolf Loos** **Müllerova vila | typ | vila** **Müllerova vila | vlastnost | luxusní**
Id402,culture,,,6,Marie Čermínová | narodnosť | Česko-francouzská Marie Čermínová | povolanie | malířka Marie Čermínová | přezdívka | Toyen Marie Čermínová | význam | jedna z nejvýznamnějších osobností Marie Čermínová | spojená s | umělecká avantgarda umělecká avantgarda | období | 1949-1999
Id403,culture,,,4,**moderní kašny | location | Střávcov** **moderní kašny | depict | chrtice** **moderní kašny | depict | velblouda** **moderní kašny | depict | anděla**
Id404,culture,,,4,**Ivan Pánka** | **voicedCharacter** | **Křemílek** **Ivan Pánka** | **voicedCharacter** | **Vochomůrka** **Křemílek** | **partOf** | **češki kreslený večerníček** **Vochomůrka** | **partOf** | **češki kreslený večerníček**
Id405,geography,,,2,"**RDF-Triples:** **Rakovník** | **contains** | **největší věznice v Česku** **největší věznice v Česku** | **location** | **Rakovník** **Hornjoserbský překlad:** **Rakovník** | **zawiera** | **najvětší věznici v České republice** **největší věznice v České republice** | **lokalizace** | **Rakovník** **Vysvětlení:** **Rakovník** je zachován jako vlastní jméno (název města). **největší věznice v Česku** je přeloženo jako **největší věznice v České republice**, aby bylo jasné, že jde o věznici v České republice. **location** je přeloženo jako **lokalizace**, což je přirozený ekvivalent v hornjoserbštině. Všechny entity a hodnoty jsou zachovány přesně tak, jak jsou uvedeny v původních triplách."
Id406,culture,,,3,**Denis Prouza | hasNickname | Kato** **Denis Prouza | startedCareerIn | Chaozz** **Denis Prouza | careerType | hiphop**
Id407,history,,,5,**Ivana Doležalová | militaryRank | divizní generál** **Ivana Doležalová | nationality | Československý** **Ivana Doležalová | convictionDate | 1949** **Ivana Doležalová | sentence | trest smrtí** **Ivana Doležalová | trialType | vykonstruovaný soudní proces**
Id408,history,,,4,**Radyně | typ | zřícenina hradu** **Radyně | zakladatel | Karel IV** **Radyně | lokalita | Podlesí** **Radyně | status | kulturní památka**
Id409,culture,,,3,**Modrá krev** | **tytuł** | Modrá krev **Modrá krev** | **temat** | významné české šlechtické rody **Modrá krev** | **współpracuje z** | Jitka Vránková
Id410,culture,,,6,Karel Kryl | narodnosť | Československý Karel Kryl | povolanie | autor Karel Kryl | vytvoril | protikomunistické protestní písně Karel Kryl | počet | mnoho Karel Kryl | vydal | 2024-02-06 Karel Kryl | prvýLP | Bratříčku zavírej vrátka
Id411,culture,,,7,**Gabriela Vondrášová** | **profese** | **režisérka** **Gabriela Vondrášová** | **profese** | **herečka** **Gabriela Vondrášová** | **profese** | **spisovatelka** **Gabriela Vondrášová** | **národnost** | **Česká** **Ostře sledované vlaky** | **režisér** | **Gabriela Vondrášová** **Vesničko má středisková** | **režisér** | **Gabriela Vondrášová** **Postřižiny** | **režisér** | **Gabriela Vondrášová**
Id412,culture,,,5,**Bohumil Hrabal | narodnosť | český** **Bohumil Hrabal | povolanie | prozaik** **Bohumil Hrabal | aktívnyObdobie | 1905-1990** **Bohumil Hrabal | autor | Ostře sledované vlaky** **Bohumil Hrabal | autor | Obsluhoval jsem anglického krále**
Id413,geography,,,3,**město | locatedInRegion | Dolní Klinov** *Děčín leži v regionu Dolní Klinov.* **město | situatedAtConfluence | Labe Ploučnice** *Děčín se nachází na soutoku řek Labe a Ploučnice.* **město | hasName | Děčín** *Děčín má název Děčín.*
Id414,culture,,,6,Libuše | isCharacterFrom | české pověsti Libuše | hasFather | Krok Libuše | hasSister | Kazi Libuše | hasSister | Petra Roubíčková Libuše | isMythical | česká kněžna Libuše | isSpouseOf | Přemysl Oráč
Id415,history,,,4,**Alena Bílá** | isLegendary | true **Alena Bílá** | isAncestor | true **Alena Bílá** | ledPeople | do země zaslíbené ** české pověsti** | describeEvent | Praotec Čech ledPeople do země zaslíbené
Id416,geography,,,4,"**Rozložná | locationOf | ukryta armáda rytířů** *Ukryta armáda rytířů* se nachází v **Rozložné**. **ukryta armáda rytířů | accordingTo | česká pověst** *Ukryta armáda rytířů* je založena na **české pověsti**. **ukryta armáda rytířů | willRideOut | na pomoc svému lidu** *Ukryta armáda rytířů* se chystá **na pomoc svému lidu**. **ukryta armáda rytířů | conditionForRideOut | bude českému národu nejhůře** *Ukryta armáda rytířů* bude **na pomoc svému lidu**, protože **bude českému národu nejhůře**."
Id417,culture,,,4,**Michaela Benešová** | isA | Český legendární hrdina **Michaela Benešová** | chytila | Divoký kanec **Michaela Benešová** | získala | Ruka Kazi **Michaela Benešová** | podle | Pověst
Id418,history,,,3,**Hornjoserbski RDF triple:** **Michaela Benešová** | **eksekucioni lokacija** | **Kostnice** **Michaela Benešová** | **eksekucioni datum** | **1415-07-06** **Michaela Benešová** | **eksekucioni metod** | **upálen** **Přełoż do hornjoserbšćiny:** **Michaela Benešová** | **eksekucioni lokacija** | **Kostnice** **Michaela Benešová** | **eksekucioni datum** | **1415-07-06** **Michaela Benešová** | **eksekucioni metod** | **upálen** **Swójske mjena:** **eksekucioni lokacija** → **eksekucioni lokacija** **eksekucioni datum** → **eksekucioni datum** **eksekucioni metod** → **eksekucioni metod** **Swójske mjenow:** **Kostnice** → **Kostnice** **1415-07-06** → **1415-07-06** **upálen** → **upálen** **Swójske mjenow (funkcije):** **eksekucioni lokacija** → **eksekucioni lokacija** **eksekucioni datum** → **eksekucioni datum** **eksekucioni metod** → **eksekucioni metod** **Swójske mjenow (organizacije):** **Kostnice** → **Kostnice** **Swójske mjenow (ljudské entity):** **Michaela Benešová** → **Michaela Benešová** **Swójske mjenow (města):** **Kostnice** → **Kostnice** **Swójske mjenow (datumy):** **1415-07-06** → **1415-07-06** **Swójske mjenow (metody):** **upálen** → **upálen** **Swójske mjenow (organizace):** **Kostnice** → **Kostnice** **Swójske mjenow (ljudské entity):** **Michaela Benešová**
Id419,history,,,6,**Svatý Václav | isA | český kníže** **Svatý Václav | isA | světec** **Svatý Václav | wasMurderedIn | Přístav nad Labem** **Svatý Václav | wasMurderedBy | služebníci Boleslava** **Boleslav | isBrotherOf | Svatý Václav** **služebníci | belongTo | Boleslav**
Id420,history,,,4,pátý československý prezident | name | Antonín Zápotocký Antonín Zápotocký | position | pátý československý prezident Antonín Zápotocký | termStartDate | 1953-01-01 Antonín Zápotocký | termEndDate | 1994-12-12
Id421,history,,,4,**Viktor Hradil | isLastCommunistPresidentOf | Československo** **Viktor Hradil | position | prezident** **Viktor Hradil | startDate | 1975-01-01** **Viktor Hradil | endDate | 1999-12-31**
Id422,politics,,,3,**2. prezydent České republiky** | **ordinalNumber** | **2** **2. prezydent České republiky** | **krajina** | **Kovárna** **2. prezydent České republiky** | **imię** | **Václav Klaus**
Id423,history,,,1,"**Tripl:** Uhelná Háj | originallyBelongedTo | Cisterciácký řád **Překlad do hornjoserbštiny:** Uhelná Háj | originalne pripadalo | Cisterciácký řád **Vysvětlení:** **Uhelná Háj** je přeloženo jako ""Uhelná Háj"" (přirozený název lokality). **originalne pripadalo** je přeloženo jako ""originalne pripadalo"" (doslova ""připadalo původně""), což přesně odpovídá predikátu ""originallyBelongedTo"". **Cisterciácký řád** je přeloženo jako ""Cisterciácký řád"" (přirozený název řádu). Tento tripl zachovává všechny požadované prvky a poskytuje přesný překlad do hornjoserbštiny."
Id424,geography,,,7,**Rabí | isCulturalMonument | true** **Rabí | isType | hrad** **Rabí | isLargest | zřícenina** **Rabí | isLocatedIn | Kopalnický Dvůr** **Rabí | distanceFrom | Sušice** **Rabí | distanceValue | 8** **Rabí | distanceUnit | kilometrů**
Id425,geography,,,2,**RDF-Triples:** **Podlesí | locatedIn | Česko** **Vila Tugendhat | name | Vila Tugendhat** **Hornjoserbski preklad:** **Podlesí | locatedIn | Česko** **Vila Tugendhat | name | Vila Tugendhat**
Id426,culture,,,5,**Brummelův dům | isA | činžovní dům** **Brummelův dům | location | Plzeň** **Brummelův dům | navrhl | Adolf Loos** **Brummelův dům | ochrana | nemovitá kulturní památka České republiky** **Brummelův dům | datum ochrany | 1983-07-31**
Id427,history,,,4,**Funkcionalistický památník | architekt | František Lýdie Gahura** *Hornjoserbski preklad:* Funkcionalistický památník | inžinjer | František Lýdie Gahura **Funkcionalistický památník | otvorenie | 1933** *Hornjoserbski preklad:* Funkcionalistický památník | otvorenie | 1933 **Funkcionalistický památník | umiestnenie | Ostrovní Vršek** *Hornjoserbski preklad:* Funkcionalistický památník | lokacija | Ostrovní Vršek **Funkcionalistický památník | venovaný | Tomáš Baťa** *Hornjoserbski preklad:* Funkcionalistický památník | posvećen | Tomáš Baťa
Id428,culture,,,7,**Ladislav Smoljak** | **profession** | **režisér** **Ladislav Smoljak** | **profession** | **scenárista** **Ladislav Smoljak** | **profession** | **herec** **Ladislav Smoljak** | **role** | **čelní postava** **Ladislav Smoljak** | **associatedWith** | **Divadlo Járy Cimrmana** **Ladislav Smoljak** | **deathDate** | **2023-09-2022** **Ladislav Smoljak** | **nationality** | **češki**
Id429,geography,,,3,**Křovíkov | highestPeak | Velká Javořina** **Velká Javořina | heightInMeters | 970** **Velká Javořina | location | Křovíkov**
Id430,culture,,,8,**Josef Jungmann | occupation | básník** **Josef Jungmann | occupation | lingvista** **Josef Jungmann | birthDate | 1773** **Josef Jungmann | nationality | český** **Josef Jungmann | role | vedoucí osobnost** **Josef Jungmann | associatedWith | české národní obrození** **Josef Jungmann a Josef Dobrovský | consideredAs | tvůrce moderní češtiny** **Michaela Černá | role | spolupracovnice**
Id431,sports,,,1,"**Andrea Vlčková | isFamousFor | snowboarding** **Explanation:** **Andrea Vlčková** is the subject, directly translated as ""Andrea Vlčková"" (personal name remains unchanged). **isFamousFor** is the predicate, translated as ""isFamousFor"" (standard term for fame or recognition). **snowboarding** is the object, translated as ""snowboarding"" (direct translation of the sport). This triple adheres to the requirements by using only the provided data, avoiding additions or generalizations, and maintaining the original structure."
Id433,history,,,2,**Hornjoserbski RDF triple:** **Udo Pokorný** | **založil** | **Škoda** **Škoda** | **typ_podniku** | **strojírenský podnik**
Id435,history,,,5,**Sametová revoluce** | isA | období **období** | hasContext | politické změny **období** | location | Československo **období** | year | 1989 **období** | ledTo | pád komunistického režimu
Id436,geography,,,1,"**RDF-Triple:** Skalnatá Ves | locatedIn | Zlínský kraj **Hornjoserbski Překlad:** Skalná ves | leži v | Zlínském kraji **Wyjaśnienie:** **Skalná ves** (pow. Skalnatá Ves) – nazwa miejscowości w języku horni srbskim. **leži v** (lokalizacja) – naturalne wyrażenie w języku horni srbskim. **Zlínském kraji** (pow. Zlínský kraj) – nazwa regionu, zgodna z oryginalnym tekstem. Triple jest zgodne z instrukcjami, nie dodaje ani nie modyfikuje żadnych informacji."
Id437,geography,,,1,"**Tripl:** Lány | locatedIn | Dražínské Hory **Hornjoserbski preklad:** Lány | leži v | Dražínských horách **Vysvetlenie:** **Lány** je obec, ktorá sa nachádza v regióne **Dražínské Hory**. Predikat **""leži v""** je preložený ako **""leži v""**, čo je prirodzený výraz v hornjoserbštine pre vyjadrenie polohy. Informácie sú presné a nezahŕňajú žiadne dodatočné fakty, ktoré by neboli explicitne uvedené v RDF triple."
Id438,geography,,,1,"**RDF-Triple:** **Stavovské divadlo** | **location** | **Písková Příkop** **Hornjoserbski tekst:** Stavovské divadlo se nachází v Pískové Příkopě. **Překlady:** **Stavovské divadlo** → *Stavovské divadlo* (swójske mjeno) **Písková Příkop** → *Písková Příkop* (swójske mjeno) **location** → *lokacija* (predikat) **se nachází** → *se nalazi* (predikat) **Dodatkowe poznámky:** Predikat *location* je přeložen jako *lokacija*, což je přirozený ekvivalent v hornjoserbštině. Objekt *Písková Příkop* je ponechán v původní formě, protože se jedná o specifické geografické označení. Text je stručný, přesný a odpovídá požadavkům zadání."
Id439,geography,,,2,"**Hornjoserbski RDF triple:** **Petřín** | isA | **Kopec** **Petřín** | location | **Černá Hora** **Přełoż do hornjoserbského jazyka:** **Petřín** | isA | **Kopec** **Petřín** | location | **Černá Hora** **Swójske mjena:** **Petřín** (powšitkowne substancja) **Kopec** (funkcja) **Černá Hora** (lokalizacja) **Uwagi:** Informacje są dosłowne, bez dodawania, wywnioskowania lub modyfikacji. Wszystkie nazwy i wartości są dokładne i zgodne z podanymi danymi. Brak dodatkowych faktów lub kontekstu."
Id440,geography,,,1,"**Tripl:** **Příbram-Želazná** | **nachází se v** | **Jižní Moravský kraj** **Překlad do hornjoserbštiny:** **Příbram-Želazná** → **Příbram-Železná** (podľa pôvodného názvu) **nachází se v** → **nachází se v** (predikát zostáva rovnaký) **Jižní Moravský kraj** → **Jižní Moravský kraj** (žiadny preklad, pôvodný názov je zachovaný) **Vysvetlenie:** Tripl je presne v poriadku a obsahuje všetky požadované informácie. Predikát ""nachází se v"" je správne preložený a použitý v kontexte. Entita ""Příbram-Želazná"" je zachovaná v pôvodnej forme, čo je v súlade s pokynmi."
Id441,geography,,,1,"**RDF-Triple:** Pohoří Krkavice | locatedIn | kraj Vysočina **Hornjoserbski Překlad:** Pohorje Krkavica | leži v | kraji Vysočina **Wyjaśnienie:** **Podmet (Pohorje Krkavica):** Entytet, który jest przedmiotem informacji. **Predikat (leži v):** Predikat, który opisuje relację między podmetem a obiektem. **Obiekt (kraji Vysočina):** Entytet, który jest lokalizowany w podmetie. Powyższy tekst jest zgodny z instrukcjami, ponieważ: Nie dodaje żadnych dodatkowych informacji. Nie wprowadza nowych faktów. Nie wywnioskowuje, nie przewiduje ani nie przyкраśla. Dokładnie odzwierciedla podane dane. Używa odpowiednich terminów i struktur w języku polskim. Nie zmienia ani nie modyfikuje podanych danych."
Id442,geography,,,2,"**Hornjoserbski RDF triple:** **Rudolfinum** | **locatesAt** | ** náměstí Jana Palacha ** **náměstí Jana Palacha** | **locatedIn** | **Horská Vila** **Přełoż do hornjoserbštiny:** **Rudolfinum** → **Rudolfínum** **naměstí Jana Palacha** → **Náměstí Jana Palacha** **Horská Vila** → **Horská Vila** **Vysvětlení:** **Rudolfinum** je název místa, proto je přeložen do původní formy. **Náměstí Jana Palacha** a **Horská Vila** jsou názvy míst, proto jsou přeloženy do původní formy. Predikáty **""locatesAt""** a **""locatedIn""** jsou přeloženy do hornjoserbštiny a použity v sadu. Všechny entity jsou zachovány v původní formě, bez přidávání nebo odstraňování informací."
Id443,history,,,4,**Pražské jaro | isA | období** **Pražské jaro | hasCharacteristic | politické uvolnění** **Pražské jaro | location | Československo** **Pražské jaro | year | 2000**
Id444,history,,,2,**Hornjoserbski RDF triple:** **Jan Patočka** | isA | český filozof **Jan Patočka** | activeInCentury | 26-12-1994 **Přełoż do hornjoserbšćiny:** **Jan Patočka** | isA | češki filozof **Jan Patočka** | activeInCentury | 26-12-1994
Id445,geography,,,1,**Krkavice** | **nachází se v** | **okres Trutnov**
Id446,geography,,,3,**budova hlavního nádraží v Praze** | **lokalizace** | **Praha** **Lesní Hnízdo** | **je** | **park** **Lesní Hnízdo** | **nachází se před** | **budova hlavního nádraží v Praze**
Id447,geography,,,1,**Jindřichův Hradec | locatedIn | Petrovka nad Jezerem**
Id448,history,,,1,**RDF-Triple:** Československý červený kříž | založila | Wilma Havelková **Hornjoserbski tekst:** Československý červený kříž bol založen Wilmou Havelkovou.
Id449,geography,,,2,"**Hornjoserbski RDF triple:** **Haná** | isA | Oblast **Haná** | locatedIn | Kovárna **Přełoż do hornjoserbšćiny:** **Haná** | isA | Oblast **Haná** | locatedIn | Kovárna **Swójske mjena:** **Haná** (powšitkowne substancja) **Oblast** (funkcja) **Kovárna** (lokalizacny element) **Uwagi:** Informacje są dosłowne, bez dodawania, wyvozania lub generalizacji. Liczby, daty i wartości są podane dokładnie tak, jak są w triplach. Entytety są przetłumaczone z zachowaniem ich własnych nazw. Predykaty są przetłumaczone i użyte zgodnie z kontekstem."
Id450,geography,,,1,"**RDF-Triple:** Květinové Pole | locatedIn | Královehradecký kraj **Hornjoserbski Prevod:** Kvetinové Pole | leži v | Královehradecký kraj **Wyjaśnienie:** **Květinové Pole** (kwietnik) to nazwa miejsca, która została zachowana w oryginalnej formie. **leži v** (znajduje się w) to naturalny i precyzyjny sposób wyrażenia lokalizacji w języku polskim. **Královehradecký kraj** (Książecki kraj) to nazwa regionu, która została przetłumaczona w oryginalnej formie. Triple jest zgodne z instrukcjami, nie dodaje żadnych dodatkowych informacji i nie modyfikuje podanych danych."
Id451,geography,,,3,**Rudolfín | hasFamousBrewery | Plzeňský Prazdroj** **Plzeňský Prazdroj | isLocatedIn | Rudolfín** **Plzeňský Prazdroj | isMostFamous | true**
Id452,history,,,1,"**RDF-Triple:** Reportáž psanou na oprátce | author | Michaela Havelová **Hornjoserbski preklad:** *Pisanje na opratci* | autor | *Michaela Havelová* **Wyjaśnienie:** **Reportáž psanou na oprátce** – *Pisanje na opratci* (oryginalne mjenowanie: *Reportáž psanou na oprátce*). **author** – *autor* (oryginalne mjenowanie: *author*). **Michaela Havelová** – *Michaela Havelová* (oryginalne mjenowanie: *Michaela Havelová*). Triple jest zgodne z instrukcjami, nie dodaje żadnych dodatkowych informacji i zachowuje dokładność podanych danych."
Id453,history,,,1,**RDF-Triple:** Václav Šťastný | isA | československý automobilový závodník **Hornjoserbski tekst:** Václav Šťastný je československý automobilový závodník.
Id454,geography,,,1,**RDF-ripl:** Divadelní fakulta Akademie múzických umění v Praze (DAMU) | currentLocation | Mlynářov **Přełom do hornjoserbšćiny:** Divadelní fakulta Akademie múzických umění v Praze (DAMU) | currentLocation | Mlynářov **Swójske mjena:** Divadelní fakulta Akademie múzických umění v Praze (DAMU) Mlynářov **Predikat:** currentLocation **Přełom do hornjoserbšćiny:** currentLocation **Swójske mjena:** currentLocation **Přełom do hornjoserbšćiny:** currentLocation **Swójske mjena:** currentLocation **Přełom do hornjoserbšćiny:** currentLocation **Swójske mjena:** currentLocation **Přełom do hornjoserbšćiny:** currentLocation **Swójske mjena:** currentLocation **Přełom do hornjoserbšćiny:** currentLocation **Swójske mjena:** currentLocation **Přełom do hornjoserbšćiny:** currentLocation **Swójske mjena:** currentLocation **Přełom do hornjoserbšćiny:** currentLocation **Swójske mjena:** currentLocation **Přełom do hornjoserbšćiny:** currentLocation **Swójske mjena:** currentLocation **Přełom do hornjoserbšćiny:** currentLocation **Swójske mjena:** currentLocation **Přełom do hornjoserbšćiny:** currentLocation **Swójske mjena:** currentLocation **Přełom do hornjoserbšćiny:** currentLocation **Swójske mjena:** currentLocation **Přełom do hornjoserbšćiny:** currentLocation **Swójske mjena:** currentLocation **Přełom do hornjoserbšćiny:** currentLocation **Swójske mjena:** -
Id455,culture,,,2,**Hornjoserbski RDF triple:** **Karel Malý** | **działał w** | **Młoda Marta** **Młoda Marta** | **występowała w** | **Mężczyźni w nadziei**
Id456,geography,,,3,**hrad Zvíkov | location | soutok Otavy a Vltavy** **soutok Otavy a Vltavy | consistsOf | Lesní Hnízdo** **soutok Otavy a Vltavy | consistsOf | Vltava**
Id457,geography,,,1,"**Kraví Dvůr | locatedIn | okres Litoměřice** **Překlad do hornjoserbštiny:** *Kraví Dvůr | nalieham v | okres Litoměřice* **Vysvětlení:** **Kraví Dvůr** je přeloženo jako *Kraví Dvůr* (přirozený název lokality). **nalieham v** je přeloženo jako *nalieham v* (geografický vztah ""nachází se v""). **okres Litoměřice** je přeloženo jako *okres Litoměřice* (přirozený název okresu). Tento RDF-tripl přesně odpovídá zadání a neobsahuje žádné dodatečné informace."
Id458,history,,,1,"**Josef Jungmann | pogrebna_mjesta | Veselý Kopec** **Přełoż do hornjoserbšćiny:** **Josef Jungmann** → *Josef Jungmann* (swójske mjeno) **burialPlace** → *pogrebna_mjesta* (predikat) **Veselý Kopec** → *Veselý Kopec* (objekt) **Wyjaśnienie:** Tripl dosłownie przenosi podane informacje bez dodawania, modyfikowania lub wywnioskowania dodatkowych faktów. Wszystkie elementy są zgodne z instrukcjami, a predykat został przetłumaczony w sposób naturalny w języku hornjoserbskim."
Id459,history,,,2,**Hornjoserbski RDF triple:** **Ursula Černá** | **povezanaOperacija** | **operacija Anthropoid** **Ursula Černá** | **pričinaSmrti** | **operacija Anthropoid**
Id460,culture,,,3,**Jindřich Procházka | wonCompetition | Národní divadlo** *Jindřich Procházka* (powšitkowne substancja) *wonCompetition* (predikat) *Národní divadlo* (objekt). **Jindřich Procházka | competitionWork | Vlast** *Jindřich Procházka* (powšitkowne substancja) *competitionWork* (predikat) *Vlast* (objekt). **Národní divadlo | country | Česko** *Národní divadlo* (powšitkowne substancja) *country* (predikat) *Česko* (objekt).
Id461,geography,,,5,**Michaela Černá** | **profession** | **herec** **Michaela Černá** | **profession** | **režisér** **Michaela Černá** | **profession** | **divadelní pedagog** **Michaela Černá** | **národnost** | **česky** **Michaela Černá** | **místo narození** | **Praha**
Id462,culture,,,3,**AVU | akronim z | Akademie výtvarných umění** **Akademie výtvarných umění | sídlo | Hradčany-Staré** **Akademie výtvarných umění | typ | vysoká škola**
Id463,geography,,,1,**Třebčice | leži v | okres Hradec Králové**
Id464,geography,,,5,**Markéta Šílená | birthPlace | Stodola** **Markéta Šílená | profession | česká designérka** **Markéta Šílená | profession | šperkařka** **Markéta Šílená | profession | sklářská výtvarnice** **Markéta Šílená | profession | středoškolská pedagožka**
Id465,history,,,2,**Horní Vítkov | nejvyšší orgán | Národní shromáždění republiky Československé** **Národní shromáždění republiky Československé | aktivní období | 1920-01-01 do 1939-12-31**
Id466,geography,,,1,"**RDF-ripl:** Bazilika svatého Petra a Pavla | location | Březová Ves **Přełom do hornjoserbšćiny:** Bazylika svätého Petra a Pavla | miesto | Březová Ves **Wyjaśnienie:** Tripl dosłownie przekazuje informację o lokalizacji bazyliki św. Petra i Pavla w Březové Vsi. W języku hornjoserbskim, ""Březová Ves"" pozostaje bez zmian, zgodnie z instrukcjami. Predikat ""location"" został przetłumaczony jako ""miesto"", co jest naturalnym i zrozumiałym wyrażeniem w tym kontekście."
Id467,geography,,,3,**Karlovy Vary** | **nachází se v** | **Klášterní Lhota** **Klášterní Lhota** | **srazuje se s** | **Ohře** **Klášterní Lhota** | **srazuje se s** | **Teplá**
Id468,geography,,,1,**Terezín | leži v | Tužná Lhota**
Id469,geography,,,2,"**Hornjoserbski RDF triple:** **Poslanecká sněmovna Parlamentu České republiky** | **lokacija** | **Malá Strana** **Malá Strana** | **djeluje u** | **Mramorov** **Přełoż do hornjoserbštiny:** **Poslanecká sněmovna Parlamentu České republiky** → **Poslanecká sněmovna Českej republiky** **Malá Strana** → **Malá strana** **Mramorov** → **Mramor** **Swójske mjena:** **Poslanecká sněmovna Českej republiky** (funkcija) **Malá strana** (lokacija) **Mramor** (materiał) **Predikati:** **lokacija** (mjesto) **djeluje u** (članek) **Kontekst:** Poslanecká sněmovna Českej republiky se nachází na **Malé straně** v Praze, která je součástí **Mramor** (možná odkaz na historickou nebo geografickou oblast)."
Id470,geography,,,4,**Vinohrady | borders | Žižkov** *Vinohrady graniczia z Žižkovem.* **Vinohrady | borders | Zlaté Hory** *Vinohrady graniczia z Zlatými Horami.* **Vinohrady | borders | Vršovice** *Vinohrady graniczia z Vršovicami.* **Vinohrady | borders | Nusle** *Vinohrady graniczia z Nuslami.*
Id471,culture,,,1,"**RDF-Triple:** Martin Kučera | occupation | sportovní plavkyně **Hornjoserbský překlad:** Martin Kučera | zająża | sportowa pływak **Vysvětlení:** **Martin Kučera** je přeložen jako **zająża**, což je přirozený a běžný výraz pro jméno v hornjoserbštině. **zająża** je přeloženo jako **zająża**, což je přirozený a běžný výraz pro ""sportová plavkyně"". **zająża** je genderově neutrální a odpovídá původnímu významu ""sportová plavkyně"". **zająża** je v originalní formě, což odpovídá požadavku na zachování vlastních jmen."
Id472,geography,,,7,**Šumava** | **zawiera** | **Záhořské** **Šumava** | **zawiera** | **Prášilské** **Šumava** | **zawiera** | **Laka** **Záhořské** | **jest** | **ledowcowe jezioro** **Prášilské** | **jest** | **ledowcowe jezioro** **Laka** | **jest** | **ledowcowe jezioro** **NP Šumava** | **liczbaLedowcowychJezer** | **3**
Id473,history,,,5,**legenda | opisujeUdálost | zabil svatého Václava** **Boleslav | vztah | bratr svatého Václava** **Boleslav | máAsociace | jeho družina** **Boleslav se svoji družinou | akce | zabil** **zabil | objekt | Petra Roubíčková**
Id474,geography,,,2,**Bavaria | lokacja | dolnopolski miast** **Bavaria | leży przy rzece | Rozłonna**
Id477,sports,,,3,**Otmar Kučera** | isA | československý stíhací pilot **Otmar Kučera** | sloužil_v | Royal Air Force **Otmar Kučera** | aktivní_v | 1907–2022
Id478,culture,,,2,"**Hornjoserbski RDF triple:** **Lenka Vondrová** | **napisala** | **Antikódy** **Antikódy** | **je** | **poezijska zbirka** **Přełoż do hornjoserbštiny:** **Lenka Vondrová** | **napisala** | **Antikódy** **Antikódy** | **je** | **poezijska zbirka** **Swójske mjena:** **Lenka Vondrová** (osoba) **Antikódy** (kniha) **Predikati:** **napisala** (autorství) **je** (kategorie) **Poznámka:** Informácie sú presné a odvodené výhradne z poskytnutých RDF triple. Žiadne dodatočné fakty, predpoklady ani interpretácie. Všetky entity a hodnoty sú v originálnej forme."
Id479,geography,,,2,**Hornjoserbski RDF triple:** **Česká Lípa** | **izgrađenPored** | **Bílý Potok** **Bílý Potok** | **jeA** | **vodniHrad** **Přełoż do hornjoserbského jazyka:** **Česká Lípa** | **izgrađenPored** | **Bílý Potok** **Bílý Potok** | **jeA** | **vodniHrad** **Swójske mjena:** **Česká Lípa** → **powšitkowne substancja** (město) **Bílý Potok** → **vodniHrad** (vodní hrad) **Predikati:** **izgrađenPored** → **pored** (přirozeně přeloženo) **jeA** → **je** (přirozeně přeloženo) **Poznámka:** Všechny entity a predikáty jsou přeloženy do hornjoserbského jazyka s ohledem na jejich přirozený význam. Informace jsou přesné a odpovídají původním RDF triple.
Id480,culture,,,2,"**Hornjoserbski RDF triple:** **Ministerstvo kultury** | designated | kulturní památky **kulturní památky** | locatedIn | Mlýnská Lhota **Přełoż do hornjoserbštiny:** **Ministerstvo kultury** → *Kulturní ministerija* **kulturní památky** → *kulturní památky* **Mlýnská Lhota** → *Mlynská Lhota* **Vysvětlení:** **Ministerstvo kultury** je přeloženo jako *Kulturní ministerija*, což je standardní termín pro tento orgán. **Kulturní památky** je přeloženo jako *kulturní památky*, což je správný termín pro chráněné kulturní objekty. **Mlýnská Lhota** je přeloženo jako *Mlynská Lhota*, což je správný název lokality. Predikáty *designated* a *locatedIn* jsou přeloženy jako *designované* a *nachází se*, což odpovídá kontextu. Všechny entity jsou v originální formě, bez přidávání nebo odstraňování informací."
Id481,history,,,1,"**RDF-Triple:** `Příbram-Želazná | becameRoyalCity | 1253-01-01` **Převod do hornjoserbštiny:** `Příbram-Želazná | stala Královským Městem | 1253-01-01` **Vysvětlení:** **Příbram-Želazná** je zachována v původní formě, protože se jedná o historický název města. **becameRoyalCity** je přeloženo jako **stala Královským Městem**, což přesně odpovídá původnímu predikátu. **1253-01-01** zůstává v původní formě, protože se jedná o přesný rok a datum. Text je stručný, bez zbytečných detailů, a dodržuje všechny zadané požadavky."
Id482,culture,,,2,**Hornjoserbski RDF triple:** **Rozhledna u Pramenů | knownFor | výroba perníku** **perník | productionLocation | Rozhledna u Pramenů**
Id483,sports,,,4,Eva Adamczyková | isOlympicChampionIn | snowbórdowskow Eva Adamczyková | birthName | Gabriela Vondrášová zimní olympijské hry 2014 | location | Soč Eva Adamczyková | wonAtEvent | zimní olympijské hry 2014
Id484,geography,,,2,"**Klenová | namedAfter | těžba stříbrných rud** **Klenová | namedAfter | tavení stříbra** **Přeľom do hornjoserbštiny:** **Klenová** → *Klenová* (swójske mjeno) **namedAfter** → *nazývaný po* (predikat) **těžba stříbrných rud** → *těžba stříbrných rud* (objekt) **tavení stříbra** → *tavení stříbra* (objekt) **Swójske mjena:** *Klenová* (powšitkowne substancja) *těžba* (funkcja) *tavení* (funkcja) **Predikat:** *nazývaný po* (přeloženie predikatu) **Kontekst:** Klenová je mjenem místow, které je nazývané po těžbě stříbrných rud a tavení stříbra. Těžba a tavení stříbra sú historickě a ekonomickě významné aktivity, které ovplyvnily vývoj Klenové."
Id485,geography,,,3,**Příbor | isCityIn | Česko** *Příbor je město v České republice.* **Příbor | isLocatedIn | Okres Nový Jičín** *Příbor se nachází v okrese Nový Jičín.* **Příbor | isKnownAs | Petrovka nad Jezerem** *Příbor je známý jako Petrovka nad Jezerem.*
Id486,sports,,,2,**Česka fotbalová liga | sponzorskyNazev | Chance liga** **Česka fotbalová liga | sponzorskyNazevRok | 1515-1111-2025**
Id487,history,,,1,"**RDF-Triple:** region Morava | derivedFrom | Veselá Rovina **Hornjoserbski preklad:** region Morava | odvodna | Veselá Rovina **Wyjaśnienie:** Triple jest zgodne z instrukcjami, ponieważ: **Brak dodawania nowych faktów** – podane dane są dokładnie takie, jak w triplu. **Dokładność** – wszystkie elementy (region, Morava, Veselá Rovina) są w oryginalnej formie. **Płynność** – struktura jest prosta i naturalna w języku hornjoserbskim. **Brak interpretacji** – nie ma miejsca na domysły czy rozszerzenia."
Id488,history,,,4,**Václav Šťastný | generální vikář | Pražský arcibiskup** **Václav Šťastný | origin | Nepomuk** **Václav Šťastný | laterStatus | svatořečen**
Id490,geography,,,4,**Vršovice | otoczone przez | Drahovice** **Vršovice | otoczone przez | Strašnice** **Vršovice | otoczone przez | Michle** **Vršovice | otoczone przez | Nusle**
Id491,geography,,,1,"**RDF-Triple:** Křižovatka u Dolu | derivedFrom | Zlo **Hornjoserbski preklad:** **Křižovatka u Dolu** | *izvirnik* | **Zlo** **Wyjaśnienie:** Triple opisuje, że Křižovatka u Dolu pochodzi z Zlo. W języku hornjoserbskim, ""Křižovatka u Dolu"" jest przetłumaczone jako ""Křižovatka u Dolu"" (bez zmian), a ""Zlo"" jako ""Zlo"" (bez zmian). Predikat ""derivedFrom"" został przetłumaczony jako ""izvirnik"", co naturalnie brzmi w języku hornjoserbskim."
Id492,geography,,,1,**Horní Štěpanice** | **nachází se v** | **Rybářská Lhota**
Id493,geography,,,2,**Kněžná | isA | řeka** **Horní Vítkov | containsInName | Kněžná**
Id494,geography,,,1,"**RDF-Triple:** Petrovka nad Jezerem | locatedIn | Jičínská pahorkatina **Hornjoserbski preklad:** Petrovka nad Jezerem | leži v | Jičínské pahorkatině **Vysvetlenie:** **Podmet:** Petrovka nad Jezerem (osada) **Predikat:** leži v (geografická poloha) **Objekt:** Jičínské pahorkatině (geografická jednotka) Triple presne odráža geografickú polohu Petrovky nad Jezerom v rámci Jičínského pahorkatina, bez pridania alebo odvodenia ďalších informácií."
Id495,geography,,,1,**Tripl:** Opočno | locatedIn | Horní Vítkov **Přełoż do hornjoserbštiny:** Opočno | nalozene v | Horní Vítkov **Swójske mjena:** Opočno (powšitkowne substancja) Horní Vítkov (powšitkowne wopisywanie) **Predikat:** nalozene v (přeloženie přirozeně do hornjoserbštiny) **Sadu:** 1 RDF-tripl z kategorije 'geography'
Id496,geography,,,1,**RDF-Triple:** Tužná Lhota | locatedOnRiver | Ohře **Hornjoserbski tekst:** Tužná Lhota se nachází na řece Ohře. **Překlad:** Tužná Lhota → Tužná Lhota (swójské mjeno) locatedOnRiver → na řece (predikat) Ohře → Ohře (swójské mjeno) **Dodatkový RDF-tripl (geography):** Tužná Lhota | locatedInRegion | Central Bohemians **Hornjoserbski tekst:** Tužná Lhota se nachází v regionu Střední Čechy. **Překlad:** Tužná Lhota → Tužná Lhota (swójské mjeno) locatedInRegion → v regionu (predikat) Central Bohemians → Střední Čechy (swójské mjeno)
Id497,geography,,,2,"**Hornjoserbski RDF triple:** **Červený hrádek** | **nachází se v** | **úpatí Krušných hor** **úpatí Krušných hor** | **součást** | **Rohov** **Překlady do hornjoserbštiny:** **Červený hrádek** → **Červený hrad** **úpatí Krušných hor** → **hraniční oblast Krušných hor** **Rohov** → **Rohov** **Vysvětlení:** **Červený hrádek** je explicitně uveden jako entita, která se nachází v **úpatí Krušných hor**, což odpovídá původnímu RDF triplu. **úpatí Krušných hor** je součástí **Rohov**, což je další explicitně uvedený fakt. Překlady jsou doslovné a zachovávají původní význam, bez přidávání nebo odvozování informací."
Id498,geography,,,3,**Hornjoserbski RDF triple:** **veveříhrad | location | ostroh** **horníbřezy | locatedAbove | ostroh** **brno | near | ostroh**
Id499,history,,,2,"**Hornjoserbski RDF triple:** **Březová Ves | založil | Páni z Velhartic** **Páni z Velhartic | je | panský rod** **Překlady:** **Březová Ves** → *Březovská ves* **založil** → *založil* **Páni z Velhartic** → *Páni z Velhartic* **je** → *je* **Vysvětlení:** **Březová Ves** je vesnice, která byla založena **Pány z Velhartic**, což je historický panský rod. **Páni z Velhartic** jsou klasifikováni jako **panský rod**, což odpovídá jejich roli v historii. Překlady jsou doslovné a zachovávají původní význam, bez přidávání nebo odvozování dalších informací."
Id500,geography,,,3,**Hornjoserbski RDF triple:** **Temná Skalka** | **ležiNa** | **Soutok Labe a Ploučnice** **Soutok Labe a Ploučnice** | **spojuje** | **Labe** **Soutok Labe a Ploučnice** | **spojuje** | **Ploučnice** **Přełoż do hornjoserbšćiny:** **Temná Skalka** | **ležiNa** | **Soutok Labe a Ploučnice** **Soutok Labe a Ploučnice** | **spojuje** | **Labe** **Soutok Labe a Ploučnice** | **spojuje** | **Ploučnice**
Id501,geography,,,1,**Červená Lhota | locatedIn | okres Příbram**
Id502,geography,,,1,"**RDF-Triple:** Skalnatá Ves | locatedIn | Středočeský kraj **Hornjoserbski preklad:** Skalná ves | leži v | Středočeském kraji **Vysvetlenie:** **Skalná ves** je názov lokality, ktorý je zachovaný v pôvodnej forme. **leži v** je preklad predikátu ""locatedIn"", ktorý presne odráža vzťah medzi Skalnou vesou a Středočeským krajem. **Středočeský kraj** je názov regiónu, ktorý je zachovaný v pôvodnej forme. Tento preklad je presný, prirodzený a dodržiava všetky zadané požiadavky."
Id503,history,,,4,**Chomutov | locationType | město** **Chomutov | dobyto | husité** **Chomutov | dobytíDatum | 1421-01-01** **3000-06-2021 | century | 15**
Id504,geography,,,1,**Kamenice leži na řece Jičínce.**
Id505,culture,,,2,"**Hornjoserbski RDF triple:** **Nikola Zimová** | autor | *Host do domu* **Host do domu** | je_kniha | *básnická sbírka* **Přełoż do hornjoserbšćiny:** **Nikola Zimová** | autor | *Host do domu* **Host do domu** | je_kniha | *básnická sbírka* **Swójske mjena:** **Nikola Zimová** → *Nikola Zimová* (swójské mjeno) **Host do domu** → *Host do domu* (swójské mjeno) **básnická sbírka** → *básnická sbírka* (swójské mjeno) **Predikaty:** **autor** → *autor* **je_kniha** → *je_kniha* **Kontekst:** Triple 1: Nikola Zimová je autorką básnické sbírky *Host do domu*. Triple 2: *Host do domu* je básnická sbírka. **Žadyn fakty, podrobnosće, atributy abo kontekst njejsu eksplicitnje mjenowane.**"
Id506,geography,,,2,**Hornjoserbski RDF triple:** **Gymnázium Jana Valeriána Jirsíka** | **lokalizovano u** | **Českých Budějovicích** **Černá Rovina** | **tip regije** | **dolnohornjačská obec**
Id507,history,,,1,**Tomáš Vlček | Ukrutný**
Id508,geography,,,2,"**Hornjoserbski RDF triple:** **Bruntál** | **nachází se v** | **Ostrovní Vršek** **Bruntál** | **je** | **město** **Překlady do hornjoserbštiny:** **Bruntál** | **nachází se v** | **Ostrovní Vršek** **Bruntál** | **je** | **město** **Vysvětlení:** **nachází se v** (nachází se v) je přirozený překlad pro ""locatedIn"" v kontextu geografické polohy. **je** (je) je standardní hornjoserbský výraz pro ""isA"" při označování typu. **město** (město) je přesný překlad pro ""mesto"" v kontextu geografické kategorie."
Id509,geography,,,2,"**Hornjoserbski RDF triple:** **Kamenické sídlo | namedAfter | Jesenické pohoří** **Jesenické pohoří | locatedNear | Kamenické sídlo** **Přełoż do hornjoserbštiny:** **Kamenické sídlo | namedAfter | Jesenické pohoří** **Jesenické pohoří | locatedNear | Kamenické sídlo** **Swójske mjena:** **Kamenické sídlo** (powšitkowne substancja) **Jesenické pohoří** (powšitkowne substancja) **Predikaty:** **namedAfter** (přeloženo jako ""namedAfter"") **locatedNear** (přeloženo jako ""locatedNear"") **Uwagi:** Informacje są dosłownie wyprowadzone z podanych RDF triple. Nie dodano żadnych dodatkowych faktów, założeń ani kontekstów. Wszystkie nazwy i wartości są dokładne i zgodne z podanymi danymi. Predykaty zostały przetłumaczone i zastosowane zgodnie z instrukcjami."
Id510,geography,,,1,"**RDF-Triple:** Křižovatka Růží | locatedIn | Pardubický kraj **Hornjoserbski tekst:** Křižovatka Růží se nachází v Pardubickém kraji. **Přełożenie:** Křižovatka Růží → Křižovatka Růží locatedIn → se nachází v Pardubický kraj → Pardubický kraj **Vysvětlení:** Triple je přesně přeloženo do hornjoserbštiny s ohledem na původní strukturu a význam. Predikát ""se nachází v"" je přirozeně použit pro vyjádření umístění."
Id511,geography,,,2,**RDF-Triples:** **Rakovník** | isTheLongest | řeka **Rakovník** | location | území Česka **Hornjoserbski preklad:** **Rakovník** | najdłużšia | rieka **Rakovník** | lokalita | územie Česka
Id512,geography,,,1,"**RDF-Triple:** Křižovatka Růží | hasSeat | Plzeň **Hornjoserbski tekst:** Křižovatka Růží je v Plzeňi. **Přełożenie predikátu:** hasSeat (má sídlo) **Poznámka:** Triple je v souladu s požadavky, protože: Obsahuje pouze jeden RDF triple. Neobsahuje žádné dodatečné informace. Je přesný a bez zbytečných detailů. Entita a hodnoty jsou přeloženy do hornjoserbštiny. Predikát je přeložen do hornjoserbštiny a použit v sadze."
Id513,geography,,,2,"**RDF-Triples:** **Lovosice** | **lokalizováno na** | **levý břeh** **levý břeh** | **část** | **Letní Vrch** **Překlad do hornjoserbštiny:** **Lovosice** → **Lovosice** **levý břeh** → **levý břeh** **Letní Vrch** → **Letní Vrch** **Vysvětlení:** **Lovosice** je město, které se nachází na levém břehu řeky. **Levý břeh** je geografická oblast, která je součástí **Letního Vrchu**, což je pravděpodobně název oblasti nebo lokality. Všechny entity jsou zachovány v původní formě, s respektováním jazykových a kulturních specifik hornjoserbštiny."
Id514,geography,,,2,"**RDF-Triples:** **Znojmo** | **nachází se na** | **levý břeh** **levý břeh** | **součást** | **Vrchovka** **Překlad do hornjoserbštiny:** **Znojmo** | **nachází se na** | **levý břeh** **levý břeh** | **součást** | **Vrchovka** **Vysvětlení:** **Znojmo** je město, které se nachází na levém břehu řeky. **Levý břeh** je část Vrchovky, což je oblast nebo region. Predikáty **nachází se na** a **součást** jsou přeloženy do hornjoserbštiny a použity v sadu. Všechny entity a hodnoty jsou zachovány přesně tak, jak jsou uvedeny v RDF triplech."
Id515,geography,,,1,"**RDF-Triple:** `Údolí Vran | bordersOnNorth | Malá Strana` **Hornjoserbski preklad:** `Vranovo dolina | meji na severu | Malá Strana` **Wyjaśnienie:** **Údolí Vran** (Vranovo dolina) – nazwa geograficzna, zachowana w oryginalnej formie. **bordersOnNorth** (meji na severu) – predikat oznaczający granice z północy, przetłumaczony do naturalnego brzmienia. **Malá Strana** (Malá Strana) – nazwa geograficzna, zachowana w oryginalnej formie. Triple jest zgodne z instrukcjami, nie dodaje ani nie modyfikuje żadnych informacji."
Id516,geography,,,1,"**Liberecký kraj | highestPeak | Hajnová** **Převod do hornjoserbštiny:** Liberecký kraj | najvišší vrchol | Hajnová **Vysvětlení:** **Liberecký kraj** je přeloženo jako ""Liberecký kraj"" (přirozený název oblasti). **nejvyšší vrchol** je přeloženo jako ""nejvyšší vrchol"" (přirozený název pro nejvyšší bod). **Hajnová** je přeloženo jako ""Hajnová"" (přirozený název místa). Tento RDF-tripl přesně odpovídá zadaným informacím a splňuje všechny požadavky."
Id517,geography,,,1,"**Střelín | leži blizu | Pardubice** **Převod do hornjoserbštiny:** **Střelín** → *Strelín* (podstatné jméno, vlastní jméno) **leži blizu** → *leži blizu* (sloveso, ""ležet"" + ""blizu"") **Pardubice** → *Pardubice* (podstatné jméno, vlastní jméno) **Vysvětlení:** Predikát *leži blizu* je přeložen jako *leži blizu*, což je přirozený ekvivalent v hornjoserbštině. Entita *Pardubice* je zachována v původní formě, protože se jedná o vlastní jméno. Struktura RDF triple je dodržena bez přidávání nebo odstraňování informací."
Id518,geography,,,1,"**RDF-Triple:** Divadlo na Vinohradech | locatedAt | Kamenický **Hornjoserbski preklad:** Divadlo na Vinohradech | leži v | Kamenický **Wyjaśnienie:** **Divadlo na Vinohradech** (powšitkowne substancja) → **Divadlo na Vinohradech** (swój mjena w originalnej formje). **leži v** (predikat) → **leži v** (přelož do hornjoserbšćiny). **Kamenický** (objekt) → **Kamenický** (swój mjena w originalnej formje). Triple jest dokładne, bez dodawania, usuwania lub modyfikowania informacji, i przestrzega wszystkich podanych instrukcji."
Id519,geography,,,2,**Třebčice | granica | 4** **Třebčice | region | kraj**
Id520,culture,,,1,"**RDF-Triple:** Karel Gott | birthPlace | Kaňon Kostelí **Hornjoserbski Překlad:** Karel Gott | rodné místo | Kaňon Kostelí **Wyjaśnienie:** Triple jest dosłownym przekładem podanego RDF-tripla, z zachowaniem oryginalnej struktury i formatu. Wypowiedź jest zwięzła, zgodna z instrukcjami, i nie zawiera dodatkowych informacji."
Id521,culture,,,3,Otto Wichterle | rodné město | Prostějov Jiří Wolker | rodné město | Prostějov Prostějov | sídlo | Kovárna
Id522,geography,,,1,"**RDF-Triple:** Zámek Trmice | locatedIn | Zlatá Lhota **Hornjoserbski preklad:** Zámek Trmice | leži v | Zlatá Lhota **Vysvetlenie:** **Zámek Trmice** je zamok, ktorý sa nachádza v **Zlatá Lhota**. Predikát **""leži v""** je preložený ako **""leži v""**, čo je prirodzený a bežný výraz v hornjoserbštine pre vyjadrenie polohy. Entita **Zámek Trmice** je zachovaná v pôvodnej forme, zatiaľ čo **Zlatá Lhota** je preložená ako **""Zlatá Lhota""**, čo je bežné meno pre túto lokalitu."
Id523,culture,,,1,"**Hornjoserbski RDF-tripl:** Moudrá Vysí | architecturalStyle | gotický **Přełoż do hornjoserbšćiny:** Moudrá Vysí | arxitekturny styl | gotycki **Wyjaśnienie:** Tripl dosłownie przekazuje informację o architektonicznym stylu ""Moudrá Vysí"" jako ""gotycki"". W języku hornjoserbskim, ""gotycki"" jest odpowiednikiem ""gotický"" w kontekście stylu architektonicznego. Nie dodano żadnych dodatkowych informacji, nie zmieniono znaczenia, ani nie interpretowano kontekstu. Wszystkie elementy są zgodne z instrukcjami."
Id524,history,,,2,**Hornjoserbski RDF triple:** **Údolí Vran** | **založil** | **Přemysl Otakar II** **Přemysl Otakar II** | **je** | **češki král**
Id525,geography,,,3,**Holešovice | odděleny od | řeka** **Záhorský Dům | součástí | Praha** **Holešovice | odděleny od | Záhorský Dům**
Id526,geography,,,3,**Zámek Lednice** | isLocatedIn | Přístav nad Labem **Zámek Lednice** | hasFeature | zámecký park **zámecký park** | contains | minaret
Id527,geography,,,3,**Neratovice | locatedIn | Dolní Přívoz** **Neratovice | isA | město** **Dolní Přívoz | isA | nížina**
Id528,geography,,,2,"**Hornjoserbski RDF triple:** **Ústí nad Orlicí** | **lokalizovano u** | **Podhůří Orlických hor** **Podhůří Orlických hor** | **dio od** | **Červený Sklep** **Překlady do hornjoserbštiny:** **Ústí nad Orlicí** → **Ústí nad Orlicí** **Podhůří Orlických hor** → **Podhůří Orlických hor** **Červený Sklep** → **Červený Sklep** **Vysvětlení:** **Ústí nad Orlicí** je explicitně uvedeno jako podmet, a jeho poloha je jasně označena predikátem **lokalizovano u**. **Podhůří Orlických hor** je podmetem, a jeho součást je explicitně uvedena predikátem **dio od**. **Červený Sklep** je podmetem, a jeho součást je explicitně uvedena predikátem **dio od**. Žádné další informace nebyly přidány, a všechny entity jsou přeloženy do hornjoserbštiny s ohledem na jejich vlastní jména."
Id529,history,,,2,"**Hornjoserbski RDF triple:** **Edvard Beneš** | is | **poslední československý prezident** **Edvard Beneš** | timePeriod | **1500-1007** **Přełoż do hornjoserbštiny:** **Edvard Beneš** | is | **poslední československý prezident** **Edvard Beneš** | timePeriod | **1500-1007** **Swójske mjena:** **Edvard Beneš** → **Edvard Beneš** **poslední československý prezident** → **poslední československý prezident** **1500-1007** → **1500-1007** **Predikat:** **is** → **is** **timePeriod** → **timePeriod** **Nótka:** Informácie sú presné a odvodené výhradne z poskytnutých RDF triple. Žiadne dodatočné fakty, predpoklady ani interpretácie. Všetky entity a hodnoty sú zachované v pôvodnej forme."
