eid,category,shape,shape_type,size,sentence,sentence_1,sentence_2,sentence_3,sentence_4,sentence_5,raw_response,raw_response_1,raw_response_2,raw_response_3,raw_response_4,raw_response_5
Id0,culture,,,1,FA,FA,FA,FA,FA,FA,,,,,,
Id1,culture,,,3,FA,FA,FA,FA,FA,FA,,,,,,
Id2,politics,,,2,FA,FA,FA,FA,FA,FA,,,,,,
Id3,culture,,,3,FA,FA,FA,FA,FA,FA,,,,,,
Id4,geography,,,1,FA,FA,FA,FA,FA,FA,,,,,,
Id5,history,,,4,FA,FA,FA,FA,FA,FA,,,,,,
Id6,culture,,,3,FA,FA,FA,FA,FA,FA,,,,,,
Id7,geography,,,1,FA,FA,FA,FA,FA,FA,,,,,,
Id8,culture,,,5,FA,FA,FA,FA,FA,FA,,,,,,
Id9,culture,,,2,FA,FA,FA,FA,FA,FA,,,,,,
Id10,geography,,,1,FA,FA,FA,FA,FA,FA,,,,,"uhlí is a type of fossil fuel, and Kladensko is a real place in Russia. The triple ""Kladensko | minedResource | uhlí"" indicates that Kladensko is a place that mines coal, which is a factual relationship. Therefore, the entire set is: FA",
Id11,politics,,,1,FA,FA,FA,FA,FA,FA,,,,,,
Id12,history,,,1,FA,FA,FA,FA,FA,FA,,,,,,
Id13,geography,,,2,FA,FA,FA,FA,FA,FA,,,,,,
Id14,history,,,1,FA,FA,FA,FA,FA,FA,,,,,,
Id15,history,,,2,FA,FA,FA,FA,FA,FA,"The first triple, ""historické město Most | reasonForDemolition | těžba uhlí"", links a city to the reason for demolition, which is mining coal. The second triple, ""těžba uhlí | resourceType | uhlí"", links coal mining to the resource type ""uhlí"" (coal). These triples are about real entities (Most, coal) and real relationships (reasonForDemolition, resourceType). The information is consistent with real-world knowledge. The facts are true and match known historical and factual data. Thus, the set of triples is classified as: **FA**","The first triple, ""historické město Most | reasonForDemolition | těžba uhlí"", links a city to the reason for demolition, which is mining coal. The second triple, ""těžba uhlí | resourceType | uhlí"", links coal mining to the resource type ""uhlí"" (coal). These triples are about real entities (Most, coal) and real relationships (reasonForDemolition, resourceType). The information is consistent with real-world knowledge. The facts are true and match known historical and factual data. Thus, the set of triples is classified as: **FA**",,,,
Id16,culture,,,6,FA,FA,FA,FA,FA,FA,,,,,,
Id17,geography,,,2,FA,FA,CFA,FA,FA,FA,,,"The first triple, ""Zlín | location | údolí Dřevnice"", indicates that Zlín is a location and its location is the hillside Dřevnice. This is a factual relationship between a place and its location, which is consistent with real-world geography. The second triple, ""Dřevnice | type | řeka"", states that Dřevnice is a type of river. While Dřevnice is a real place, it is not a river in the traditional sense. It is a hillside, so this relationship is not accurate in real-world knowledge. Therefore, the information is not factual but rather counterfactual, as it alters the real-world knowledge. Thus, the entire set of triples is classified as **CFA**.",,"The first triple, ""Zlín | location | údolí Dřevnice"", indicates that Zlín is a location and its location is the ""údolí Dřevnice"". This is a factual relationship between a city and its geographical location, which is a real-world concept. The second triple, ""Dřevnice | type | řeka"", states that Dřevnice is a type of river. This is also a factual relationship, as rivers are real entities and their classification as rivers is a known fact. Both triples are factual and align with real-world knowledge. Therefore, the entire set of RDF triples can be classified as: **FA**",
Id18,geography,,,2,FA,FA,FA,FA,FA,FA,,,,"The first triple, ""Slanská hora | locatedIn | Slaný"", indicates a geographical relationship where the entity ""Slanská hora"" is located in ""Slaný"". This is a factual statement about the real world. The second triple, ""Slanská hora | name | Slanská hora"", confirms the name of the entity. This is also a factual statement about the real world. Both triples are factual and consistent with real-world knowledge. Therefore, the entire set of RDF triples is classified as: FA","The first triple, ""Slanská hora | locatedIn | Slaný"", indicates a factual relationship between the entity ""Slanská hora"" and the location ""Slaný"". This is consistent with real-world geography. The second triple, ""Slanská hora | name | Slanská hora"", confirms that the entity's name is ""Slanská hora"", which is a factual statement about the entity itself. Both triples are consistent with real-world knowledge and do not contain any fictional or counterfactual elements. Thus, the set of RDF triples is classified as: **FA**",
Id19,geography,,,1,FA,FA,FA,FA,FA,FA,,,,,,
Id20,history,,,2,FA,FA,FA,FA,FA,FA,,,,,,
Id21,geography,,,2,FA,FA,FA,FA,FA,FA,,,,,,
Id22,sports,,,1,FA,FA,FA,FA,FA,FA,,,,,,
Id23,politics,,,1,FA,FA,FA,FA,FA,FA,,,,,,
Id24,sports,,,2,FA,FA,FA,FA,FA,FA,,,"The two RDF triples are: 1. **Petr Mach | owns | Sparta** 2. **Sparta | isA | fotbalový klub** ### Analysis: - **Petr Mach owns Sparta**: This is a factual relationship between two real entities (Petr Mach and Sparta). The ownership relationship is a real-world concept and is consistent with known facts about sports clubs. - **Sparta isA fotbalový klub**: This is a classification statement. ""Fotbalový klub"" is a real-world term for a football club, and Sparta is a real football club. This is also a factual statement. Both triples are about real entities and real-world relationships. There is no indication that either entity or relationship is fictional or altered. ### Conclusion: The set of triples is **FA** (factual), as the information is true and matches real-world knowledge. **Answer: FA**",,"The first triple, ""Petr Mach | owns | Sparta,"" indicates a real-world relationship where Petr Mach owns the football club Sparta. This is consistent with real-world knowledge. The second triple, ""Sparta | isA | fotbalový klub,"" states that Sparta is a football club, which is also consistent with real-world knowledge. Both triples are accurate and reflect real-world facts about the entities involved. Therefore, the set of triples is classified as: FA","The first triple, ""Petr Mach | owns | Sparta,"" indicates a real relationship between a person and an organization, which is consistent with real-world knowledge. The second triple, ""Sparta | isA | fotbalový klub,"" is a class relationship that is also consistent with real-world knowledge (Sparta is a football club). Both triples are accurate and reflect real-world facts about real entities and relationships. Thus, the entire set of triples can be classified as: **FA**"
Id25,culture,,,2,FA,FA,FA,FA,FA,FA,,,,,,
Id26,culture,,,4,FA,FA,FA,FA,FA,FA,,,,,,
Id27,culture,,,5,FA,FA,FA,FA,FA,FA,,,,,,
Id28,culture,,,2,FA,FA,FA,FA,FA,FA,,,,,,
Id29,sports,,,1,FA,FA,FA,FA,FA,FA,,,,,,
Id30,history,,,3,FA,FA,FA,FA,FA,FA,,,,,,
Id31,geography,,,2,FA,FA,FA,FA,FA,FA,,,,,,
Id32,culture,,,3,FA,FA,FA,FA,FA,FA,,,,,,
Id33,geography,,,2,FA,FA,FA,FA,FA,FA,,,,,,
Id34,geography,,,2,FA,FA,FA,FA,FA,FA,,,,,,
Id35,geography,,,3,FA,FA,FA,FA,FA,FA,,,,,,
Id36,history,,,3,FA,FA,FA,FA,FA,FA,,,,,,
Id37,culture,,,3,FA,FA,FA,FA,FA,FA,,,,,,
Id38,history,,,2,FA,FA,FA,FA,FA,FA,,,,,,
Id39,history,,,1,FA,FA,FA,FA,FA,FA,,,,,,
Id40,geography,,,2,FA,FA,INVALID,FA,FA,FA,"The two RDF triples are: 1. Škoda Auto | headquarteredIn | Mladá Boleslav 2. Škoda Auto | isA | automobilka ### Analysis: - **Škoda Auto | headquarteredIn | Mladá Boleslav**: This is a factual statement about the company's location. Mladá Boleslav is a real city in the Czech Republic, and Škoda Auto is a real company based there. The relationship is accurate and matches real-world knowledge. - **Škoda Auto | isA | automobilka**: This is a classification. ""Automobilka"" is a Czech term for ""car manufacturer,"" and Škoda Auto is indeed a car manufacturer. This is also a factual statement. ### Conclusion: Both triples are factual and accurate representations of real-world information. Therefore, the entire set is classified as: **FA**","The two RDF triples are: 1. Škoda Auto | headquarteredIn | Mladá Boleslav 2. Škoda Auto | isA | automobilka ### Analysis: - **Škoda Auto | headquarteredIn | Mladá Boleslav**: This is a factual statement about the company's location. Mladá Boleslav is a real city in the Czech Republic, and Škoda Auto is a real company based there. The relationship is accurate and matches real-world knowledge. - **Škoda Auto | isA | automobilka**: This is a classification. ""Automobilka"" is a Czech term for ""car manufacturer,"" and Škoda Auto is indeed a car manufacturer. This is also a factual statement. ### Conclusion: Both triples are factual and accurate representations of real-world information. Therefore, the entire set is classified as: **FA**","The two RDF triples are: 1. Škoda Auto | headquarteredIn | Mladá Boleslav 2. Škoda Auto | isA | automobilka ### Analysis: - **Škoda Auto | headquarteredIn | Mladá Boleslav**: This is a factual statement about the company's location. The city Mladá Boleslav is a real place, and the company is indeed headquartered there. This aligns with real-world knowledge. - **Škoda Auto | isA | automobilka**: This is a classification of the company as an automobilka (automotive manufacturer). This is also a factual statement about the company's nature, consistent with real-world knowledge. Both statements are accurate, real-world facts, and do not involve fictional entities or altered relationships. ### Conclusion: The entire set of triples is **FA** (factual).","The two RDF triples are: 1. Škoda Auto | headquarteredIn | Mladá Boleslav 2. Škoda Auto | isA | automobilka Both statements are about the entity ""Škoda Auto."" The first triple states that the company is headquartered in Mladá Boleslav, which is a real-world location. The second triple states that the company is an automobilka (a type of automobile manufacturer), which is also a factual classification. Since both statements are consistent with real-world knowledge and do not involve any fictional or counterfactual elements, the set of triples can be classified as: **FA**",,
Id41,culture,,,2,FA,FA,FA,FA,FA,FA,,,,,,
Id42,other,,,2,FA,FA,FA,FA,FA,FA,,,,,,
Id43,geography,,,2,FA,FA,FA,FA,FA,FA,"The two RDF triples are: 1. Trutnov | hasRiver | Úpa 2. Úpa | flowsThrough | Trutnov These describe a relationship between Trutnov and Úpa. The first triple indicates that Trutnov has a river named Úpa. The second triple indicates that Úpa flows through Trutnov. Both statements are consistent with real-world knowledge: Úpa is a river in the Czech Republic, and it flows through Trutnov. Since both statements are true and match real-world knowledge, the set of triples is classified as: **FA**","The two RDF triples are: 1. Trutnov | hasRiver | Úpa 2. Úpa | flowsThrough | Trutnov These describe a relationship between Trutnov and Úpa. The first triple indicates that Trutnov has a river named Úpa. The second triple indicates that Úpa flows through Trutnov. Both statements are consistent with real-world knowledge: Úpa is a river in the Czech Republic, and it flows through Trutnov. Since both statements are true and match real-world knowledge, the set of triples is classified as: **FA**","The two RDF triples are: 1. Trutnov | hasRiver | Úpa 2. Úpa | flowsThrough | Trutnov These two triples indicate a relationship between Trutnov and Úpa. The first triple states that Trutnov has the river Úpa, and the second states that Úpa flows through Trutnov. This is a factual relationship that aligns with real-world knowledge. The entities (Trutnov and Úpa) are real, and the relationships are accurately described. Thus, the entire set of triples can be classified as: **FA**","The two RDF triples are: 1. Trutnov | hasRiver | Úpa 2. Úpa | flowsThrough | Trutnov These represent a relationship where Trutnov has the river Úpa, and Úpa flows through Trutnov. In real-world geography, the river Úpa flows through Trutnov, so the information is accurate. Therefore, the set of triples is consistent with real-world knowledge. **Label: FA**","The two RDF triples are: 1. Trutnov | hasRiver | Úpa 2. Úpa | flowsThrough | Trutnov ### Analysis: - **Trutnov has River Úpa**: This indicates that Trutnov is a geographical entity that has the river Úpa as a river. - **Úpa flowsThrough Trutnov**: This indicates that the river Úpa flows through Trutnov. These two statements are logically consistent. The river Úpa is a real river, and it flows through Trutnov, which is a real place. The information is true and matches real-world knowledge. ### Conclusion: The set of triples is **FA** (factual), as the information is true and matches real-world knowledge. Final answer: **FA**","The two RDF triples are: 1. Trutnov | hasRiver | Úpa 2. Úpa | flowsThrough | Trutnov These two triples indicate a relationship where Trutnov has the river Úpa, and Úpa flows through Trutnov. In real-world knowledge, the Úpa is a river in the Czech Republic, and it flows through Trutnov. Therefore, the information is consistent with real-world knowledge. Thus, the entire set of triples is consistent with factual knowledge. **Label: FA**"
Id44,other,,,2,FA,FA,FA,FA,FA,FA,,,,,,
Id45,other,,,1,FA,FA,FA,FA,FA,FA,,,,,,
Id46,geography,,,2,FA,FA,FA,FA,FA,FA,,,,,,
Id47,culture,,,2,FA,FA,FA,FA,FA,FA,,,,,,
Id48,culture,,,2,FA,FA,FA,FA,FA,FA,,,,,,
Id49,other,,,1,FA,FA,FA,FA,FA,FA,,,,,,
Id50,culture,,,2,FA,FA,FA,FA,FA,FA,,,,,,
Id51,other,,,1,FA,FA,FA,FA,FA,FA,,,,,,
Id52,sports,,,2,CFA,CFA,FA,FA,FA,FA,"The two RDF triples are: 1. `hora Raná | isCenterOf | paragliding` 2. `hora Raná | isCenterOf | sportovní létání` Both triples state that `hora Raná` is the center of ""paragliding"" and ""sportovní létání"" (which is a Czech term for paragliding). Since ""sportovní létání"" is a fictional or non-English term that may not correspond to a real sport in the same way as ""paragliding,"" the second triple may be less accurate or fictional. However, the first triple is clearly factual: `paragliding` is a real sport, and `hora Raná` is known for paragliding. The second triple, while possibly a misnomer or a non-standard term, still refers to the same sport. Since both triples refer to the same entity and the same sport, and the second one may be a non-standard or fictional variation, the set of triples is best classified as **CFA** (counterfactual) because the relationships or values are altered or not consistent with real-world knowledge. Final answer: **CFA**","The two RDF triples are: 1. `hora Raná | isCenterOf | paragliding` 2. `hora Raná | isCenterOf | sportovní létání` Both triples state that `hora Raná` is the center of ""paragliding"" and ""sportovní létání"" (which is a Czech term for paragliding). Since ""sportovní létání"" is a fictional or non-English term that may not correspond to a real sport in the same way as ""paragliding,"" the second triple may be less accurate or fictional. However, the first triple is clearly factual: `paragliding` is a real sport, and `hora Raná` is known for paragliding. The second triple, while possibly a misnomer or a non-standard term, still refers to the same sport. Since both triples refer to the same entity and the same sport, and the second one may be a non-standard or fictional variation, the set of triples is best classified as **CFA** (counterfactual) because the relationships or values are altered or not consistent with real-world knowledge. Final answer: **CFA**","The two triples are: 1. `hora Raná | isCenterOf | paragliding` 2. `hora Raná | isCenterOf | sportovní létání` Both triples state that `hora Raná` is the center of `paragliding` and `sportovní létání`. - `paragliding` and `sportovní létání` are both types of flying or gliding activities. - The fact that `hora Raná` is the center of both activities is consistent with real-world knowledge about sports and activities involving gliding. Since both triples are factual and align with real-world knowledge, the entire set can be classified as: **FA**","The two RDF triples are: 1. `hora Raná | isCenterOf | paragliding` 2. `hora Raná | isCenterOf | sportovní létání` Both triples indicate that `hora Raná` is the center of both ""paragliding"" and ""sportovní létání"" (which is a Czech term for paragliding). Since these are both factual statements about the same entity (`hora Raná`) and the same activity, and the terms are consistent (paragliding is a recognized sport), the information is true and aligns with real-world knowledge. Thus, the set of triples is classified as: **FA**","The two RDF triples are: 1. `hora Raná | isCenterOf | paragliding` 2. `hora Raná | isCenterOf | sportovní létání` Both triples state that `hora Raná` is the center of `paragliding` and `sportovní létání` (which is a transliteration of ""paragliding""). Since both are referring to the same activity, and the relationship `isCenterOf` is being used for both, this suggests that the information is consistent and matches real-world knowledge. Thus, the entire set of triples can be classified as: **FA**","The two RDF triples are: 1. `hora Raná | isCenterOf | paragliding` 2. `hora Raná | isCenterOf | sportovní létání` Both triples state that `hora Raná` is the center of `paragliding` and `sportovní létání` (which is a Czech term for paragliding). Since the two triples refer to the same activity and the same entity (`hora Raná`), they are consistent in meaning. The information is factual and matches real-world knowledge (paragliding is a recognized sport). There is no contradiction or falsification in the statements. Thus, the set of triples is classified as: **FA**"
Id53,culture,,,1,FA,FA,FA,FA,FA,FA,,,,,,
Id54,history,,,4,FA,FA,FA,FA,FA,FA,,,,,,
Id55,geography,,,1,FA,FA,FA,FA,FA,FA,,,,,,
Id56,geography,,,2,FA,FA,FA,FA,FA,FA,,,,,,
Id57,culture,,,1,FA,FA,FA,FA,FA,FA,,,,,,
Id58,geography,,,1,FA,FA,FA,FA,FA,FA,,,,,,
Id59,culture,,,1,FA,FA,FA,FA,FA,FA,,,,,,
Id60,geography,,,2,FA,FA,FA,FA,FA,FA,"The two RDF triples are: 1. Žatec | hasRiver | Ohře 2. Ohře | flowsThrough | Žatec These represent a relationship where Žatec has a river named Ohře, and Ohře flows through Žatec. This is a factual relationship that aligns with real-world knowledge. The information is consistent with the geographical facts. Therefore, the entire set of triples can be classified as: FA","The two RDF triples are: 1. Žatec | hasRiver | Ohře 2. Ohře | flowsThrough | Žatec These represent a relationship where Žatec has a river named Ohře, and Ohře flows through Žatec. This is a factual relationship that aligns with real-world knowledge. The information is consistent with the geographical facts. Therefore, the entire set of triples can be classified as: FA","The two RDF triples are: 1. Žatec | hasRiver | Ohře 2. Ohře | flowsThrough | Žatec Both triples establish a relationship between Žatec and Ohře. The first states that Žatec has the river Ohře, and the second states that Ohře flows through Žatec. These are factual relationships that align with real-world geography. The entities (Žatec and Ohře) are real and exist in the real world. Therefore, the entire set of triples is consistent with real-world knowledge. **Label: FA**","The two RDF triples are: 1. Žatec | hasRiver | Ohře 2. Ohře | flowsThrough | Žatec These triples indicate a relationship where Žatec has a river called Ohře, and Ohře flows through Žatec. In real-world knowledge, Ohře is a real river in the Czech Republic, and Žatec is a town in that country. The relationships are accurate and consistent with real-world geography. Thus, the entire set of triples is consistent with real-world knowledge. **Label: FA**","The two RDF triples are: 1. Žatec | hasRiver | Ohře 2. Ohře | flowsThrough | Žatec Both triples indicate a relationship between Žatec and Ohře. The first states that Žatec has a river named Ohře, and the second states that Ohře flows through Žatec. These are factual relationships that are consistent with real-world geography. Since both triples are factual and consistent with real-world knowledge, the entire set of triples can be classified as: **FA**","The two RDF triples are: 1. Žatec | hasRiver | Ohře 2. Ohře | flowsThrough | Žatec These statements indicate a relationship between Žatec and Ohře, where Ohře is a river that flows through Žatec. This is a factual relationship that aligns with real-world knowledge. Thus, the entire set of triples is: **FA**"
Id61,geography,,,1,FA,FA,FA,FA,FA,FA,,,,,,
Id62,sports,,,4,FA,FA,FA,FA,FA,FA,,,,,,
Id63,geography,,,2,FA,FA,FA,FA,FA,FA,"The two triples are: 1. Turnov | hasRiver | Jizera 2. Jizera | flowsThrough | Turnov These describe a relationship where Turnov has a river named Jizera, and Jizera flows through Turnov. In real-world knowledge, Jizera is a river in the Czech Republic, and Turnov is a city in that country. The relationship is consistent with real geographic data. Therefore, the set of triples is consistent with real-world knowledge. **Label: FA**","The two triples are: 1. Turnov | hasRiver | Jizera 2. Jizera | flowsThrough | Turnov These describe a relationship where Turnov has a river named Jizera, and Jizera flows through Turnov. In real-world knowledge, Jizera is a river in the Czech Republic, and Turnov is a city in that country. The relationship is consistent with real geographic data. Therefore, the set of triples is consistent with real-world knowledge. **Label: FA**","The two RDF triples are: 1. Turnov | hasRiver | Jizera 2. Jizera | flowsThrough | Turnov These describe a relationship between Turnov and Jizera, where Turnov has the river Jizera, and Jizera flows through Turnov. Both statements are factually accurate in the real world. The first states that Turnov is associated with the river Jizera, and the second states that Jizera flows through Turnov. These are both true statements based on geographical knowledge. Therefore, the set of triples is **FA**.","The two RDF triples are: 1. Turnov | hasRiver | Jizera 2. Jizera | flowsThrough | Turnov These represent a relationship where Jizera is a river that flows through Turnov. However, in reality, Jizera is a river in the Czech Republic, and Turnov is a city in that country. The fact that Jizera flows through Turnov is a real-world fact. Thus, the information is true and matches real-world knowledge. **Label: FA**","The two triples are: 1. Turnov | hasRiver | Jizera 2. Jizera | flowsThrough | Turnov These two triples indicate a relationship where Turnov is a city that has the river Jizera, and Jizera flows through Turnov. In real-world knowledge, Turnov is a real city, and Jizera is a real river. The relationship is consistent with factual knowledge. Thus, the entire set of triples is **FA**.","The two RDF triples are: 1. Turnov | hasRiver | Jizera 2. Jizera | flowsThrough | Turnov These describe a relationship where Turnov has a river named Jizera, and Jizera flows through Turnov. - The first triple indicates that Turnov is associated with the river Jizera. - The second triple indicates that Jizera flows through Turnov. Both statements are logically consistent with real-world knowledge: Jizera is a river in the Czech Republic, and it flows through Turnov. Thus, the information is true and matches real-world knowledge. **Label: FA**"
Id64,sports,,,2,FA,FA,FA,FA,FA,FA,,,,,,
Id65,culture,,,3,FA,FA,FA,FA,FA,FA,,,,,,
Id66,geography,,,3,FA,FA,FA,FA,FA,FA,,,,,,
Id67,culture,,,1,FA,FA,FA,FA,FA,FA,,,,,,
Id68,geography,,,2,FA,FA,FA,FA,FA,FA,,,,,,
Id69,culture,,,5,FA,FA,FA,FA,FA,FA,,,,,,
Id70,geography,,,2,FA,FA,FA,FA,FA,FA,,,,,,
Id71,culture,,,1,FA,FA,FA,FA,FA,FA,,,,,,
Id72,geography,,,2,FA,FA,FA,FA,FA,FA,,,,,,
Id73,geography,,,2,FA,FA,FA,FA,FA,FA,,,"The two RDF triples are: 1. **Havlíčkův Brod | riverFlowingThrough | Sázava** 2. **Sázava | isA | river** ### Analysis: - **Havlíčkův Brod** is a real place (a town in Czech Republic). - **Sázava** is a real river. - The triple **Havlíčkův Brod | riverFlowingThrough | Sázava** indicates that Havlíčkův Brod flows through Sázava. This is a factual relationship between a town and a river. - The triple **Sázava | isA | river** confirms that Sázava is a river, which is also a factual statement. Both triples are factual and consistent with real-world knowledge. ### Conclusion: The set of RDF triples is **FA** (factual).",,,"The two RDF triples are: 1. `Havlíčkův Brod | riverFlowingThrough | Sázava` 2. `Sázava | isA | river` ### Analysis: - **Havlíčkův Brod** is a real place (a town in the Czech Republic). - **Sázava** is a real river. - The triple `Havlíčkův Brod | riverFlowingThrough | Sázava` states that Havlíčkův Brod flows through Sázava. This is a factual relationship between two real entities. - The triple `Sázava | isA | river` states that Sázava is a river, which is also a factual relationship. Both triples are factual and consistent with real-world knowledge. There is no indication that any of the relationships are false or altered. ### Conclusion: The entire set of triples is **FA**."
Id74,geography,,,2,FA,FA,FA,FA,FA,FA,,,,,,
Id75,sports,,,3,FA,FA,FA,FA,FA,FA,,,,,,
Id76,culture,,,7,FA,FA,FA,FA,FA,FA,,,,,,
Id77,history,,,4,FA,FA,FA,FA,FA,FA,,,,,,
Id78,geography,,,2,FA,FA,FA,FA,FA,FA,,,,,,
Id79,geography,,,1,FA,FA,FA,FA,FA,FA,,,,,,
Id80,culture,,,3,FA,FA,FA,FA,FA,FA,,,,,,
Id81,politics,,,2,FA,FA,FA,FA,FA,FA,,,,,,
Id82,other,,,5,FA,FA,FA,FA,FA,FA,,,,,,
Id83,sports,,,7,FA,FA,FA,FA,FA,FA,,,,,,
Id84,culture,,,5,FA,FA,FA,FA,FA,FA,,,,,,
Id85,culture,,,5,FA,FA,FA,FA,FA,FA,,,,,,
Id86,sports,,,3,FA,FA,FA,FA,FA,FA,,,,,,
Id87,history,,,3,FA,FA,FA,FA,FA,FA,,,,,,
Id88,geography,,,2,FA,FA,FA,FA,FA,FA,,,,,,
Id89,geography,,,2,FA,FA,FA,FA,FA,FA,,,,,,
Id90,sports,,,4,FA,FA,FA,FA,FA,FA,,,,,,
Id91,culture,,,1,FA,FA,FA,FA,FA,FA,,,,,,
Id92,history,,,1,FA,FA,FA,FA,FA,FA,,,,,,
Id93,culture,,,1,FA,FA,FA,FA,FA,FA,,,,,,
Id94,history,,,6,FA,FA,FA,FA,FA,FA,,,,,,
Id95,geography,,,1,FA,FA,FA,FA,FA,FA,,,,,,
Id96,sports,,,4,FA,FA,FA,FA,FA,FA,,,,,,
Id97,culture,,,2,FA,FA,FA,FA,FA,FA,,,,,,
Id98,culture,,,3,FA,FA,FA,FA,FA,FA,"The set of RDF triples describes the faculties of the Akademie múzických umění v Praze. The entities (DAMU, FAMU, HAMU) are real institutions, and the relationships (hasFaculty) are correctly stated. The information is true and matches real-world knowledge. Thus, the entire set is classified as: **FA**","The set of RDF triples describes the faculties of the Akademie múzických umění v Praze. The entities (DAMU, FAMU, HAMU) are real institutions, and the relationships (hasFaculty) are correctly stated. The information is true and matches real-world knowledge. Thus, the entire set is classified as: **FA**","The set of RDF triples describes three different faculties associated with the same entity, Akademie múzických umění v Praze. All three faculties (DAMU, FAMU, HAMU) are real and exist in the real world. The information is true and matches real-world knowledge. Thus, the set is classified as: **FA**",,,
Id99,sports,,,2,FA,FA,FA,FA,FA,FA,,,,,,
Id100,other,,,3,FA,FA,FA,FA,FA,FA,,,,,,
Id101,history,,,4,FA,FA,FA,FA,FA,FA,,,,,,
Id102,culture,,,4,FA,FA,FA,FA,FA,FA,,,,,,
Id103,history,,,1,FA,FA,FA,FA,FA,FA,,,,,,
Id104,history,,,1,FA,FA,FA,FA,FA,FA,,,,,,
Id105,history,,,1,FA,FA,FA,FA,FA,FA,,,,,,
Id106,history,,,4,FA,FA,FA,FA,FA,FA,,,,,,
Id107,history,,,1,FA,FA,FA,FA,FA,FA,,,,,,
Id108,history,,,7,FA,FA,FA,FA,FA,FA,,,,,,
Id109,politics,,,3,FA,FA,FA,FA,FA,FA,,,,,,
Id110,culture,,,6,FA,FA,FA,FA,FA,FA,,,,,,
Id111,culture,,,1,FA,FA,FA,FA,FA,FA,,,,,,
Id112,culture,,,3,FA,FA,FA,FA,FA,FA,,,,,,
Id113,geography,,,1,FA,FA,FA,FA,FA,FA,,,,,,
Id114,history,,,2,FA,FA,FA,FA,FA,FA,"The two RDF triples are: 1. Karel IV | hasSon | Václav IV 2. Václav IV | isSonOf | Karel IV These are two statements that are logically consistent with each other. The first states that Karel IV has a son named Václav IV, and the second states that Václav IV is the son of Karel IV. This forms a valid and realistic relationship between the entities. Since the information is true and matches real-world knowledge, the label is: **FA**","The two RDF triples are: 1. Karel IV | hasSon | Václav IV 2. Václav IV | isSonOf | Karel IV These are two statements that are logically consistent with each other. The first states that Karel IV has a son named Václav IV, and the second states that Václav IV is the son of Karel IV. This forms a valid and realistic relationship between the entities. Since the information is true and matches real-world knowledge, the label is: **FA**","The two RDF triples are: 1. Karel IV | hasSon | Václav IV 2. Václav IV | isSonOf | Karel IV These triples establish a direct relationship between Karel IV and Václav IV, with both being related via the ""hasSon"" and ""isSonOf"" properties. The relationships are consistent and logically valid in the context of real-world history. Since the information is true and matches real-world knowledge, the set of triples is classified as: **FA**","The two RDF triples are: 1. Karel IV | hasSon | Václav IV 2. Václav IV | isSonOf | Karel IV These two triples establish a direct relationship between Karel IV and Václav IV, indicating that Václav IV is the son of Karel IV. The information is consistent and matches real-world historical knowledge. Since both triples are factual and align with real-world knowledge, the entire set of triples can be classified as: **FA**",,
Id115,culture,,,7,FA,FA,FA,FA,FA,FA,,,,,,
Id116,geography,,,5,FA,FA,FA,FA,FA,FA,,,,,,
Id117,culture,,,4,FA,FA,FA,FA,FA,FA,,,,,,
Id118,history,,,5,FA,FA,FA,FA,FA,FA,,,,,,
Id119,other,,,4,FA,FA,FA,FA,FA,FA,,,,,,
Id120,history,,,4,FA,FA,FA,FA,FA,FA,,,,,,
Id121,history,,,4,FA,FA,FA,FA,FA,FA,,,,,,
Id122,culture,,,8,FA,FA,FA,FA,FA,FA,,,,,,
Id123,culture,,,2,FA,FA,FA,FA,FA,FA,,,,,,
Id124,culture,,,3,FA,FA,FA,FA,FA,FA,,,,,,
Id125,culture,,,2,FA,FA,FA,CFA,FA,FA,"The RDF triples are: 1. `Rebel | locatedIn | Havlíčkově Brodě` 2. `Rebel | isA | pivovar` ### Analysis: - **`Rebel | locatedIn | Havlíčkově Brodě`**: This indicates that the entity ""Rebel"" is located in the city of Havlíčkově Brodě. This is a factual location relationship, and Havlíčkově Brodě is a real place in the Czech Republic. So, this is **factual**. - **`Rebel | isA | pivovar`**: This indicates that ""Rebel"" is a type of ""pivovar"" (a type of beer in Czech). ""Pivovar"" is a real entity in the Czech cultural context, and ""Rebel"" is a real entity. This is also **factual**. ### Conclusion: Both triples are factual and consistent with real-world knowledge. Therefore, the entire set of triples is classified as: **FA**","The RDF triples are: 1. `Rebel | locatedIn | Havlíčkově Brodě` 2. `Rebel | isA | pivovar` ### Analysis: - **`Rebel | locatedIn | Havlíčkově Brodě`**: This indicates that the entity ""Rebel"" is located in the city of Havlíčkově Brodě. This is a factual location relationship, and Havlíčkově Brodě is a real place in the Czech Republic. So, this is **factual**. - **`Rebel | isA | pivovar`**: This indicates that ""Rebel"" is a type of ""pivovar"" (a type of beer in Czech). ""Pivovar"" is a real entity in the Czech cultural context, and ""Rebel"" is a real entity. This is also **factual**. ### Conclusion: Both triples are factual and consistent with real-world knowledge. Therefore, the entire set of triples is classified as: **FA**","The two RDF triples are: 1. `Rebel | locatedIn | Havlíčkově Brodě` 2. `Rebel | isA | pivovar` ### Analysis: - **`Rebel | isA | pivovar`** This indicates that the entity ""Rebel"" is a type of ""pivovar,"" which is a type of traditional Czech folk hero or character. This is a known historical or cultural classification, and the relationship is accurate within the real world. - **`Rebel | locatedIn | Havlíčkově Brodě`** This indicates that the entity ""Rebel"" is located in the town of Havlíčkově Brodě. This is a factual location, and the relationship is accurate. ### Conclusion: Both triples are factual and align with real-world knowledge about the ""Rebel"" entity. The information is true and consistent with existing cultural and historical data. **Label: FA**","The first triple, ""Rebel | locatedIn | Havlíčkově Brodě,"" indicates that the Rebel is located in Havlíčkově Brodě. This is a factual statement about the real-world location of the Rebel, which is a historical entity. The second triple, ""Rebel | isA | pivovar,"" indicates that the Rebel is a pivovar. A pivovar is a traditional Czech folk tale or story, and the Rebel is a well-known fictional character in Czech culture. This is a classification based on the cultural context, not on real-world facts. Since the entities are real (Rebel and pivovar) but the relationship ""isA"" is a fictional classification, the set of triples is best classified as **CFA**. Final answer: CFA","The RDF triples are: 1. `Rebel | locatedIn | Havlíčkově Brodě` 2. `Rebel | isA | pivovar` ### Analysis: - **`Rebel | isA | pivovar`**: This indicates that ""Rebel"" is a type of ""pivovar,"" which is a term historically associated with a type of village in Czech culture. The relationship is a classification, and the entity ""Rebel"" is real (as it is a historical figure). The classification is accurate and aligns with real-world knowledge. - **`Rebel | locatedIn | Havlíčkově Brodě`**: This indicates that ""Rebel"" is located in a specific place. The location is real (Havlíčkově Brodě is a real place in Czech history). The relationship is also accurate and aligns with real-world knowledge. ### Conclusion: Both triples are factual, accurate, and consistent with real-world knowledge. There is no contradiction or fictional element in the information. **Label: FA**","The first triple, ""Rebel | locatedIn | Havlíčkově Brodě,"" indicates that the entity ""Rebel"" is located in a real place. This aligns with real-world knowledge. The second triple, ""Rebel | isA | pivovar,"" indicates that ""Rebel"" is a type of ""pivovar."" A ""pivovar"" is a traditional Czech beer brewer, and this classification is also consistent with real-world knowledge. Since both triples are about real entities and their real-world relationships, the set of RDF triples is consistent with real-world knowledge. **Label: FA**"
Id126,culture,,,1,FA,FA,FA,FA,FA,FA,,,,,,
Id127,culture,,,3,FA,FA,FA,FA,FA,FA,,,,,,
Id128,culture,,,3,FA,FA,FA,FA,FA,FA,,,,,,
Id129,geography,,,3,FA,FA,FA,FA,FA,FA,,,,,,
Id130,geography,,,1,FA,FA,FA,FA,FA,FA,,,,,,
Id131,geography,,,1,FA,FA,FA,FA,FA,FA,,,,,,
Id132,geography,,,1,FA,FA,FA,FA,FA,FA,,,,,,
Id133,geography,,,2,FA,FA,FA,FA,FA,FA,,,,,,
Id134,geography,,,1,FA,FA,FA,FA,FA,FA,,,,,,
Id135,history,,,1,FA,FA,FA,FA,FA,FA,,,,,,
Id136,geography,,,1,FA,FA,FA,FA,FA,FA,,,,,,
Id137,culture,,,3,FA,FA,FA,FA,FA,FA,,,,,,
Id138,geography,,,2,FA,FA,FA,FA,FA,FA,,,,,,
Id139,culture,,,2,FA,FA,FA,FA,FA,FA,,,,,,
Id140,geography,,,1,FA,FA,FA,FA,FA,FA,,,,,,
Id141,geography,,,1,FA,FA,FA,FA,FA,FA,,,,,,
Id142,geography,,,2,FA,FA,FA,FA,FA,FA,,,"The two RDF triples are: 1. **Macocha | isPartOf | Punkevní jeskyně** 2. **Punkevní jeskyně | isA | komplex jeskyní** ### Analysis: - **Macocha** is a real entity (a place), and **Punkevní jeskyně** is a real place (a cave system). - The relationship **isPartOf** is correct for a geographical entity, indicating that Macocha is part of Punkevní jeskyně. - The relationship **isA** is also correct, as Punkevní jeskyně is a type of ""komplex jeskyní"" (complex cave system). Both triples are consistent with real-world knowledge and do not involve any fictional or counterfactual elements. ### Conclusion: The set of RDF triples is consistent with **real-world knowledge** and does not contain any fictional or counterfactual elements. **Label: FA**","The two RDF triples are: 1. Macocha | isPartOf | Punkevní jeskyně 2. Punkevní jeskyně | isA | komplex jeskyní ### Analysis: - **Macocha | isPartOf | Punkevní jeskyně**: This indicates that Macocha is a part of Punkevní jeskyně. This is a factual relationship between two real entities (Macocha and Punkevní jeskyně), and the relationship is correctly described. - **Punkevní jeskyně | isA | komplex jeskyní**: This indicates that Punkevní jeskyně is a type of ""komplex jeskyní"" (complex cave). This is a classification that aligns with real-world knowledge about geological structures. ### Conclusion: Both triples are factual and consistent with real-world knowledge. There is no indication of fictional entities or counterfactual relationships. **Label: FA**",,"The two RDF triples are: 1. Macocha | isPartOf | Punkevní jeskyně 2. Punkevní jeskyně | isA | komplex jeskyní ### Analysis: - **Macocha** is a real entity (a place), and **Punkevní jeskyně** is a real entity (a cave system). - The relationship **isPartOf** is valid, as Macocha is a part of Punkevní jeskyně. - The relationship **isA** is also valid, as Punkevní jeskyně is a type of ""komplex jeskyní"" (complex cave system). Both relationships are true and consistent with real-world knowledge. The entities themselves are real, and the information is accurate. ### Conclusion: The set of RDF triples is **FA** (factual)."
Id143,geography,,,3,FA,FA,FA,FA,FA,FA,,,,,,
Id144,geography,,,2,FA,FA,FA,FA,FA,FA,"The two RDF triples indicate that the same entity ""Baťův kanál"" is connected to two different locations: Otrokovice and Sudoměřice. Since the information is consistent with real-world geography (i.e., the canal connects these two places), and there is no indication that the information is fictional or altered, the information is true and matches real-world knowledge. Thus, the label is: FA","The two RDF triples indicate that the same entity ""Baťův kanál"" is connected to two different locations: Otrokovice and Sudoměřice. Since the information is consistent with real-world geography (i.e., the canal connects these two places), and there is no indication that the information is fictional or altered, the information is true and matches real-world knowledge. Thus, the label is: FA","The two RDF triples both state that ""Baťův kanál"" connects ""Otrokovice"" and ""Sudoměřice"". These are geographical relationships and are consistent with real-world knowledge about canal systems in the Czech Republic. The information is accurate and matches known geographical data. Thus, the set of triples is classified as: **FA**","The two RDF triples indicate that the same entity, ""Baťův kanál,"" is connected to two different locations: Otrokovice and Sudoměřice. Since the information is consistent (the same canal connects both towns), and the facts are true and match real-world knowledge, the set of triples is factual. Thus, the label is: FA","The two RDF triples both state that ""Baťův kanál"" connects ""Otrokovice"" and ""Sudoměřice"". These are geographic relationships, and the information is consistent with real-world knowledge about canal connections in the Czech Republic. The entities (Baťův kanál, Otrokovice, Sudoměřice) are real and exist in the geographic domain. The relationships are accurately described. Since the information is true and matches real-world knowledge, the label is: FA","The two RDF triples indicate that the same entity, Baťův kanál, is connected to two different places: Otrokovice and Sudoměřice. Since the information is consistent (the same canal connects both places), and the entities exist in the real world, the information is true and matches real-world knowledge. Thus, the label is: FA"
Id145,sports,,,3,FA,FA,FA,FA,FA,FA,,,,,,
Id146,geography,,,1,FA,FA,FA,FA,FA,FA,,,,,,
Id147,politics,,,4,FA,FA,FA,FA,FA,FA,,,,,,
Id148,geography,,,2,FA,FA,FA,FA,FA,FA,,,,,,
Id149,geography,,,1,FA,FA,FA,FA,FA,FA,,,,,,
Id150,other,,,2,FA,FA,FA,FA,FA,FA,,,,,,
Id151,culture,,,4,FA,FA,FA,FA,FA,FA,,,,,,
Id152,sports,,,1,FA,FA,FA,FA,FA,FA,,,,,,
Id153,other,,,2,FA,FA,FA,FA,FA,FA,,,,,,
Id154,geography,,,3,FA,FA,FA,FA,FA,FA,,,,,,
Id155,geography,,,3,FA,FA,FA,FA,FA,FA,,,,,,
Id156,other,,,3,FA,FA,FA,FA,FA,FA,,,,,,
Id157,culture,,,4,FA,FA,FA,FA,FA,FA,,,,,,
Id158,culture,,,4,FA,FA,FA,FA,FA,FA,,,,,,
Id159,geography,,,3,FA,FA,FA,FA,FA,FA,,,,,,
Id160,sports,,,4,FA,FA,FA,FA,FA,FA,,,,,,
Id161,geography,,,3,FA,FA,FA,FA,FA,FA,,,,,,
Id162,geography,,,1,FA,FA,FA,FA,FA,FA,,,,,,
Id163,geography,,,2,FA,FA,FA,FA,INVALID,FA,,,,"The two triples are: 1. Lažany | locatedIn | Strakonice 2. Strakonice | isType | okres --- ### Analysis: - **Lažany | locatedIn | Strakonice** This indicates that the city ""Lažany"" is located in the town ""Strakonice."" This is a factual relationship between two real entities (Lažany and Strakonice), and it aligns with real-world geography. - **Strakonice | isType | okres** This indicates that ""Strakonice"" is a type of ""okres"" (a Czech administrative division, similar to a county). This is a factual relationship between two real entities, and it aligns with real-world administrative structure. --- ### Conclusion: Both triples are factual and refer to real entities and relationships in the real world. There is no indication of fictional or counterfactual content. **Label: FA**","The two RDF triples are: 1. Lažany | locatedIn | Strakonice 2. Strakonice | isType | okres ### Analysis: - **Lažany | locatedIn | Strakonice**: This indicates that Lažany is located in Strakonice. This is a factual relationship, as it reflects a real-world geographical relationship. - **Strakonice | isType | okres**: This indicates that Strakonice is a type of ""okres"" (which is a Czech term for ""district"" or ""region""). This is also a factual relationship, as it reflects a real-world administrative classification. Both relationships are consistent with real-world geography and administrative structures. There is no indication that either entity is fictional or that any relationships are altered or counterfactual. ### Conclusion: The set of RDF triples is **FA** (factual), as the information is true and matches real-world knowledge.",
Id164,history,,,4,FA,FA,FA,FA,FA,FA,,,,,,
Id165,sports,,,3,FA,FA,FA,FA,FA,FA,,,,,,
Id166,culture,,,2,FA,FA,FA,FA,FA,FA,,,,,,
Id167,other,,,5,FA,FA,FA,FA,FA,FA,,,,,,
Id168,culture,,,5,FA,FA,FA,FA,FA,FA,,,,,,
Id169,geography,,,2,FA,FA,FA,FA,FA,FA,"The two RDF triples describe a relationship between ""areál Škoda Auto v Mladé Boleslavi"" and the highway D10. Specifically: - The first triple states that ""areál Škoda Auto v Mladé Boleslavi"" has a highway named D10. - The second triple states that D10 passes near ""areál Škoda Auto v Mladé Boleslavi."" These are factual statements about a real location and its infrastructure. The information is consistent with real-world knowledge and does not involve fictional or counterfactual elements. Thus, the set of triples is classified as: **FA**","The two RDF triples describe a relationship between ""areál Škoda Auto v Mladé Boleslavi"" and the highway D10. Specifically: - The first triple states that ""areál Škoda Auto v Mladé Boleslavi"" has a highway named D10. - The second triple states that D10 passes near ""areál Škoda Auto v Mladé Boleslavi."" These are factual statements about a real location and its infrastructure. The information is consistent with real-world knowledge and does not involve fictional or counterfactual elements. Thus, the set of triples is classified as: **FA**",,,,
Id170,other,,,1,FA,FA,FA,FA,FA,FA,,,,,,
Id171,culture,,,1,FA,FA,FA,FA,FA,FA,,,,,,
Id172,history,,,3,FA,FA,FA,FA,FA,FA,,,,,,
Id173,geography,,,2,FA,FA,FA,FA,FA,FA,,,,,,
Id174,culture,,,2,FA,FA,FA,FA,FA,FA,,,,,,
Id175,culture,,,2,FA,FA,FA,FA,FI,FA,,,,,"The two RDF triples both state that Vítězslav Nezval is the author of ""Signál času"" and also that he is the author of ""Edison"". However, ""Edison"" is a real-world entity (a famous inventor), but ""Signál času"" is a fictional work, as it is a well-known literary work that is not based on real events. Since ""Edison"" is real and ""Signál času"" is fictional, the information about ""Edison"" being an author is factual, but the information about ""Signál času"" being authored by Vítězslav Nezval is fictional. Therefore, the set of triples cannot be classified as FA (factual) or CFA (counterfactual) because one of the triples is about a real entity and the other about a fictional one. Thus, the set of triples is classified as: **FI**",
Id176,other,,,2,FA,FA,FA,FA,FA,FA,"The first triple, ""Žufánek | produces | OMG gin,"" refers to a real entity (Žufánek) and a real relationship (produces) with a real entity (OMG gin). This is consistent with real-world knowledge. The second triple, ""Žufánek | isA | lihovar,"" defines a class relationship, where Žufánek is a type of lihovar. This is also consistent with real-world knowledge. Since both triples are based on real entities and relationships, and the information is true and matches real-world knowledge, the entire set of triples is classified as: **FA**","The first triple, ""Žufánek | produces | OMG gin,"" refers to a real entity (Žufánek) and a real relationship (produces) with a real entity (OMG gin). This is consistent with real-world knowledge. The second triple, ""Žufánek | isA | lihovar,"" defines a class relationship, where Žufánek is a type of lihovar. This is also consistent with real-world knowledge. Since both triples are based on real entities and relationships, and the information is true and matches real-world knowledge, the entire set of triples is classified as: **FA**",,"The first triple, ""Žufánek | produces | OMG gin"", relates a person to a product. This is a factual relationship that aligns with real-world knowledge (Žufánek is a real person, and OMG gin is a real product). The second triple, ""Žufánek | isA | lihovar"", defines a taxonomic relationship, indicating that Žufánek is a type of lihovar. This also aligns with real-world knowledge, as lihovar is a recognized category. Both triples are factual and consistent with real-world knowledge. **Label: FA**","The two RDF triples are: 1. Žufánek | produces | OMG gin 2. Žufánek | isA | lihovar --- ### Analysis: - **Žufánek** is a fictional entity (not a real person or place in real-world knowledge). - The first triple states that Žufánek produces OMG gin. This is a factual statement about a fictional entity. - The second triple states that Žufánek is a lihovar. This is also a factual statement about a fictional entity. Both statements are about a fictional entity and are true in the context of the RDF data, even though the entities themselves are not real in the real world. --- ### Conclusion: Since the entities are fictional and the statements are factual, the entire set of triples is classified as: **FA**","The first triple, ""Žufánek | produces | OMG gin,"" refers to a real entity (Žufánek) and a real relationship (produces) with a real entity (OMG gin). The information is consistent with real-world knowledge. The second triple, ""Žufánek | isA | lihovar,"" refers to a real entity (Žufánek) and a real classification (isA) with a real class (lihovar). This is also consistent with real-world knowledge. Both triples are about real entities and relationships that exist in the real world. Thus, the entire set is classified as: **FA**"
Id177,culture,,,9,FA,FA,FA,FA,FA,FA,,,,,,
Id178,culture,,,5,FA,FA,FA,FA,FA,FA,,,,,,
Id179,culture,,,3,FA,FA,FA,FA,FA,FA,,,,,,
Id180,geography,,,3,FA,FA,FA,FA,FA,FA,,,,,,
Id181,culture,,,5,FA,FA,FA,FA,FA,FA,,,,,,
Id182,culture,,,5,FA,FA,FA,FA,FA,FA,,,,,,
Id183,geography,,,3,FA,FA,FA,FA,FA,FA,,,,,,
Id184,geography,,,2,FA,FA,FA,FA,FA,FA,,,,,,
Id185,geography,,,3,FA,FA,FA,FA,FA,FA,,,,,,
Id186,history,,,5,FA,FA,FA,FA,FA,FA,,,,,,
Id187,other,,,4,FA,FA,FA,FA,FA,FA,,,,,,
Id188,culture,,,4,FA,FA,FA,FA,FA,FA,,,,,,
Id189,culture,,,3,FA,FA,FA,FA,FA,FA,,,,,,
Id190,culture,,,6,FA,FA,FA,FA,FA,FA,,,,,,
Id191,culture,,,6,FA,FA,FA,FA,FA,FA,,,,,,
Id192,history,,,5,FA,FA,FA,FA,FA,FA,,,,,,
Id193,culture,,,5,FA,FA,FA,FA,FA,FA,,,,,,
Id194,culture,,,3,FA,FA,FA,FA,FA,FA,,,,,,
Id195,culture,,,4,FA,FA,FA,FA,FA,FA,,,,,,
Id196,culture,,,4,FA,FA,FA,FA,FA,FA,,,,,,
Id197,culture,,,3,FA,FA,FA,FA,FA,FA,,,,,,
Id198,culture,,,3,FA,FA,FA,FA,FA,FA,,,,,,
Id199,culture,,,7,FA,FA,FA,FA,FA,FA,,,,,,
Id200,culture,,,5,FA,FA,FA,FA,FA,FA,,,,,,
Id201,culture,,,9,FA,FA,FA,FA,FA,FA,,,,,,
Id202,culture,,,5,FA,FA,FA,FA,FA,FA,,,,,,
Id203,culture,,,6,FA,FA,FA,FA,FA,FA,,,,,,
Id204,culture,,,7,FA,FA,FA,FA,FA,FA,,,,,,
Id205,culture,,,5,FA,FA,FA,FA,FA,FA,,,,,,
Id206,culture,,,6,FA,FA,FA,FA,FA,FA,,,,,,
Id207,culture,,,9,FA,FA,FA,FA,FA,FA,,,,,,
Id208,culture,,,5,FA,FA,FA,FA,FA,FA,,,,,,
Id209,culture,,,3,FA,FA,FA,FA,FA,FA,,,,,,
Id210,history,,,4,FA,FA,FA,FA,FA,FA,,,,,,
Id211,culture,,,4,FA,FA,FA,FA,FA,FA,,,,,,
Id212,geography,,,2,FA,FA,FA,FA,FA,FA,,,,,,
Id213,geography,,,4,FA,FA,FA,FA,FA,FA,,,,,,
Id214,culture,,,5,FA,FA,FA,FA,FA,FA,,,,,,
Id215,history,,,4,FA,FA,FA,FA,FA,FA,,,,,,
Id216,history,,,6,FA,FA,FA,FA,FA,FA,,,,,,
Id217,history,,,4,FA,FA,FA,FA,FA,FA,,,,,,
Id218,history,,,6,FA,FA,FA,FA,FA,FA,,,,,,
Id219,culture,,,3,FA,FA,FA,FA,FA,FA,,,,,,
Id220,geography,,,2,FA,FA,FA,FA,FA,FA,,,,,,
Id221,geography,,,1,FA,FA,FA,FA,FA,FA,,,,,,
Id222,geography,,,2,FA,FA,FA,FA,FA,FA,,,,,,
Id223,culture,,,6,FA,FA,FA,FA,FA,FA,,,,,,
Id224,geography,,,1,FA,FA,FA,FA,FA,FA,,,,,,
Id225,history,,,2,FA,FA,FA,FA,FA,FA,,,,,,
Id226,history,,,3,FA,FA,FA,FA,FA,FA,,,,,,
Id227,geography,,,1,FA,FA,FA,FA,FA,FA,,,,,,
Id228,geography,,,2,FA,FA,FA,FA,FA,FA,,,,,,
Id229,culture,,,3,FA,FA,FA,FA,FA,FA,,,,,,
Id230,geography,,,3,FA,FA,FA,FA,FA,FA,,,,,,
Id231,culture,,,3,FA,FA,FA,FA,FA,FA,"The set of RDF triples describes the relationship ""consistsOf"" between the entity ""Akademie múzických umění v Praze"" and three other entities: DAMU, FAMU, and HAMU. All of these entities are real and exist in the real world as academic institutions. The triples indicate that the main entity is composed of these three, which are all factual and real. Therefore, the entire set is classified as: **FA**","The set of RDF triples describes the relationship ""consistsOf"" between the entity ""Akademie múzických umění v Praze"" and three other entities: DAMU, FAMU, and HAMU. All of these entities are real and exist in the real world as academic institutions. The triples indicate that the main entity is composed of these three, which are all factual and real. Therefore, the entire set is classified as: **FA**","The set of RDF triples describes entities that are real (Akademie múzických umění v Praze) and their relationships to other entities (DAMU, FAMU, HAMU). The information is consistent with real-world knowledge, as these are real academic institutions. The triples do not indicate any fictional or counterfactual elements. Thus, the label is: FA",,"The set of RDF triples describes three distinct academic institutions: DAMU, FAMU, and HAMU, all of which are real-world entities. The triples indicate that each is a constituent part of the ""Akademie múzických umění v Praze"" (Academy of Music Arts in Prague). Since all entities are real and the relationships are accurately described, the information is true and matches real-world knowledge. **Label: FA**","The set of RDF triples describes three academic institutions: DAMU, FAMU, and HAMU, all of which are real entities. The triples indicate that Akademie múzických umění v Praze consists of these three institutions. Since the entities themselves are real and the relationships are accurate, the information is consistent with real-world knowledge. Thus, the entire set is classified as: **FA**"
Id232,culture,,,4,FA,FA,FA,FA,FA,FA,,,,,,
Id233,culture,,,1,FA,FA,FA,FA,FA,FA,,,,,,
Id234,history,,,2,FA,FA,FA,FA,FA,FA,,,,,,
Id235,geography,,,1,FA,FA,FA,FA,FA,FA,,,,,,
Id236,geography,,,1,FA,FA,FA,FA,FA,FA,,,,,,
Id237,geography,,,1,FA,FA,FA,FA,FA,FA,,,,,,
Id238,geography,,,1,FA,FA,FA,FA,FA,FA,,,,,,
Id239,geography,,,1,FA,FA,FA,FA,FA,FA,,,,,,
Id240,geography,,,1,FA,FA,FA,FA,FA,FA,,,,,,
Id241,history,,,3,FA,FA,FA,FA,FA,FA,,,,,,
Id242,geography,,,2,FA,FA,FA,FA,FA,FA,,,,,,
Id243,geography,,,1,FA,FA,FA,FA,FA,FA,,,,,,
Id244,geography,,,1,FA,FA,FA,FA,FA,FA,,,,,,
Id245,culture,,,2,FA,FA,FA,FA,FA,FA,,,,,,
Id246,geography,,,1,FA,FA,FA,FA,FA,FA,,,,,,
Id247,geography,,,1,FA,FA,FA,FA,FA,FA,,,,,,
Id248,other,,,2,FA,FA,FA,FA,FA,FA,,,,,,
Id249,geography,,,1,FA,FA,FA,FA,FA,FA,,,,,,
Id250,geography,,,1,FA,FA,FA,FA,FA,FA,,,,,,
Id251,history,,,1,FA,FA,FA,FA,FA,FA,,,,,,
Id252,geography,,,1,FA,FA,FA,FA,FA,FA,,,,,,
Id253,history,,,1,FA,FA,FA,FA,FA,FA,,,,,,
Id254,geography,,,1,FA,FA,FA,FA,FA,FA,,,,,,
Id255,history,,,4,FA,FA,FA,FA,FA,FA,,,,,,
Id256,history,,,2,FA,FA,FA,FA,FA,FA,,,,,,
Id257,history,,,1,FA,FA,FA,FA,FA,FA,,,,,,
Id258,history,,,2,FA,FA,FA,FA,FA,FA,,,,,,
Id259,geography,,,1,FA,FA,FA,FA,FA,FA,,,,,,
Id260,other,,,1,FA,FA,FA,FA,FA,FA,,,,,,
Id261,culture,,,1,FA,FA,FA,FA,FA,FA,,,,,,
Id262,politics,,,2,FA,FA,FA,FA,FA,FA,,,,,,
Id263,culture,,,2,FA,FA,FA,FA,FA,FA,,,,,,
Id264,history,,,1,FA,FA,FA,FA,FA,FA,,,,,,
Id265,geography,,,2,FA,FA,FA,FA,FA,FA,,,,,,
Id266,geography,,,1,FA,FA,FA,FA,FA,FA,,,,,,
Id267,history,,,4,FA,FA,FA,FA,FA,FA,,,,,,
Id268,politics,,,1,FA,FA,FA,FA,FA,FA,,,,,,
Id269,culture,,,2,FA,FA,FA,FA,FA,FA,,,,,,
Id270,geography,,,1,FA,FA,FA,FA,FA,FA,,,,,,
Id271,geography,,,1,FA,FA,FA,FA,FA,FA,,,,,,
Id272,geography,,,1,FA,FA,FA,FA,FA,FA,,,,,,
Id273,history,,,2,FA,FA,FA,FA,FA,FA,,,,,,
Id274,geography,,,1,FA,FA,FA,FA,FA,FA,,,,,,
Id275,culture,,,1,FA,FA,FA,FA,FA,FA,,,,,,
Id276,culture,,,1,FA,FA,FA,FA,FA,FA,,,,,,
Id277,geography,,,2,FA,FA,FA,FA,FA,FA,,,,,,
Id278,history,,,1,FA,FA,FA,FA,FA,FA,,,,,,
Id279,culture,,,4,FA,FA,FA,FA,FA,FA,,,,,,
Id280,history,,,2,FA,FA,FA,FA,FA,FA,,,,,,
Id281,geography,,,1,FA,FA,FA,FA,FA,FA,,,,,,
Id282,history,,,3,FA,FA,FA,FA,FA,FA,,,,,,
Id283,geography,,,1,FA,FA,FA,FA,FA,FA,,,,,,
Id284,politics,,,3,FA,FA,FA,FA,FA,FA,,,,,,
Id285,culture,,,1,FA,FA,FA,FA,FA,FA,,,,,,
Id286,history,,,1,FA,FA,FA,FA,FA,FA,,,,,,
Id287,culture,,,1,FA,FA,FA,FA,FA,FA,,,,,,
Id288,geography,,,1,FA,FA,FA,FA,FA,FA,,,,,,
Id289,history,,,3,FA,FA,FA,FA,FA,FA,,,,,,
Id290,culture,,,1,FA,FA,FA,FA,FA,FA,,,,,,
Id291,culture,,,1,FA,FA,FA,FA,FA,FA,,,,,,
Id292,history,,,1,FA,FA,FA,FA,FA,FA,,,,,,
Id293,history,,,1,FA,FA,FA,FA,FA,FA,,,,,,
Id294,culture,,,3,FA,FA,FA,FA,FA,FA,,,,,,
Id295,geography,,,2,FA,FA,FA,FA,FA,FA,,,,,,
Id296,geography,,,1,FA,FA,FA,FA,FA,FA,,,,,,
Id297,history,,,1,FA,FA,FA,FA,FA,FA,,,,,,
Id298,geography,,,3,FA,FA,FA,FA,FA,FA,,,,,,
Id299,geography,,,3,FA,FA,FA,FA,FA,FA,,,,,,
Id300,history,,,2,FA,FA,FA,FA,FA,FA,,,,,,
Id301,history,,,2,FA,FA,FA,FA,FA,FA,,,,,,
Id302,culture,,,3,FA,FA,FA,FA,FA,FA,,,,,,
Id303,politics,,,3,FA,FA,FA,FA,FA,FA,,,,,,
Id304,culture,,,3,FA,FA,FA,FA,FA,FA,,,,,,
Id305,geography,,,2,FA,FA,FA,FA,FA,FA,,,,,,
Id306,history,,,3,FA,FA,FA,FA,FA,FA,,,,,,
Id307,geography,,,3,FA,FA,FA,FA,FA,FA,,,"The set of triples describes relationships between entities in the geography category. - ""televizní vysílač Ještěd | locatedNear | Liberec"" indicates a factual location relationship, which is consistent with real-world geography. - ""televizní vysílač Ještěd | isA | televizní vysílač"" is a classification relationship, which is also factual. - ""Liberec | isA | město"" indicates that Liberec is a city, which is a factual classification. All relationships are consistent with real-world knowledge and do not involve fictional or counterfactual elements. **Label: FA**","The three RDF triples are: 1. `televizní vysílač Ještěd | locatedNear | Liberec` 2. `televizní vysílač Ještěd | isA | televizní vysílač` 3. `Liberec | isA | město` ### Analysis: - **Triple 1**: `locatedNear` indicates a geographical relationship. The location ""Liberec"" is real, and the entity ""Ještěd"" is a real entity (a TV transmitter). The relationship is accurate and reflects real-world geography. This is **factual**. - **Triple 2**: `isA` indicates a classification relationship. ""Ještěd"" is classified as a ""televizní vysílač"" (TV transmitter), which is a correct classification. This is **factual**. - **Triple 3**: `isA` indicates that ""Liberec"" is a ""město"" (city). This is also a correct classification of a real-world entity. This is **factual**. ### Conclusion: All three triples are factual, with no contradictions or fictional elements. The information is accurate and matches real-world knowledge. **Label: FA**","The three RDF triples are: 1. `televizní vysílač Ještěd | locatedNear | Liberec` 2. `televizní vysílač Ještěd | isA | televizní vysílač` 3. `Liberec | isA | město` ### Analysis: - **Triple 1**: `televizní vysílač Ještěd | locatedNear | Liberec` This indicates that the TV station in Ještěd is located near Liberec. This is a factual relationship and aligns with real-world geography. - **Triple 2**: `televizní vysílač Ještěd | isA | televizní vysílač` This indicates that Ještěd is a TV station. This is a factual classification, consistent with real-world knowledge. - **Triple 3**: `Liberec | isA | město` This indicates that Liberec is a city. This is also a factual classification, consistent with real-world knowledge. ### Conclusion: All three triples are factual and align with real-world knowledge. There is no indication of fictional or counterfactual content. **Label: FA**",
Id308,geography,,,2,FA,FA,FA,FA,FA,FA,,,,,,
Id309,geography,,,2,FA,FA,FA,FA,FA,CFA,,,"The two RDF triples are: 1. `Labe | meets | Orlice` 2. `Labe Orlice | confluenceLocation | Hradec Králové` --- **Analysis:** - **First triple**: `""Labe""` meets `""Orlice""` — this is a factual relationship between two entities, suggesting a geographical connection. The entity `""Orlice""` is a real place (a town in the Czech Republic), and the relationship `""meets""` is a plausible geographic relationship. - **Second triple**: `""Labe Orlice""` is the `confluenceLocation` of `""Hradec Králové""` — this indicates that `""Hradec Králové""` is a town that has a confluence (a point where two rivers meet) at `""Labe Orlice""`. This is a factual statement about the geographical relationship between two real entities. --- **Conclusion:** Both triples are factual and refer to real-world geographical entities and relationships. There is no indication of fictional or counterfactual content. **Final Answer:** FA","The two RDF triples are: 1. `Labe | meets | Orlice` 2. `Labe Orlice | confluenceLocation | Hradec Králové` ### Analysis: - **Entity ""Orlice""** is mentioned in the first triple, and it is a real place (a town in the Czech Republic). - **Entity ""Hradec Králové""** is also mentioned in the second triple, and it is a real place (a city in the Czech Republic). - The first triple states that ""Labe"" meets ""Orlice"", which is a factual relationship between two real places. - The second triple states that ""Orlice"" is a confluence location of ""Hradec Králové"", which is a factual relationship between two real places. Both triples are factual and align with real-world knowledge. ### Conclusion: The entire set of triples is **FA** (factual), as the information is true and matches real-world knowledge. **Answer: FA**","The two RDF triples are: 1. `Labe | meets | Orlice` 2. `Labe Orlice | confluenceLocation | Hradec Králové` ### Analysis: - **""Labe""** is a common abbreviation for ""Labe"" (a type of confluence in Czech geography). - **""Orlice""** is a real place (a city in the Czech Republic). - **""Hradec Králové""** is also a real place (a city in the Czech Republic). - The first triple states that ""Labe"" meets ""Orlice"" — this is a factual relationship between two real places. - The second triple states that ""Orlice"" is a confluence location for ""Hradec Králové"" — this is also a factual relationship between two real places. ### Conclusion: Both triples are factual and refer to real-world entities and relationships. There is no indication that any of the entities are fictional or that any relationships are altered. **Label: FA**","The two RDF triples are: 1. `Labe | meets | Orlice` 2. `Labe Orlice | confluenceLocation | Hradec Králové` ### Analysis: - **""Labe""** is likely a placeholder or a name that is not a real entity in the real world. It does not correspond to a known geographical location or entity. - **""Orlice""** is a real place (a town in the Czech Republic). - **""Hradec Králové""** is also a real place (a city in the Czech Republic). The first triple suggests that ""Labe"" meets ""Orlice,"" but ""Labe"" is not a real entity. The second triple links ""Orlice"" to ""Hradec Králové"" as a confluence location, which is a factual relationship between two real places. ### Conclusion: The information is **factual** for the real-world entities involved, but the first triple contains a placeholder entity (""Labe"") that does not exist in the real world. Since the entire set includes a mix of real and fictional entities, but the main factual relationship is valid, the set is best classified as **CFA** (counterfactual), because the entities are real, but one of the stated relationships is false or altered. **Final Answer: CFA**"
Id310,culture,,,1,FA,FA,FA,FA,FA,FA,,,,,,
Id311,culture,,,3,FA,FA,FA,FA,FA,FA,,,,,,
Id312,history,,,6,FA,FA,FA,FA,FA,FA,,,,,,
Id313,history,,,2,FA,FA,FA,FA,FA,FA,,,,,,
Id314,geography,,,2,FA,FA,FA,FA,FA,FA,,,,,,
Id315,history,,,4,FA,FA,FA,FA,FA,FA,,,,,,
Id316,geography,,,2,FA,FA,FA,FA,FA,FA,,,,,,
Id317,geography,,,1,FA,FA,FA,FA,FA,FA,,,,,,
Id318,history,,,1,FA,FA,FA,FA,FA,FA,,,,,,
Id319,sports,,,2,FA,FA,FA,FA,FA,FA,,,,,,"The two RDF triples are: 1. závodní okruh | locatedIn | Most 2. Most | partOfRegion | severozápadní Čechy These describe a relationship between a sports circuit (závodní okruh) and the location ""Most,"" and another relationship between ""Most"" and the region ""severozápadní Čechy."" - The first triple indicates that ""Most"" is the location of a sports circuit. - The second triple indicates that ""Most"" is part of the region ""severozápadní Čechy."" Both statements are factual and consistent with real-world knowledge. The entities (závodní okruh, Most, severozápadní Čechy) are real, and the relationships are accurate. Thus, the set of triples is **FA**."
Id320,history,,,1,FA,FA,FA,FA,FA,FA,,,,,,
Id321,geography,,,4,FA,FA,FA,FA,FA,FA,,,,,,
Id322,history,,,3,FA,FA,FA,FA,FA,FA,,,,,,
Id323,culture,,,6,FA,FA,FA,FA,FA,FA,,,,,,
Id324,geography,,,1,FA,FA,FA,FA,FA,FA,,,,,,
Id325,history,,,5,FA,FA,FA,FA,FA,FA,,,,,,
Id326,culture,,,4,FA,FA,FA,FA,FA,FA,,,,,,
Id327,history,,,2,FA,FA,FA,FA,FA,FA,,,,,,
Id328,history,,,5,FA,FA,FA,FA,FA,FA,,,,,,
Id329,history,,,1,FA,FA,FA,FA,FA,FA,,,,,,
Id330,history,,,2,FA,FA,FA,FA,FA,FA,,,,,,
Id331,culture,,,1,FA,FA,FA,FA,FA,FA,,,,,,
Id332,history,,,1,FA,FA,FA,FA,FA,FA,,,,,,
Id333,culture,,,2,FA,FA,FA,FA,FA,FA,,,,,,
Id334,culture,,,2,FA,FA,FA,FA,FI,FI,"The set of RDF triples contains: 1. `Pivovar | locatedIn | Pelhřimov` 2. `Pivovar | hasName | Poutník` These triples describe a real entity (`Pivovar`) with a real location (`Pelhřimov`) and a real name (`Poutník`). The information is consistent with real-world knowledge. Therefore, the set is classified as: **FA**","The set of RDF triples contains: 1. `Pivovar | locatedIn | Pelhřimov` 2. `Pivovar | hasName | Poutník` These triples describe a real entity (`Pivovar`) with a real location (`Pelhřimov`) and a real name (`Poutník`). The information is consistent with real-world knowledge. Therefore, the set is classified as: **FA**","The two RDF triples are: 1. `Pivovar | locatedIn | Pelhřimov` 2. `Pivovar | hasName | Poutník` Both triples are about a `Pivovar` entity. The first triple indicates that the `Pivovar` is located in Pelhřimov (a real place), and the second indicates that the `Pivovar` has the name ""Poutník"" (a real name). Since both pieces of information are real and consistent with real-world knowledge, the entire set of triples is factual. **Answer: FA**","The two RDF triples are: 1. Pivovar | locatedIn | Pelhřimov 2. Pivovar | hasName | Poutník Both triples refer to a real entity (""Pivovar"") and are consistent with real-world knowledge. The first triple indicates a location, and the second provides a name. These are factual statements about a real entity. Therefore, the entire set of triples is classified as: **FA**","The two RDF triples are: 1. `Pivovar | locatedIn | Pelhřimov` 2. `Pivovar | hasName | Poutník` Both triples refer to a fictional entity (`Pivovar`) and its attributes. The information about the location and name is consistent with a fictional entity, as these are not grounded in real-world knowledge. The entity `Pivovar` is not a real entity in the physical world, and the relationships are not based on factual data. Therefore, the entire set of triples can be classified as: **FI**","The set of RDF triples is: - Pivovar | locatedIn | Pelhřimov - Pivovar | hasName | Poutník These triples describe a fictional entity (Pivovar) with a fictional name (Poutník) and a real location (Pelhřimov). The entity itself is not part of real-world knowledge, as it is not a recognized entity in the real world. Therefore, the entire set is classified as: **FI**"
Id335,geography,,,1,FA,FA,FA,FA,FA,FA,,,,,,
Id336,culture,,,2,FA,FA,FA,FA,FA,FA,,,,,,
Id337,geography,,,1,FA,FA,FA,FA,FA,FA,,,,,,
Id338,history,,,5,FA,FA,FA,FA,FA,FA,,,,,,
Id339,history,,,3,FA,FA,FA,FA,FA,FA,,,,,,
Id340,politics,,,2,FA,FA,FA,FA,FA,FA,,,,,,
Id341,history,,,3,FA,FA,FA,FA,FA,FA,,,,,,
Id342,history,,,3,FA,FA,FA,FA,FA,FA,,,,,,
Id343,other,,,1,FA,FA,FA,FA,FA,FA,,,,,,
Id344,geography,,,3,FA,FA,FA,FA,FA,FA,,,,,,
Id345,history,,,3,FA,FA,FA,FA,FA,FA,,,,,,
Id346,history,,,4,FA,FA,FA,FA,FA,FA,,,,,,
Id347,geography,,,3,FA,FA,FA,FA,FA,FA,,,,,,
Id348,history,,,1,FA,FA,FA,FA,FA,FA,,,,,,
Id349,geography,,,1,FA,FA,FA,FA,FA,FA,,,,,,
Id350,geography,,,2,FA,FA,FA,FA,FA,FA,,,,,,
Id351,geography,,,3,FA,FA,FA,FA,FA,FA,,,,,,
Id352,culture,,,1,FA,FA,FA,FA,FA,FA,,,,,,
Id353,geography,,,6,FA,FA,FA,FA,FA,FA,,,,,,
Id354,geography,,,1,FA,FA,FA,FA,FA,FA,,,,,,
Id355,politics,,,1,FA,FA,FA,FA,FA,FA,,,,,,
Id356,geography,,,1,FA,FA,FA,FA,FA,FA,,,,,,
Id357,sports,,,4,FA,FA,FA,FA,FA,FA,,,,,,
Id358,geography,,,1,FA,FA,FA,FA,FA,FA,,,,,,
Id359,culture,,,2,FA,FA,FA,FA,FA,FA,,,,,,
Id360,geography,,,1,FA,FA,FA,FA,FA,FA,,,,,,
Id361,history,,,2,FA,FA,FA,FA,FA,FA,,,,,,
Id362,culture,,,1,FA,FA,FA,FA,FA,FA,,,,,,
Id363,culture,,,1,FA,FA,FA,FA,FA,FA,,,,,,
Id364,geography,,,2,FA,FA,FA,FA,FA,FA,,,,,,
Id365,other,,,2,FA,FA,FA,FA,FA,FA,,,,,,
Id366,politics,,,5,FA,FA,FA,FA,FA,FA,,,,,,
Id367,culture,,,4,FA,FA,FA,FA,FA,FA,,,,,,
Id368,culture,,,1,FA,FA,FA,FA,FA,FA,,,,,,
Id369,geography,,,3,FA,FA,FA,FA,FA,FA,,,,,,
Id370,geography,,,1,FA,FA,FA,FA,FA,FA,,,,,,
Id371,geography,,,5,FA,FA,FA,FA,FA,FA,,,,,,
Id372,other,,,4,FA,FA,FA,FA,FA,FA,,,,,,
Id373,history,,,2,FA,FA,FA,FA,FA,FA,,,,,,
Id374,history,,,3,FA,FA,FA,FA,FA,FA,,,,,,
Id375,geography,,,4,FA,FA,FA,FA,FA,FA,,,,,,
Id376,geography,,,2,FA,FA,FA,FA,FA,FA,,,,,,
Id377,history,,,4,FA,FA,FA,FA,FA,FA,,,,,,
Id378,history,,,1,FA,FA,FA,FA,FA,FA,,,,,,
Id379,culture,,,2,FA,FA,FA,FA,FA,FA,,,,,,
Id380,geography,,,1,FA,FA,FA,FA,FA,FA,,,,,,
Id381,culture,,,1,FA,FA,FA,FA,FA,FA,,,,,,
Id382,geography,,,2,FA,FA,FA,FA,FA,FA,,,,,,
Id383,geography,,,1,FA,FA,FA,FA,FA,FA,,,,,,
Id384,geography,,,2,FA,FA,FA,FA,FA,FA,,,,,,
Id385,geography,,,2,FA,FA,FA,FA,FA,FA,,,,,,
Id386,politics,,,1,FA,FA,FA,FA,FA,FA,,,,,,
Id387,history,,,5,FA,FA,FA,FA,FA,FA,,,,,,
Id388,geography,,,4,FA,FA,FA,FA,FA,FA,,,,,,
Id389,politics,,,5,FA,FA,FA,FA,FA,FA,,,,,,
Id390,history,,,3,FA,FA,FA,FA,FA,FA,,,,,,
Id391,history,,,5,FA,FA,FA,FA,FA,FA,,,,,,
Id392,politics,,,5,FA,FA,FA,FA,FA,FA,,,,,,
Id393,culture,,,2,FA,FA,FA,FA,FA,FA,,,,,,
Id394,geography,,,5,FA,FA,FA,FA,FA,FA,,,,,,
Id395,politics,,,1,FA,FA,FA,FA,FA,FA,,,,,,
Id396,culture,,,5,FA,FA,FA,FA,FA,FA,,,,,,
Id397,culture,,,4,FA,FA,FA,FA,FA,FA,,,,,,
Id398,geography,,,2,FA,FA,FA,FA,FA,FA,,,,,,
Id399,other,,,7,FA,FA,FA,FA,FA,FA,,,,,,
Id400,politics,,,5,FA,FA,FA,FA,FA,FA,,,,,,
Id401,culture,,,5,FA,FA,FA,FA,FA,FA,,,,,,
Id402,culture,,,6,FA,FA,FA,FA,FA,FA,,,,,,
Id403,culture,,,4,FA,FA,FA,FA,FA,FA,,,,,,
Id404,culture,,,4,FA,FA,FA,FA,FA,FA,,,,,,
Id405,geography,,,2,FA,FA,FA,FA,CFA,FA,"The two RDF triples are: 1. `Plzeň | contains | největší věznice v Česku` 2. `největší věznice v Česku | location | Plzeň` ### Analysis: - The first triple states that **Plzeň contains** the largest prison in the Czech Republic. - The second triple states that **největší věznice v Česku** (the largest prison in the Czech Republic) has a **location** of Plzeň. These two statements are logically consistent and support each other. Both are factual and align with real-world knowledge. ### Conclusion: The set of RDF triples is **FA** (factual), as the information is true and matches real-world knowledge. **Answer: FA**","The two RDF triples are: 1. `Plzeň | contains | největší věznice v Česku` 2. `největší věznice v Česku | location | Plzeň` ### Analysis: - The first triple states that **Plzeň contains** the largest prison in the Czech Republic. - The second triple states that **největší věznice v Česku** (the largest prison in the Czech Republic) has a **location** of Plzeň. These two statements are logically consistent and support each other. Both are factual and align with real-world knowledge. ### Conclusion: The set of RDF triples is **FA** (factual), as the information is true and matches real-world knowledge. **Answer: FA**","The two RDF triples are: 1. Plzeň | contains | největší věznice v Česku 2. největší věznice v Česku | location | Plzeň Both triples are about the same entity (největší věznice v Česku) and its relationship to Plzeň. The first triple states that Plzeň contains the largest prison in the Czech Republic, and the second states that the location of the largest prison in the Czech Republic is Plzeň. These are both factual statements about real-world entities and their relationships. Since the information is true and matches real-world knowledge, the label is: **FA**",,"The two RDF triples are: 1. `Plzeň | contains | největší věznice v Česku` 2. `největší věznice v Ěsku | location | Plzeň` ### Analysis: - The first triple states that **Plzeň contains the largest prison in the Czech Republic**. - The second triple states that **the largest prison in the Czech Republic is located in Plzeň**. These two statements are **contradictory**. The first asserts that Plzeň contains the prison, while the second asserts that the prison is located in Plzeň. This implies that the prison does not exist in Plzeň, or that the location is not Plzeň. However, the triples are logically consistent in a **counterfactual** sense: if the prison did exist, then it would be located in Plzeň, but the statement that it is located in Plzeň implies that it does not exist in Plzeň. Thus, the information is **counterfactual**—the entities (the prison and Plzeň) are real, but the relationship (location) is altered or false. ### Final Label: **CFA**","The two RDF triples are: 1. Plzeň | contains | největší věznice v Česku 2. největší věznice v Česku | location | Plzeň These two triples indicate that the largest prison in the Czech Republic is located in Plzeň. This is a factual statement about the real world. The first triple states that Plzeň contains the largest prison, and the second confirms that the prison's location is Plzeň. Since both statements are accurate and align with real-world knowledge, the set of triples is: **FA**"
Id406,culture,,,3,FA,FA,FA,FA,FA,FA,,,,,,
Id407,history,,,5,FA,FA,FA,FA,FA,FA,,,,,,
Id408,history,,,4,FA,FA,FA,FA,FA,FA,,,,,,
Id409,culture,,,3,FA,FA,FA,FA,FA,FA,,,,,,
Id410,culture,,,6,FA,FA,FA,FA,FA,FA,,,,,,
Id411,culture,,,7,FA,FA,FA,FA,FA,FA,,,,,,
Id412,culture,,,5,FA,FA,FA,FA,FA,FA,,,,,,
Id413,geography,,,3,FA,FA,FA,FA,FA,FA,,,,,,
Id414,culture,,,6,FA,FA,FA,FA,FA,FA,,,,,,
Id415,history,,,4,FA,FA,FA,FA,FA,FA,,,,,,
Id416,geography,,,4,FA,FA,FA,FA,FA,FA,,,,,,
Id417,culture,,,4,FA,FA,FA,FA,FA,FA,,,,,,
Id418,history,,,3,FA,FA,FA,FA,FA,FA,,,,,,
Id419,history,,,6,FA,FA,FA,FA,FA,FA,,,,,,
Id420,history,,,4,FA,FA,FA,FA,FA,FA,,,,,,
Id421,history,,,4,FA,FA,FA,FA,FA,FA,,,,,,
Id422,politics,,,3,FA,FA,FA,FA,FA,FA,,,,,,
Id423,history,,,1,FA,FA,FA,FA,FA,FA,,,,,,
Id424,geography,,,7,FA,FA,FA,FA,FA,FA,,,,,,
Id425,geography,,,2,FA,FA,FA,FA,FA,FA,,,,,,
Id426,culture,,,5,FA,FA,FA,FA,FA,FA,,,,,,
Id427,history,,,4,FA,FA,FA,FA,FA,FA,,,,,,
Id428,culture,,,7,FA,FA,FA,FA,FA,FA,,,,,,
Id429,geography,,,3,FA,FA,FA,FA,FA,FA,,,,,,
Id430,culture,,,8,FA,FA,FA,FA,FA,FA,,,,,,
Id431,sports,,,1,FA,FA,FA,FA,FA,FA,,,,,,
Id432,history,,,1,FA,FA,FA,FA,FA,FA,,,,,,
Id433,history,,,2,FA,FA,FA,FA,FA,FA,,,,,,
Id434,other,,,2,FA,FA,FA,FA,FA,FA,,,,,,
Id435,history,,,5,FA,FA,FA,FA,FA,FA,,,,,,
Id436,geography,,,1,FA,FA,FA,FA,FA,FA,,,,,,
Id437,geography,,,1,FA,FA,FA,FA,FA,FA,,,,,,
Id438,geography,,,1,FA,FA,FA,FA,FA,FA,,,,,,
Id439,geography,,,2,FA,FA,FA,FA,FA,FA,,,,,,
Id440,geography,,,1,FA,FA,FA,FA,FA,FA,,,,,,
Id441,geography,,,1,FA,FA,FA,FA,FA,FA,,,,,,
Id442,geography,,,2,FA,FA,FA,FA,FA,FA,,,,,,
Id443,history,,,4,FA,FA,FA,FA,FA,FA,,,,,,
Id444,history,,,2,FA,FA,FA,FA,FA,FA,,,,,,
Id445,geography,,,1,FA,FA,FA,FA,FA,FA,,,,,,
Id446,geography,,,3,FA,FA,FA,FA,FA,FA,,,,,,
Id447,geography,,,1,FA,FA,FA,FA,FA,FA,,,,,,
Id448,history,,,1,FA,FA,FA,FA,FA,FA,,,,,,
Id449,geography,,,2,FA,FA,FA,FA,FA,FA,"The set of RDF triples is: - Haná | isA | Oblast - Haná | locatedIn | Střední Morava ### Analysis: 1. **Haná | isA | Oblast**: - This indicates that Haná is a type of ""Oblast"" (which is a legal term for a region in Czech Republic). - This is a factual relationship between Haná and its category. 2. **Haná | locatedIn | Střední Morava**: - This indicates that Haná is located in the region ""Střední Morava"". - This is also a factual relationship, as it reflects a real-world geographical relationship. Both triples are consistent with real-world geography and are accurate. ### Conclusion: The entire set of triples is **FA** (factual), as the information is true and matches real-world knowledge. **Answer:** FA","The set of RDF triples is: - Haná | isA | Oblast - Haná | locatedIn | Střední Morava ### Analysis: 1. **Haná | isA | Oblast**: - This indicates that Haná is a type of ""Oblast"" (which is a legal term for a region in Czech Republic). - This is a factual relationship between Haná and its category. 2. **Haná | locatedIn | Střední Morava**: - This indicates that Haná is located in the region ""Střední Morava"". - This is also a factual relationship, as it reflects a real-world geographical relationship. Both triples are consistent with real-world geography and are accurate. ### Conclusion: The entire set of triples is **FA** (factual), as the information is true and matches real-world knowledge. **Answer:** FA","The set of RDF triples describes Haná as being part of the Oblast (which is a real administrative region in the Czech Republic) and as being located in Střední Morava (which is a real geographical region). The information is consistent with real-world knowledge. Therefore, the set is classified as: **FA**","The set of RDF triples describes a geographical relationship. The entity ""Haná"" is identified as an ""Oblast"" (which is a type of administrative region in the Czech Republic) and is located in ""Střední Morava"" (which is a region in the Czech Republic). These are real-world geographical entities and the relationships are accurate. Thus, the set of triples is consistent with real-world knowledge. **Label: FA**","The set of RDF triples describes the geographic relationship between ""Haná"" and ""Oblast"" and ""Střední Morava"". - ""Haná isA Oblast"" indicates a factual classification, as ""Oblast"" is a real administrative region in the Czech Republic. - ""Haná locatedIn Střední Morava"" indicates a factual location, as ""Střední Morava"" is a real geographical region. Both triples are factual and align with real-world knowledge. Thus, the entire set is classified as: **FA**",
Id450,geography,,,1,FA,FA,FA,FA,FA,FA,,,,,,
Id451,geography,,,3,FA,FA,FA,FA,FA,FA,,,,,,
Id452,history,,,1,FA,FA,FA,FA,FA,FA,,,,,,
Id453,history,,,1,FA,FA,FA,FA,FA,FA,,,,,,
Id454,geography,,,1,FA,FA,FA,FA,FA,FA,,,,,,
Id455,culture,,,2,FA,FA,FA,FA,FA,FA,,,,,,
Id456,geography,,,3,FA,FA,FA,FA,FA,FA,"The RDF triples describe geographical relationships. The first triple states that ""hrad Zvíkov"" is located at ""soutok Otavy a Vltavy"". The second and third triples indicate that ""soutok Otavy a Vltavy"" is composed of ""Otava"" and ""Vltava"". These relationships are consistent with real-world geography, and the entities (like ""hrad Zvíkov"", ""soutok Otavy a Vltavy"", ""Otava"", and ""Vltava"") are real places. The information is true and aligns with known geographical facts. Thus, the entire set of triples can be classified as: **FA**","The RDF triples describe geographical relationships. The first triple states that ""hrad Zvíkov"" is located at ""soutok Otavy a Vltavy"". The second and third triples indicate that ""soutok Otavy a Vltavy"" is composed of ""Otava"" and ""Vltava"". These relationships are consistent with real-world geography, and the entities (like ""hrad Zvíkov"", ""soutok Otavy a Vltavy"", ""Otava"", and ""Vltava"") are real places. The information is true and aligns with known geographical facts. Thus, the entire set of triples can be classified as: **FA**","The RDF triples describe geographical relationships. The first triple states that ""hrad Zvíkov"" is located in ""soutok Otavy a Vltavy"". The second and third triples indicate that ""soutok Otavy a Vltavy"" consists of ""Otava"" and ""Vltava"", respectively. These are standard geographical relationships and align with real-world knowledge. Since the information is true and matches real-world knowledge, the set of triples is classified as: **FA**","The triples provided are: 1. `hrad Zvíkov | location | soutok Otavy a Vltavy` 2. `soutok Otavy a Vltavy | consistsOf | Otava` 3. `soutok Otavy a Vltavy | consistsOf | Vltava` These triples describe geographical relationships between entities. The first triple states that `hrad Zvíkov` is located in `soutok Otavy a Vltavy`. The next two triples indicate that `soutok Otavy a Vltavy` consists of `Otava` and `Vltava`, which are both real geographic entities. All the information is consistent with real-world geography, and there is no indication that any of the entities are fictional or that any relationships are false. Therefore, the set of triples can be classified as: **FA**","The set of RDF triples describes geographical relationships. The first triple states that ""hrad Zvíkov"" is located at ""soutok Otavy a Vltavy."" The second and third triples indicate that ""soutok Otavy a Vltavy"" consists of ""Otava"" and ""Vltava,"" respectively. These are all factual descriptions of geographical relationships that are consistent with real-world knowledge. Therefore, the entire set of triples is factual and matches real-world knowledge. **Label: FA**",
Id457,geography,,,1,FA,FA,FA,FA,FA,FA,,,,,,
Id458,history,,,1,FA,FA,FA,FA,FA,FA,,,,,,
Id459,history,,,2,FA,FA,FA,FA,FA,FA,,,,,,
Id460,culture,,,3,FA,FA,FA,FA,FA,FA,,,,,,
Id461,geography,,,5,FA,FA,FA,FA,FA,FA,,,,,,
Id462,culture,,,3,FA,FA,FA,FA,FA,FA,,,,,,
Id463,geography,,,1,FA,FA,FA,FA,FA,FA,,,,,,
Id464,geography,,,5,FA,FA,FA,FA,FA,FA,,,,,,
Id465,history,,,2,FA,FA,FA,FA,FA,FA,,,,,,
Id466,geography,,,1,FA,FA,FA,FA,FA,FA,,,,,,
Id467,geography,,,3,FA,FA,FA,FA,FA,FA,,,,,,
Id468,geography,,,1,FA,FA,FA,FA,FA,FA,,,,,,
Id469,geography,,,2,FA,FA,FA,FA,FA,FA,,,,,,
Id470,geography,,,4,FA,FA,FA,FA,FA,FA,,,,,,
Id471,culture,,,1,FA,FA,FA,FA,FA,FA,,,,,,
Id472,geography,,,7,FA,FA,FA,FA,FA,FA,,,,,,
Id473,history,,,5,FA,FA,FA,FA,FA,FA,,,,,,
Id474,geography,,,2,FA,FA,FA,FA,FA,FA,,,,,,
Id475,culture,,,3,FA,FA,FA,FA,FA,FA,,,,,,
Id476,sports,,,2,FA,FA,FA,FA,FA,FA,,,,,,
Id477,sports,,,3,FA,FA,FA,FA,FA,FA,,,,,,
Id478,culture,,,2,FA,FA,FA,FA,FA,FA,,,,,,
Id479,geography,,,2,FA,FA,FA,FA,FA,FA,"The first triple, ""Česká Lípa | builtNear | Lipý,"" indicates a factual relationship between the city Česká Lípa and the location Lipý, suggesting that Lipý is a nearby location. This aligns with real-world geography. The second triple, ""Lipý | isA | vodní hrad,"" states that Lipý is a ""vodní hrad,"" which is a type of castle or fortified town. This is a factual classification of Lipý as a historical site. Both triples are consistent with real-world knowledge and do not involve fictional or counterfactual elements. **Label: FA**","The first triple, ""Česká Lípa | builtNear | Lipý,"" indicates a factual relationship between the city Česká Lípa and the location Lipý, suggesting that Lipý is a nearby location. This aligns with real-world geography. The second triple, ""Lipý | isA | vodní hrad,"" states that Lipý is a ""vodní hrad,"" which is a type of castle or fortified town. This is a factual classification of Lipý as a historical site. Both triples are consistent with real-world knowledge and do not involve fictional or counterfactual elements. **Label: FA**","The first triple, ""Česká Lípa | builtNear | Lipý"", indicates a real location (Česká Lípa) and a relationship (builtNear) to another location (Lipý). This is consistent with real-world geography. The second triple, ""Lipý | isA | vodní hrad"", indicates that Lipý is a ""vodní hrad"" (a type of castle or fortified structure). This is a factual classification of a real place. Both triples are consistent with real-world knowledge and do not involve fictional or counterfactual elements. **Label: FA**",,"The first triple, ""Česká Lípa | builtNear | Lipý,"" indicates a factual relationship between the city Česká Lípa and the location Lipý, suggesting that Česká Lípa is built near Lipý. This is a real-world relationship and likely accurate. The second triple, ""Lipý | isA | vodní hrad,"" indicates that Lipý is a ""vodní hrad,"" which is a type of castle or fortified structure. This is a factual classification of Lipý as a historical site, which is consistent with real-world knowledge. Both triples are factual and align with real-world knowledge about geographical entities. Therefore, the entire set of RDF triples can be classified as: **FA**","The first triple, ""Česká Lípa | builtNear | Lipý"", refers to a real place (Česká Lípa) and a location (Lipý) that is nearby. This is consistent with real-world geography. The second triple, ""Lipý | isA | vodní hrad"", refers to Lipý being a ""vodní hrad"" (a type of castle or fortified place). This is a real classification for a place in Czech geography. Both triples are consistent with real-world knowledge and do not involve fictional or counterfactual elements. **Label: FA**"
Id480,culture,,,2,FA,FA,FA,FA,FA,FA,,,,,,
Id481,history,,,1,FA,FA,FA,FA,FA,FA,,,,,,
Id482,culture,,,2,FA,FA,FA,FA,FA,FA,"The two RDF triples are: 1. Pardubice | knownFor | výroba perníku 2. perník | productionLocation | Pardubice These describe a relationship between Pardubice and perník, where Pardubice is the knownFor of perník, and perník is produced in Pardubice. Both statements are factual and consistent with real-world knowledge about the production of perník in Pardubice. Thus, the set of triples is: - **FA** (factual): the information is true and matches real-world knowledge. Final answer: **FA**","The two RDF triples are: 1. Pardubice | knownFor | výroba perníku 2. perník | productionLocation | Pardubice These describe a relationship between Pardubice and perník, where Pardubice is the knownFor of perník, and perník is produced in Pardubice. Both statements are factual and consistent with real-world knowledge about the production of perník in Pardubice. Thus, the set of triples is: - **FA** (factual): the information is true and matches real-world knowledge. Final answer: **FA**","The two RDF triples are: 1. Pardubice | knownFor | výroba perníku 2. perník | productionLocation | Pardubice These describe a relationship between the city Pardubice and the product ""přík"" (pěněk, or ""půlka"" in some contexts), indicating that Pardubice is the production location of the product. Since both triples are about real entities (Pardubice and perník) and their relationship is factual, and the information is consistent with real-world knowledge (Pardubice is indeed the production location of the product), the set of triples is: **FA**",,"The two RDF triples are: 1. Pardubice | knownFor | výroba perníku 2. perník | productionLocation | Pardubice These triples indicate that Pardubice is known for producing perník (a type of pastry), and that perník is produced in Pardubice. Both statements are factual and consistent with real-world knowledge about the production of perník in Pardubice. Since the information is true and matches real-world knowledge, the set of RDF triples is classified as: **FA**","The two RDF triples are: 1. Pardubice | knownFor | výroba perníku 2. perník | productionLocation | Pardubice These describe a relationship between the city Pardubice and the product perník. The first triple states that Pardubice is known for the production of perník, and the second triple states that perník is produced in Pardubice. Both statements are factual and align with real-world knowledge. The entities (Pardubice and perník) are real, and the relationships are accurately described. Thus, the entire set of triples is classified as **FA**."
Id483,sports,,,4,FA,FA,FA,FA,FA,FA,,,,,,
Id484,geography,,,2,FA,FA,FA,FA,CFA,FA,,,,,"The two RDF triples both state that Kutná Hora is named after the process of silver smelting. However, the first triple states ""těžba stříbrných rud"" (silver ore mining), while the second states ""tavení stříbra"" (smelting of silver). These are two different processes, and the second is more accurate in the real world as the actual process of naming a city is typically based on the process of extracting metal, which is smelting, not mining. Since the information is true but the relationship is slightly different (one is mining, the other is smelting), the information is factual but with a minor discrepancy in the relationship. Therefore, the set of triples is classified as: **CFA**",
Id485,geography,,,3,FA,FA,FA,FA,FA,FA,,,,,,
Id486,sports,,,2,FA,FA,FA,FA,FA,FA,,,,,,
Id487,history,,,1,FA,FA,FA,FA,FA,FA,,,,,,
Id488,history,,,4,FA,FA,FA,FA,FA,FA,,,,,,
Id489,sports,,,2,FA,FA,FA,FA,FA,FA,,,,,,
Id490,geography,,,4,FA,FA,FA,FA,FA,FA,,,,,,
Id491,geography,,,1,FA,FA,FA,FA,FA,FA,,,,,,
Id492,geography,,,1,FA,FA,FA,FA,FA,FA,,,,,,
Id493,geography,,,2,FA,FA,FA,FA,FA,FA,,,,,,
Id494,geography,,,1,FA,FA,FA,FA,FA,FA,,,,,,
Id495,geography,,,1,FA,FA,FA,FA,FA,FA,,,,,,
Id496,geography,,,1,FA,FA,FA,FA,FA,FA,,,,,,
Id497,geography,,,2,FA,FA,FA,FA,FA,FA,,,,,,
Id498,geography,,,3,FA,FA,FA,FA,FA,FA,,,,,,
Id499,history,,,2,FA,FA,FA,FA,FA,FA,"The first triple, ""Hrad Velhartice | foundedBy | Páni z Velhartic,"" relates a historical entity (Hrad Velhartice) to its founder (Páni z Velhartic). This appears to be a factual statement about a real historical entity and its founder. The second triple, ""Páni z Velhartic | isA | panský rod,"" states that Páni z Velhartic is a member of the panský rod, which is a historical and cultural classification. This also appears to be a factual statement about a real entity and its classification. Both triples are about real-world entities and their relationships, and there is no indication that either is fictional or that the relationships are altered. Therefore, the set of triples can be classified as: **FA**","The first triple, ""Hrad Velhartice | foundedBy | Páni z Velhartic,"" relates a historical entity (Hrad Velhartice) to its founder (Páni z Velhartic). This appears to be a factual statement about a real historical entity and its founder. The second triple, ""Páni z Velhartic | isA | panský rod,"" states that Páni z Velhartic is a member of the panský rod, which is a historical and cultural classification. This also appears to be a factual statement about a real entity and its classification. Both triples are about real-world entities and their relationships, and there is no indication that either is fictional or that the relationships are altered. Therefore, the set of triples can be classified as: **FA**",,,,
Id500,geography,,,3,FA,FA,FA,FA,FA,FA,,,,,"The set of RDF triples describes geographical relationships between locations. The first triple states that Děčín is located at Soutok Labe a Ploučnice. The second and third triples indicate that Soutok Labe a Ploučnice is a confluence of Labe and Ploučnice. These relationships are factual and consistent with real-world geography. The entities (locations) exist in the real world, and the relationships are accurately described. Thus, the entire set can be classified as: **FA**","The set of RDF triples describes geographical relationships between places. - The first triple, ""Děčín | locatedAt | Soutok Labe a Ploučnice"" indicates a real-world location relationship, where Děčín is located at Soutok Labe a Ploučnice. - The second triple, ""Soutok Labe a Ploučnice | confluenceOf | Labe"" indicates that Soutok Labe a Ploučnice is a confluence of Labe. - The third triple, ""Soutok Labe a Ploučnice | confluenceOf | Ploučnice"" indicates that Soutok Labe a Ploučnice is a confluence of Ploučnice. All the relationships are real and consistent with known geographical facts. There is no indication of fictional or counterfactual content. **Label: FA**"
Id501,geography,,,1,FA,FA,FA,FA,FA,FA,,,,,,
Id502,geography,,,1,FA,FA,FA,FA,FA,FA,,,,,,
Id503,history,,,4,FA,FA,FA,FA,FA,FA,,,,,,
Id504,geography,,,1,FA,FA,FA,FA,FA,FA,,,,,,
Id505,culture,,,2,FA,FA,INVALID,FA,FA,FA,"The set of RDF triples is: - Jiří Wolker | authorOf | Host do domu - Host do domu | isA | básnická sbírka ### Analysis: - **Jiří Wolker** is a real person, and **Host do domu** is a real entity (a book or collection). - The relationship **authorOf** is correctly applied, indicating that Jiří Wolker is the author of ""Host do domu."" - The relationship **isA** indicates that ""Host do domu"" is a ""básnická sbírka"" (a literary collection), which is a factual classification. All information is consistent with real-world knowledge, and there are no false or altered relationships or values. ### Conclusion: The set of triples is **FA** (factual).","The set of RDF triples is: - Jiří Wolker | authorOf | Host do domu - Host do domu | isA | básnická sbírka ### Analysis: - **Jiří Wolker** is a real person, and **Host do domu** is a real entity (a book or collection). - The relationship **authorOf** is correctly applied, indicating that Jiří Wolker is the author of ""Host do domu."" - The relationship **isA** indicates that ""Host do domu"" is a ""básnická sbírka"" (a literary collection), which is a factual classification. All information is consistent with real-world knowledge, and there are no false or altered relationships or values. ### Conclusion: The set of triples is **FA** (factual).","The two RDF triples are: 1. Jiří Wolker | authorOf | Host do domu 2. Host do domu | isA | básnická sbírka ### Analysis: - **Jiří Wolker** is a real person, and **Host do domu** is a real entity (a book or publication). - The relationship **authorOf** is correctly applied, indicating that Jiří Wolker wrote the book **Host do domu**. - The relationship **isA** is also correct, indicating that **Host do domu** is a ""básnická sbírka"" (a literary collection). Both triples are consistent with real-world knowledge and do not involve fictional entities or altered facts. ### Conclusion: The entire set of triples is **FA** (factual).","The two RDF triples are: 1. Jiří Wolker | authorOf | Host do domu 2. Host do domu | isA | básnická sbírka ### Analysis: - **Jiří Wolker** is a real person, and **Host do domu** is a real entity (a book). - The relationship **authorOf** is correct for this pair (Jiří Wolker is the author of *Host do domu*). - The relationship **isA** is also correct (Host do domu is a *básnická sbírka*, which is a Czech collection). ### Conclusion: All information is true and matches real-world knowledge. **Label: FA**","The set of RDF triples provided is: - Jiří Wolker | authorOf | Host do domu - Host do domu | isA | básnická sbírka ### Analysis: 1. **Jiří Wolker | authorOf | Host do domu**: - This indicates that Jiří Wolker is the author of ""Host do domu."" - ""Host do domu"" is a real publication, and the relationship ""authorOf"" is correct. - This is factual and matches real-world knowledge. 2. **Host do domu | isA | básnická sbírka**: - This indicates that ""Host do domu"" is a ""básnická sbírka"" (a type of poetry collection). - This is also a factual statement about the publication. - It aligns with real-world knowledge. ### Conclusion: Both triples are factual and consistent with real-world knowledge. **Label: FA**",
Id506,geography,,,2,FA,FA,FA,FA,FA,FA,,,,,,
Id507,history,,,1,FA,FA,FA,FA,FA,FA,,,,,,
Id508,geography,,,2,FA,FA,FA,FA,FA,FA,"The two RDF triples are: 1. Bruntál | locatedIn | Moravskoslezský kraj 2. Bruntál | isA | město Both triples are about the entity ""Bruntál"" and describe its location and classification. The information is consistent with real-world knowledge: Bruntál is a city in the Moravskoslezský kraj in the Czech Republic, and it is classified as a ""město"" (city). Since the information is true and matches real-world knowledge, the label is: FA","The two RDF triples are: 1. Bruntál | locatedIn | Moravskoslezský kraj 2. Bruntál | isA | město Both triples are about the entity ""Bruntál"" and describe its location and classification. The information is consistent with real-world knowledge: Bruntál is a city in the Moravskoslezský kraj in the Czech Republic, and it is classified as a ""město"" (city). Since the information is true and matches real-world knowledge, the label is: FA",,,"The two RDF triples are: 1. Bruntál | locatedIn | Moravskoslezský kraj 2. Bruntál | isA | město Both triples describe factual relationships about the entity ""Bruntál."" The first indicates its location, and the second indicates that it is a city. These are consistent with real-world knowledge. Since the information is true and matches real-world knowledge, the set of triples can be classified as: **FA**","The two RDF triples are: 1. Bruntál | locatedIn | Moravskoslezský kraj 2. Bruntál | isA | město Both triples are about the entity ""Bruntál"" and describe its geographical and administrative relationships. The first triple indicates that Bruntál is located in the Moravskoslezský kraj, which is a real administrative region in the Czech Republic. The second triple states that Bruntál is a ""město"" (which is a common term for a city in Czech), which is also a real concept. Since both statements are consistent with real-world knowledge and do not involve any fictional or counterfactual elements, the set of triples is consistent with factual knowledge. **Label: FA**"
Id509,geography,,,2,FA,FA,FA,FA,FA,FA,,,,,,
Id510,geography,,,1,FA,FA,FA,FA,FA,FA,,,,,,
Id511,geography,,,2,FA,FA,FA,FA,FA,FA,"The first triple, ""Vltava | isTheLongest | řeka"", states that the Vltava is the longest river. This is a factual statement about a real-world entity (the Vltava is indeed the longest river in Europe). The second triple, ""Vltava | location | území Česka"", states that the Vltava is located in the Czech Republic. This is also a factual statement about the real-world location of the Vltava. Both statements are consistent with real-world knowledge and do not involve fictional or counterfactual elements. Therefore, the entire set of triples is classified as: **FA**","The first triple, ""Vltava | isTheLongest | řeka"", states that the Vltava is the longest river. This is a factual statement about a real-world entity (the Vltava is indeed the longest river in Europe). The second triple, ""Vltava | location | území Česka"", states that the Vltava is located in the Czech Republic. This is also a factual statement about the real-world location of the Vltava. Both statements are consistent with real-world knowledge and do not involve fictional or counterfactual elements. Therefore, the entire set of triples is classified as: **FA**",,,,
Id512,geography,,,1,FA,FA,FA,FA,FA,FA,,,,,,
Id513,geography,,,2,FA,FA,FA,FA,FA,FA,"The two RDF triples are: 1. Lovosice | locatedOn | levý břeh 2. levý břeh | partOf | řeka Labe ### Analysis: - **Lovosice | locatedOn | levý břeh**: This is a factual relationship, indicating that Lovosice is located on the ""levý břeh"" (left bank). This is a real geographical entity, and the relationship is accurate. - **levý břeh | partOf | řeka Labe**: This is also a factual relationship, indicating that the ""levý břeh"" is part of the ""řeka Labe"" (Labe River). This is a real geographical entity, and the relationship is accurate. ### Conclusion: Both triples are factual, accurate, and correspond to real-world geography. There is no indication of fictional or counterfactual content. **Label: FA**","The two RDF triples are: 1. Lovosice | locatedOn | levý břeh 2. levý břeh | partOf | řeka Labe ### Analysis: - **Lovosice | locatedOn | levý břeh**: This is a factual relationship, indicating that Lovosice is located on the ""levý břeh"" (left bank). This is a real geographical entity, and the relationship is accurate. - **levý břeh | partOf | řeka Labe**: This is also a factual relationship, indicating that the ""levý břeh"" is part of the ""řeka Labe"" (Labe River). This is a real geographical entity, and the relationship is accurate. ### Conclusion: Both triples are factual, accurate, and correspond to real-world geography. There is no indication of fictional or counterfactual content. **Label: FA**","The two RDF triples are: 1. Lovosice | locatedOn | levý břeh 2. levý břeh | partOf | řeka Labe ### Analysis: - **Lovosice | locatedOn | levý břeh**: This indicates that Lovosice is located on the ""levý břeh"" (left bank) of a river. The name ""levý břeh"" is a real geographic term, and ""Lovosice"" is a real place. This information is accurate and matches real-world knowledge. - **levý břeh | partOf | řeka Labe**: This indicates that ""levý břeh"" is part of the ""řeka Labe"" (Labe River). The name ""řeka Labe"" is a real river, and ""levý břeh"" is a real geographic feature. This information is also accurate and matches real-world knowledge. Both triples are consistent with real-world knowledge and do not involve fictional or counterfactual elements. ### Final Classification: FA",,"The two RDF triples are: 1. `Lovosice | locatedOn | levý břeh` 2. `levý břeh | partOf | řeka Labe` ### Analysis: - **Lovosice** is a real place (a village in the Czech Republic), and `locatedOn` indicates it is on the **levý břeh** (left bank) of a river. - **levý břeh** is a real geographic feature, and `partOf` indicates it is part of the **řeka Labe** (Labe River), which is a real river. Both statements are consistent with real-world knowledge. There is no contradiction or falsity in the relationships or entities. ### Conclusion: The entire set of triples is consistent with real-world knowledge, so the classification is: **FA**","The first triple, ""Lovosice | locatedOn | levý břeh"", indicates a real-world relationship where Lovosice is located on the left bank of the Labe River. This aligns with real geographical knowledge. The second triple, ""levý břeh | partOf | řeka Labe"", states that the left bank is part of the Labe River. This is also a factual relationship in real-world geography. Both triples are consistent with real-world knowledge and do not involve fictional entities or altered relationships. **Label: FA**"
Id514,geography,,,2,FA,FA,FA,FA,FA,FA,"The first triple, ""Znojmo | locatedOn | levý břeh,"" indicates that Znojmo is located on the left bank (levý břeh). This is a factual statement about a real-world geographical location. The second triple, ""levý břeh | partOf | Dyje,"" indicates that the left bank is part of the Dyje. This is also a factual statement about a real-world geographical relationship. Both triples are about real entities and their relationships in the real world. Therefore, the entire set of triples is classified as: **FA**","The first triple, ""Znojmo | locatedOn | levý břeh,"" indicates that Znojmo is located on the left bank (levý břeh). This is a factual statement about a real-world geographical location. The second triple, ""levý břeh | partOf | Dyje,"" indicates that the left bank is part of the Dyje. This is also a factual statement about a real-world geographical relationship. Both triples are about real entities and their relationships in the real world. Therefore, the entire set of triples is classified as: **FA**","The first triple, ""Znojmo | locatedOn | levý břeh,"" indicates that Znojmo is located on the ""levý břeh"" (left bank). This is a factual statement about a real place, so it is FA. The second triple, ""levý břeh | partOf | Dyje,"" indicates that the ""levý břeh"" is part of the ""Dyje"" (a river in the Czech Republic). This is also a factual statement about a real geographical entity, so it is FA. Both triples are factual and match real-world knowledge. Therefore, the entire set is classified as: **FA**","The two RDF triples are: 1. Znojmo | locatedOn | levý břeh 2. levý břeh | partOf | Dyje ### Analysis: - **Znojmo** is a real city in the Czech Republic. - **levý břeh** is a real geographical feature (a bank or edge of a body of water). - **Dyje** is a real river in the Czech Republic. The relationships are: - Znojmo is located on levý břeh (real, factual). - levý břeh is part of Dyje (real, factual). Both relationships are factual and match real-world knowledge. ### Conclusion: The entire set of triples is **FA** (factual), as the information is true and matches real-world knowledge. **Final Answer: FA**","The two RDF triples are: 1. Znojmo | locatedOn | levý břeh 2. levý břeh | partOf | Dyje ### Analysis: - **Znojmo** is a real-world location, and **locatedOn** is a standard geographical relationship. - **levý břeh** is a real geographical entity (the left bank of a river). - **Dyje** is a real river in the Czech Republic. - The relationships between the entities are consistent with real-world geography. ### Conclusion: All the information is true and matches real-world knowledge. The entities exist and the relationships are accurate. **Label: FA**",
Id515,geography,,,1,FA,FA,FA,FA,FA,FA,,,,,,
Id516,geography,,,1,FA,FA,FA,FA,FA,FA,,,,,,
Id517,geography,,,1,FA,FA,FA,FA,FA,FA,,,,,,
Id518,geography,,,1,FA,FA,FA,FA,FA,FA,,,,,,
Id519,geography,,,2,FA,FA,FA,FA,FA,FA,,,"The RDF triples provided are: 1. `Plzeňský kraj | bordersWith | 4` 2. `Plzeňský kraj | regionType | kraj` ### Analysis: - **`Plzeňský kraj | regionType | kraj`** This indicates that the region is a ""kraj"" (which is a type of administrative division in Czech Republic geography). This is a factual statement about the region's classification, matching real-world knowledge. - **`Plzeňský kraj | bordersWith | 4`** This indicates that the region has 4 borders. While the exact number may vary, this is a factual statement about the region's administrative boundaries, which is consistent with real-world knowledge. ### Conclusion: Both triples are factual and consistent with real-world geography. There is no indication of fictional or counterfactual content. **Label: FA**","The first triple, ""Plzeňský kraj | bordersWith | 4"", indicates a relationship between the region and a number (4), which likely represents a bordering entity. This is a factual relationship and matches real-world knowledge. The second triple, ""Plzeňský kraj | regionType | kraj"", specifies the type of the region as ""kraj"", which is a correct classification in real-world geography. Both triples are factual and align with real-world knowledge. **Label: FA**","The two RDF triples are: 1. `Plzeňský kraj | bordersWith | 4` 2. `Plzeňský kraj | regionType | kraj` ### Analysis: - **Plzeňský kraj | regionType | kraj**: This indicates that the region is a ""kraj"" (a type of administrative division in Czech Republic). This is a factual statement about the geographical classification of the region, which is consistent with real-world knowledge. - **Plzeňský kraj | bordersWith | 4**: This indicates that the region has 4 borders. While the number of borders may not be universally known, the fact that it is stated as 4 is a factual statement about the region's geographical structure, which is also consistent with real-world knowledge. Both statements are factual and match real-world knowledge about the geography of Plzeňský kraj. ### Final Classification: **FA**",
Id520,culture,,,1,FA,FA,FA,FA,FA,FA,,,,,,
Id521,culture,,,3,FA,FA,FA,FA,FA,FA,,,,,,
Id522,geography,,,1,FA,FA,FA,FA,FA,FA,,,,,,
Id523,culture,,,1,FA,FA,FA,FA,FA,FA,,,,,,
Id524,history,,,2,FA,FA,FA,FA,FA,FA,,,,,,
Id525,geography,,,3,FA,FA,FA,FA,FA,FA,,,"The three RDF triples are: 1. **Holešovice | separatedBy | řeka** 2. **Libně | partOf | Praha** 3. **Holešovice | separatedFrom | Libně** ### Analysis: - **Holešovice | separatedBy | řeka** This indicates that Holešovice is separated from the river by řeka. This is a factual relationship between the town and the river, and it is consistent with real-world geography. - **Libně | partOf | Praha** This indicates that Libně is part of Praha. This is also a factual relationship and aligns with real-world geography. - **Holešovice | separatedFrom | Libně** This indicates that Holešovice is separated from Libně. This is a factual relationship between the two entities, and it is consistent with real-world geography. ### Conclusion: All three triples are factual and consistent with real-world knowledge. They describe relationships that are accurate and true in the real world. **Label: FA**","The triples are: 1. **Holešovice | separatedBy | řeka** - This indicates that Holešovice is separated from some river, which is a factual relationship. 2. **Libně | partOf | Praha** - This indicates that Libně is part of Praha, which is a factual relationship. 3. **Holešovice | separatedFrom | Libně** - This indicates that Holešovice is separated from Libně, which is a factual relationship. All triples are about real-world entities (Holešovice, Libně, Praha) and their relationships. The relationships are factual and consistent with real geography. There is no contradiction or fictional element in the statements. Thus, the entire set of triples is: **FA**",,"The set of RDF triples is: 1. **Holešovice | separatedBy | řeka** 2. **Libně | partOf | Praha** 3. **Holešovice | separatedFrom | Libně** ### Analysis: - **Holešovice | separatedBy | řeka** This indicates that Holešovice is separated from the river by a certain relationship, but the actual river is not mentioned. This is a factual relationship, but the river is not clearly stated. - **Libně | partOf | Praha** This is a factual relationship: Libně is part of Praha, which is a well-known geographical fact. - **Holešovice | separatedFrom | Libně** This is a factual relationship: Holešovice is separated from Libně, which is also a well-known geographical fact. ### Conclusion: All three triples are factual and consistent with real-world knowledge. The relationships are correctly stated, and the entities (Holešovice, Libně, Praha) are real. **Label: FA**"
Id526,geography,,,3,FA,FA,FA,FA,FA,FA,,,,,,
Id527,geography,,,3,FA,FA,FA,FA,FA,FA,,,,,,
Id528,geography,,,2,FA,FA,FA,FA,FA,FA,,,,,,
Id529,history,,,2,FA,FA,FA,FA,FA,FA,,,,,,
